Ref ID,Development Status (short),Installed Capacity (MWelec),Operational,lon,lat,area (sqm)
1018,Operational,1.0,2011-07-11,0.069,53.423,18456
1019,Operational,4.7,2011-07-25,-4.836,50.337,81900
1020,Operational,4.7,2011-07-25,-5.368,50.218,106000
1021,Operational,4.4,2011-07-22,-4.282,50.442,114000
1022,Operational,5.0,2011-07-25,-4.427,50.87,98500
1023,Operational,1.7,2011-09-20,-5.069,50.395,31573
1024,Operational,5.0,2012-06-01,-4.486,50.924,93411
1025,Revised,5.0,,-4.38,50.72,90000
1028,Operational,2.9,2011-07-25,-5.082,50.304,54060
1029,Operational,5.0,2011-10-31,1.399,52.805,120000
1032,Operational,1.4,2011-07-06,-5.123,50.238,25952
1034,Operational,5.0,2013-02-28,0.067,52.172,170000
1035,Operational,2.0,2011-07-28,-4.783,50.54,60000
1038,Revised,5.0,,-0.026,52.53,167400
1039,Operational,5.0,2011-07-15,-4.009,50.389,93411
1040,Operational,4.6,2011-07-13,-0.815,53.028,146000
1041,Operational,4.9,2011-09-05,1.346,51.316,119700
1042,Operational,1.3,2012-09-01,-0.956,51.845,31600
1046,Operational,2.0,2011-09-01,-2.966,51.123,37195
1047,Operational,4.6,2011-10-01,-2.968,51.176,129700
1048,Operational,4.6,2011-07-25,-1.575,52.877,85915
1049,Operational,1.7,2011-07-14,0.135,52.79,31573
1050,Operational,1.0,2011-07-14,0.136,52.79,26000
1052,Revised,5.0,,-3.854,51.019,93411
1053,Operational,5.0,2013-02-01,-1.802,52.019,93411
1054,Operational,5.0,2011-07-19,-1.644,51.619,93411
1055,Operational,1.0,2011-07-09,-4.621,52.035,18456
1056,Operational,3.9,2011-07-01,-2.916,51.723,130500
1058,Operational,5.0,2013-03-28,-1.005,52.102,141000
1059,Operational,1.0,2013-03-30,-5.111,50.383,18456
1060,Operational,7.0,2013-03-08,-2.174,50.711,181000
1062,Operational,6.3,2013-03-21,0.218,52.315,164000
1063,Revised,3.1,,-3.395,50.899,94000
1064,Operational,5.8,2013-03-15,-4.758,50.407,108402
1065,Operational,1.1,2013-03-30,-4.958,50.373,20330
1067,Operational,3.0,2013-03-31,-4.428,50.452,55934
1070,Operational,4.0,2011-07-01,-2.923,50.79,126000
1073,Revised,49.0,,-1.197,50.831,917912
1074,Revised,11.4,,-4.362,50.424,238000
1076,Operational,5.0,2011-09-29,-2.673,51.105,128000
1078,Operational,1.7,2011-07-21,1.596,52.438,31573
1079,Operational,5.0,2011-07-25,-2.109,51.624,141600
1080,Operational,5.0,2011-07-07,-4.956,50.367,146000
1081,Operational,1.0,2011-06-24,-2.831,50.885,18456
1082,Operational,4.5,2011-07-01,-1.366,50.71,84042
1084,Operational,2.0,2011-07-26,-0.545,51.119,37195
1085,Operational,1.2,2013-03-31,0.038,52.451,22204
1086,Operational,5.3,2013-03-20,-1.458,50.894,99033
1088,Operational,5.3,2013-03-20,-5.194,50.142,130000
1089,Operational,5.0,2013-03-30,-3.037,51.112,156000
1090,Operational,5.0,2013-03-30,-2.506,50.643,93411
1091,Operational,7.0,2013-03-28,-1.607,51.42,189000
1094,Operational,6.7,2013-03-31,-4.401,50.79,125267
1095,Operational,3.2,2013-03-22,-1.302,50.735,83000
1096,Operational,4.8,2013-03-23,-1.204,50.642,152000
1097,Operational,5.3,2013-06-03,-0.383,52.318,166000
1098,Operational,1.3,2013-04-30,-5.225,50.171,24078
1103,Operational,5.0,2013-03-21,-2.971,51.12,93411
1108,Operational,15.0,2016-02-15,1.309,52.498,280797
1128,Operational,5.0,2016-02-18,1.184,52.797,93411
1156,Revised,7.0,,-1.506,51.162,109000
1157,Operational,6.3,2013-03-24,-1.308,50.949,160000
1158,Operational,5.3,2013-03-21,-4.442,50.781,99033
1160,Operational,1.0,2012-08-31,-2.838,50.883,18456
1161,Operational,5.5,2012-06-30,-4.239,51.725,102780
1163,Operational,9.0,2013-03-31,1.09,52.698,168366
1164,Revised,5.0,,-0.868,51.144,93411
1165,Operational,5.0,2011-10-01,-2.244,51.347,93411
1166,Operational,12.0,2013-06-30,0.369,51.967,299600
1168,Revised,8.6,,-3.709,50.728,160870
1169,Operational,5.0,2015-01-01,-2.047,52.152,93411
1170,Revised,20.0,,0.83,52.906,419000
1171,Operational,5.0,2013-03-19,-0.026,52.53,93411
1173,Operational,2.0,2013-05-01,-4.247,50.675,37195
1175,Revised,5.0,,-1.427,53.032,93411
1176,Operational,5.2,2013-03-25,-3.785,50.424,97159
1177,Revised,5.0,,-3.734,50.439,93411
1184,Operational,7.0,2013-03-30,-0.864,52.017,130888
1193,Revised,6.8,,-2.515,51.334,127141
1198,Operational,4.9,2015-12-16,0.055,50.916,91537
1203,Operational,7.2,2015-03-27,-2.855,51.332,148000
1207,Revised,5.0,,-3.129,50.925,93411
1208,Operational,1.0,2012-07-25,-2.796,51.358,18456
1210,Revised,30.0,,0.864,52.436,706000
1211,Revised,5.7,,-3.557,50.687,133400
1212,Revised,12.0,,-1.608,51.785,284100
1213,Revised,4.1,,-1.556,52.251,82000
1220,Revised,6.2,,-5.384,50.157,115897
1223,Operational,14.8,2014-01-05,1.035,52.604,277050
1224,Revised,1.2,,-2.959,51.017,22204
1226,Operational,2.0,2013-08-01,-4.074,51.051,37195
1229,Operational,2.1,2013-03-20,-3.361,50.897,60900
1230,Operational,6.2,2013-03-28,-4.596,50.391,99300
1231,Revised,9.6,,-2.22,51.41,141700
1232,Operational,9.9,2013-03-28,1.367,51.352,130400
1233,Operational,5.5,2015-03-21,-0.849,51.206,123000
1236,Revised,2.0,,-2.658,51.515,37195
1237,Operational,2.0,2013-11-15,0.745,51.372,37195
1239,Revised,1.5,,-1.022,51.401,27826
1240,Operational,1.0,2014-11-01,-1.414,52.003,26000
1243,Operational,5.0,2017-03-08,-2.653,51.645,128000
1244,Operational,7.7,2013-03-28,-4.901,51.699,144005
1247,Operational,5.0,2013-02-28,-1.374,51.184,108000
1252,Operational,1.7,2012-07-27,-1.68,50.762,56000
1258,Revised,11.4,,0.796,51.159,201000
1259,Revised,14.0,,0.117,52.102,324300
1269,Operational,8.0,2016-02-22,-2.58,51.546,149627
1272,Operational,1.5,2013-03-22,-1.233,51.381,27826
1273,Operational,7.2,2013-03-28,-1.704,50.757,146000
1274,Operational,2.9,2013-08-31,-3.306,51.038,54060
1275,Operational,5.0,2013-03-19,-0.074,52.201,93411
1278,Operational,1.2,2014-03-26,-1.574,54.548,22204
1282,Operational,12.0,2014-03-27,-1.151,51.083,223000
1283,Operational,3.0,2014-09-30,-3.642,50.364,89100
1284,Operational,3.0,2014-11-05,-1.195,51.733,55934
1285,Operational,2.6,2016-03-15,-1.112,52.803,48438
1287,Revised,7.0,,-0.639,51.186,140000
1292,Operational,4.9,2016-12-09,0.403,51.963,117000
1294,Operational,5.0,2014-03-31,-1.226,53.794,93411
1296,Operational,4.8,2016-04-07,-6.191,54.558,89663
1298,Operational,2.4,2014-03-31,-1.098,51.663,44690
1299,Operational,3.6,2014-07-03,1.168,52.901,79700
1303,Operational,3.1,2014-09-01,-3.395,50.899,94000
1304,Operational,7.2,2014-03-19,-2.113,51.626,134636
1306,Operational,1.7,2015-03-15,-1.022,51.401,40000
1308,Operational,6.1,2014-03-27,-4.69,50.419,114023
1310,Awaiting Construction,1.4,,0.241,53.144,34500
1311,Revised,3.8,,-2.482,51.871,75000
1314,Operational,3.5,2014-08-05,-2.161,51.273,122000
1315,Operational,4.1,2015-03-14,-0.078,52.356,79000
1320,Operational,1.0,2014-12-01,1.231,51.267,25000
1321,Revised,25.0,,-1.336,51.609,432100
1322,Operational,10.8,2014-11-13,0.391,51.958,180000
1324,Operational,4.0,2015-03-19,0.453,50.875,74672
1325,Operational,12.0,2017-02-17,-1.208,50.944,284000
1328,Operational,13.9,2014-03-31,1.701,52.662,290000
1329,Operational,10.2,2014-03-31,1.187,52.913,249000
1330,Operational,9.0,2014-03-31,-3.944,51.794,219000
1331,Operational,14.8,2014-03-31,-1.348,51.617,277050
1332,Operational,18.7,2014-03-31,1.124,51.913,350130
1333,Operational,5.0,2014-03-31,-1.536,51.161,93411
1335,Operational,49.6,2016-03-31,-2.09,51.373,805000
1338,Operational,20.9,2014-03-31,0.611,52.289,391356
1339,Operational,5.0,2012-04-17,-0.561,52.406,93411
1340,Operational,1.8,2012-10-04,0.388,52.77,31200
1341,Operational,3.2,2013-03-21,-4.13,50.817,86300
1342,Operational,5.0,2012-04-16,-1.069,51.214,161900
1343,Operational,7.0,2013-03-14,-1.485,50.687,117100
1344,Operational,5.0,2013-02-28,-2.603,50.994,136000
1346,Operational,5.2,2013-06-03,-4.039,50.922,164000
1347,Revised,4.4,,1.649,52.341,107000
1348,Operational,8.9,2014-09-10,-2.945,52.689,166492
1349,Operational,8.2,2013-03-28,-3.213,51.052,153375
1350,Operational,3.8,2015-05-27,-5.943,54.669,70925
1352,Operational,4.8,2013-03-08,-3.359,50.746,89663
1353,Operational,6.0,2013-03-28,-5.015,50.307,112150
1354,Revised,15.0,,0.586,52.934,280797
1355,Operational,1.5,2013-03-28,-2.411,51.044,27826
1356,Operational,1.5,2012-07-31,-4.138,51.775,27826
1358,Operational,2.4,2015-09-15,-2.372,57.56,44690
1359,Operational,9.2,2014-03-28,1.374,51.352,122000
1361,Revised,5.8,,-0.978,51.115,108402
1362,Operational,20.5,2014-03-29,-1.196,50.831,280000
1367,Operational,1.4,2014-07-22,-0.072,52.966,25952
1374,Operational,4.1,2015-12-01,-0.648,51.845,74917
1375,Revised,10.8,,0.715,51.775,166000
1376,Revised,26.0,,0.714,52.311,522000
1379,Revised,2.0,,-1.031,53.536,37195
1380,Operational,4.8,2015-03-19,-3.371,50.634,89663
1382,Operational,11.5,2014-03-30,1.265,51.235,157300
1384,Operational,5.0,2011-07-01,-2.091,51.498,93411
1385,Operational,6.6,2013-02-23,-1.675,51.196,120200
1386,Operational,2.0,2011-07-13,-3.197,51.061,37195
1387,Operational,5.0,2011-07-14,0.166,52.345,147600
1388,Operational,5.0,2013-03-28,-4.796,51.675,107000
1389,Revised,4.6,,-3.284,51.081,105000
1390,Operational,1.2,2014-03-24,-3.032,53.289,22204
1394,Operational,7.6,2013-08-02,-2.099,51.561,142131
1395,Revised,11.5,,-2.607,51.01,227400
1404,Operational,4.0,2015-03-30,-0.995,53.356,87000
1416,Operational,3.5,2013-08-31,-4.122,50.985,80940
1417,Revised,7.0,,1.154,51.912,150000
1418,Operational,5.8,2013-08-31,-1.232,50.918,108402
1421,Operational,1.5,2012-08-07,-1.422,50.697,27826
1423,Operational,1.9,2013-02-26,-3.941,50.362,35321
1426,Revised,5.0,,-3.393,50.827,111000
1428,Operational,4.0,2016-03-30,-4.748,50.563,74672
1429,Operational,3.5,2015-03-24,-3.262,51.077,83200
1433,Operational,4.9,2011-07-18,-0.691,52.969,121800
1435,Operational,1.2,2013-08-27,-4.271,50.61,22204
1439,Operational,1.8,2013-03-20,-2.312,51.046,43600
1441,Operational,1.8,2013-03-21,-3.408,50.855,33447
1442,Operational,1.4,2013-03-18,-3.784,50.831,25952
1443,Operational,1.2,2013-03-20,-4.215,50.886,22204
1444,Revised,1.5,,-2.586,51.214,27826
1445,Operational,1.5,2012-08-03,-3.571,50.916,27826
1446,Operational,1.0,2013-03-25,-4.277,50.752,18456
1449,Operational,4.5,2013-03-28,-1.034,50.912,132300
1450,Operational,1.5,2013-03-21,-2.996,51.019,47000
1452,Revised,3.8,,1.136,51.939,103000
1453,Operational,4.0,2013-03-02,-2.204,50.923,74672
1454,Operational,2.0,2015-03-11,-3.227,50.864,37195
1455,Revised,8.0,,-2.724,50.999,149627
1457,Revised,7.0,,-3.253,50.733,130888
1462,Revised,9.3,,0.274,52.043,173987
1463,Operational,21.3,2015-03-04,0.937,51.814,398851
1464,Operational,5.0,2016-12-13,0.602,51.906,93411
1467,Operational,6.3,2013-03-31,-3.809,50.425,117771
1468,Operational,5.0,2013-03-20,-2.951,50.773,121300
1469,Revised,5.8,,-2.789,51.043,108402
1473,Operational,1.5,2014-05-21,-1.316,53.529,27826
1474,Operational,5.4,2015-03-20,-0.978,51.115,149000
1476,Operational,11.0,2014-03-15,-2.165,51.482,205843
1478,Operational,14.0,2015-03-29,-2.596,52.999,286000
1480,Operational,8.0,2014-10-31,1.285,52.047,149627
1484,Operational,10.0,2017-03-31,-3.351,50.733,220000
1485,Operational,10.2,2015-03-24,-2.73,52.657,245000
1489,Operational,5.0,2014-05-19,-2.507,51.729,150200
1490,Operational,1.7,2015-12-23,-1.031,53.541,31573
1491,Operational,5.8,2014-03-31,-2.141,52.633,108402
1494,Operational,12.0,2014-03-28,0.063,53.02,224582
1497,Operational,14.3,2014-03-31,-0.993,53.304,273500
1498,Operational,12.4,2014-03-28,-0.832,52.966,232077
1500,Operational,1.8,2014-07-28,-1.024,52.36,33447
1501,Operational,1.8,2015-09-28,-2.389,57.378,29000
1502,Operational,19.3,2014-03-31,0.157,52.335,350000
1503,Operational,3.3,2015-03-30,-4.355,51.849,61555
1505,Revised,5.0,,-1.474,51.859,93411
1506,Operational,5.0,2018-06-30,-3.24,54.139,135000
1507,Operational,2.6,2014-03-31,0.227,50.92,50300
1509,Operational,1.5,2015-03-15,-3.087,50.994,44000
1510,Operational,1.8,2014-08-22,-1.407,52.577,33447
1513,Operational,1.4,2011-09-29,-2.485,51.868,25952
1515,Operational,11.0,2016-03-31,-0.95,51.142,222000
1516,Operational,10.0,2015-03-30,1.124,51.325,210000
1518,Operational,8.3,2015-03-29,-2.861,51.345,155249
1519,Operational,4.1,2014-11-27,-1.556,52.251,82000
1520,Operational,3.0,2015-06-15,-3.059,53.032,55934
1521,Operational,2.2,2016-03-16,-3.517,51.498,55000
1522,Operational,5.4,2014-03-28,-2.578,51.209,100906
1523,Operational,4.8,2016-05-31,-6.199,54.671,89663
1525,Operational,10.5,2016-03-11,-0.697,53.322,185800
1527,Operational,13.2,2014-03-31,1.606,52.434,286000
1528,Operational,32.5,2014-07-29,-0.521,53.015,674700
1529,Operational,13.2,2014-03-31,-1.426,51.794,255000
1530,Revised,10.0,,-1.208,52.055,220000
1531,Operational,10.0,2016-02-29,-0.322,50.943,282800
1536,Operational,7.6,2016-01-20,-0.342,50.946,142131
1537,Operational,32.0,2015-03-31,1.357,52.755,599355
1538,Operational,5.0,2013-12-31,-1.367,51.188,93411
1540,Operational,3.1,2013-03-28,-4.892,50.503,57808
1541,Operational,5.0,2013-03-30,-4.844,50.504,144900
1542,Operational,2.7,2014-07-01,-0.148,52.55,50312
1543,Operational,4.5,2014-03-19,-5.218,50.047,89900
1544,Operational,5.0,2013-04-07,-5.135,50.122,130000
1545,Operational,5.0,2013-03-31,-5.121,50.286,93411
1546,Operational,5.0,2013-03-30,-4.835,50.32,146000
1547,Operational,1.6,2012-03-01,-4.93,50.49,27900
1548,Operational,5.0,2013-05-07,-4.93,50.341,93411
1549,Operational,3.0,2012-07-27,-4.377,50.804,55934
1550,Operational,5.0,2012-03-29,0.95,52.475,72800
1551,Operational,5.0,2012-03-15,-4.738,50.48,138000
1552,Operational,5.0,2013-03-22,-1.116,51.974,154000
1553,Operational,5.0,2012-06-28,0.221,52.318,178000
1554,Operational,5.0,2012-11-30,-5.005,50.43,145000
1555,Operational,4.6,2013-03-28,-0.319,52.774,124300
1556,Revised,5.0,,-1.642,51.762,160900
1557,Operational,5.0,2013-03-21,-3.925,51.125,93411
1558,Operational,5.0,2012-07-31,-1.449,50.693,152667
1560,Operational,4.9,2013-03-13,-4.805,50.424,113800
1561,Operational,5.0,2014-01-28,-4.449,50.698,151900
1562,Operational,5.0,2012-07-23,-1.36,50.805,120000
1563,Operational,3.6,2012-06-01,-4.962,50.494,94500
1564,Operational,6.4,2014-01-17,-4.326,50.507,173900
1565,Revised,4.7,,-5.061,50.349,87789
1566,Operational,7.0,2014-03-14,-4.928,50.423,161000
1567,Operational,5.0,2013-03-28,-2.324,50.7,93411
1569,Operational,5.0,2013-03-28,-3.346,50.932,158000
1570,Operational,5.0,2013-03-22,-1.536,51.211,158000
1571,Operational,5.0,2012-08-14,-0.705,50.837,179200
1572,Operational,5.0,2013-02-28,-4.423,50.711,156900
1573,Operational,5.4,2013-02-21,-1.666,51.195,120200
1574,Operational,4.8,2012-04-01,-2.935,50.779,85600
1575,Operational,7.0,2014-02-05,-2.586,51.259,130888
1576,Operational,2.0,2013-04-15,-2.906,50.874,36600
1577,Operational,2.0,2015-12-15,-3.089,51.562,45100
1578,Operational,3.3,2011-07-31,-0.697,53.322,61555
1580,Operational,2.5,2013-01-11,-2.912,51.601,56000
1581,Operational,5.0,2011-12-01,-0.446,51.06,130000
1582,Operational,3.0,2015-01-15,-1.205,52.11,77300
1583,Operational,5.0,2013-03-20,-4.162,50.434,93411
1584,Operational,2.5,2013-03-28,-4.749,50.397,69900
1585,Operational,34.0,2013-03-28,-1.112,52.803,754600
1586,Operational,3.5,2013-03-28,-2.427,51.044,120000
1587,Operational,1.2,2012-07-27,-3.314,50.946,22204
1588,Operational,1.4,2014-11-04,-4.778,50.441,25952
1589,Operational,5.0,2014-01-03,-2.103,50.75,70000
1590,Operational,11.0,2014-02-28,1.307,52.901,260000
1591,Operational,6.4,2013-03-29,-4.109,51.064,150000
1592,Operational,31.6,2014-03-31,0.517,52.131,591859
1593,Operational,19.0,2014-03-31,-1.73,51.653,359000
1594,Operational,5.0,2013-10-01,-4.349,50.542,96900
1595,Operational,7.2,2015-01-12,-5.141,50.304,131000
1598,Operational,10.8,2014-03-08,-4.952,51.85,202095
1601,Operational,7.3,2014-01-23,-5.366,50.211,136510
1603,Operational,7.5,2014-01-26,-3.128,50.926,214000
1604,Operational,3.5,2013-04-30,-5.387,50.177,63400
1605,Operational,1.5,2013-04-29,-4.138,51.146,50200
1606,Operational,7.6,2013-06-28,-2.902,50.935,142131
1607,Operational,4.5,2011-07-31,0.482,51.32,107600
1609,Operational,1.2,2011-08-07,-5.056,50.4,41000
1610,Operational,3.6,2012-07-01,-4.335,50.773,84200
1611,Under Construction,5.0,,-2.506,51.205,93411
1612,Operational,5.4,2012-08-01,-2.99,53.041,100906
1613,Operational,16.0,2012-08-03,inf,inf,299536
1614,Operational,1.8,2014-08-01,-4.545,50.796,33447
1616,Operational,1.0,2015-12-15,inf,inf,18456
1617,Operational,1.2,2012-07-26,-3.315,50.874,30500
1618,Operational,1.1,2012-07-27,-3.74,50.852,20330
1619,Operational,1.8,2012-11-26,-2.095,51.363,44500
1620,Operational,6.5,2014-01-17,-2.526,51.28,140600
1622,Operational,8.6,2013-06-07,0.235,53.148,214000
1623,Operational,6.0,2012-01-25,-4.866,51.899,112150
1626,Operational,5.0,2013-05-02,-4.378,50.48,105900
1630,Operational,41.0,2014-12-10,-4.491,50.703,561100
1631,Operational,5.0,2013-06-10,-4.294,50.802,165000
1634,Operational,5.0,2014-03-31,-5.044,51.718,123000
1639,Operational,5.5,2017-02-15,-4.779,50.411,141000
1641,Operational,6.5,2015-03-18,-4.85,50.568,150000
1642,Operational,7.0,2016-03-31,-4.929,50.332,161900
1646,Operational,5.0,2017-04-01,-2.865,51.058,135100
1648,Operational,11.8,2014-03-31,-4.368,50.803,220834
1649,Operational,4.7,2013-10-25,-4.141,51.004,87789
1655,Operational,6.3,2014-11-03,-5.139,50.292,117771
1656,Operational,1.0,2014-02-24,-1.888,51.628,21000
1658,Operational,6.0,2014-03-30,0.498,51.856,155600
1659,Operational,3.3,2014-03-28,-4.12,50.952,61555
1661,Operational,4.4,2015-12-03,-4.993,51.965,82168
1663,Operational,19.8,2014-03-31,-2.449,51.534,403000
1667,Operational,9.0,2014-03-31,-0.559,52.644,187700
1668,Revised,4.9,,-3.404,51.431,91537
1669,Operational,3.0,2014-02-07,-1.36,50.809,66000
1671,Operational,13.0,2015-03-14,-1.226,51.844,243320
1672,Operational,4.8,2015-05-07,0.395,52.594,103300
1673,Operational,6.1,2014-03-21,0.564,52.559,148100
1681,Operational,10.2,2014-03-12,-2.945,51.225,266000
1685,Revised,17.0,,-0.599,52.996,392000
1694,Operational,22.6,2024-03-12,0.192,53.148,340700
1699,Operational,5.0,2013-02-19,-2.675,51.973,93411
1713,Operational,11.5,2013-03-30,0.627,52.673,250000
1714,Operational,7.9,2013-03-29,0.776,52.745,258000
1715,Operational,11.0,2013-12-19,1.526,52.361,205843
1716,Operational,11.5,2013-12-23,-1.357,51.636,258200
1717,Operational,12.3,2013-05-24,1.474,52.352,230203
1718,Operational,10.0,2015-03-20,-4.946,50.361,187104
1719,Operational,18.0,2014-03-31,-4.633,51.828,337013
1720,Operational,6.4,2014-03-31,-3.761,50.42,119645
1721,Operational,18.3,2013-11-12,-1.144,51.865,342635
1723,Operational,1.5,2013-10-25,-2.313,50.913,27826
1724,Operational,9.3,2013-11-30,-1.716,51.592,176000
1725,Operational,14.0,2014-01-22,-2.111,51.626,262059
1726,Operational,1.5,2014-02-23,-5.138,50.304,27826
1727,Operational,8.0,2014-01-15,0.87,51.393,144500
1728,Operational,6.8,2013-03-31,-4.402,50.701,130000
1729,Operational,1.3,2013-09-15,-4.095,50.842,31000
1730,Operational,5.1,2013-03-21,-2.473,53.105,95285
1731,Operational,2.2,2013-05-31,-1.803,52.02,40943
1732,Operational,1.0,2014-08-01,-1.475,52.03,26000
1734,Revised,6.3,,-3.412,50.893,117771
1735,Operational,41.0,2016-03-31,-1.812,51.51,670000
1736,Operational,5.0,2014-02-04,0.391,52.279,93411
1737,Operational,9.0,2014-03-19,-0.237,52.419,200800
1743,Operational,1.5,2014-03-24,-2.437,51.231,27826
1744,Operational,1.7,2014-04-15,-1.417,52.079,31573
1746,Operational,10.5,2016-06-23,-2.925,51.835,270000
1747,Operational,1.0,2013-11-04,-2.822,51.229,22700
1748,Operational,6.8,2013-11-09,-2.02,51.178,127141
1750,Operational,4.8,2013-12-15,-3.201,51.007,104700
1751,Operational,3.9,2015-03-15,1.647,52.34,107000
1752,Operational,30.0,2016-01-13,-0.735,53.022,523000
1753,Operational,10.0,2016-03-31,1.606,52.439,187104
1754,Operational,7.7,2015-02-05,-5.095,50.306,144005
1755,Operational,15.0,2014-04-30,-0.355,52.972,289100
1756,Operational,4.0,2014-12-01,-2.486,52.721,117000
1757,Operational,13.6,2014-03-31,0.789,52.34,226400
1758,Operational,10.2,2014-05-30,-1.132,50.698,190852
1759,Revised,9.8,,-4.25,50.354,183356
1761,Operational,13.2,2014-03-01,-1.865,50.847,247068
1762,Operational,7.3,2015-02-12,-1.138,50.711,136510
1763,Operational,10.0,2014-09-30,0.39,51.564,299900
1764,Operational,6.2,2015-02-18,-2.819,51.113,115897
1765,Operational,31.3,2014-09-12,-4.919,51.819,525000
1766,Operational,24.7,2014-03-27,-0.198,52.379,580000
1767,Operational,11.0,2014-06-22,0.806,51.402,190000
1768,Operational,48.0,2015-03-10,-1.081,50.884,899173
1769,Operational,14.6,2015-03-19,-0.256,52.149,346000
1771,Revised,14.0,,-0.868,53.202,236000
1772,Operational,3.0,2015-01-10,-0.559,52.644,73000
1774,Operational,4.9,2015-08-21,-4.861,51.823,154000
1775,Operational,20.0,2014-05-30,0.876,50.992,463000
1776,Operational,5.0,2014-03-31,-4.217,50.442,93411
1777,Operational,26.0,2016-03-11,0.771,52.862,552200
1781,Operational,6.9,2015-03-26,-4.029,51.787,210000
1783,Operational,30.0,2016-03-18,0.197,52.712,673200
1784,Operational,5.0,2017-03-21,-1.871,51.542,107500
1785,Operational,3.8,2015-03-30,-0.624,50.806,81000
1787,Operational,1.7,2016-03-30,-3.696,51.495,45000
1788,Operational,3.5,2014-09-30,-0.52,52.302,65303
1789,Operational,6.5,2017-03-15,-6.167,54.609,121519
1802,Revised,10.0,,-3.255,51.396,165000
1804,Operational,1.0,2016-04-15,-1.776,52.684,21000
1805,Revised,4.0,,-0.929,51.276,98000
1806,Operational,1.0,2016-04-04,-1.765,52.684,29900
1811,Operational,5.0,2017-03-31,-1.116,52.74,105000
1812,Revised,3.0,,-4.095,50.968,55934
1813,Operational,5.0,2014-07-03,-4.663,50.43,93411
1815,Operational,5.0,2016-03-21,-4.846,50.394,108000
1816,Operational,6.6,2014-03-30,0.712,51.227,145800
1817,Operational,10.0,2014-06-19,-1.361,51.633,226300
1818,Operational,5.1,2015-01-12,-0.927,53.223,88000
1820,Operational,6.0,2014-03-31,0.544,52.543,135200
1823,Operational,7.5,2014-03-04,-3.327,51.419,191100
1824,Operational,8.3,2015-03-17,-4.876,50.351,155249
1826,Operational,11.4,2016-03-25,0.202,53.143,307800
1827,Operational,8.0,2015-02-26,-4.524,52.108,168000
1828,Operational,7.3,2014-07-29,-4.138,51.146,136510
1830,Revised,9.6,,-0.047,51.907,133000
1832,Operational,29.0,2015-03-16,-1.4,51.605,620000
1833,Revised,30.0,,-1.402,51.651,589000
1834,Operational,5.0,2015-03-02,-1.881,51.52,117000
1835,Operational,38.1,2015-03-31,0.27,52.185,631400
1836,Operational,8.7,2015-03-01,-2.757,51.067,182100
1838,Operational,5.0,2016-01-15,-1.496,54.175,93411
1840,Operational,5.0,2016-03-24,-1.612,51.199,110000
1842,Operational,5.0,2015-09-28,-0.648,51.85,172000
1843,Operational,4.9,2015-07-15,-1.05,52.918,122000
1846,Operational,6.5,2015-03-31,-3.75,50.505,135600
1848,Operational,4.0,2015-12-15,-1.274,51.25,74672
1850,Operational,10.5,2016-03-18,-1.791,51.524,166300
1862,Operational,2.0,2016-12-19,-3.498,51.422,53563
1864,Operational,5.5,2016-02-15,-4.174,51.154,102780
1865,Operational,6.8,2015-03-14,-0.077,52.356,112900
1872,Operational,9.5,2015-06-01,-4.379,50.402,177735
1873,Revised,49.0,,-1.53,51.108,776000
1874,Operational,8.3,2014-12-02,-2.228,50.838,155249
1875,Operational,13.1,2014-11-01,-0.029,52.119,333000
1876,Operational,4.0,2014-03-31,-1.861,52.07,74672
1878,Operational,5.0,2014-09-25,-0.757,52.147,110000
1882,Revised,19.0,,-2.544,56.748,355752
1884,Operational,1.2,2017-07-27,-4.087,50.811,27185
1885,Operational,5.0,2016-03-23,-1.259,52.64,97000
1886,Operational,8.0,2014-12-19,-2.791,51.359,149627
1887,Revised,12.0,,0.441,50.889,240000
1889,Operational,8.6,2016-02-26,1.587,52.439,160870
1890,Operational,3.3,2014-07-28,-1.92,52.102,61555
1892,Operational,5.3,2016-01-01,-2.603,53.387,99033
1893,Operational,2.8,2016-06-01,0.944,52.049,52186
1894,Operational,4.8,2016-01-30,1.039,52.154,89663
1895,Operational,7.4,2014-05-12,-3.389,51.454,138384
1896,Operational,4.8,2015-10-09,-4.899,50.356,89663
1897,Operational,7.0,2015-03-31,-5.121,50.29,130888
1898,Operational,6.7,2016-03-23,-2.596,50.888,191800
1899,Operational,7.0,2014-12-10,-1.466,52.067,150700
1900,Operational,5.0,2016-01-06,-3.765,51.6,93411
1901,Awaiting Construction,3.2,,-1.042,53.129,57800
1902,Operational,5.0,2014-06-18,-2.223,50.689,105000
1903,Operational,3.6,2015-02-12,-2.792,51.043,67177
1904,Operational,5.0,2014-06-09,-2.318,51.054,161000
1905,Operational,14.3,2015-03-27,0.341,51.187,266000
1906,Operational,14.4,2015-03-31,-0.042,52.07,259000
1907,Operational,2.7,2014-06-27,-1.553,50.74,48500
1908,Operational,7.0,2014-03-01,-1.349,51.633,131000
1909,Operational,7.3,2015-03-20,1.389,52.576,168000
1910,Operational,5.0,2017-03-23,-0.778,52.303,93411
1912,Operational,12.6,2015-02-01,0.58,51.956,235825
1913,Operational,29.9,2015-03-27,0.349,52.25,616000
1914,Operational,21.0,2014-12-11,-2.523,51.54,370000
1915,Operational,6.0,2016-03-01,-2.011,51.175,101800
1918,Operational,7.0,2015-03-26,0.12,50.868,203000
1919,Operational,16.5,2015-03-20,-0.08,52.128,346000
1920,Operational,17.0,2015-03-26,-1.564,51.481,278300
1922,Revised,7.0,,0.191,50.842,151900
1923,Operational,6.3,2015-08-01,-2.219,51.41,141700
1924,Operational,22.0,2016-03-30,0.781,51.355,391700
1925,Operational,6.9,2015-03-30,0.808,51.168,201000
1927,Operational,5.9,2017-03-24,-1.488,54.324,110276
1930,Operational,13.0,2016-03-19,-3.277,56.368,380000
1931,Operational,6.0,2015-03-13,-1.26,50.713,183000
1938,Operational,4.8,2017-03-21,-0.543,51.448,89663
1939,Awaiting Construction,9.6,,0.224,52.315,153800
1940,Operational,9.3,2014-10-01,-0.013,52.008,173987
1942,Operational,3.0,2014-12-11,-0.463,51.86,55934
1943,Operational,8.3,2015-02-27,-3.908,51.131,224000
1944,Operational,12.0,2015-03-31,-2.217,51.494,227300
1945,Operational,17.8,2014-03-30,-1.791,51.649,403200
1946,Operational,11.9,2016-03-29,0.994,51.91,168500
1947,Operational,7.5,2016-03-01,-0.484,52.177,181670
1949,Operational,16.0,2014-02-28,-0.525,52.303,299536
1950,Operational,13.0,2015-03-05,1.087,51.822,184000
1951,Operational,13.5,2014-03-26,-4.038,51.771,252689
1952,Operational,7.1,2015-12-19,-2.825,51.35,178000
1953,Operational,7.7,2015-03-15,-3.948,51.701,144005
1954,Operational,4.7,2015-07-01,-4.25,50.35,81000
1955,Operational,20.0,2015-03-27,-1.743,52.882,455000
1956,Revised,14.3,,-1.833,51.048,402000
1957,Operational,12.0,2015-03-20,-0.793,50.764,217000
1958,Operational,8.7,2015-12-15,-4.037,50.35,162744
1959,Operational,4.2,2015-08-14,1.136,51.939,103000
1960,Revised,15.0,,0.004,51.181,280797
1961,Operational,8.1,2014-03-01,0.499,52.316,153200
1963,Operational,8.2,2015-03-31,0.175,50.856,304000
1964,Operational,5.0,2015-04-01,-3.731,50.439,93411
1965,Revised,15.0,,-2.764,53.844,280797
1966,Operational,14.5,2014-11-10,-0.636,50.814,369000
1968,Operational,5.0,2017-03-15,-1.667,52.088,185200
1969,Operational,6.1,2014-03-31,-2.19,51.275,114023
1970,Operational,11.3,2016-03-31,0.689,51.358,244600
1971,Operational,5.3,2015-03-01,-4.733,50.484,156000
1973,Operational,10.0,2014-12-04,-2.165,50.713,157100
1974,Operational,8.7,2016-01-15,-1.936,51.589,162744
1975,Operational,4.0,2021-11-01,-3.958,51.687,74672
1976,Operational,4.7,2014-10-02,-0.811,52.154,110000
1978,Operational,5.0,2016-09-18,-3.421,50.761,96100
1981,Operational,5.0,2014-03-15,1.339,51.311,93411
1982,Operational,15.0,2015-11-15,-3.619,51.523,280797
1983,Operational,40.0,2016-03-23,-1.46,51.196,749264
1984,Operational,12.5,2014-03-31,-3.405,50.76,279000
1985,Operational,10.0,2015-03-02,-3.17,51.635,209000
1986,Revised,28.0,,0.182,52.135,492700
1987,Operational,6.0,2014-03-31,-0.692,50.829,153000
1988,Revised,18.6,,0.023,52.731,348257
1990,Operational,6.6,2015-12-16,-2.724,52.961,144300
1991,Operational,5.0,2015-12-08,-1.348,52.63,93411
1992,Operational,15.0,2015-03-31,-2.531,51.539,280797
1993,Revised,19.0,,-1.022,52.109,255000
1994,Operational,1.0,2014-03-08,-0.014,52.021,18456
1995,Operational,8.2,2015-03-26,-2.942,52.687,180000
1996,Revised,18.0,,-0.578,52.976,337013
1998,Operational,9.6,2014-03-30,-1.986,51.451,322600
1999,Operational,2.8,2014-03-28,0.72,51.825,52186
2000,Operational,12.2,2014-03-28,0.72,51.825,228329
2001,Operational,2.8,2014-03-29,-1.111,51.312,48680
2004,Operational,6.0,2016-05-15,-2.384,51.198,140000
2005,Operational,17.0,2014-03-31,-2.435,51.049,310000
2006,Operational,10.6,2016-03-24,0.976,51.102,252500
2007,Operational,19.0,2015-03-30,-3.324,54.778,321000
2008,Operational,11.0,2014-03-18,-5.075,50.304,250000
2009,Operational,8.5,2015-03-27,-5.169,50.199,158996
2010,Operational,5.0,2014-03-31,-4.452,50.407,93411
2011,Operational,15.8,2015-03-30,-1.014,51.418,244000
2012,Operational,3.4,2014-03-24,-2.623,51.782,75000
2013,Operational,15.6,2014-03-31,-4.428,50.821,292041
2014,Operational,3.7,2015-03-25,-0.294,53.274,72000
2015,Operational,7.0,2014-03-27,-2.924,51.178,187000
2016,Operational,6.1,2014-03-21,-2.061,50.748,145000
2017,Operational,4.2,2015-06-13,-1.059,52.936,78420
2019,Operational,5.0,2014-08-08,-0.064,53.697,138000
2020,Operational,5.0,2016-08-18,-2.396,51.489,93411
2021,Operational,6.5,2015-03-21,-3.21,54.175,151800
2022,Operational,9.0,2015-03-01,-2.034,52.154,205000
2023,Operational,13.5,2015-03-31,-2.163,51.38,306000
2024,Operational,1.3,2014-08-01,-1.968,51.371,24078
2026,Operational,6.4,2015-03-24,-1.391,51.009,153100
2027,Operational,37.0,2014-10-30,-1.64,51.76,514000
2028,Operational,12.0,2014-03-29,-4.904,50.353,261800
2030,Operational,46.0,2014-12-19,-1.374,51.644,786000
2032,Operational,11.5,2015-03-31,-2.02,52.947,230000
2033,Operational,4.1,2015-11-26,-3.767,50.293,98800
2034,Operational,1.1,2015-06-15,1.366,52.137,22517
2035,Operational,27.0,2015-03-31,-1.7,51.662,504000
2036,Operational,4.3,2016-03-23,-1.832,52.878,103000
2038,Revised,8.5,,-1.934,53.009,158996
2039,Operational,10.7,2014-03-30,-2.336,51.185,200221
2040,Operational,1.8,2015-05-11,-2.658,51.515,59200
2041,Operational,4.8,2016-03-15,-1.957,52.181,116000
2042,Revised,18.0,,-0.895,52.041,300700
2043,Operational,8.9,2015-01-27,0.236,50.845,165000
2044,Operational,12.0,2017-03-31,-1.333,50.891,350000
2045,Operational,12.5,2015-03-16,-1.182,51.868,238800
2046,Operational,20.0,2014-03-27,0.83,52.906,374491
2047,Operational,3.0,2014-03-19,-2.095,50.745,55934
2048,Revised,5.0,,-1.703,51.6,123000
2049,Operational,12.7,2015-02-24,-1.698,51.598,237699
2050,Operational,5.0,2015-10-20,1.4,52.689,127400
2051,Operational,2.8,2014-03-31,-1.787,52.101,75000
2052,Operational,5.0,2016-01-29,-2.144,50.706,93411
2053,Operational,38.0,2023-09-01,0.319,51.526,984400
2054,Operational,13.9,2015-03-16,-1.472,52.707,290800
2055,Operational,7.0,2014-03-29,-3.399,50.765,141500
2056,Operational,5.0,2015-03-27,-2.655,51.639,115000
2057,Operational,18.7,2015-03-24,-1.026,52.781,350130
2058,Operational,11.3,2014-03-19,-2.098,50.736,169974
2059,Operational,1.5,2015-12-21,-4.202,50.356,20700
2060,Operational,11.5,2016-03-31,-2.609,51.014,227400
2061,Operational,12.0,2014-03-25,-1.881,51.546,227400
2062,Operational,5.0,2015-03-15,-1.751,51.618,132000
2063,Operational,5.0,2014-03-29,-2.4,51.821,139000
2064,Operational,8.0,2014-01-30,-2.925,50.785,223000
2065,Operational,24.0,2014-03-28,0.218,52.329,449445
2066,Operational,11.6,2014-03-07,1.287,52.009,254000
2067,Operational,5.4,2015-02-10,-2.565,51.013,127000
2068,Operational,4.3,2016-12-16,-0.935,51.748,80294
2071,Operational,10.5,2015-03-30,-1.294,51.805,182400
2072,Operational,5.0,2015-03-31,1.104,52.692,147000
2073,Operational,6.2,2014-11-05,1.348,51.339,165000
2074,Operational,24.0,2014-10-25,-5.041,51.749,449445
2075,Operational,10.0,2016-01-25,1.276,51.21,187104
2076,Operational,12.5,2016-03-24,0.501,52.433,175500
2077,Operational,8.1,2015-03-30,-2.472,51.597,254500
2078,Operational,3.8,2014-08-26,-3.025,53.228,70925
2079,Operational,7.2,2015-03-30,-2.918,52.945,213200
2080,Operational,30.0,2016-03-23,-2.121,51.959,410100
2081,Operational,16.7,2014-12-19,-1.105,52.033,350400
2082,Operational,12.0,2015-03-30,-1.1,51.172,224582
2083,Operational,7.7,2016-01-16,-2.406,51.644,129000
2084,Operational,1.8,2015-03-31,-1.364,52.8,33447
2085,Operational,34.8,2015-03-25,-1.818,51.643,607500
2086,Operational,13.0,2015-01-30,-1.901,50.861,243320
2088,Operational,49.9,2015-03-31,0.745,52.791,910575
2089,Operational,12.5,2015-03-25,-1.608,51.785,284100
2090,Operational,7.0,2014-03-30,-1.506,51.162,130888
2091,Operational,3.5,2014-03-31,-2.795,51.13,65303
2092,Operational,3.5,2014-03-31,-2.784,51.128,65303
2093,Operational,6.0,2017-05-15,-3.324,51.441,171700
2094,Revised,8.6,,-2.64,52.357,174000
2095,Operational,5.0,2015-12-01,-3.397,50.824,111000
2096,Operational,5.0,2014-03-26,-3.243,51.468,66300
2098,Operational,1.6,2014-03-31,-4.243,50.441,47600
2101,Operational,5.0,2015-12-16,-3.685,51.019,123300
2102,Operational,5.0,2016-02-26,-4.405,50.724,93411
2103,Operational,5.0,2014-03-24,-3.117,51.067,97000
2104,Operational,12.6,2014-06-20,-4.415,53.179,300000
2105,Operational,36.0,2014-08-29,-1.856,50.796,767000
2107,Operational,8.0,2015-12-18,-1.346,53.248,195000
2108,Operational,14.4,2016-08-02,-2.81,52.824,356000
2109,Operational,20.4,2015-02-25,-1.883,50.865,381986
2110,Operational,13.9,2015-03-23,-4.241,53.165,272486
2111,Operational,5.0,2016-03-29,-1.603,53.012,93411
2112,Operational,4.1,2015-03-31,-3.382,50.647,76546
2113,Revised,5.0,,-0.253,51.924,84455
2114,Operational,7.0,2016-02-26,-1.924,50.817,125000
2117,Operational,2.6,2016-12-21,0.283,51.559,48700
2118,Operational,10.0,2015-03-20,-2.866,50.937,185000
2120,Operational,4.9,2013-08-28,-3.222,51.006,91537
2121,Operational,10.6,2014-03-31,-4.379,50.436,212000
2123,Revised,29.0,,-4.401,50.728,496000
2125,Operational,19.5,2016-03-29,-4.316,50.474,311200
2126,Operational,6.0,2016-03-31,-5.183,50.16,98200
2127,Operational,2.6,2014-03-28,-2.586,51.214,86000
2128,Operational,4.0,2015-03-27,-0.919,53.303,74672
2129,Operational,9.9,2014-03-31,-4.366,50.426,238000
2132,Operational,5.0,2015-12-17,0.111,50.934,91000
2133,Operational,3.9,2014-03-31,-2.528,51.204,72798
2135,Operational,12.0,2015-03-31,0.614,51.455,266000
2136,Operational,12.5,2014-07-31,-1.913,51.724,340000
2137,Operational,4.4,2015-02-11,-3.407,51.431,107900
2138,Operational,7.0,2015-03-31,0.813,51.061,144000
2139,Operational,3.9,2015-03-31,-2.048,50.773,129000
2140,Operational,9.0,2015-03-30,-0.161,53.144,168366
2142,Revised,8.5,,-2.879,51.601,129800
2143,Operational,18.8,2015-03-19,0.93,51.943,352004
2144,Operational,9.0,2015-03-31,-0.693,52.137,177400
2145,Operational,4.0,2017-02-01,-3.466,50.767,101300
2150,Operational,4.2,2016-12-01,-1.112,51.328,75300
2151,Operational,27.0,2015-03-10,-1.0,53.312,574000
2152,Operational,16.8,2015-03-31,-0.597,52.232,433000
2153,Operational,2.3,2014-12-30,-2.504,51.352,42817
2154,Operational,10.8,2017-10-18,-2.777,50.899,218300
2157,Operational,4.4,2015-03-15,-1.737,52.213,120900
2158,Operational,20.0,2015-03-31,-2.708,52.735,346600
2159,Operational,4.9,2015-06-30,-2.039,51.307,144000
2160,Operational,4.9,2015-12-01,0.297,53.155,91537
2162,Operational,4.9,2016-03-31,-1.372,53.207,109800
2164,Operational,1.2,2014-11-01,-2.959,51.017,31800
2165,Operational,4.7,2016-03-23,-1.299,53.107,87789
2166,Operational,1.0,2015-03-10,-3.05,52.569,18456
2167,Revised,3.0,,-4.241,50.355,92300
2169,Operational,8.1,2015-03-31,0.238,50.931,151501
2171,Operational,4.7,2015-01-21,-0.026,52.53,167400
2173,Operational,8.0,2015-03-30,-3.393,50.658,189000
2174,Operational,1.5,2016-05-01,-2.696,51.079,31000
2175,Operational,22.0,2016-03-23,-1.91,52.072,479700
2176,Operational,14.0,2015-12-22,-3.158,51.726,286000
2178,Operational,1.8,2015-04-01,-2.127,52.669,33447
2179,Operational,2.0,2015-05-01,-2.578,53.771,62000
2180,Operational,12.1,2015-03-31,-4.942,51.813,264400
2181,Operational,5.0,2015-03-30,-0.612,51.925,178000
2182,Operational,14.0,2015-03-26,-0.805,52.127,330000
2183,Revised,7.5,,-3.43,50.703,193600
2184,Operational,5.0,2016-03-30,-1.343,53.237,101800
2185,Operational,2.4,2015-09-25,-0.131,52.37,63000
2186,Operational,5.0,2017-03-25,-0.896,51.748,93411
2187,Operational,5.6,2015-06-29,0.789,51.837,104654
2188,Operational,20.5,2015-03-31,-0.798,52.449,383860
2190,Operational,11.4,2015-12-01,-2.978,51.179,261000
2192,Operational,8.0,2015-03-06,-1.188,53.26,178300
2194,Revised,30.0,,-0.207,52.21,629000
2196,Operational,18.7,2015-03-31,-1.685,52.84,350130
2197,Revised,30.5,,-2.375,52.707,473000
2198,Revised,12.0,,-2.764,51.226,224582
2200,Operational,16.0,2015-03-21,-1.499,52.757,283000
2201,Operational,3.0,2015-06-08,-2.912,51.222,50500
2202,Operational,5.0,2016-01-29,-0.022,52.065,93411
2203,Operational,69.8,2016-09-21,-1.968,51.507,900000
2204,Operational,8.0,2016-06-30,-0.399,53.028,197000
2205,Operational,5.0,2016-04-15,-0.78,52.175,114000
2206,Operational,8.5,2015-03-26,-3.158,51.633,189000
2207,Revised,5.0,,-1.207,53.256,93411
2208,Operational,8.1,2015-03-20,-0.106,52.926,160000
2210,Operational,10.0,2016-06-15,-0.951,52.903,194300
2211,Operational,10.2,2015-03-29,-2.713,52.622,203591
2212,Operational,12.3,2015-03-31,-2.73,52.633,221475
2213,Operational,5.0,2015-08-14,-1.16,53.621,145300
2214,Revised,6.0,,-3.385,50.881,112150
2215,Operational,7.5,2017-02-15,-3.621,51.766,246000
2216,Operational,6.2,2015-12-16,-0.633,51.872,123000
2217,Operational,13.1,2015-03-31,-0.739,51.839,248000
2218,Operational,10.0,2015-03-20,0.226,52.334,271000
2219,Operational,31.8,2015-03-25,0.049,52.078,545200
2221,Operational,5.0,2017-03-15,-1.033,53.366,144200
2225,Operational,14.0,2015-03-31,-4.03,50.408,336000
2226,Operational,4.1,2015-08-15,-2.988,50.874,103400
2227,Operational,9.2,2015-12-15,-1.005,51.989,289600
2228,Operational,12.0,2015-03-30,-0.894,52.039,300700
2231,Operational,5.0,2016-03-24,-1.021,52.108,93411
2232,Operational,4.3,2016-03-16,-1.544,52.235,80294
2233,Operational,11.6,2015-03-30,-2.17,50.818,217086
2234,Operational,4.0,2015-09-01,-1.864,50.803,72000
2236,Operational,13.5,2017-02-20,-6.099,54.518,252689
2237,Operational,6.1,2016-02-16,-1.087,52.81,132000
2238,Operational,28.5,2015-03-31,-2.362,51.736,404506
2239,Operational,24.2,2015-03-30,-0.734,51.811,431000
2240,Operational,5.0,2016-03-30,0.447,51.622,93411
2241,Operational,38.0,2015-03-21,-0.581,53.56,698000
2242,Operational,1.8,2017-03-06,-2.51,51.081,33447
2243,Operational,4.9,2015-11-19,-3.292,51.564,167200
2244,Operational,5.0,2015-12-20,-0.961,51.39,140700
2247,Operational,5.0,2015-08-01,-0.848,52.948,93411
2248,Operational,5.0,2015-06-30,-1.84,50.907,127200
2249,Operational,31.6,2015-03-25,0.011,52.065,485700
2252,Operational,13.0,2015-11-15,-4.121,51.11,301700
2253,Operational,5.0,2016-06-27,-3.525,53.287,93411
2255,Operational,48.0,2015-03-29,1.099,51.352,899173
2256,Revised,12.0,,-2.184,50.688,410000
2258,Operational,5.0,2016-10-21,0.191,50.84,151900
2259,Operational,1.2,2015-10-15,-1.131,51.587,25000
2260,Operational,16.0,2015-03-19,-1.108,53.241,323000
2261,Operational,17.6,2015-03-30,-0.923,52.103,329518
2263,Operational,6.2,2017-03-31,-2.823,54.022,127400
2264,Operational,5.0,2016-03-29,-1.242,53.703,65000
2265,Operational,10.0,2016-06-24,-0.482,51.987,362000
2266,Operational,9.2,2015-03-31,0.412,51.173,252900
2268,Operational,5.0,2015-12-17,0.843,51.627,120000
2271,Operational,19.7,2015-03-23,-1.091,53.231,325000
2272,Operational,10.7,2017-03-31,-2.491,52.529,200700
2274,Operational,14.6,2016-07-01,-2.981,51.287,366000
2277,Operational,6.5,2015-12-18,0.095,53.32,121519
2278,Operational,14.7,2015-03-31,-1.559,52.613,321400
2279,Operational,10.4,2015-03-31,-1.445,52.214,294100
2280,Operational,9.3,2014-07-23,-0.793,50.862,124000
2281,Operational,17.5,2013-12-04,1.41,52.196,327644
2282,Operational,20.0,2014-03-31,-1.861,50.792,374491
2283,Operational,11.3,2014-07-25,-1.138,53.224,230500
2284,Operational,3.1,2014-03-29,1.675,52.449,72500
2285,Operational,10.0,2014-07-04,-2.17,51.383,187104
2286,Operational,11.6,2015-03-06,-3.591,51.741,251000
2287,Revised,7.5,,-1.571,53.712,135000
2288,Operational,5.0,2015-03-31,-4.451,50.751,120000
2290,Revised,10.2,,-4.301,50.755,190852
2291,Revised,12.8,,1.305,51.271,239572
2292,Revised,8.3,,-3.328,51.151,155249
2296,Operational,5.0,2016-03-07,-0.683,50.815,93411
2298,Operational,5.0,2015-12-10,-2.516,51.348,93411
2299,Operational,15.0,2015-10-17,-0.423,52.268,280797
2300,Operational,5.2,2015-02-19,1.03,52.603,117000
2305,Revised,6.0,,-4.283,51.83,112150
2306,Revised,12.0,,-1.1,52.787,224582
2307,Operational,8.0,2015-03-28,-1.132,51.854,141600
2308,Operational,18.0,2015-03-27,-1.75,50.755,450000
2309,Operational,8.1,2015-11-12,0.019,53.407,168000
2312,Operational,5.9,2016-06-15,-0.884,51.288,134000
2314,Operational,10.7,2015-12-15,-1.443,50.694,189700
2319,Operational,5.0,2016-03-22,-0.743,52.096,133000
2320,Operational,11.9,2015-03-20,-1.014,53.155,222708
2321,Operational,14.2,2015-03-30,-0.88,53.211,236000
2323,Operational,18.9,2015-03-31,-0.474,53.181,374000
2324,Operational,6.5,2017-03-15,-6.19,54.608,121519
2325,Operational,6.2,2015-03-31,-4.908,51.685,161100
2326,Operational,8.0,2015-03-27,-4.948,51.642,165300
2327,Operational,4.7,2017-02-24,-3.381,51.673,87789
2328,Revised,6.0,,0.088,51.2,121500
2329,Operational,45.0,2016-03-15,-0.069,52.111,1000000
2331,Operational,8.0,2015-03-15,-3.766,50.386,234000
2332,Operational,5.0,2015-11-13,-0.133,52.698,93411
2333,Operational,21.3,2015-03-17,-1.06,51.67,398851
2334,Operational,6.0,2015-03-31,-3.993,51.7,112150
2335,Operational,6.5,2015-03-16,-3.534,50.592,121519
2336,Operational,5.0,2015-02-04,-4.347,50.976,121500
2338,Operational,7.0,2016-03-02,-3.308,51.418,179017
2339,Revised,8.8,,-2.556,50.821,164618
2342,Operational,6.8,2015-03-19,-3.36,51.173,127141
2343,Operational,20.0,2015-03-26,-2.224,51.332,423800
2344,Operational,8.0,2015-07-15,-1.899,51.605,180000
2345,Operational,12.3,2015-03-31,-1.738,51.151,242000
2347,Operational,72.2,2016-03-31,-3.023,53.241,1352648
2348,Operational,3.8,2013-07-31,-4.92,50.462,83000
2351,Operational,14.5,2015-03-31,-2.053,51.618,322000
2352,Operational,15.0,2015-03-31,-0.589,52.253,280797
2353,Operational,15.0,2015-02-28,-4.405,53.233,300000
2354,Operational,6.0,2015-03-06,-3.939,51.696,219000
2355,Operational,6.7,2015-02-15,-4.018,51.795,164000
2356,Operational,8.0,2015-03-31,-0.929,53.347,220400
2357,Operational,13.0,2015-03-31,-0.253,52.04,278000
2358,Operational,16.6,2015-03-12,-2.085,51.308,310779
2359,Operational,7.0,2014-03-31,-3.405,51.395,163300
2360,Operational,10.0,2015-03-20,0.226,52.331,271000
2361,Operational,5.0,2015-03-19,-2.394,50.778,93411
2362,Operational,5.1,2015-03-30,-1.153,52.053,88000
2363,Operational,16.2,2014-12-22,-4.178,51.713,288000
2364,Operational,5.0,2014-07-28,-0.847,52.134,93411
2365,Operational,6.1,2015-11-25,-4.795,51.747,157000
2366,Operational,12.7,2015-03-30,0.051,52.746,237699
2367,Operational,18.0,2015-03-31,1.085,51.357,337013
2368,Operational,11.5,2015-03-31,0.427,50.873,180000
2369,Operational,12.0,2015-03-31,-0.429,53.244,224582
2370,Operational,13.4,2015-03-01,-3.276,51.674,282700
2372,Operational,24.0,2014-12-19,0.002,52.08,449445
2373,Operational,9.1,2015-03-14,-2.186,51.342,170239
2375,Operational,6.8,2015-03-31,-2.904,51.256,127141
2376,Operational,6.1,2015-03-26,-5.007,51.81,114023
2377,Operational,5.7,2015-03-15,-1.083,52.99,145300
2378,Operational,4.8,2014-11-18,-1.025,53.142,89663
2379,Operational,17.0,2014-11-13,1.144,51.274,221400
2380,Operational,8.5,2014-03-31,-0.694,52.282,166000
2381,Operational,5.0,2014-03-30,-3.829,51.609,93411
2382,Operational,8.0,2014-10-24,-5.197,50.289,180000
2383,Operational,9.6,2014-09-19,-4.816,50.442,179609
2384,Operational,7.0,2015-02-03,-2.165,51.543,175000
2385,Operational,1.5,2011-07-27,0.138,51.508,27826
2386,Operational,5.0,2011-09-26,-2.689,51.076,107000
2387,Operational,1.0,2011-07-15,-2.641,51.07,24000
2388,Operational,1.8,2011-07-30,-0.398,51.404,33447
2389,Operational,2.0,2014-03-18,-1.536,52.274,37195
4694,Operational,6.1,2015-03-02,-1.358,52.85,114023
4701,Operational,4.5,2017-03-31,-2.494,52.335,101000
4703,Operational,5.0,2016-02-15,-2.495,50.628,73800
4704,Revised,11.6,,0.422,51.472,217086
4705,Operational,2.9,2016-12-23,-0.843,52.458,56200
4706,Operational,5.0,2016-03-30,-0.469,51.856,93000
4709,Revised,2.2,,-2.446,53.539,38000
4711,Revised,15.0,,-3.012,52.9,280797
4712,Operational,5.0,2016-03-20,-3.167,51.032,109000
4713,Operational,10.0,2016-06-28,-0.732,50.818,187104
4718,Operational,5.0,2015-11-23,0.697,51.62,93411
4721,Operational,8.9,2015-03-31,-5.133,50.181,200000
4723,Revised,18.0,,-2.93,53.768,387400
4724,Operational,6.0,2017-02-28,-5.569,54.572,112150
4726,Revised,4.0,,-4.0,51.696,97000
4727,Operational,8.0,2016-02-26,-1.864,50.778,187000
4729,Operational,5.0,2015-12-20,-2.54,51.146,93411
4734,Operational,2.6,2017-03-30,-3.18,51.688,48438
4736,Operational,3.5,2015-12-15,0.162,52.638,91600
4738,Operational,1.2,2016-03-15,-3.445,52.988,26000
4739,Operational,2.7,2017-03-28,0.92,52.868,60000
4740,Operational,2.4,2015-03-31,-4.131,51.15,44690
4745,Operational,5.0,2015-12-18,-1.316,54.17,101000
4748,Operational,1.5,2015-10-23,-1.287,52.828,27826
4751,Operational,5.0,2016-01-18,-2.408,51.667,131500
4752,Operational,1.8,2015-06-26,-2.937,50.839,28000
4753,Operational,1.6,2015-12-01,-2.043,57.621,29700
4756,Revised,3.0,,0.694,51.575,55934
4757,Operational,9.5,2015-03-23,-2.764,51.224,177735
4761,Operational,3.8,2015-12-23,-1.872,50.776,74600
4766,Operational,5.0,2015-10-07,-0.702,50.848,90800
4767,Operational,2.5,2015-12-21,-1.598,52.759,46564
4769,Operational,5.0,2017-03-31,-1.817,51.613,93411
4775,Awaiting Construction,20.0,,-3.792,51.797,452000
4780,Operational,3.8,2016-02-17,-2.827,57.309,131900
4783,Operational,5.0,2016-03-15,-1.833,51.048,93411
4785,Operational,5.0,2016-03-31,-2.684,53.598,120000
4792,Operational,4.8,2015-12-09,-3.303,50.955,93000
4794,Operational,5.0,2017-03-17,-3.385,50.878,118000
4796,Revised,25.5,,-0.975,53.839,477553
4804,Operational,5.0,2016-06-24,-0.316,53.808,93411
4815,Revised,6.0,,-3.312,50.957,110000
4825,Operational,5.0,2016-02-24,-0.207,52.21,93411
4830,Operational,5.9,2015-03-31,-4.928,51.824,112000
4833,Operational,10.6,2016-04-15,-1.245,50.677,190800
4836,Operational,1.7,2015-03-19,0.654,51.367,31573
4838,Operational,5.0,2014-02-22,-3.865,51.018,93411
4839,Operational,9.5,2015-12-15,-4.013,50.447,177735
4840,Operational,12.1,2015-03-23,-2.167,50.845,223000
4841,Operational,2.8,2015-11-30,-1.44,52.756,52186
4844,Operational,10.0,2016-06-15,-2.709,56.574,195200
4846,Operational,10.0,2016-02-02,0.699,51.37,249000
4850,Operational,5.0,2015-08-01,-1.931,52.157,110200
4856,Operational,8.0,2016-03-30,-2.876,51.372,186000
4857,Operational,5.0,2015-12-18,-0.934,53.636,181000
4858,Operational,10.5,2015-03-31,-2.575,52.703,131300
4859,Operational,5.3,2015-10-08,0.394,51.885,109000
4860,Operational,4.8,2015-04-15,-3.138,50.927,125000
4861,Operational,10.0,2015-11-15,-2.644,52.938,229600
4862,Operational,4.9,2015-12-15,-4.479,52.914,91537
4874,Operational,7.0,2015-03-30,-1.512,51.164,130888
4878,Operational,3.0,2015-09-01,-4.698,50.467,65900
4880,Operational,27.1,2016-06-22,-0.146,53.525,365500
4884,Operational,5.9,2017-12-15,-6.493,54.964,160000
4885,Operational,5.0,2016-03-30,1.306,52.605,93411
4887,Operational,5.0,2016-01-15,-2.765,53.873,93411
4889,Operational,5.0,2016-03-23,-2.318,51.195,98800
4891,Operational,2.8,2015-10-15,-4.241,50.355,92300
4896,Operational,4.0,2017-03-29,-4.013,51.637,91500
4897,Operational,5.0,2017-03-01,-2.639,50.81,93411
4899,Operational,1.8,2016-02-05,-2.669,51.532,32500
4901,Revised,10.8,,-1.628,51.779,202095
4903,Operational,5.0,2016-11-30,-3.53,54.614,93411
4916,Operational,5.0,2016-03-31,-2.392,51.036,92900
4929,Operational,1.5,2015-09-25,-4.957,50.377,27826
4931,Operational,10.0,2015-12-15,-0.785,50.758,187104
4933,Operational,3.0,2015-10-15,-0.545,50.82,52000
4935,Operational,5.0,2015-12-16,-1.597,54.608,107000
4936,Operational,6.6,2016-03-31,0.36,51.178,223000
4938,Operational,5.5,2014-09-25,-4.122,51.759,102780
4939,Operational,6.9,2016-03-31,-2.372,51.918,155000
4940,Operational,5.0,2015-12-15,-3.386,51.407,128300
4943,Operational,6.8,2015-11-15,-2.374,51.92,138000
4948,Operational,5.0,2016-02-02,-2.233,51.326,132000
4950,Awaiting Construction,17.0,,-3.461,56.269,318275
4951,Operational,5.0,2015-12-10,-0.055,53.01,121000
4952,Operational,5.0,2015-12-20,1.328,51.149,99500
4954,Operational,25.7,2018-01-30,-6.186,54.506,481301
4962,Awaiting Construction,5.0,,-3.644,50.586,115000
4969,Operational,5.0,2017-03-28,-2.704,56.635,100000
4982,Revised,5.0,,-2.828,53.366,93411
4983,Operational,2.6,2016-06-17,-1.007,53.188,65000
4986,Operational,11.0,2017-03-20,-0.95,51.142,222000
4990,Operational,4.5,2016-03-22,-4.125,51.053,101000
4994,Operational,5.0,2015-12-10,-3.248,50.98,99100
4996,Operational,5.0,2015-12-21,-1.312,52.643,121500
4997,Operational,3.9,2015-12-01,-0.194,52.373,92000
5000,Operational,1.3,2015-02-06,-6.413,54.41,24078
5001,Operational,1.3,2015-03-15,-3.019,53.909,24078
5002,Operational,12.0,2017-01-04,0.317,52.328,285000
5006,Operational,8.1,2016-03-21,-2.946,51.734,151501
5012,Operational,1.3,2015-10-22,-3.648,55.879,24078
5014,Operational,0.5,2017-08-25,-2.762,52.389,9087
5015,Operational,8.4,2016-10-19,-2.06,52.997,137200
5017,Operational,5.0,2017-03-14,-2.552,54.131,67000
5018,Operational,3.0,2017-03-01,-1.203,50.943,66700
5019,Operational,2.5,2016-03-23,-4.746,51.671,42700
5020,Operational,25.0,2016-03-23,-1.775,52.2,468184
5022,Operational,2.6,2016-03-23,-1.795,52.916,45600
5026,Operational,5.0,2015-12-22,-3.07,52.987,106753
5031,Revised,10.0,,-2.216,51.28,187104
5033,Operational,5.0,2016-03-15,-1.232,54.148,111000
5053,Operational,6.0,2016-06-26,-2.731,51.634,177649
5056,Revised,5.0,,0.444,50.893,92800
5063,Operational,4.7,2016-12-30,-1.657,53.027,108100
5071,Operational,1.2,2015-03-09,-1.09,50.81,22204
5079,Operational,1.5,2015-10-01,-4.7,50.471,27826
5080,Operational,49.0,2016-03-17,-1.53,51.108,776000
5084,Operational,8.5,2017-03-30,-2.879,51.601,129800
5085,Operational,6.0,2017-03-27,-6.239,54.742,112150
5089,Operational,5.0,2015-12-01,1.154,51.912,150000
5090,Operational,6.7,2017-03-31,-2.09,51.935,100000
5092,Operational,5.0,2016-03-31,-0.927,52.008,127500
5093,Operational,4.5,2015-08-18,-3.254,51.396,165000
5096,Operational,9.0,2017-01-06,-2.556,50.821,168366
5099,Operational,5.0,2015-12-21,-2.878,54.052,93411
5102,Operational,3.0,2016-03-23,-2.943,50.886,51200
5104,Operational,3.0,2017-04-15,-3.293,51.475,82500
5117,Operational,5.0,2015-11-15,1.307,51.277,93411
5118,Operational,22.0,2015-03-01,-0.429,53.244,688000
5119,Operational,6.2,2016-06-01,-1.364,52.8,195400
5125,Operational,10.5,2015-01-30,1.005,51.861,196474
5128,Operational,5.0,2015-09-30,-1.374,53.227,93411
5131,Operational,5.0,2017-03-15,-2.959,50.812,95000
5132,Operational,4.2,2016-03-28,-2.62,53.792,120000
5136,Operational,5.0,2017-03-17,-2.675,52.381,135000
5137,Operational,4.9,2017-03-31,-3.747,50.36,101500
5139,Operational,4.0,2016-03-23,-1.998,51.98,139000
5140,Operational,5.0,2016-03-30,-0.168,50.977,117200
5142,Operational,5.0,2015-12-19,-0.358,51.873,93411
5143,Operational,5.0,2017-03-01,-1.193,51.38,113600
5144,Revised,17.0,,-1.233,53.017,318275
5145,Operational,5.0,2016-03-15,-1.653,52.774,117000
5146,Operational,5.0,2016-03-31,-0.434,51.046,119700
5147,Operational,1.0,2016-03-01,-2.956,52.959,18456
5148,Operational,1.8,2015-09-15,-1.744,52.76,39000
5149,Operational,5.0,2015-12-15,-0.722,52.971,93411
5150,Operational,4.0,2015-12-15,-3.425,51.524,74672
5152,Operational,2.8,2017-03-04,-3.761,50.842,87000
5156,Operational,5.0,2016-03-02,-1.511,52.776,109700
5157,Operational,5.0,2015-12-17,-1.032,54.096,118000
5158,Operational,4.6,2016-03-31,-0.655,52.289,105800
5162,Operational,5.0,2016-03-10,-0.352,51.862,131000
5163,Operational,5.0,2017-03-30,-2.76,53.846,130000
5164,Operational,5.0,2017-03-01,-1.333,51.962,93411
5165,Operational,5.0,2016-03-29,-1.387,53.148,91000
5167,Operational,1.7,2015-04-01,-0.928,53.348,31573
5168,Operational,5.0,2016-05-17,-1.317,52.685,93411
5169,Operational,8.2,2015-12-16,-2.369,52.707,176000
5182,Operational,5.0,2015-12-23,0.805,51.843,93411
5183,Operational,2.3,2016-02-26,0.805,51.845,42817
5190,Operational,4.4,2016-03-29,-4.334,52.907,142200
5199,Operational,17.9,2016-03-29,1.357,52.755,335140
5202,Operational,6.5,2017-03-29,-4.786,50.363,121519
5204,Operational,5.0,2017-03-01,-0.695,53.62,129000
5207,Operational,3.5,2016-03-31,-2.658,51.561,65303
5210,Awaiting Construction,1.0,,-2.839,51.392,18456
5212,Operational,3.0,2016-03-30,-1.691,53.009,55934
5215,Revised,4.5,,-0.835,52.203,68900
5218,Operational,1.1,2015-12-15,-0.366,51.037,25000
5224,Operational,5.0,2016-03-23,-1.207,53.256,118000
5225,Operational,5.0,2017-03-23,-1.087,53.682,129000
5226,Operational,3.6,2017-03-24,-2.925,53.024,76000
5228,Revised,5.0,,-3.007,53.647,145000
5229,Operational,5.0,2016-11-21,-1.933,53.013,143000
5230,Operational,3.4,2015-03-25,-2.623,51.782,75000
5231,Operational,8.0,2015-03-31,0.991,52.433,149627
5232,Operational,5.3,2015-03-17,-5.021,51.669,99033
5233,Operational,6.4,2015-03-25,-4.621,52.092,119645
5234,Operational,12.0,2015-03-31,-3.635,50.507,224582
5241,Operational,6.4,2017-03-31,-1.84,52.896,98000
5242,Operational,5.0,2016-08-31,-1.506,50.99,135000
5243,Operational,5.0,2015-12-18,-2.536,51.746,157000
5244,Operational,5.0,2016-03-23,-1.41,52.245,162000
5253,Operational,4.6,2016-02-17,-1.737,51.605,85915
5255,Under Construction,5.5,,-3.448,51.019,102780
5256,Operational,1.5,2015-03-24,-4.563,52.123,27826
5257,Operational,10.0,2015-03-13,-5.013,51.67,187104
5258,Operational,19.5,2015-03-20,-0.529,52.304,365121
5259,Operational,5.0,2016-03-30,-1.479,50.964,93411
5261,Operational,2.9,2016-03-15,-2.624,53.792,54060
5263,Operational,5.0,2016-03-30,-0.067,50.999,79800
5264,Operational,5.0,2016-03-31,-2.26,53.927,112600
5265,Operational,4.4,2018-07-15,0.848,52.642,82168
5266,Operational,5.0,2016-03-15,-2.324,52.467,93411
5267,Operational,1.1,2016-03-15,-0.109,51.11,20330
5269,Awaiting Construction,5.0,,-0.661,52.366,84100
5271,Operational,5.9,2017-03-31,-4.281,51.834,138000
5273,Operational,5.0,2016-03-12,-1.485,52.723,83300
5274,Awaiting Construction,5.0,,-0.662,52.364,93411
5276,Operational,23.0,2022-10-13,-1.922,51.711,454700
5282,Operational,4.0,2016-10-01,-0.922,52.164,111000
5284,Revised,5.0,,-2.213,53.59,107000
5285,Operational,5.0,2016-03-17,1.25,52.553,102500
5287,Operational,5.0,2015-12-16,-1.387,53.148,117600
5288,Operational,6.2,2016-03-24,-1.776,52.874,111000
5289,Operational,5.0,2016-03-31,-3.239,51.423,133000
5290,Operational,4.2,2018-06-25,-2.454,50.975,78420
5291,Revised,6.8,,-0.977,52.206,164000
5292,Operational,5.0,2016-01-20,-3.317,51.746,150559
5293,Operational,4.2,2017-01-15,-1.055,53.187,100000
5295,Operational,5.0,2017-03-23,-0.222,51.697,81000
5296,Operational,5.0,2016-02-11,1.066,52.535,91000
5297,Operational,5.0,2017-02-15,-1.399,54.237,180000
5300,Application Submitted,5.0,,-2.797,53.281,93411
5301,Operational,5.0,2017-02-15,-1.485,54.507,93411
5302,Operational,4.6,2016-03-15,0.039,52.457,85000
5303,Operational,2.2,2015-08-09,-2.45,53.541,38000
5305,Operational,3.5,2015-12-21,-1.508,52.595,77500
5309,Operational,5.0,2016-03-24,-1.076,54.535,101000
5310,Operational,4.6,2016-02-15,-2.552,51.557,87237
5312,Operational,1.7,2015-11-01,-2.527,51.522,31573
5315,Operational,18.0,2016-03-31,-1.752,50.759,337013
5316,Operational,2.1,2016-06-05,-0.998,52.634,69000
5317,Application Submitted,5.0,,-3.001,53.24,93411
5320,Operational,4.8,2016-03-30,-1.467,54.921,89663
5321,Operational,5.0,2016-03-15,-2.876,53.766,122300
5322,Operational,5.0,2015-12-21,-1.067,53.674,128800
5324,Operational,6.8,2017-03-01,-2.231,51.29,98000
5328,Operational,4.9,2016-03-30,-2.96,53.781,120000
5330,Operational,6.4,2016-03-29,-2.988,54.875,133300
5331,Operational,7.0,2017-02-20,-6.088,54.513,130888
5332,Operational,5.0,2017-03-31,-4.743,55.658,122700
5333,Operational,5.0,2016-03-31,-2.601,56.612,108000
5335,Revised,5.0,,-2.947,53.556,109000
5336,Operational,5.0,2016-03-31,-2.212,51.292,132400
5340,Operational,3.8,2017-03-11,-2.866,52.804,60900
5342,Operational,6.5,2017-03-29,-2.803,52.486,222500
5357,Operational,6.0,2017-03-01,-1.369,52.664,99600
5359,Operational,5.0,2017-03-28,-1.355,54.541,93411
5360,Operational,3.8,2016-11-30,-4.354,52.935,69000
5368,Operational,2.7,2016-03-23,-1.314,52.684,68600
5371,Under Construction,14.0,,-0.921,51.386,197200
5376,Operational,5.0,2016-03-28,-3.06,52.989,103000
5377,Operational,3.0,2016-04-15,-1.49,52.756,57000
5379,Operational,5.0,2016-05-15,-2.723,51.587,100000
5380,Operational,5.0,2016-12-07,-1.737,54.848,111000
5381,Operational,4.9,2016-12-07,-3.152,51.672,92000
5383,Operational,4.0,2016-03-25,-1.304,53.264,118000
5384,Operational,5.0,2017-03-30,-3.151,56.165,73000
5385,Operational,5.0,2017-03-10,-0.92,52.517,144536
5387,Operational,5.0,2016-08-22,-0.881,51.28,131000
5389,Operational,2.8,2016-03-20,-4.097,52.59,52186
5391,Operational,5.0,2017-03-30,-1.599,52.499,93411
5394,Operational,5.3,2016-03-30,0.903,51.319,97000
5395,Operational,4.1,2016-03-23,-4.182,50.412,73500
5396,Operational,3.8,2016-03-31,-1.197,53.206,66500
5398,Operational,1.0,2017-05-20,-4.046,51.626,18000
5400,Operational,5.0,2016-03-27,-1.637,54.357,93411
5401,Operational,5.0,2016-03-25,-1.216,53.16,178000
5402,Operational,5.0,2015-12-21,-1.217,53.797,105000
5403,Operational,5.0,2016-03-28,-1.699,54.417,121000
5404,Operational,5.0,2017-03-01,-1.254,53.24,120400
5406,Operational,3.4,2016-02-27,-2.512,53.104,68800
5407,Operational,1.2,2016-03-20,-1.563,50.739,22204
5410,Revised,1.0,,-2.791,52.076,18456
5411,Operational,39.5,2020-08-18,0.31,52.293,739894
5412,Operational,4.4,2016-03-29,-3.002,54.809,120000
5415,Operational,5.0,2017-03-20,-1.321,53.119,93411
5416,Revised,5.0,,-1.063,51.407,93411
5420,Under Construction,25.7,,-0.24,53.773,481301
5424,Operational,5.8,2017-03-31,-1.781,52.876,123000
5425,Operational,5.0,2016-01-28,-2.419,51.682,93411
5428,Operational,5.0,2017-03-31,-2.429,50.982,89600
5429,Operational,5.0,2017-03-31,-2.382,50.972,93411
5430,Operational,5.0,2016-01-12,1.398,52.798,91000
5431,Operational,40.0,2020-03-01,-0.36,52.242,749264
5432,Awaiting Construction,9.9,,-2.275,51.874,257000
5433,Revised,5.0,,-1.241,53.153,76100
5435,Operational,10.0,2017-03-15,-6.115,54.636,187104
5437,Operational,4.1,2017-03-30,-3.179,51.704,100600
5440,Operational,5.5,2016-03-15,-2.962,51.194,155200
5442,Operational,2.2,2016-03-24,-2.361,51.718,40000
5443,Operational,25.2,2017-03-15,-6.181,54.56,471932
5444,Operational,20.0,2022-10-01,-0.134,53.533,340000
5447,Operational,5.0,2017-01-15,-2.382,53.159,141597
5450,Operational,6.5,2018-05-10,-6.234,54.694,121519
5451,Operational,5.0,2017-02-15,-4.03,50.326,119000
5453,Operational,5.0,2016-02-03,1.398,52.798,126000
5460,Awaiting Construction,33.0,,-1.016,53.461,541600
5465,Operational,5.0,2016-01-28,-2.553,52.727,93411
5472,Operational,4.2,2016-12-15,-1.458,51.156,78420
5477,Operational,5.0,2017-03-17,-3.314,51.416,115000
5478,Operational,3.5,2016-04-26,-0.938,52.778,89778
5480,Operational,32.0,2021-03-01,-2.15,52.069,599355
5482,Operational,34.7,2019-12-18,-1.228,54.144,740000
5483,Operational,5.0,2016-03-07,-0.02,53.106,82600
5485,Operational,5.0,2016-03-31,-4.356,50.402,69400
5486,Operational,4.5,2017-03-28,-2.962,53.823,112000
5487,Operational,5.0,2016-03-23,-0.73,50.857,184300
5497,Operational,5.0,2016-03-16,0.601,51.841,93411
5498,Operational,4.0,2017-03-24,-2.155,51.322,133100
5499,Operational,5.0,2016-03-24,-4.534,51.759,106700
5506,Operational,15.8,2017-02-28,-2.251,52.639,296700
5508,Operational,5.0,2017-03-31,-2.347,51.057,133000
5512,Operational,5.0,2017-03-31,-2.306,50.67,93411
5513,Operational,4.0,2017-03-31,-2.963,56.416,133000
5520,Operational,5.0,2016-03-17,-1.362,53.281,113782
5523,Operational,5.0,2017-03-28,-4.988,51.777,171100
5524,Operational,5.0,2016-12-29,-3.079,51.621,140000
5525,Operational,5.0,2017-03-29,-2.897,54.819,152000
5527,Operational,4.8,2016-06-29,-1.804,51.535,89663
5529,Operational,5.0,2017-02-09,-2.725,52.996,160129
5530,Operational,1.2,2016-11-01,-1.446,52.725,30000
5531,Operational,4.0,2017-03-03,-2.992,51.62,94700
5532,Operational,4.0,2017-03-31,-0.709,52.585,61400
5534,Under Construction,5.0,,-3.025,53.573,81600
5536,Operational,2.8,2017-03-20,-2.962,51.27,54700
5538,Operational,4.0,2017-03-21,-2.286,52.185,89000
5539,Application Submitted,1.3,,-1.395,53.058,37600
5540,Operational,5.0,2017-03-15,-4.135,52.151,158000
5543,Under Construction,5.0,,1.198,52.638,93600
5545,Operational,1.0,2016-06-21,-2.77,52.018,18456
5547,Operational,5.0,2017-03-13,-4.299,50.754,97600
5548,Operational,3.4,2017-03-15,-3.53,51.48,63429
5551,Operational,7.0,2017-03-15,-1.162,51.657,130000
5554,Operational,5.0,2016-03-15,-1.396,53.147,93411
5559,Operational,5.0,2017-03-30,-1.201,53.703,114000
5560,Operational,5.0,2017-02-15,-3.332,51.583,122900
5562,Operational,1.5,2016-03-23,-0.02,52.965,27826
5568,Operational,5.0,2016-03-30,-2.142,52.64,93411
5572,Operational,4.7,2016-11-17,0.344,51.306,87789
5574,Awaiting Construction,5.0,,-1.062,51.407,93411
5577,Operational,5.0,2017-02-10,-1.87,52.949,89000
5578,Operational,5.0,2016-03-26,-0.385,50.952,110000
5581,Operational,5.0,2016-03-30,-0.599,52.883,160400
5582,Operational,4.2,2016-01-31,-4.399,50.79,90000
5584,Awaiting Construction,5.0,,-3.862,50.722,118200
5588,Operational,5.0,2017-03-31,-3.662,50.351,80200
5590,Operational,5.0,2017-03-31,-1.552,52.73,110000
5591,Operational,3.0,2016-03-20,-1.292,53.259,55934
5592,Operational,5.0,2016-03-10,-1.808,52.888,113000
5593,Under Construction,5.0,,-3.911,51.632,133200
5594,Revised,42.0,,-2.694,56.667,887000
5596,Operational,1.0,2015-06-12,-0.962,52.22,18456
5599,Operational,5.0,2016-03-22,-0.736,51.827,94500
5600,Operational,6.2,2016-03-30,-2.188,51.02,115897
5602,Operational,3.8,2016-01-26,-2.422,52.706,70925
5603,Under Construction,17.0,,-1.233,53.017,318275
5605,Operational,5.0,2015-04-16,-3.254,51.396,165000
5632,Operational,5.0,2017-03-31,-2.317,50.688,92600
5633,Operational,5.0,2019-04-16,0.016,51.125,151100
5643,Operational,5.0,2016-03-31,-1.418,52.561,100000
5650,Operational,5.0,2017-03-31,-2.323,50.675,153300
5653,Operational,2.5,2016-01-30,-1.743,51.6,46564
5654,Operational,5.0,2016-03-29,-1.051,52.926,124300
5655,Awaiting Construction,5.0,,-2.825,56.682,180000
5656,Operational,5.0,2016-08-31,-1.268,54.633,111200
5659,Operational,28.5,2024-07-31,-2.179,50.687,410000
5660,Operational,5.0,2017-03-28,-0.205,51.709,101000
5663,Awaiting Construction,4.0,,0.177,50.858,74672
5664,Operational,4.9,2016-09-01,-1.296,54.633,100500
5670,Operational,5.0,2016-10-24,-2.412,52.709,125000
5672,Revised,4.2,,-1.063,52.938,71300
5683,Operational,5.0,2020-02-12,-2.993,51.713,114600
5685,Operational,5.0,2017-03-16,-0.703,52.176,114600
5686,Operational,5.0,2016-03-30,-2.669,52.139,86100
5687,Operational,5.0,2017-03-30,-1.204,53.181,116200
5690,Revised,4.8,,-1.019,52.529,89663
5694,Operational,5.0,2016-03-30,-1.366,54.775,101200
5712,Operational,10.0,2017-03-31,-1.481,52.254,160000
5713,Awaiting Construction,5.0,,-2.414,52.309,77200
5720,Operational,1.9,2017-03-20,1.258,52.645,40000
5723,Operational,5.0,2016-03-31,-2.376,53.533,129000
5727,Revised,5.0,,-3.635,56.09,139000
5733,Revised,5.0,,0.386,51.864,114100
5735,Operational,3.5,2016-03-29,-1.13,52.565,59000
5739,Revised,2.5,,-0.905,51.934,40000
5742,Operational,5.0,2017-03-15,-1.042,53.127,99700
5756,Operational,3.0,2016-04-22,-2.058,53.455,55934
5757,Awaiting Construction,5.0,,-4.27,50.911,146000
5784,Revised,5.0,,-4.919,55.769,147500
5786,Operational,5.0,2016-03-24,-0.717,50.806,93411
5793,Operational,5.0,2016-03-31,-2.685,54.286,81000
5795,Operational,5.0,2016-03-31,-3.712,56.143,120000
5796,Operational,2.1,2016-10-28,-1.408,52.218,45000
5797,Operational,5.0,2017-01-27,-3.147,56.148,98000
5800,Awaiting Construction,12.0,,-3.151,56.156,270000
5810,Revised,4.9,,-4.122,50.437,91537
5824,Operational,5.0,2017-03-15,0.509,51.159,115000
5828,Operational,2.5,2016-01-12,-2.171,52.975,46564
5829,Operational,5.0,2016-03-15,-0.133,52.445,93411
5832,Operational,1.0,2017-02-20,-0.651,50.823,25000
5834,Operational,5.0,2017-02-15,-3.015,52.9,134500
5835,Operational,4.5,2016-11-14,-1.475,51.859,84042
5838,Operational,2.5,2017-03-20,-2.781,53.707,46564
5844,Under Construction,5.0,,-1.842,54.839,120000
5845,Under Construction,2.0,,-1.854,57.55,37195
5848,Operational,5.0,2017-03-28,-3.526,54.674,141000
5852,Operational,4.9,2018-08-01,-6.739,54.654,91537
5864,Operational,4.2,2016-06-28,-2.678,51.508,78420
5866,Operational,4.9,2016-02-14,-3.1,51.551,91537
5878,Awaiting Construction,5.0,,1.362,52.811,148000
5880,Operational,6.8,2017-03-31,-0.977,52.206,164000
5883,Under Construction,46.0,,-1.567,50.988,720100
5887,Operational,5.0,2016-12-15,-0.047,51.907,133000
5891,Operational,5.0,2017-02-02,-2.556,50.822,170000
5914,Operational,5.0,2018-11-01,-2.586,56.604,120000
5917,Operational,1.4,2015-12-21,-4.09,51.668,25952
5926,Operational,4.7,2016-03-21,-2.214,51.28,105200
5928,Operational,5.0,2017-03-31,-2.93,53.775,97000
5932,Revised,5.0,,-2.699,53.367,93411
5938,Under Construction,5.0,,-3.028,53.57,73300
5942,Operational,5.0,2017-03-29,0.423,51.472,67600
5945,Operational,1.2,2015-09-15,-2.824,57.308,22204
5946,Operational,2.5,2016-01-12,0.694,51.575,32000
5952,Operational,8.5,2018-03-01,-6.262,54.402,158996
5954,Awaiting Construction,5.0,,-4.599,50.668,89000
5955,Operational,25.0,2017-02-15,-6.44,54.999,490000
5967,Revised,25.0,,-6.671,55.08,450000
5977,Operational,6.4,2018-02-28,-6.016,54.675,150000
5985,Operational,1.0,2016-01-15,0.027,51.492,18456
6007,Operational,13.0,2018-04-25,-6.254,54.884,180000
6012,Application Submitted,50.0,,-6.147,54.81,936650
6019,Operational,5.8,2017-02-27,-2.798,54.668,142000
6024,Awaiting Construction,25.0,,-6.21,54.748,447000
6035,Operational,3.8,2017-03-20,-3.7,51.54,70925
6042,Operational,1.4,2016-08-15,-2.571,51.525,25952
6043,Operational,1.8,2016-08-15,-2.571,51.525,33447
6055,Operational,1.8,2015-09-02,-0.215,50.828,33447
6062,Operational,2.4,2015-03-15,-2.395,50.776,44690
6063,Operational,6.3,2016-03-23,-0.31,51.39,117771
6069,Operational,2.5,2018-12-10,-1.814,51.574,46564
6071,Under Construction,49.9,,-4.42,53.406,728460
6108,Operational,5.0,2017-03-29,-4.988,51.774,171100
6114,Operational,1.8,2016-02-05,-0.009,51.679,33447
6129,Operational,2.4,2016-03-29,-1.242,53.703,65000
6132,Operational,1.7,2016-05-19,-0.408,51.496,31573
6133,Operational,4.9,2017-07-07,-0.795,52.205,182000
6162,Operational,1.6,2016-06-30,-2.427,53.58,29700
6163,Operational,11.0,2016-03-30,-1.479,50.964,205843
6170,Awaiting Construction,7.0,,0.447,51.622,246000
6172,Operational,5.0,2016-03-31,-2.921,53.029,100000
6174,Operational,3.2,2016-03-30,-0.097,52.932,65000
6180,Operational,5.0,2016-03-15,-0.137,52.451,100200
6181,Operational,5.0,2016-03-24,-0.981,53.445,158400
6189,Operational,1.2,2016-04-07,-2.817,54.021,22204
6198,Operational,1.0,2017-10-18,-0.952,51.006,18456
6205,Operational,5.0,2016-03-31,-0.606,50.834,99300
6230,Operational,5.0,2016-03-31,-2.81,53.772,113000
6231,Operational,1.7,2016-03-31,-2.807,53.772,33600
6244,Operational,7.5,2018-10-25,-0.743,50.847,158800
6246,Operational,2.9,2018-08-01,-2.472,53.106,54060
6248,Operational,14.2,2021-03-23,0.711,52.319,265807
6282,Awaiting Construction,12.0,,-0.896,51.748,224582
6314,Operational,1.0,2017-01-10,-2.009,52.507,18456
6320,Operational,1.0,2017-01-24,-0.007,51.522,18456
6321,Operational,4.0,2016-10-18,-1.378,54.591,92000
6328,Operational,2.0,2018-04-20,-4.095,50.968,37195
6329,Operational,1.9,2017-08-24,-1.498,50.932,35321
6341,Awaiting Construction,50.0,,-3.235,57.673,936650
6360,Awaiting Construction,9.0,,1.306,52.605,168366
6369,Operational,5.0,2016-03-29,-3.471,51.398,107000
6376,Operational,1.0,2016-12-14,0.91,50.935,18456
6383,Awaiting Construction,50.0,,-3.121,56.163,878000
6392,Awaiting Construction,10.0,,-1.209,50.896,187104
6402,Operational,5.0,2017-02-01,-1.571,53.712,93411
6403,Operational,2.5,2016-12-01,-1.033,53.538,46564
6411,Operational,75.0,2021-03-01,-2.903,51.561,1214100
6416,Awaiting Construction,20.0,,-3.2,57.682,470000
6456,Under Construction,40.0,,-0.466,53.184,749264
6458,Operational,1.4,2017-03-31,-1.915,52.101,20000
6466,Operational,1.3,2019-08-22,-2.826,53.751,26000
6477,Awaiting Construction,30.0,,-3.246,51.75,561877
6484,Operational,7.0,2021-05-05,-1.351,52.355,130888
6485,Operational,5.0,2016-01-20,-0.525,54.179,93411
6486,Operational,1.5,2016-04-01,-3.118,51.5,27826
6493,Operational,5.7,2017-03-30,-2.721,51.611,157500
6502,Operational,373.0,2025-07-01,0.914,51.339,6989235
6506,Operational,18.0,2017-04-06,-6.515,54.959,337013
6513,Operational,2.5,2019-04-16,-2.825,53.569,87000
6515,Awaiting Construction,40.0,,-1.244,52.604,801700
6520,Operational,3.8,2017-03-27,-3.671,51.512,98000
6523,Operational,3.2,2019-08-22,-2.832,53.75,63000
6530,Under Construction,25.0,,-0.366,52.976,503000
6532,Operational,7.2,2019-07-24,-2.866,53.17,135000
6550,Awaiting Construction,8.75,,-2.227,52.315,119000
6557,Awaiting Construction,150.0,,-0.619,53.577,2810515
6560,Under Construction,1.0,,-2.604,53.36,18456
6561,Awaiting Construction,49.9,,-1.556,54.068,850000
6588,Awaiting Construction,20.0,,-2.771,55.055,374491
6591,Operational,7.3,2020-01-01,-3.976,50.333,109000
6603,Operational,1.0,2018-09-01,-0.612,52.067,18456
6624,Revised,10.0,,-1.17,52.753,223300
6644,Awaiting Construction,23.5,,-1.345,52.583,320000
6660,Operational,8.9,2020-05-01,-3.126,51.494,168900
6669,Under Construction,,,-1.496,54.852,33000
6683,Operational,1.2,2016-06-07,0.42,52.74,22204
6700,Operational,44.0,2022-02-01,0.365,51.963,824218
6701,Under Construction,20.0,,-0.413,52.968,675900
6716,Operational,4.2,2022-03-31,-4.637,50.646,81600
6720,Under Construction,20.0,,-1.166,52.411,255100
6723,Operational,4.0,2019-01-01,0.353,51.468,74672
6726,Operational,1.9,2019-01-01,-3.391,56.064,35321
6736,Under Construction,36.6,,-1.913,57.589,507500
6742,Operational,0.2,2020-04-01,-2.381,51.635,3465
6745,Operational,0.3,2020-07-23,-3.239,56.182,4500
6748,Under Construction,0.5,,-1.421,52.253,9087
6750,Revised,3.0,,-2.828,53.337,55934
6752,Operational,0.8,2020-04-01,-2.297,51.753,14709
6759,Operational,0.5,2019-11-01,-2.763,54.357,9087
6761,Operational,0.5,2019-07-01,-2.369,51.866,9087
6762,Operational,1.0,2021-07-01,0.538,52.669,20347
6765,Revised,0.4,,1.193,51.091,7213
6766,Operational,4.9,2020-01-29,-1.363,52.691,106400
6768,Operational,0.5,2020-07-01,-5.019,51.76,9087
6795,Awaiting Construction,29.9,,-4.111,51.722,962700
6797,Awaiting Construction,14.5,,-2.268,51.234,233000
6816,Operational,0.38,2019-09-13,-2.111,51.999,6838
6829,Awaiting Construction,39.5,,-6.234,54.694,798000
6834,Operational,10.0,2023-01-01,-3.911,51.632,191300
7188,Awaiting Construction,500.0,,0.483,52.325,9369043
7191,Revised,62.5,,-3.045,51.531,1550000
7194,Appeal Lodged,75.0,,-2.848,51.552,1405117
7210,Operational,4.9,2020-07-31,-1.485,54.918,91537
7220,Awaiting Construction,0.6,,0.261,51.489,10961
7222,Under Construction,3.0,,-3.196,55.869,57700
7223,Awaiting Construction,49.9,,-1.066,53.128,800000
7225,Operational,0.2,2020-04-01,-1.432,53.54,3465
7229,Operational,0.2,2020-05-01,-0.67,50.797,3465
7232,Under Construction,19.9,,-4.628,55.596,372617
7233,Awaiting Construction,0.3,,0.865,51.123,5339
7235,Operational,0.2,2019-11-15,0.304,50.786,3465
7238,Operational,0.4,2020-01-24,0.76,51.443,7213
7240,Awaiting Construction,3.0,,-3.021,51.633,53700
7244,Operational,0.2,2019-10-16,-0.812,52.019,3465
7247,Operational,0.4,2019-10-04,0.502,51.563,7213
7248,Operational,1.5,2020-01-01,-2.659,53.407,27826
7249,Operational,0.3,2020-01-01,-0.453,51.769,5339
7251,Operational,0.5,2020-03-27,-2.489,53.523,9087
7252,Under Construction,1.2,,-1.801,51.51,22204
7253,Awaiting Construction,0.2,,-3.187,51.532,3465
7256,Operational,49.9,2021-04-01,-0.824,53.051,934776
7257,Awaiting Construction,0.5,,-3.011,51.633,9087
7258,Operational,18.3,2022-12-01,-1.255,52.44,341400
7259,Operational,0.3,2020-03-01,-3.518,55.914,5339
7262,Awaiting Construction,0.6,,-3.908,51.666,10961
7267,Operational,0.2,2020-03-31,-3.409,56.019,6000
7269,Operational,0.4,2020-02-04,-0.04,52.135,7213
7274,Under Construction,0.5,,-4.252,57.694,9087
7275,Awaiting Construction,1.0,,0.162,52.191,18456
7279,Operational,0.3,2019-09-06,-3.031,53.593,3800
7281,Operational,0.3,2019-12-01,-5.078,56.837,5339
7287,Operational,0.4,2021-07-01,-3.385,56.383,7213
7288,Operational,0.2,2020-10-01,-1.533,53.788,3465
7290,Under Construction,2.0,,-0.246,51.774,37195
7292,Operational,0.7,2020-07-01,-2.174,53.462,12835
7298,Operational,0.2,2019-07-31,0.097,52.661,3465
7310,Operational,0.2,2019-11-01,-4.167,57.693,4170
7311,Awaiting Construction,25.0,,-0.909,51.933,630000
7320,Operational,0.2,2019-03-31,-1.132,52.654,3465
7321,Operational,0.3,2019-12-20,-2.637,50.942,5339
7330,Under Construction,0.9,,-0.065,52.322,16582
7347,Operational,1.8,2020-11-01,-3.462,56.384,33447
7349,Awaiting Construction,38.0,,-0.648,52.422,688300
7358,Application Submitted,0.3,,0.66,51.806,5900
7363,Operational,28.0,2023-10-04,0.319,52.319,481000
7374,Operational,1.0,2020-12-01,-0.216,51.905,18456
7375,Operational,5.0,2020-08-01,-2.972,54.93,93411
7381,Operational,0.3,2019-11-01,-1.015,51.728,5339
7384,Under Construction,32.0,,-1.404,51.781,634000
7386,Operational,0.2,2020-01-01,-0.981,51.989,3465
7388,Awaiting Construction,49.9,,-0.962,53.119,917000
7391,Operational,0.2,2019-03-01,-4.014,55.854,3465
7400,Operational,2.0,2021-02-01,-3.139,53.256,47000
7401,Awaiting Construction,0.4,,-2.666,53.465,7213
7405,Operational,18.0,2022-09-01,-2.008,51.179,337013
7409,Operational,4.4,2022-04-29,-2.259,52.996,137200
7410,Under Construction,0.6,,-1.159,51.891,10961
7423,Operational,8.0,2021-01-01,-2.145,52.073,186000
7425,Operational,49.9,2025-10-01,-1.51,51.248,800000
7426,Awaiting Construction,0.3,,-3.827,52.619,5339
7439,Awaiting Construction,0.9,,-3.285,51.784,16582
7447,Awaiting Construction,5.5,,0.079,50.969,94000
7448,Operational,0.5,2020-03-06,-0.046,53.539,9087
7451,Operational,35.0,2025-07-02,-3.372,50.823,607800
7469,Awaiting Construction,40.0,,-4.05,51.774,749264
7471,Awaiting Construction,35.0,,-4.488,53.264,627285
7478,Operational,0.58,2021-08-15,-4.128,51.201,10586
7482,Under Construction,29.4,,0.316,52.323,737400
7484,Awaiting Construction,1.2,,-3.523,50.708,22204
7486,Awaiting Construction,49.9,,-1.56,54.345,921377
7497,Under Construction,19.0,,-1.127,51.852,470000
7501,Awaiting Construction,49.9,,-0.983,53.06,1078100
7508,Under Construction,1.0,,-2.644,51.863,13800
7519,Under Construction,49.9,,-1.738,51.615,955200
7526,Operational,0.3,2020-03-27,-2.221,57.201,5339
7531,Operational,1.0,2021-12-01,-2.89,56.366,18456
7539,Under Construction,19.8,,-2.859,51.353,399900
7541,Operational,0.4,2020-07-01,1.389,51.378,7213
7542,Operational,0.4,,0.916,51.141,7213
7546,Revised,32.0,,-1.39,54.608,599355
7553,Awaiting Construction,17.0,,-2.442,53.131,264000
7557,Awaiting Construction,25.0,,-2.161,52.05,666600
7559,Operational,0.4,2021-05-18,-0.219,54.063,7213
7561,Under Construction,49.9,,-0.942,53.345,659600
7594,Revised,0.2,,1.346,52.76,3465
7596,Under Construction,5.0,,-1.841,57.566,116000
7599,Operational,1.4,2021-09-01,-1.921,51.688,24000
7601,Revised,0.8,,-3.627,55.075,14709
7604,Operational,1.1,2022-01-01,0.18,52.298,21000
7605,Awaiting Construction,36.0,,-0.845,51.968,482100
7616,Awaiting Construction,49.9,,-1.686,51.194,937000
7617,Awaiting Construction,28.0,,-0.772,52.69,524400
7618,Awaiting Construction,0.5,,-1.698,54.641,9087
7619,Awaiting Construction,1.0,,-2.21,53.42,18456
7625,Awaiting Construction,1.0,,-2.22,53.412,18456
7626,Awaiting Construction,20.0,,-0.902,52.038,442000
7630,Under Construction,49.9,,0.304,52.284,807000
7638,Awaiting Construction,0.23,,-2.858,56.647,4028
7646,Operational,0.2,2021-10-09,0.829,52.57,3465
7652,Awaiting Construction,0.2,,0.751,51.809,3465
7666,Operational,24.0,2024-06-10,0.663,52.078,449445
7669,Application Submitted,10.0,,-2.154,53.751,250100
7674,Awaiting Construction,39.9,,-2.541,56.747,747390
7689,Operational,0.9,2019-12-16,1.105,51.785,16582
7701,Awaiting Construction,50.0,,-3.353,51.452,936650
7703,Revised,22.0,,-4.871,51.693,342500
7712,Awaiting Construction,0.2,,-0.081,53.549,3465
7713,Awaiting Construction,0.4,,-0.911,52.215,7213
7714,Under Construction,1.5,,1.395,52.088,29000
7715,Awaiting Construction,40.0,,-1.291,52.591,602000
7723,Awaiting Construction,0.2,,-0.999,51.459,3465
7731,Awaiting Construction,1.0,,-1.984,52.587,18456
7733,Awaiting Construction,0.8,,0.142,52.651,14709
7735,Operational,2.4,2021-07-09,-1.271,53.601,44690
7738,Under Construction,1.9,,-2.438,53.527,37900
7741,Under Construction,0.9,,-2.155,53.516,15000
7744,Application Submitted,1.0,,-6.742,55.058,18456
7745,Operational,0.2,2021-01-01,-2.807,55.895,3465
7749,Revised,1.0,,-4.165,50.367,18456
7750,Awaiting Construction,0.4,,-0.204,51.904,7213
7751,Awaiting Construction,0.5,,-2.126,53.546,9087
7758,Operational,0.18,2021-01-01,-4.282,55.836,3091
7760,Awaiting Construction,8.9,,-1.331,51.966,128200
7763,Operational,0.2,2022-01-01,-3.409,55.931,3465
7765,Awaiting Construction,0.2,,-1.582,53.804,3465
7766,Under Construction,2.1,,-2.764,50.861,39069
7767,Awaiting Construction,49.9,,-0.645,52.442,990000
7771,Revised,1.2,,-0.211,52.585,22204
7781,Operational,12.0,2022-01-01,-3.873,50.754,184000
7782,Operational,0.3,2021-11-01,-2.453,53.756,5339
7786,Awaiting Construction,49.9,,-0.852,53.348,953000
7793,Awaiting Construction,0.3,,-1.482,54.831,5339
7795,Operational,1.0,2020-01-01,-2.697,51.325,18456
7797,Awaiting Construction,0.3,,-1.177,50.852,5339
7802,Awaiting Construction,49.9,,-0.96,51.247,954700
7806,Awaiting Construction,0.2,,-3.015,56.202,3465
7815,Awaiting Construction,15.0,,-3.342,50.735,259000
7817,Awaiting Construction,35.0,,-2.517,50.899,790000
7818,Under Construction,2.3,,-0.439,53.876,42817
7819,Operational,0.2,2022-01-01,-1.08,52.599,3465
7823,Revised,49.99,,-1.32,54.723,850000
7830,Awaiting Construction,1.5,,-3.438,51.418,27826
7834,Operational,1.6,2021-02-01,-3.054,53.22,32000
7840,Operational,49.9,2023-02-01,-2.156,52.088,1077000
7857,Awaiting Construction,1.0,,0.153,51.505,18456
7858,Application Submitted,57.0,,-3.039,53.039,1360000
7860,Awaiting Construction,16.0,,-2.956,53.171,250000
7883,Operational,0.2,2021-12-01,-0.483,50.99,3465
7887,Awaiting Construction,49.9,,-1.389,53.216,688000
7889,Under Construction,49.9,,-0.174,53.56,1340000
7893,Awaiting Construction,2.3,,-3.846,51.78,40000
7903,Application Submitted,0.2,,-6.95,55.052,3465
7911,Awaiting Construction,24.0,,1.337,51.155,449445
7914,Revised,1.6,,-4.299,51.721,23000
7915,Operational,0.3,2021-05-17,-3.388,56.383,5833
7917,Revised,17.0,,1.179,52.792,356700
7924,Awaiting Construction,18.0,,-1.219,50.942,340000
7928,Operational,0.2,2021-03-01,1.347,52.759,3465
7929,Operational,35.0,2025-09-01,-2.6,50.908,555900
7930,Awaiting Construction,0.2,,0.252,51.123,3465
7936,Awaiting Construction,49.9,,-1.202,51.702,1390000
7940,Awaiting Construction,14.0,,-2.951,53.168,238000
7941,Awaiting Construction,40.0,,-2.007,51.601,1096000
7943,Operational,0.2,2020-08-01,-3.184,55.952,3465
7944,Under Construction,49.9,,-2.497,51.545,900000
7945,Awaiting Construction,49.9,,-1.035,51.702,934776
7951,Awaiting Construction,1.7,,-1.365,53.193,31573
7954,Under Construction,49.9,,-1.136,52.36,808600
7956,Awaiting Construction,49.9,,-1.013,51.705,790000
7958,Operational,22.0,2023-10-12,-0.901,51.963,469700
7960,Awaiting Construction,49.9,,-1.397,51.646,632000
7961,Under Construction,,,-1.567,50.988,67800
7962,Application Submitted,30.0,,-1.177,51.278,689000
7963,Awaiting Construction,0.8,,-1.257,52.733,23000
7968,Operational,1.2,2021-07-01,-2.418,52.683,16000
7969,Application Submitted,40.0,,-0.754,51.84,695300
7971,Operational,0.3,2021-08-26,-1.453,52.72,5339
7972,Operational,0.2,2021-09-22,-0.138,52.231,3465
7976,Operational,0.3,2020-10-21,-2.72,53.768,5339
8007,Revised,49.9,,1.044,52.088,934776
8010,Under Construction,30.0,,1.028,52.497,384100
8011,Operational,25.0,2023-01-01,-1.347,51.114,450000
8013,Under Construction,5.5,,-0.47,52.132,102780
8020,Awaiting Construction,20.0,,1.161,51.915,285000
8022,Awaiting Construction,25.5,,0.844,51.637,432300
8023,Operational,25.0,2024-10-01,0.661,51.704,363400
8026,Under Construction,49.9,,0.34,51.539,1680000
8029,Under Construction,0.5,,-2.347,53.386,9087
8030,Operational,0.7,2023-07-01,-2.192,53.485,12835
8038,Awaiting Construction,49.9,,-2.1,51.982,1067400
8048,Application Submitted,0.3,,0.539,52.512,5339
8051,Operational,70.0,2023-05-02,-2.477,51.578,1060000
8053,Under Construction,49.9,,0.181,53.099,737200
8054,Awaiting Construction,1.0,,-0.128,52.801,18456
8056,Awaiting Construction,30.0,,-1.168,52.081,607900
8062,Under Construction,49.9,,-2.138,51.406,963200
8065,Revised,49.9,,-0.338,51.657,1300000
8067,Operational,0.2,2023-03-01,-3.878,51.618,3465
8068,Awaiting Construction,49.9,,-0.963,51.128,934776
8069,Under Construction,5.0,,-1.359,51.848,112500
8071,Awaiting Construction,3.0,,-2.828,54.056,43000
8079,Awaiting Construction,12.0,,-0.957,51.996,224582
8088,Awaiting Construction,21.0,,-3.231,51.465,393229
8089,Awaiting Construction,49.9,,-1.069,51.339,850000
8091,Revised,49.9,,-1.403,54.634,934776
8092,Application Submitted,1.0,,1.091,52.64,18456
8094,Under Construction,23.0,,-1.811,50.89,388400
8097,Revised,49.9,,0.484,51.54,1580000
8100,Awaiting Construction,49.9,,-1.021,53.736,1127300
8101,Operational,49.9,,-4.121,51.045,934776
8102,Awaiting Construction,0.2,,-2.222,51.845,3465
8111,Awaiting Construction,5.1,,-1.669,52.866,110000
8115,Application Submitted,40.0,,-1.019,53.269,883100
8130,Application Submitted,0.2,,-1.89,54.455,3465
8131,Operational,55.0,2024-10-24,-1.699,54.411,695000
8136,Operational,49.9,2026-02-01,-2.03,51.66,934776
8141,Operational,0.5,2021-12-16,-2.758,54.352,9087
8146,Operational,40.0,2023-03-28,-2.726,52.976,651100
8148,Under Construction,28.5,,1.212,52.562,533769
8149,Under Construction,49.9,,-0.956,51.3,700900
8162,Awaiting Construction,500.0,,0.545,51.783,9369043
8165,Operational,0.5,2021-10-10,-2.8,53.559,9087
8167,Under Construction,40.0,,-1.365,53.757,877600
8174,Awaiting Construction,0.5,,1.301,51.152,9087
8178,Operational,0.2,2021-09-27,-1.893,52.286,3465
8180,Awaiting Construction,1.5,,-0.924,50.821,23400
8181,Awaiting Construction,49.9,,-1.655,52.69,795000
8182,Operational,,2021-07-01,-0.351,53.749,300
8184,Awaiting Construction,0.26,,-1.732,54.943,8100
8185,Awaiting Construction,49.9,,-1.431,52.197,825000
8191,Awaiting Construction,0.35,,-2.861,53.472,6276
8192,Under Construction,,,1.358,51.234,66
8197,Awaiting Construction,,,-2.45,53.758,
8201,Operational,0.15,2021-10-18,-4.131,50.555,2528
8202,Operational,2.3,2021-09-14,-1.539,55.133,33500
8203,Operational,0.49,2021-10-06,1.076,52.861,9000
8204,Operational,0.18,2021-09-12,-1.235,54.574,3091
8205,Operational,0.62,2021-07-19,-2.992,56.323,11336
8210,Under Construction,0.15,,0.049,52.501,4900
8211,Revised,30.0,,-0.523,51.935,448700
8212,Under Construction,0.49,,-1.217,52.647,6852
8219,Awaiting Construction,15.0,,1.049,52.715,352000
8221,Awaiting Construction,15.0,,1.305,52.707,291000
8222,Under Construction,0.62,,-1.078,52.879,11336
8223,Operational,0.17,2021-09-01,0.463,51.92,2903
8225,Awaiting Construction,49.9,,-2.653,52.75,1230000
8227,Awaiting Construction,49.9,,-0.849,52.918,743000
8228,Under Construction,30.0,,-2.003,52.162,561877
8229,Awaiting Construction,0.44,,-4.153,53.207,7963
8230,Under Construction,,,-2.746,50.709,100
8233,Operational,0.25,2021-07-31,-2.614,56.775,6000
8234,Under Construction,0.2,,-0.029,51.658,3465
8251,Operational,49.0,2024-10-01,0.846,51.847,968000
8254,Awaiting Construction,49.9,,-1.333,54.704,773700
8257,Under Construction,19.94,,-1.953,51.691,737200
8259,Under Construction,0.3,,-2.94,52.248,5339
8267,Awaiting Construction,5.0,,-0.869,52.014,77900
8272,Operational,0.5,2021-11-22,-0.314,52.281,7900
8274,Awaiting Construction,2.25,,-2.461,53.229,41880
8285,Application Submitted,0.21,,-2.044,51.285,5300
8308,Awaiting Construction,49.9,,1.267,52.552,796000
8323,Awaiting Construction,49.9,,-2.58,51.342,934776
8336,Under Construction,26.0,,-1.096,52.71,462500
8338,Awaiting Construction,0.38,,-1.766,53.97,5720
8341,Awaiting Construction,40.0,,-4.343,55.712,749264
8347,Awaiting Construction,30.4,,-0.796,54.163,528600
8349,Awaiting Construction,30.0,,-5.326,50.191,490600
8350,Awaiting Construction,49.99,,-1.593,55.125,791000
8357,Operational,49.9,2024-10-30,0.377,51.59,934776
8365,Awaiting Construction,7.0,,1.625,52.481,110000
8371,Awaiting Construction,5.0,,0.145,50.862,110500
8378,Revised,7.0,,-1.226,53.124,95000
8393,Awaiting Construction,49.9,,-2.425,51.593,934776
8403,Awaiting Construction,0.19,,-3.492,50.905,3278
8404,Awaiting Construction,,,-1.791,51.072,11100
8405,Operational,0.19,2021-11-10,-0.158,51.106,3278
8406,Awaiting Construction,25.0,,0.551,51.721,468184
8408,Operational,1.15,2022-08-15,0.194,52.487,21267
8411,Under Construction,49.9,,0.322,51.541,1430000
8412,Awaiting Construction,,,-4.143,50.37,0
8413,Awaiting Construction,,,-4.143,50.37,1320
8417,Awaiting Construction,,,-4.538,55.605,2608
8421,Operational,,2021-04-21,-4.109,55.679,450
8424,Under Construction,,,0.798,52.358,106
8429,Awaiting Construction,,,-2.964,53.385,
8432,Operational,,2021-12-02,-4.492,55.609,13252
8433,Awaiting Construction,,,-4.237,55.859,3844
8435,Awaiting Construction,1.3,,0.615,51.434,24078
8436,Awaiting Construction,1.5,,1.121,52.328,27826
8437,Awaiting Construction,,,-1.624,53.749,
8440,Operational,1.0,2021-06-15,-2.762,54.356,18456
8441,Awaiting Construction,,,-2.951,53.376,2088
8444,Awaiting Construction,2.3,,-1.11,53.474,32300
8445,Awaiting Construction,,,-2.17,53.539,
8446,Awaiting Construction,1.9,,-1.099,53.486,26600
8447,Awaiting Construction,0.47,,-2.451,50.623,8525
8448,Operational,0.35,2021-08-01,0.998,51.262,6276
8450,Awaiting Construction,2.97,,-2.621,51.541,46500
8451,Operational,,2021-09-11,-1.112,60.151,2403
8452,Under Construction,0.96,,-2.352,53.196,17707
8454,Awaiting Construction,,,-3.864,51.625,
8456,Awaiting Construction,0.25,,-3.407,54.687,4402
8457,Operational,0.5,2021-09-08,0.433,51.163,9087
8459,Awaiting Construction,65.0,,-3.286,51.463,965000
8461,Awaiting Construction,15.0,,-2.228,50.802,377000
8472,Awaiting Construction,20.0,,-0.603,51.933,375000
8475,Awaiting Construction,40.0,,0.321,51.96,523500
8479,Operational,49.9,2023-12-01,0.349,52.292,730000
8480,Awaiting Construction,49.9,,-3.027,56.47,1185000
8483,Awaiting Construction,49.9,,-0.783,52.895,1035300
8485,Awaiting Construction,35.0,,0.119,51.892,1140000
8488,Awaiting Construction,37.9,,-3.23,55.029,602931
8491,Awaiting Construction,33.0,,-0.871,51.387,520000
8494,Awaiting Construction,49.9,,-1.028,53.562,1335200
8497,Awaiting Construction,28.0,,-2.778,54.058,524400
8498,Awaiting Construction,11.0,,-0.788,50.73,280000
8501,Awaiting Construction,49.9,,0.233,51.391,728900
8503,Awaiting Construction,49.9,,-0.848,53.148,1207400
8505,Awaiting Construction,49.9,,-2.255,51.028,934776
8508,Awaiting Construction,49.9,,-1.398,52.525,844900
8513,Awaiting Construction,1.0,,-2.97,53.648,28600
8517,Awaiting Construction,49.9,,-0.223,52.931,804600
8520,Awaiting Construction,0.47,,-1.094,51.853,8525
8522,Awaiting Construction,5.0,,-2.416,53.112,122000
8525,Awaiting Construction,49.0,,-2.515,52.805,917912
8526,Awaiting Construction,49.9,,-2.77,55.002,915500
8528,Awaiting Construction,49.9,2025-12-01,-2.206,52.293,634100
8529,Under Construction,49.9,,-1.575,54.543,934776
8533,Revised,30.0,,1.188,51.85,549400
8539,Awaiting Construction,49.9,,-1.006,51.71,1120000
8540,Awaiting Construction,43.0,,-1.503,54.069,665600
8799,Operational,1.62,2022-07-26,-1.31,51.571,30074
8800,Operational,,2022-07-26,-1.314,51.571,3800
8801,Awaiting Construction,,,-3.5,54.718,
8802,Operational,42.0,2025-09-10,-4.42,50.791,663300
8803,Application Submitted,,,-0.915,51.162,
8807,Awaiting Construction,1.0,,-5.114,54.928,18456
8811,Operational,0.44,2021-10-01,-0.631,52.07,14200
8812,Application Submitted,,,-2.794,55.046,110
8813,Awaiting Construction,49.9,,-1.908,52.762,628000
8815,Awaiting Construction,,,-0.835,51.413,1100
8818,Awaiting Construction,,,-3.839,51.23,120
8823,Application Submitted,,,-3.688,50.61,
8824,Operational,19.0,2025-06-01,0.286,52.008,549200
8827,Under Construction,,,-1.387,54.06,28000
8828,Awaiting Construction,40.0,,-2.284,50.667,749264
8834,Awaiting Construction,49.9,,0.534,51.661,867500
8839,Awaiting Construction,,,-1.388,50.911,
8842,Awaiting Construction,13.0,,-2.364,57.118,189000
8843,Awaiting Construction,49.9,,-2.313,51.795,1160000
8850,Awaiting Construction,,,-2.059,52.452,
8851,Awaiting Construction,4.2,,-1.172,52.846,108000
8852,Operational,,2021-12-12,-2.167,52.5,
8855,Operational,0.15,2021-10-06,-1.862,52.082,2528
8856,Under Construction,10.0,,-1.709,52.866,187104
8857,Under Construction,5.0,,-0.632,53.676,131000
8858,Operational,5.0,2023-04-05,-1.951,50.77,117000
8862,Awaiting Construction,4.2,,-1.315,52.835,78420
8864,Awaiting Construction,,,-2.252,51.866,512
8870,Application Submitted,3.75,,-6.246,54.679,90000
8879,Application Submitted,,,-0.498,54.195,190
8889,Awaiting Construction,49.9,,-2.528,51.664,725000
8894,Under Construction,,,-0.577,51.921,691100
8897,Under Construction,19.6,,-1.375,53.108,379000
8910,Awaiting Construction,36.7,,0.535,51.676,682000
8918,Awaiting Construction,49.9,,-2.096,51.61,633000
8923,Awaiting Construction,2.37,,-3.002,51.561,70000
8925,Awaiting Construction,8.0,,0.53,51.666,140000
8928,Operational,0.3,2021-05-01,-2.762,54.356,5339
8980,Awaiting Construction,0.25,,-2.972,54.93,4402
8981,Awaiting Construction,,,-4.218,55.837,2880
8983,Awaiting Construction,2.8,,0.235,52.061,48000
8988,Awaiting Construction,,,-1.658,54.973,
8991,Awaiting Construction,50.0,,-0.108,52.448,1037000
8992,Awaiting Construction,0.21,,-1.546,54.981,3653
8995,Awaiting Construction,40.0,,-0.347,53.869,750000
8996,Awaiting Construction,,,-0.118,51.512,
9002,Under Construction,10.2,,0.366,51.29,190500
9004,Awaiting Construction,9.0,,-0.568,53.655,140200
9011,Awaiting Construction,,,-1.559,54.984,
9014,Under Construction,49.99,,-0.808,53.907,1350000
9016,Awaiting Construction,1.6,,-1.316,51.573,29700
9030,Awaiting Construction,1.2,,-1.526,55.208,22300
9035,Application Submitted,49.9,,0.322,51.541,934776
9037,Awaiting Construction,40.0,,-0.161,52.012,536200
9038,Operational,30.0,2026-03-27,-1.851,52.116,561877
9043,Operational,,2021-07-01,-2.764,51.438,
9049,Awaiting Construction,0.32,,-0.533,51.643,5714
9050,Awaiting Construction,49.99,,-0.735,52.973,851600
9051,Operational,2.5,2022-07-31,-4.065,52.425,39200
9053,Application Submitted,49.9,,-2.507,51.675,646200
9054,Awaiting Construction,,,-0.904,51.453,17893
9056,Awaiting Construction,25.0,,-2.183,51.347,383800
9065,Under Construction,5.0,,-2.939,56.654,80000
9069,Awaiting Construction,49.9,,0.51,51.857,1140000
9071,Awaiting Construction,5.0,,-3.339,56.305,98000
9075,Awaiting Construction,49.9,,-1.014,53.797,772000
9077,Application Submitted,30.0,,-0.514,52.07,561877
9082,Revised,49.9,,-0.869,51.766,969000
9083,Application Submitted,24.0,,-1.277,51.64,374100
9087,Awaiting Construction,21.0,,1.382,52.139,370800
9089,Revised,3.0,,-2.83,53.337,55934
9090,Under Construction,36.0,,-1.504,51.764,674309
9091,Application Submitted,49.9,,-5.45,50.137,934776
9093,Revised,49.9,,-1.656,52.346,1132000
9095,Application Submitted,,,-4.339,51.856,8300
9096,Awaiting Construction,49.99,,-0.674,52.956,761900
9097,Awaiting Construction,,,0.131,52.202,3000
9102,Awaiting Construction,10.0,,-1.533,54.063,192700
9104,Application Submitted,41.5,,1.032,52.073,600000
9110,Operational,0.22,2022-06-24,-2.649,50.942,3840
9114,Awaiting Construction,15.7,,-2.504,51.852,293915
9116,Awaiting Construction,49.9,,-1.382,54.588,870000
9119,Awaiting Construction,16.0,,-2.245,52.635,303600
9126,Awaiting Construction,15.0,,-1.598,51.243,277800
9129,Application Submitted,49.9,,0.329,52.278,808000
9130,Revised,49.72,,-0.945,52.193,701000
9132,Awaiting Construction,0.61,,-1.538,54.778,11148
9134,Awaiting Construction,0.37,,-1.546,54.521,6651
9135,Awaiting Construction,,,0.454,50.951,4100
9142,Under Construction,10.0,,-5.074,50.348,187104
9149,Awaiting Construction,1.51,,-2.295,53.359,24500
9150,Operational,0.6,2021-12-01,-2.199,53.469,10961
9157,Operational,0.67,2023-10-31,-2.073,52.355,12273
9160,Revised,0.27,,-0.776,51.221,4777
9162,Awaiting Construction,0.16,,-2.206,53.627,2716
9163,Awaiting Construction,0.18,,-3.464,51.203,3091
9164,Under Construction,1.0,,-1.56,54.306,18456
9167,Revised,11.8,,-2.569,50.758,176600
9168,Awaiting Construction,49.9,,-3.003,51.079,1240000
9173,Under Construction,34.8,,-1.426,52.237,670000
9174,Awaiting Construction,0.15,,0.254,50.875,2528
9175,Awaiting Construction,49.9,,-1.619,51.225,755300
9177,Awaiting Construction,0.15,,-2.227,53.596,2528
9178,Awaiting Construction,0.16,,-2.232,51.866,2716
9179,Operational,5.0,2022-02-01,-0.45,53.77,77300
9181,Awaiting Construction,2.7,,-3.557,50.396,50312
9184,Revised,43.45,,-0.472,51.971,665700
9187,Awaiting Construction,0.42,,-1.519,52.408,7588
9189,Awaiting Construction,0.18,,-4.072,50.39,3091
9190,Operational,0.18,2022-01-01,-5.542,50.112,3091
9192,Awaiting Construction,0.27,,-2.196,53.501,4777
9193,Under Construction,9.7,,0.0,52.955,176700
9194,Awaiting Construction,49.9,,0.466,51.175,745000
9198,Operational,0.2,2021-08-01,1.388,51.367,3465
9211,Awaiting Construction,0.61,,-1.328,52.701,11148
9212,Awaiting Construction,49.9,,-1.538,54.324,650000
9217,Awaiting Construction,0.32,,-0.621,51.513,5714
9226,Awaiting Construction,160.0,,-4.099,53.28,2687700
9229,Awaiting Construction,49.9,,-2.077,51.443,822700
9232,Revised,15.0,,-2.01,52.955,365000
9236,Under Construction,1.2,,-1.088,50.812,22204
9237,Under Construction,49.9,,-2.172,51.509,878600
9240,Awaiting Construction,49.99,,-0.007,52.241,804000
9241,Application Submitted,,,-4.376,54.314,
9245,Awaiting Construction,0.16,,-1.624,54.982,2716
9247,Operational,45.0,2024-06-11,-2.629,52.066,1200000
9253,Operational,1.97,2022-12-01,-0.656,52.041,36633
9255,Awaiting Construction,,,-1.485,53.554,
9257,Application Submitted,49.9,,-1.038,50.914,920000
9261,Awaiting Construction,0.74,,-2.002,52.826,13584
9267,Awaiting Construction,1.5,,-2.641,51.542,47914
9269,Awaiting Construction,0.19,,0.982,52.192,3278
9270,Awaiting Construction,10.0,,0.865,51.398,165400
9272,Operational,0.15,,-2.202,53.503,2528
9273,Under Construction,49.99,,0.689,51.628,669300
9277,Awaiting Construction,2.0,,-0.733,52.064,28800
9282,Operational,35.0,2024-10-01,0.624,51.865,658000
9284,Awaiting Construction,0.2,,-2.636,53.54,3465
9296,Awaiting Construction,21.0,,1.502,52.249,286600
9307,Awaiting Construction,0.53,,-2.681,51.516,9649
9316,Awaiting Construction,0.18,,-1.494,52.63,3091
9318,Awaiting Construction,49.9,,0.183,52.739,786400
9320,Revised,49.9,,-1.143,52.038,934776
9323,Awaiting Construction,0.27,,-0.561,51.314,4777
9324,Awaiting Construction,49.9,,-1.254,52.846,1050000
9326,Operational,0.35,2021-11-15,-1.177,52.94,6276
9338,Awaiting Construction,0.58,,1.269,52.322,10586
9342,Awaiting Construction,5.7,,-2.924,53.027,93000
9345,Awaiting Construction,49.9,,0.399,52.761,934776
9347,Awaiting Construction,49.9,,-0.9,51.758,934776
9349,Application Submitted,7.0,,-0.305,52.127,130888
9350,Awaiting Construction,1.6,,1.47,52.858,30000
9351,Operational,0.26,2021-12-26,0.181,51.605,4590
9352,Awaiting Construction,1.0,,-4.668,55.616,18456
9353,Awaiting Construction,49.9,,-1.067,54.588,750000
9358,Revised,20.0,,-1.493,51.828,450500
9360,Operational,40.0,2022-12-16,-2.141,50.813,715000
9363,Awaiting Construction,0.15,,-0.361,51.475,2528
9365,Awaiting Construction,49.99,,-0.236,51.942,880000
9367,Under Construction,0.63,,-0.676,52.502,11523
9370,Awaiting Construction,18.8,,-2.4,51.042,296000
9372,Under Construction,16.5,,-2.796,54.028,214400
9373,Revised,49.9,,-1.181,51.659,934776
9381,Application Submitted,30.0,,-2.503,52.685,390000
9382,Operational,1.7,2021-09-01,-0.341,51.059,31573
9391,Revised,,,0.445,51.601,1195800
9394,Under Construction,49.99,,-1.679,52.123,936463
9396,Revised,49.9,,-1.557,52.774,701800
9398,Awaiting Construction,20.0,,-3.247,51.596,350000
9399,Awaiting Construction,25.0,,1.283,52.034,468184
9402,Application Submitted,49.9,,0.971,51.093,1039000
9403,Awaiting Construction,25.0,,-3.259,56.164,470000
9405,Awaiting Construction,0.2,,-0.305,51.507,3465
9409,Awaiting Construction,0.16,,-1.387,54.005,2716
9411,Application Submitted,,,0.945,51.877,
9412,Under Construction,0.7,,-4.163,50.369,12835
9414,Awaiting Construction,49.9,,-1.439,51.76,841776
9416,Awaiting Construction,46.9,,0.847,52.351,1003000
9420,Operational,0.56,2021-11-01,-2.639,53.345,9900
9432,Awaiting Construction,0.16,,-1.697,55.002,2716
9433,Awaiting Construction,0.3,,-1.578,54.977,5339
9434,Awaiting Construction,0.56,,-0.741,52.759,10211
9437,Awaiting Construction,9.0,,-1.607,54.518,119000
9438,Awaiting Construction,0.2,,-1.7,54.994,3465
9440,Awaiting Construction,22.5,,1.117,51.832,300000
9441,Awaiting Construction,49.99,,-1.507,52.231,1001300
9443,Application Submitted,13.5,,-2.626,50.802,193300
9444,Awaiting Construction,49.9,,-0.419,53.781,892100
9456,Application Submitted,49.99,,-3.984,50.897,936463
9457,Awaiting Construction,42.9,,-1.13,52.847,815800
9463,Awaiting Construction,18.0,,-3.443,55.883,446000
9467,Operational,,2021-12-31,-0.446,51.615,
9471,Awaiting Construction,0.16,,-1.179,50.888,2716
9478,Awaiting Construction,24.06,,-0.815,51.783,361800
9479,Awaiting Construction,49.9,,-0.311,52.217,1100000
9481,Awaiting Construction,32.0,,-2.751,50.866,541500
9486,Awaiting Construction,0.18,,-2.517,53.549,3091
9490,Awaiting Construction,0.24,,-1.659,54.977,4215
9500,Under Construction,4.19,,-3.027,56.199,54600
9503,Under Construction,14.3,,0.266,51.888,225000
9505,Awaiting Construction,0.4,,-1.543,53.996,7213
9506,Application Submitted,,,-2.971,51.322,
9512,Awaiting Construction,1.0,,-1.418,51.742,18456
9518,Awaiting Construction,20.0,,-0.229,52.418,374491
9520,Awaiting Construction,0.45,,-2.532,53.581,8150
9523,Under Construction,1.03,,-2.049,57.691,19019
9524,Under Construction,40.0,,0.199,52.723,560000
9526,Awaiting Construction,0.26,,1.303,51.125,4590
9527,Under Construction,6.9,,-2.094,52.592,145700
9528,Awaiting Construction,5.0,,0.32,52.296,93411
9530,Awaiting Construction,21.0,,-3.565,50.505,393229
9541,Under Construction,0.8,,-3.531,51.494,14709
9542,Under Construction,32.0,,-0.425,54.249,477400
9543,Awaiting Construction,2.5,,-2.78,54.66,46564
9546,Awaiting Construction,138.0,,-1.642,52.748,2185380
9549,Application Submitted,,,-0.13,53.586,
9551,No Application Required,1.3,,-2.142,57.128,24078
9553,Revised,49.9,,-1.549,54.71,1136000
9566,Awaiting Construction,1.0,,-1.186,52.261,15200
9567,Awaiting Construction,49.9,,-1.369,52.649,1068000
9570,Under Construction,0.17,,-2.237,53.469,3411
9571,Awaiting Construction,13.0,,-4.099,50.378,177700
9572,Awaiting Construction,0.23,,0.162,50.863,4028
9575,Awaiting Construction,49.9,,-0.437,53.239,840000
9576,Awaiting Construction,1.5,,-2.412,56.889,27826
9577,Awaiting Construction,0.2,,-0.727,51.98,3465
9578,Under Construction,3.99,,-2.213,53.59,107000
9580,Awaiting Construction,0.36,,-0.137,52.807,6464
9583,Awaiting Construction,0.2,,-3.086,56.607,3465
9585,Awaiting Construction,7.0,,-3.761,56.256,96000
9586,Awaiting Construction,49.99,,-0.255,52.942,861200
9588,Awaiting Construction,,,-1.936,52.072,
9597,Awaiting Construction,1.2,,-2.138,52.633,22204
9601,Awaiting Construction,0.22,,0.353,51.188,3840
9610,Under Construction,49.9,,1.077,52.084,850000
9612,Awaiting Construction,0.15,,-2.891,53.196,2528
9613,Awaiting Construction,0.27,,-2.528,53.189,4777
9614,Revised,10.0,,0.534,51.069,168700
9623,Awaiting Construction,0.26,,-2.23,51.881,4590
9624,Awaiting Construction,0.15,,-2.603,51.876,2528
9625,Awaiting Construction,49.9,,1.403,52.199,739500
9628,Awaiting Construction,0.31,,-2.888,53.263,5527
9629,Operational,,2021-11-28,-2.243,52.197,
9631,Operational,28.7,2024-11-01,-1.569,52.212,537517
9632,Operational,0.16,2021-12-31,-0.071,51.542,2716
9633,Revised,6.0,,0.52,51.059,148500
9639,Revised,0.18,,-0.269,53.192,3091
9641,Awaiting Construction,0.51,,-1.743,54.997,9274
9642,Application Submitted,16.0,,-0.999,51.903,299536
9648,Awaiting Construction,0.48,,-5.103,50.26,8712
9650,Awaiting Construction,2.0,,-3.07,56.463,37195
9657,Awaiting Construction,2.73,,-1.22,53.127,50874
9661,Awaiting Construction,0.18,,0.45,51.723,3091
9664,Operational,0.53,2021-12-01,-4.153,51.097,9649
9665,Awaiting Construction,0.19,,-3.467,50.911,3278
9667,Awaiting Construction,0.77,,-2.716,51.484,14146
9671,Operational,0.18,2021-12-01,-0.046,51.612,3091
9681,Under Construction,33.0,,1.318,51.331,618093
9683,Awaiting Construction,10.8,,-1.372,54.589,150300
9687,Awaiting Construction,0.98,,-1.467,55.025,18082
9690,Awaiting Construction,0.15,,-1.452,53.5,2528
9694,Revised,25.0,,-0.247,51.923,355000
9699,Awaiting Construction,0.18,,-0.175,51.603,3091
9722,Awaiting Construction,,,-2.48,50.613,
9728,Awaiting Construction,0.4,,-1.181,52.566,7213
9729,Awaiting Construction,49.99,,-1.563,55.11,770000
9739,Awaiting Construction,49.99,,-1.633,55.141,762000
9741,Application Submitted,49.9,,-2.378,52.85,1128000
9742,Awaiting Construction,0.18,,-0.76,52.026,3091
9746,Revised,0.2,,-2.778,50.721,4000
9747,Awaiting Construction,0.21,,-1.195,52.609,3653
9749,Operational,3.0,2024-07-16,0.386,51.28,48000
9750,Awaiting Construction,0.27,,-2.123,50.683,4777
9751,Awaiting Construction,0.2,,-2.441,50.717,3465
9755,Under Construction,3.0,,-1.699,55.038,55934
9756,Awaiting Construction,4.0,,-1.699,55.038,74672
9759,Awaiting Construction,0.18,,-1.111,51.267,3091
9767,Operational,0.62,2022-01-01,0.744,52.24,11336
9769,Awaiting Construction,0.28,,-2.277,51.833,4965
9770,Awaiting Construction,49.9,,-1.629,53.641,753100
9772,Awaiting Construction,9.9,,-3.389,51.554,191300
9773,Awaiting Construction,0.47,,-1.701,53.914,8525
9776,Awaiting Construction,49.9,,-1.898,52.771,676600
9777,Awaiting Construction,20.0,,-3.874,51.688,687000
9779,Revised,0.25,,-0.912,52.947,6834
9781,Awaiting Construction,0.25,,-0.174,52.956,4402
9785,Under Construction,32.0,,-4.141,51.006,632788
9788,Awaiting Construction,3.0,,-1.7,52.543,107000
9790,Application Submitted,0.26,,-0.729,52.009,4590
9791,Awaiting Construction,0.5,,-2.809,51.375,9087
9795,Awaiting Construction,49.9,,-1.157,52.881,841200
9797,Awaiting Construction,0.32,,-1.827,54.864,5714
9799,Awaiting Construction,49.9,,-1.405,54.81,934776
9802,Under Construction,30.0,,0.598,51.581,452000
9806,Awaiting Construction,500.0,,-0.208,52.977,9369043
9808,Awaiting Construction,49.9,,0.707,51.614,983500
9809,Awaiting Construction,531.0,,-0.743,53.336,9949942
9815,Awaiting Construction,49.9,,-0.822,53.383,1547000
9817,Awaiting Construction,2.0,,-3.069,56.456,37195
9820,Application Submitted,45.5,,-0.592,52.114,796400
9822,Awaiting Construction,1.0,,-1.527,51.79,18456
9826,Awaiting Construction,12.0,,-2.667,52.376,285000
9829,Awaiting Construction,0.94,,-1.581,54.961,17332
9830,Awaiting Construction,2.0,,-1.591,54.966,30400
9832,Application Submitted,39.0,,-0.309,53.627,696500
9833,Awaiting Construction,0.21,,-1.613,53.636,3653
9835,Awaiting Construction,,,-1.894,54.161,
9841,Awaiting Construction,20.0,,-1.467,54.921,374491
9845,Operational,0.8,2022-11-01,-2.847,53.486,14709
9847,Application Submitted,,,-0.141,51.494,
9849,Awaiting Construction,20.0,,-1.875,51.598,374491
9852,Revised,2.0,,-2.276,51.859,43600
9854,Awaiting Construction,0.52,,0.387,52.532,9462
9855,Awaiting Construction,0.5,,-1.343,50.939,9087
9858,Awaiting Construction,,,-2.972,52.934,3682
9861,Awaiting Construction,0.2,,-1.35,50.939,3465
9862,Application Submitted,,,1.047,51.313,1238
9874,Awaiting Construction,0.16,,-1.523,52.184,2716
9875,Awaiting Construction,0.64,,-2.256,51.862,11710
9876,Awaiting Construction,49.0,,-1.247,53.372,1160000
9878,Awaiting Construction,25.0,,-2.969,53.773,468184
9879,Awaiting Construction,0.2,,-0.477,52.12,3465
9880,Awaiting Construction,0.18,,-1.925,57.663,3091
9881,Revised,0.2,,-0.478,51.347,3465
9883,Awaiting Construction,18.4,,-4.261,55.908,443100
9885,Awaiting Construction,0.2,,-2.457,50.617,3465
9891,Application Submitted,49.9,,-0.356,53.494,934776
9894,Awaiting Construction,49.9,,-0.895,53.121,744000
9904,Awaiting Construction,350.0,,-0.45,52.691,8250000
9905,Awaiting Construction,0.17,,-0.216,51.531,2903
9912,Awaiting Construction,27.0,,1.485,52.353,875000
9914,Revised,25.0,,-1.633,52.257,468184
9924,Awaiting Construction,2.3,,-0.138,51.509,42817
9925,Revised,,,-0.065,51.489,
9938,Awaiting Construction,0.61,,-1.756,54.617,11148
9941,Under Construction,17.87,,-0.962,51.328,300000
9942,Revised,49.9,,0.149,51.928,792800
9946,Awaiting Construction,14.3,,-4.468,55.877,410000
9947,Under Construction,,,inf,inf,
9951,Operational,0.55,2022-04-01,-0.398,51.402,10024
9958,Awaiting Construction,0.26,,-0.976,51.415,4590
9960,Awaiting Construction,0.16,,-2.958,53.144,2716
9962,Operational,45.0,2024-07-01,-2.627,52.053,842957
9975,Awaiting Construction,49.9,,-0.041,52.645,973600
9977,Awaiting Construction,36.0,,-4.043,51.754,650000
9981,Application Submitted,30.0,,-3.296,51.564,400000
9983,Awaiting Construction,,,-4.689,55.934,659
9984,Application Submitted,25.0,,-3.732,51.766,468184
9989,Awaiting Construction,0.4,,-5.521,50.152,8990
9999,Awaiting Construction,0.6,,-0.975,51.415,9948
10000,Awaiting Construction,17.57,,-2.699,53.157,370000
10001,Operational,0.19,2022-10-01,0.639,51.81,3278
10002,Awaiting Construction,0.62,,0.185,51.48,11336
10005,Operational,0.29,,1.161,51.085,5152
10007,Awaiting Construction,1.0,,0.992,52.519,27000
10009,Application Submitted,40.0,,-0.888,52.082,896000
10010,Awaiting Construction,3.17,,-1.296,52.042,50400
10015,Awaiting Construction,0.26,,-1.599,55.009,4590
10016,Operational,18.0,2025-08-01,-1.484,52.195,337013
10017,Awaiting Construction,0.28,,-1.248,52.326,4965
10018,Awaiting Construction,3.0,,-3.907,51.625,110000
10019,Awaiting Construction,0.57,,-2.008,52.396,10399
10020,Awaiting Construction,16.5,,-1.544,52.474,226800
10035,Under Construction,32.0,,-2.974,51.798,701700
10038,Application Submitted,20.0,,-3.037,51.624,467200
10040,Under Construction,18.9,,-2.953,50.777,273900
10041,Awaiting Construction,35.0,,-1.863,50.769,671800
10043,Awaiting Construction,,,-2.069,57.122,675
10045,Awaiting Construction,28.0,,-1.16,51.179,505200
10046,Application Submitted,28.0,,-1.13,51.298,875000
10049,Awaiting Construction,0.2,,-0.177,51.523,3465
10055,Awaiting Construction,0.47,,-2.6,51.405,8525
10059,Awaiting Construction,1.06,,-2.16,53.021,19581
10060,Awaiting Construction,0.99,,-2.223,53.068,18269
10061,Awaiting Construction,,,1.572,52.464,
10066,Awaiting Construction,0.37,,-0.052,52.329,6651
10071,Awaiting Construction,0.23,,-1.307,51.83,4028
10072,Awaiting Construction,1.82,,-2.447,52.677,33822
10073,Awaiting Construction,0.24,,-1.691,53.907,4215
10080,Awaiting Construction,49.9,,-0.9,53.115,695400
10082,Awaiting Construction,0.5,,-0.361,53.734,9087
10085,Awaiting Construction,99.9,,0.94,51.102,1920000
10087,Awaiting Construction,45.4,,-1.153,53.205,850452
10088,Operational,24.0,,-2.978,51.161,360000
10089,Under Construction,30.0,,-2.511,52.684,530000
10092,Awaiting Construction,0.25,,-0.998,50.853,4402
10135,Application Submitted,8.89,,-2.995,51.143,121200
10140,Under Construction,0.75,,-4.153,51.097,12200
10146,Revised,22.5,,-1.61,51.2,421337
10148,Awaiting Construction,0.5,,-1.311,53.586,9087
10149,Operational,0.62,2022-05-01,-1.321,52.977,11336
10156,Application Submitted,35.0,,-0.25,52.276,450000
10159,Revised,,,-0.065,51.489,
10161,Application Submitted,20.0,,-1.272,52.59,361000
10164,Awaiting Construction,7.3,,1.003,52.33,122800
10166,Awaiting Construction,,,-3.242,54.111,150
10167,Awaiting Construction,0.15,,-1.551,54.623,2528
10169,Awaiting Construction,0.25,,-0.911,52.947,6834
10175,Awaiting Construction,0.19,,-2.467,51.635,2191
10177,Awaiting Construction,34.0,,-1.179,52.773,445000
10179,Awaiting Construction,0.21,,-1.627,53.753,3653
10180,Awaiting Construction,0.28,,-1.415,53.402,4965
10181,Application Submitted,49.9,,0.697,51.371,1338000
10183,Awaiting Construction,30.0,,-1.561,52.499,405400
10185,Awaiting Construction,25.0,,-3.348,51.175,397000
10196,Awaiting Construction,0.26,,-1.903,50.806,4590
10199,Awaiting Construction,49.9,,-1.59,53.655,753100
10205,Awaiting Construction,0.23,,-3.016,51.824,4028
10245,Awaiting Construction,,,-1.151,52.607,2563
10247,Awaiting Construction,,,-3.928,56.141,520
10255,Operational,,2022-01-01,-1.603,54.959,
10258,Operational,,2022-04-14,-2.503,50.617,
10269,Awaiting Construction,15.0,,-3.216,58.615,280797
10272,Awaiting Construction,25.0,,-3.185,51.059,343200
10296,Operational,0.17,,0.876,51.148,2903
10298,Revised,1.0,,-2.11,53.486,18456
10299,Awaiting Construction,40.0,,-3.521,51.544,749264
10300,Awaiting Construction,0.21,,-1.596,54.98,3653
10303,Under Construction,0.36,,-0.07,53.576,6464
10305,Awaiting Construction,1.17,,-0.215,52.584,21642
10306,Awaiting Construction,0.5,,-3.387,51.558,9087
10307,Awaiting Construction,49.9,,0.764,52.695,1036000
10310,Awaiting Construction,0.26,,0.541,51.391,4590
10321,Revised,,,0.127,51.888,1140000
10331,Awaiting Construction,0.24,,-1.268,52.397,4215
10332,Awaiting Construction,0.18,,-3.067,51.024,3091
10342,Revised,10.5,,-1.219,50.882,233500
10353,Awaiting Construction,0.37,,-2.13,53.004,6651
10356,Awaiting Construction,0.19,,-3.312,54.201,3278
10357,Awaiting Construction,0.47,,-1.104,51.263,8525
10359,Awaiting Construction,0.3,,-4.146,50.537,5339
10365,Awaiting Construction,0.19,,-2.098,50.711,3278
10367,Awaiting Construction,3.2,,-3.549,50.488,59681
10368,Awaiting Construction,0.24,,-1.9,50.806,4215
10369,Operational,49.9,2025-09-01,0.292,51.511,900000
10372,Awaiting Construction,0.25,,-1.375,54.815,4402
10382,Awaiting Construction,0.24,,-2.228,51.706,4215
10391,Awaiting Construction,0.15,,-1.336,54.757,2528
10409,Awaiting Construction,12.0,,-3.84,55.6,224582
10410,Awaiting Construction,0.23,,-1.213,51.924,3100
10411,Awaiting Construction,0.18,,-1.8,51.07,3091
10412,Operational,0.15,2022-05-01,-4.193,51.011,2528
10413,Awaiting Construction,0.19,,-0.623,51.513,3278
10414,Awaiting Construction,0.5,,-1.306,51.972,9087
10415,Operational,9.9,2023-03-13,-5.003,51.703,146700
10416,Awaiting Construction,1.2,,1.451,52.051,17000
10417,Under Construction,25.0,,-2.428,52.745,363600
10422,Operational,1.16,,-2.134,53.449,21455
10433,Awaiting Construction,39.0,,-3.271,56.113,710000
10435,Awaiting Construction,21.0,,-0.92,52.031,286200
10437,Revised,5.0,,-4.674,55.613,153000
10439,Awaiting Construction,0.18,,1.599,52.439,2600
10443,Operational,0.8,2022-04-01,-1.731,53.825,14709
10444,Awaiting Construction,,,-0.519,54.152,
10445,Awaiting Construction,0.9,,-1.788,53.798,16582
10446,Awaiting Construction,0.15,,-2.478,50.596,2528
10457,Awaiting Construction,49.9,,-0.644,51.879,934776
10458,Operational,1.9,2022-01-21,-1.541,54.839,43700
10469,Under Construction,14.2,,-1.856,57.463,191000
10471,Under Construction,0.17,,-1.072,54.616,2903
10474,Revised,49.9,,-1.223,54.158,997400
10476,Awaiting Construction,0.33,,-3.495,55.921,5901
10477,Awaiting Construction,49.9,,-1.645,52.675,934776
10479,Awaiting Construction,0.18,,-1.58,55.005,3091
10483,Awaiting Construction,42.0,,-4.51,50.704,821000
10484,Awaiting Construction,0.2,,-3.097,52.673,3465
10485,Awaiting Construction,49.9,,0.283,52.216,763500
10487,Awaiting Construction,0.37,,-2.154,57.073,5480
10491,Awaiting Construction,0.38,,0.855,51.394,6838
10492,Awaiting Construction,0.22,,-2.165,51.987,3840
10493,Awaiting Construction,3.58,,-3.075,51.145,56000
10495,Awaiting Construction,20.0,,-3.021,51.02,374491
10498,Awaiting Construction,0.2,,-3.912,50.797,3465
10513,Awaiting Construction,49.9,,-2.625,52.333,934776
10514,Awaiting Construction,31.0,,-2.219,51.271,430000
10523,Revised,49.99,,-1.477,52.251,890300
10525,Awaiting Construction,15.0,,-2.494,51.35,311400
10526,Awaiting Construction,0.2,,-0.904,53.833,3465
10528,Awaiting Construction,1.43,,-1.893,52.312,26514
10529,Revised,49.99,,-1.305,51.755,635200
10530,Awaiting Construction,22.5,,0.645,51.838,311000
10532,Application Submitted,49.9,,-4.104,54.823,934776
10534,No Application Required,,,-0.018,51.504,
10541,Awaiting Construction,63.0,,-4.648,55.683,1180253
10549,Under Construction,19.9,,-4.428,55.864,299000
10576,Awaiting Construction,0.18,,-2.357,53.766,3091
10577,Under Construction,49.9,,0.435,51.149,692300
10578,Awaiting Construction,5.0,,0.045,52.174,93411
10579,Awaiting Construction,3.45,,-1.532,54.725,64366
10584,Awaiting Construction,0.3,,-2.076,57.116,3700
10588,Awaiting Construction,0.5,,-2.63,51.523,9545
10589,Awaiting Construction,,,0.173,52.289,250000
10590,Application Submitted,,,-6.73,55.077,419800
10592,Awaiting Construction,0.18,,-0.395,51.692,3091
10593,Awaiting Construction,0.19,,-0.353,53.792,3278
10594,Awaiting Construction,0.16,,-1.804,51.079,2716
10595,Awaiting Construction,0.18,,-2.099,57.151,4300
10604,Revised,49.9,,-3.268,56.54,906000
10605,Awaiting Construction,8.0,,-1.631,51.799,102000
10610,Awaiting Construction,0.9,,-4.559,50.429,16900
10611,Awaiting Construction,9.1,,-2.692,51.355,170239
10612,Revised,1.29,,-3.131,52.876,20300
10624,Application Submitted,49.9,,-2.389,51.918,820400
10627,Awaiting Construction,0.2,,-2.026,57.686,3465
10628,Awaiting Construction,0.6,,-0.446,53.825,10961
10629,Awaiting Construction,0.19,,1.046,52.772,3278
10630,Awaiting Construction,0.74,,-3.927,51.643,13584
10634,Awaiting Construction,0.36,,0.551,51.523,6464
10635,Awaiting Construction,40.0,,-2.7,52.378,749264
10636,Awaiting Construction,0.61,,-1.462,52.944,11148
10637,Revised,2.5,,-1.356,51.369,36100
10639,Awaiting Construction,28.0,,1.179,52.792,356700
10654,Under Construction,0.17,,-3.566,50.424,2903
10657,Application Submitted,49.9,,-0.322,50.909,934776
10661,Awaiting Construction,0.75,,-0.71,52.053,13772
10665,Application Submitted,2.14,,-1.332,53.51,39818
10671,Application Submitted,,,-4.224,55.834,5120
10674,Awaiting Construction,0.48,,-0.07,52.219,8712
10675,Awaiting Construction,0.28,,-2.285,53.455,4965
10676,Awaiting Construction,0.75,,-1.367,52.727,13772
10677,Application Submitted,35.0,,-2.06,52.631,500000
10679,Awaiting Construction,0.2,,-1.611,54.981,3465
10680,Awaiting Construction,0.25,,-1.616,54.932,4402
10683,Awaiting Construction,,,-1.615,54.979,3010
10684,Awaiting Construction,0.22,,-0.208,51.9,3840
10685,Awaiting Construction,0.74,,-1.553,54.538,13584
10692,Operational,1.18,2022-10-01,-2.343,53.791,21829
10694,Awaiting Construction,0.25,,-1.502,54.909,4402
10695,Awaiting Construction,40.0,,0.688,51.32,614400
10696,Awaiting Construction,0.2,,-0.081,51.791,3465
10697,Awaiting Construction,1.26,,-1.472,52.891,23328
10699,Awaiting Construction,0.46,,-1.581,54.938,8337
10702,Awaiting Construction,0.35,,-0.293,53.764,6276
10703,Awaiting Construction,0.45,,-0.14,53.551,8150
10704,Awaiting Construction,0.2,,-3.959,55.747,3465
10718,Application Submitted,,,-3.193,55.859,
10719,Awaiting Construction,0.6,,-1.212,54.688,10961
10720,Revised,0.31,,-2.352,51.639,5527
10721,Awaiting Construction,10.0,,-1.169,52.754,223300
10723,Awaiting Construction,1.4,,-1.102,51.553,24600
10726,Awaiting Construction,0.44,,0.047,51.508,7963
10728,Application Submitted,15.0,,-2.698,53.017,384400
10731,Awaiting Construction,0.19,,-1.942,52.603,3278
10735,Awaiting Construction,0.37,,-5.062,50.401,6651
10736,Awaiting Construction,0.32,,0.947,52.679,5714
10738,Awaiting Construction,1.02,,-1.827,54.864,18831
10739,Awaiting Construction,0.17,,-0.787,50.834,2903
10753,Awaiting Construction,0.51,,-3.37,54.668,9274
10754,Awaiting Construction,0.36,,0.547,51.247,6464
10755,Under Construction,0.84,,-2.837,51.391,15458
10756,Awaiting Construction,0.23,,-1.351,53.187,4028
10757,Application Submitted,39.6,,-1.663,51.647,730000
10758,Operational,0.62,2022-05-28,0.103,51.506,11336
10762,Awaiting Construction,,,-1.255,51.771,
10763,Awaiting Construction,0.28,,-2.89,53.211,4965
10764,Awaiting Construction,13.0,,-1.879,51.639,198000
10767,Awaiting Construction,0.43,,0.321,51.478,7775
10768,Awaiting Construction,,,-3.153,51.743,
10770,Awaiting Construction,0.45,,-2.3,51.751,8150
10776,Operational,0.19,2022-05-01,-1.921,52.303,3278
10777,Awaiting Construction,0.77,,-1.438,52.401,14146
10778,Under Construction,25.6,,0.467,51.61,442200
10779,Awaiting Construction,49.9,,-2.136,52.727,934776
10780,Operational,0.34,2022-01-21,0.862,52.553,6089
10781,Application Submitted,0.22,,-3.566,54.645,3840
10782,Awaiting Construction,1.0,,-4.111,50.447,18456
10784,Awaiting Construction,0.21,,-1.439,52.208,3653
10785,Awaiting Construction,0.36,,-1.533,54.886,6464
10786,Awaiting Construction,0.41,,-1.225,53.135,7401
10789,Awaiting Construction,0.33,,-1.147,53.15,5901
10790,Operational,1.66,2023-10-01,-1.178,52.262,30824
10797,Operational,49.9,2025-12-01,-2.345,51.908,1160500
10799,Awaiting Construction,0.39,,-2.223,53.068,7026
10800,Awaiting Construction,49.9,,-5.004,50.389,1131200
10809,Under Construction,2.5,,-2.348,53.272,46564
10810,Awaiting Construction,35.0,,-3.363,51.398,655571
10811,Awaiting Construction,0.2,,0.418,52.745,3465
10813,Awaiting Construction,25.77,,-1.017,51.387,482613
10818,Awaiting Construction,0.45,,-2.293,53.388,8150
10820,Awaiting Construction,0.49,,-1.253,53.708,8900
10821,Awaiting Construction,0.2,,-2.906,53.159,3465
10826,Awaiting Construction,0.53,,0.407,52.754,9649
10842,Awaiting Construction,0.45,,-2.245,52.384,8150
10844,Awaiting Construction,0.67,,-4.098,50.366,12273
10852,Awaiting Construction,0.16,,-1.621,52.599,2716
10854,Awaiting Construction,0.22,,-0.19,51.12,3840
10855,Application Submitted,0.18,,-0.347,51.745,3091
10858,Awaiting Construction,0.63,,-2.786,51.346,11523
10864,Awaiting Construction,0.87,,-1.021,52.069,16020
10866,Awaiting Construction,0.15,,-3.098,55.906,2528
10868,Operational,0.7,2022-06-01,1.109,52.373,12835
10869,Awaiting Construction,0.51,,-2.736,53.762,9274
10875,Revised,2.49,,1.321,51.968,46377
10877,Awaiting Construction,49.9,,-1.199,52.065,790000
10881,Application Submitted,,,-1.055,52.549,915000
10882,Awaiting Construction,1.0,,-2.906,52.818,18456
10884,Awaiting Construction,1.0,,-2.105,52.302,18456
10887,Awaiting Construction,0.33,,-1.675,52.611,5901
10890,Awaiting Construction,0.2,,-2.498,53.203,3465
10898,Awaiting Construction,1.44,,-0.272,51.537,26701
10899,Revised,0.57,,-0.373,51.885,10399
10901,Awaiting Construction,,,-1.111,51.602,43700
10902,Awaiting Construction,0.15,,-0.049,51.647,2528
10903,Revised,,,-0.625,51.237,216000
10908,Awaiting Construction,45.0,,-3.364,51.42,635000
10914,Awaiting Construction,600.0,,-0.643,53.352,12700000
10916,Awaiting Construction,480.0,,-0.677,53.293,7880000
10937,Awaiting Construction,0.68,,-0.465,52.656,12460
10938,Awaiting Construction,1.02,,-3.398,55.948,18831
10940,Application Submitted,4.0,,-2.157,52.211,84500
10943,Awaiting Construction,1.2,,-0.245,51.771,22204
10944,Under Construction,30.0,,1.09,52.647,537300
10953,Awaiting Construction,0.4,,-1.293,52.952,7213
10954,Awaiting Construction,0.2,,-0.659,52.037,3465
10958,Awaiting Construction,,,0.493,51.393,
10960,Awaiting Construction,0.2,,1.18,52.652,3465
10961,Awaiting Construction,0.57,,-2.512,53.199,10399
10962,Awaiting Construction,6.5,,-2.88,56.629,88100
10963,Awaiting Construction,42.0,,-2.68,56.666,786741
10965,Awaiting Construction,49.9,,-0.877,51.762,934776
10968,Awaiting Construction,0.47,,-1.243,52.457,8525
10969,Awaiting Construction,49.9,,0.751,52.414,934776
10972,Awaiting Construction,0.6,,-4.509,51.887,9100
10974,Awaiting Construction,0.15,,0.123,52.207,2650
10975,Awaiting Construction,0.47,,-2.672,53.552,8525
10977,Awaiting Construction,27.7,,-2.02,52.947,421800
10979,Awaiting Construction,28.0,,-1.552,55.043,562000
10980,Awaiting Construction,0.22,,-0.588,53.111,3840
10982,Awaiting Construction,0.61,,-1.474,52.504,11148
10983,Awaiting Construction,,,-4.138,51.026,
10984,Awaiting Construction,0.28,,-3.09,58.45,8400
10988,Under Construction,1.34,,-1.362,54.77,24827
10990,Awaiting Construction,0.66,,-0.117,53.573,12085
10993,Awaiting Construction,60.1,,-1.915,57.601,1130000
11002,Awaiting Construction,0.41,,-1.804,51.079,7401
11005,Awaiting Construction,40.0,,-0.588,52.053,663000
11009,Awaiting Construction,,,-3.216,55.946,1392
11010,Awaiting Construction,,,-0.586,53.105,
11014,Awaiting Construction,0.2,,-1.684,53.218,3465
11015,Awaiting Construction,0.23,,-2.6,53.42,4028
11016,Awaiting Construction,0.99,,-2.592,51.411,18269
11017,Under Construction,1.0,,-1.356,52.963,18456
11018,Awaiting Construction,,,-0.263,51.491,1440
11019,Awaiting Construction,,,-2.459,53.536,20689
11021,Awaiting Construction,0.18,,-0.279,51.723,3091
11022,Awaiting Construction,56.0,,-1.229,53.44,1049082
11023,Awaiting Construction,0.16,,0.128,51.788,2716
11025,Awaiting Construction,0.25,,-1.279,51.444,4402
11026,Awaiting Construction,0.33,,-5.069,50.26,4900
11028,Awaiting Construction,1.0,,-2.714,52.79,18456
11059,Awaiting Construction,0.15,,-4.767,54.079,2528
11060,Application Submitted,0.43,,-2.343,53.791,7775
11061,Awaiting Construction,0.15,,-2.343,53.791,2528
11063,Awaiting Construction,49.9,,-0.852,52.982,942400
11064,Awaiting Construction,0.39,,-1.311,53.694,7026
11070,Operational,0.27,2023-01-01,-0.964,53.587,4777
11071,Awaiting Construction,0.47,,-2.294,53.399,8525
11072,Awaiting Construction,0.99,,-0.242,52.379,18269
11074,Awaiting Construction,0.16,,-0.94,51.46,2716
11075,Awaiting Construction,0.31,,-2.352,51.639,5527
11076,Awaiting Construction,17.51,,-4.763,50.357,255000
11078,Awaiting Construction,0.7,,-1.115,50.846,12835
11080,Under Construction,0.92,,-2.191,53.485,16957
11085,Application Submitted,25.0,,-0.527,51.752,320000
11086,Under Construction,0.18,,-0.964,53.587,3091
11088,Awaiting Construction,0.21,,-1.392,54.904,3653
11091,Revised,0.81,,-1.305,51.83,14896
11093,Awaiting Construction,0.94,,-1.513,51.212,17332
11094,Awaiting Construction,0.36,,-2.908,56.641,4600
11099,Awaiting Construction,0.3,,-0.044,51.612,5339
11100,Awaiting Construction,0.62,,-0.614,53.565,11336
11101,Under Construction,0.34,,-4.862,55.943,6089
11103,Awaiting Construction,0.46,,-2.471,53.107,8337
11134,Awaiting Construction,0.38,,-1.665,53.806,6838
11140,Revised,0.66,,0.015,51.489,12085
11149,Awaiting Construction,,,-0.366,53.772,18000
11152,Awaiting Construction,0.22,,-0.56,53.118,3840
11153,Awaiting Construction,22.5,,-1.021,52.772,447900
11155,Operational,0.65,2023-06-15,-3.149,56.12,11898
11156,Awaiting Construction,2.0,,-2.268,51.863,43600
11159,Awaiting Construction,0.52,,-4.579,51.94,9800
11162,Awaiting Construction,17.0,,0.054,50.904,265100
11164,Awaiting Construction,0.15,,0.296,51.157,2528
11165,Awaiting Construction,0.17,,-0.266,53.193,2903
11167,Awaiting Construction,0.17,,-2.472,53.102,2903
11168,Awaiting Construction,0.7,,-1.515,51.217,12835
11169,Awaiting Construction,0.59,,-1.513,51.213,10774
11170,Awaiting Construction,37.0,,-2.279,51.887,579900
11171,Awaiting Construction,1.0,,-2.281,51.811,18456
11173,Awaiting Construction,0.46,,-4.962,54.813,8337
11174,Awaiting Construction,0.3,,-1.511,51.213,5339
11176,Awaiting Construction,0.36,,-1.513,51.213,6464
11177,Under Construction,21.0,,-2.064,57.313,360000
11179,Awaiting Construction,0.22,,-2.472,53.105,3840
11180,Awaiting Construction,,,-1.756,51.584,
11181,Awaiting Construction,34.0,,-1.099,53.307,478000
11183,Revised,0.29,,-0.214,51.737,5152
11184,Awaiting Construction,0.66,,-0.292,51.54,24100
11187,Awaiting Construction,0.15,,0.497,51.293,2528
11188,Awaiting Construction,0.15,,-0.454,52.119,2528
11190,Awaiting Construction,0.39,,-2.189,53.472,7026
11191,Awaiting Construction,0.29,,-0.417,53.609,5152
11193,Awaiting Construction,0.37,,-2.479,53.104,6651
11194,Awaiting Construction,0.31,,-0.419,53.609,5527
11195,Awaiting Construction,0.32,,-1.914,52.599,5714
11196,Awaiting Construction,0.49,,-2.476,53.103,8900
11197,Awaiting Construction,30.0,,-2.317,50.665,483400
11198,Awaiting Construction,0.89,,-0.016,52.966,16395
11202,Awaiting Construction,22.0,,-2.404,52.638,411968
11205,Awaiting Construction,21.0,,0.553,52.882,446600
11207,Awaiting Construction,0.15,,-0.792,52.188,2150
11209,Awaiting Construction,0.24,,-4.07,52.408,4215
11210,Application Submitted,0.37,,-0.216,54.087,8444
11211,Application Submitted,0.24,,-0.216,54.087,4215
11213,Awaiting Construction,0.32,,0.752,51.433,5714
11214,Awaiting Construction,49.9,,-0.315,53.829,643473
11223,Awaiting Construction,,,-1.794,51.566,
11225,Awaiting Construction,0.4,,-3.069,53.561,7213
11230,Awaiting Construction,0.25,,-1.457,52.923,4402
11235,Awaiting Construction,24.9,,0.606,51.864,466310
11261,Awaiting Construction,0.31,,-0.536,51.498,5527
11263,Under Construction,29.9,,-3.465,56.1,461000
11267,Application Submitted,36.0,,-2.489,51.68,674309
11271,Operational,0.16,2022-10-11,-1.093,53.973,2716
11273,Revised,0.21,,-0.383,51.44,3653
11274,Awaiting Construction,49.9,,-3.359,50.779,934776
11277,Awaiting Construction,2.0,,-3.229,54.148,60000
11278,Appeal Lodged,125.0,,-3.045,51.531,2342049
11285,Awaiting Construction,2.5,,1.56,52.52,50000
11286,Awaiting Construction,0.25,,-3.3,54.8,4402
11289,Awaiting Construction,0.15,,-2.474,56.846,2528
11291,Operational,0.27,2022-12-01,-2.174,53.406,4777
11292,Awaiting Construction,0.74,,-2.004,52.823,13584
11293,Under Construction,,,-0.136,51.486,28500
11299,Awaiting Construction,,,-3.713,51.659,100000
11302,Awaiting Construction,42.0,,-4.012,51.655,832000
11306,Revised,,,0.922,51.399,
11313,Revised,19.0,,0.874,51.677,332100
11322,Awaiting Construction,0.2,,-1.387,50.965,3465
11327,Revised,42.0,,-4.416,50.792,663300
11329,Under Construction,49.99,,0.603,52.052,936463
11330,Operational,8.8,2022-05-20,-0.919,52.241,164618
11331,Operational,,2020-09-01,-2.957,51.574,
11335,Operational,0.24,2022-12-06,-0.498,53.558,4215
11337,Awaiting Construction,0.2,,-2.175,53.41,3465
11340,Awaiting Construction,0.48,,-2.76,55.435,8712
11341,Awaiting Construction,0.18,,-2.285,57.149,3091
11342,Awaiting Construction,0.15,,0.065,51.484,2528
11345,Awaiting Construction,5.0,,-1.699,55.038,93411
11347,Awaiting Construction,4.0,,-1.699,55.038,74672
11351,Awaiting Construction,0.99,,0.455,51.316,18269
11353,Awaiting Construction,0.17,,-1.336,54.544,2903
11354,Awaiting Construction,0.17,,-2.498,51.45,2903
11355,Awaiting Construction,0.19,,-0.065,51.489,3278
11358,Application Submitted,0.33,,-1.263,53.486,5901
11359,Under Construction,3.0,,-1.275,53.602,55934
11360,Awaiting Construction,0.19,,-0.636,53.306,3278
11361,Application Submitted,49.9,,-2.028,52.226,1197000
11363,Awaiting Construction,0.19,,-1.94,52.074,3278
11364,Awaiting Construction,49.9,,-1.263,52.794,971000
11365,Awaiting Construction,25.0,,-2.873,56.53,450000
11366,Under Construction,30.0,,-3.36,50.733,747700
11367,Awaiting Construction,49.9,,-0.357,53.829,940000
11368,Awaiting Construction,0.2,,-1.118,51.265,3465
11380,Application Submitted,49.9,,-1.047,52.248,969000
11381,Awaiting Construction,0.27,,-0.737,50.825,4777
11382,Awaiting Construction,29.9,,-3.443,55.986,455000
11384,Under Construction,9.88,,-3.545,51.74,161300
11386,Application Submitted,42.0,,-0.202,53.735,619100
11392,Awaiting Construction,42.7,,-0.802,53.227,580600
11398,Awaiting Construction,0.16,,-2.223,53.068,2716
11400,Revised,0.19,,-3.01,56.456,3278
11403,Awaiting Construction,,,1.349,51.31,350000
11404,Awaiting Construction,0.91,,-2.107,52.77,16770
11405,Awaiting Construction,0.52,,-1.759,51.583,9462
11407,Awaiting Construction,0.27,,-2.313,53.465,4777
11408,Awaiting Construction,0.46,,-2.292,52.379,9135
11410,Under Construction,0.91,,-1.775,51.598,16770
11411,Awaiting Construction,1.0,,-2.01,52.506,18456
11413,Awaiting Construction,0.19,,-1.299,51.022,3278
11416,Awaiting Construction,0.25,,-1.923,52.308,4402
11417,Awaiting Construction,0.28,,1.373,52.675,4965
11419,Under Construction,0.62,,-1.414,53.027,11336
11421,Awaiting Construction,0.26,,-1.52,52.277,4590
11422,Awaiting Construction,0.36,,-0.437,51.507,6464
11423,Operational,26.0,,-0.671,52.279,651500
11424,Awaiting Construction,0.3,,-2.487,50.618,5339
11425,Awaiting Construction,29.9,,-3.505,55.965,607500
11428,Under Construction,,,-1.134,52.631,
11429,Awaiting Construction,0.44,,-0.356,50.826,7963
11431,Awaiting Construction,0.23,,0.892,51.317,4028
11435,Awaiting Construction,0.45,,-1.126,52.892,8150
11441,Application Submitted,34.0,,-2.939,55.343,636832
11443,Under Construction,,,-2.436,50.716,
11447,Awaiting Construction,20.0,,-1.627,52.257,298000
11448,Application Submitted,3.5,,-2.747,53.352,59000
11452,Awaiting Construction,0.25,,-1.451,51.212,4402
11453,Revised,0.33,,-0.641,52.163,7600
11457,Awaiting Construction,0.25,,1.519,52.236,6200
11458,Awaiting Construction,0.32,,-2.655,54.098,5714
11459,Awaiting Construction,1.5,,0.07,51.769,27826
11460,Awaiting Construction,49.9,,-0.214,53.275,734100
11472,Awaiting Construction,1.25,,-0.435,51.766,23141
11474,Awaiting Construction,0.2,,-4.02,50.39,3465
11476,Awaiting Construction,190.0,,-1.075,53.713,3560061
11485,Application Submitted,0.34,,-2.95,53.479,6089
11486,Operational,5.2,2025-01-31,0.405,51.581,68800
11487,Awaiting Construction,0.47,,-0.377,51.88,8525
11488,Awaiting Construction,0.39,,-2.465,52.714,7026
11489,Awaiting Construction,0.21,,-0.674,52.91,3653
11490,Awaiting Construction,1.0,,-0.098,53.755,18456
11491,Under Construction,2.0,,-1.032,52.304,30000
11493,Awaiting Construction,0.34,,-3.186,51.507,6089
11496,Awaiting Construction,0.48,,-0.372,51.884,8712
11498,Awaiting Construction,0.69,,0.748,52.047,9800
11499,Under Construction,0.61,,-0.241,51.688,11148
11500,Awaiting Construction,25.0,,-2.436,51.613,534100
11501,Revised,0.42,,-2.177,53.411,7588
11505,Awaiting Construction,0.52,,-0.785,52.038,9462
11507,Awaiting Construction,0.35,,-1.452,52.912,6276
11508,Revised,0.37,,-0.455,51.645,6651
11509,Operational,8.94,,-3.554,51.744,120034
11513,Operational,2.6,2024-04-01,-1.318,52.656,48438
11514,Application Submitted,49.9,,-1.753,50.763,640000
11517,Awaiting Construction,0.28,,-0.725,52.01,4965
11518,Awaiting Construction,0.15,,-0.754,51.629,2528
11540,Awaiting Construction,0.2,,-1.347,53.706,3465
11541,Awaiting Construction,0.84,,-2.091,52.971,15458
11542,Awaiting Construction,0.99,,-0.649,51.828,18269
11543,Awaiting Construction,9.9,,-2.954,53.034,138900
11548,Awaiting Construction,0.25,,-1.39,53.576,4402
11550,Awaiting Construction,0.29,,-0.214,51.737,5152
11552,Awaiting Construction,0.37,,-3.733,51.537,6000
11556,Awaiting Construction,45.0,,-1.212,51.823,842957
11557,Awaiting Construction,0.25,,-3.52,54.613,4402
11566,Awaiting Construction,1.0,,-2.881,53.194,18456
11567,Operational,0.22,2023-01-01,-2.885,53.26,3840
11572,Awaiting Construction,,,-1.259,52.365,
11573,Awaiting Construction,0.28,,-1.256,54.579,4965
11588,Revised,0.99,,-2.862,53.665,18269
11589,Under Construction,5.56,,-1.922,55.472,103905
11591,Awaiting Construction,0.17,,0.879,51.14,2903
11606,Awaiting Construction,2.1,,-2.508,51.382,54200
11607,Awaiting Construction,0.57,,-1.828,52.478,10399
11610,Awaiting Construction,0.17,,-0.249,53.555,2903
11614,Awaiting Construction,0.28,,-0.386,51.363,4965
11615,Awaiting Construction,0.51,,-2.425,55.591,9274
11616,Awaiting Construction,0.35,,-2.994,53.414,6276
11617,Awaiting Construction,6.3,,-1.184,52.927,117771
11618,Awaiting Construction,49.9,,-1.724,54.835,917000
11620,Awaiting Construction,49.9,,-2.189,51.385,934776
11622,Awaiting Construction,20.5,,-3.297,56.532,540000
11625,Awaiting Construction,0.27,,-2.456,52.678,4777
11626,Awaiting Construction,0.38,,-0.603,52.787,6838
11628,Awaiting Construction,,,-1.831,53.845,
11629,Awaiting Construction,0.52,,-2.431,52.642,9462
11630,Awaiting Construction,0.31,,-0.317,53.772,5527
11631,Awaiting Construction,0.65,,-1.504,53.418,11898
11635,Awaiting Construction,0.8,,0.141,52.249,14709
11638,Awaiting Construction,1.0,,-2.17,51.84,18456
11639,Awaiting Construction,0.26,,-2.434,50.715,4590
11642,Awaiting Construction,0.26,,-2.301,57.204,4590
11646,Under Construction,1.0,,-2.171,51.846,18456
11649,Application Submitted,0.21,,-1.43,52.911,3653
11650,Awaiting Construction,0.17,,-1.229,51.658,2903
11651,Awaiting Construction,0.22,,-1.233,51.661,3840
11653,Application Submitted,49.9,,-0.975,51.691,975000
11654,Awaiting Construction,10.0,,0.015,53.046,204500
11671,Awaiting Construction,0.69,,-0.301,52.531,12647
11672,Awaiting Construction,9.0,,-3.363,55.948,168366
11675,Awaiting Construction,20.0,,-4.467,55.348,374491
11678,Awaiting Construction,400.0,,-0.865,53.747,12760000
11681,Awaiting Construction,40.0,,0.116,50.893,1020000
11683,Awaiting Construction,6.1,,1.093,52.109,114023
11691,Awaiting Construction,49.99,,-1.416,54.576,1273700
11693,Awaiting Construction,18.75,,-2.42,51.512,262000
11694,Awaiting Construction,0.17,,-0.471,52.652,2903
11698,Awaiting Construction,19.0,,-1.956,50.879,297700
11699,Awaiting Construction,5.5,,-0.485,52.166,152700
11700,Revised,0.18,,-1.546,52.768,3091
11702,Awaiting Construction,0.51,,-1.757,50.995,9274
11703,Application Submitted,0.88,,0.398,51.184,16208
11704,No Application Required,0.3,,-2.598,52.32,5339
11711,Under Construction,0.43,,-0.316,51.439,7775
11722,Revised,0.39,,-0.101,51.36,7026
11726,Awaiting Construction,1.59,,-2.018,53.948,29512
11727,Awaiting Construction,0.82,,-5.258,50.227,15083
11728,Application Submitted,27.8,,-0.843,52.203,520652
11729,Awaiting Construction,0.29,,-2.866,51.42,5152
11731,Application Submitted,0.22,,-2.115,52.588,3840
11732,Awaiting Construction,0.46,,-4.282,55.457,8200
11733,Awaiting Construction,0.33,,-0.798,51.216,5901
11735,Application Submitted,49.9,,-1.276,52.724,848000
11741,Awaiting Construction,,,-0.461,51.526,
11743,Awaiting Construction,49.9,,-0.382,53.861,1015000
11744,Awaiting Construction,0.35,,-0.334,50.823,6276
11746,Awaiting Construction,,,-1.416,54.576,1273700
11748,Awaiting Construction,0.23,,-0.998,52.08,4028
11749,Awaiting Construction,0.16,,-4.313,50.521,3000
11753,Awaiting Construction,49.9,,-3.384,50.888,934776
11755,Under Construction,1.04,,-1.249,50.871,19206
11756,Under Construction,49.0,,-3.341,50.806,704000
11775,Awaiting Construction,0.16,,-1.427,53.943,2716
11777,Awaiting Construction,0.84,,-0.417,51.463,15458
11778,Awaiting Construction,25.0,,-0.883,52.021,430000
11780,Awaiting Construction,0.47,,-2.883,53.34,8525
11782,Application Submitted,1.0,,-4.383,50.967,18456
11783,Awaiting Construction,49.9,,-2.827,51.336,672400
11784,Application Submitted,0.68,,-0.044,51.579,13000
11785,Awaiting Construction,0.2,,-0.11,52.243,3465
11786,Awaiting Construction,0.25,,-4.557,52.855,4402
11788,Awaiting Construction,0.31,,-1.465,54.329,4000
11794,Application Submitted,49.9,,-0.677,52.697,667500
11796,Awaiting Construction,20.0,,-0.29,52.772,346000
11799,Operational,23.0,,-2.271,52.617,547000
11801,Awaiting Construction,0.5,,-1.557,50.981,9087
11803,Awaiting Construction,0.77,,1.194,51.091,14146
11804,Awaiting Construction,0.7,,-2.198,51.42,12835
11813,Awaiting Construction,0.15,,-0.805,52.194,1800
11814,Awaiting Construction,49.9,,-0.677,51.881,1007500
11815,Under Construction,0.63,,-2.94,53.513,11523
11827,Awaiting Construction,,,-1.394,50.898,1000
11830,Awaiting Construction,0.2,,-0.872,52.966,3465
11831,Awaiting Construction,0.65,,-4.076,55.8,11898
11836,Revised,0.23,,-0.769,51.284,4028
11837,Awaiting Construction,1.6,,-2.107,51.471,22600
11838,Revised,0.3,,-2.841,52.855,5339
11839,Awaiting Construction,44.0,,-1.114,51.93,679000
11840,Awaiting Construction,0.4,,-3.47,50.719,7213
11847,Awaiting Construction,28.0,,-3.06,56.489,524400
11848,Awaiting Construction,0.9,,-3.413,50.709,16582
11859,Awaiting Construction,1.23,,-3.131,52.876,17000
11861,Awaiting Construction,30.0,,-3.341,56.072,561877
11864,Application Submitted,60.0,,-2.465,55.798,1763100
11881,Awaiting Construction,0.41,,-1.037,52.531,7401
11883,Awaiting Construction,45.9,,-1.464,51.177,859822
11885,Awaiting Construction,20.0,,-1.323,52.528,417500
11887,Awaiting Construction,0.29,,-2.03,57.692,5152
11888,Awaiting Construction,2.2,,-2.636,53.503,81358
11891,Under Construction,,,-3.01,56.456,
11896,Awaiting Construction,13.0,,-1.199,52.347,240000
11899,Awaiting Construction,,,-1.238,54.579,
11900,Awaiting Construction,14.0,,-3.827,56.301,260000
11902,Awaiting Construction,0.34,,-1.322,50.916,6089
11903,Awaiting Construction,0.23,,-1.797,52.374,4028
11904,Revised,8.0,,0.035,51.216,112000
11907,Awaiting Construction,0.22,,-2.82,50.933,3840
11909,Awaiting Construction,0.19,,-4.198,55.831,3278
11910,Awaiting Construction,0.15,,-4.24,55.864,2528
11911,Awaiting Construction,0.6,,-2.942,51.265,10961
11912,Awaiting Construction,0.8,,-2.31,55.927,14709
11913,Awaiting Construction,0.68,,0.774,51.335,12460
11921,Awaiting Construction,0.18,,-0.062,51.509,3091
11923,Awaiting Construction,10.5,,-0.587,52.261,196474
11925,Awaiting Construction,0.86,,-3.976,50.742,15833
11926,Awaiting Construction,,,-0.03,51.381,
11927,Application Submitted,49.95,,0.727,51.622,696000
11929,Awaiting Construction,0.18,,-1.321,51.822,3091
11930,Awaiting Construction,0.46,,-2.644,53.448,8337
11931,Awaiting Construction,0.86,,1.16,52.038,15833
11933,Awaiting Construction,3.0,,-2.132,57.085,55934
11939,Awaiting Construction,0.2,,-2.659,53.79,3465
11940,Awaiting Construction,0.18,,-4.065,55.848,3091
11941,Awaiting Construction,0.2,,-0.283,50.973,3465
11943,Awaiting Construction,0.7,,-1.494,54.902,12835
11944,Awaiting Construction,0.2,,-2.512,53.402,3465
11946,Awaiting Construction,0.17,,-1.57,53.788,2903
11949,Awaiting Construction,0.19,,-3.473,50.717,3278
11950,Application Submitted,44.0,,-0.981,51.115,680000
11953,Awaiting Construction,0.44,,-3.899,56.025,9800
11954,Awaiting Construction,0.25,,1.113,52.646,4402
11955,Awaiting Construction,2.0,,-3.508,55.911,37195
11956,Awaiting Construction,0.16,,-2.151,57.142,5200
11957,Awaiting Construction,0.53,,-1.372,53.418,9649
11959,Awaiting Construction,1.27,,-0.333,53.778,23516
11960,Awaiting Construction,,,-3.659,55.979,14000
11973,Awaiting Construction,0.37,,0.998,51.262,6651
11974,Awaiting Construction,40.0,,-1.198,53.974,613000
11975,Under Construction,0.9,,-1.129,52.72,16582
11976,Awaiting Construction,9.2,,-2.336,56.918,227000
11978,Application Submitted,30.25,,-2.265,52.844,566562
11979,Application Submitted,0.27,,0.897,51.923,4777
11981,Awaiting Construction,0.19,,-0.881,51.439,3278
11983,Awaiting Construction,49.9,,-1.062,54.543,738000
11984,Awaiting Construction,0.36,,-3.796,51.591,6464
11986,Awaiting Construction,0.39,,-1.882,52.336,7026
11991,Awaiting Construction,0.6,,-1.785,51.53,10961
11993,Awaiting Construction,3.96,,-1.316,54.631,65505
11994,Awaiting Construction,0.73,,-2.854,53.503,13397
11997,Awaiting Construction,2.49,,1.323,51.971,46377
11998,Awaiting Construction,49.9,,-0.847,53.093,711800
12000,Awaiting Construction,1.0,,-1.638,53.57,15500
12005,Awaiting Construction,25.0,,-2.626,52.712,476400
12006,Awaiting Construction,0.34,,-3.591,55.872,6089
12008,Awaiting Construction,49.9,,-0.437,53.983,763800
12009,Application Submitted,8.8,,-4.565,55.96,164618
12010,Awaiting Construction,0.17,,-0.177,51.554,4000
12011,Revised,1.03,,-0.417,52.149,19019
12012,Awaiting Construction,0.21,,-0.383,51.44,3653
12016,Application Submitted,0.39,,-0.101,51.36,7026
12017,Awaiting Construction,49.99,,-0.987,53.724,1660000
12020,Awaiting Construction,42.0,,-3.303,51.44,786741
12032,Awaiting Construction,0.52,,-2.136,53.549,9462
12033,Awaiting Construction,0.6,,0.501,52.353,10961
12034,Awaiting Construction,1.0,,-2.483,51.506,18456
12035,Awaiting Construction,0.57,,-3.333,56.11,10399
12039,Application Submitted,1.33,,-0.812,51.54,24640
12040,Awaiting Construction,0.43,,-1.858,52.298,7775
12042,Awaiting Construction,1.55,,-2.087,52.56,31509
12045,Awaiting Construction,0.2,,0.688,51.74,3465
12046,Awaiting Construction,1.0,,1.287,51.359,18456
12048,Awaiting Construction,0.67,,-2.411,52.991,12273
12049,Awaiting Construction,0.28,,-0.285,52.553,4965
12050,Operational,0.24,2022-11-01,-1.546,52.768,4215
12053,Awaiting Construction,0.15,,-1.468,53.367,2528
12054,Operational,0.22,2023-06-01,-1.533,53.803,3840
12075,Under Construction,,,-1.668,54.955,1033
12078,Under Construction,0.26,,-0.717,52.073,4590
12083,Awaiting Construction,1.56,,-4.103,50.452,44100
12084,Awaiting Construction,0.18,,-0.759,50.83,3091
12085,Awaiting Construction,0.88,,-0.336,53.776,16208
12086,Awaiting Construction,0.17,,-0.244,51.401,2903
12087,Awaiting Construction,0.5,,0.465,50.984,9087
12089,Awaiting Construction,0.18,,-1.978,50.74,3091
12090,Awaiting Construction,0.44,,-2.603,51.523,7963
12091,Awaiting Construction,0.61,,-1.164,51.887,11148
12092,Awaiting Construction,0.53,,-0.336,53.776,9649
12093,Awaiting Construction,0.57,,-1.803,53.635,10399
12094,Application Submitted,,,-3.678,50.449,116800
12098,Awaiting Construction,0.69,,-2.477,51.497,12647
12099,Awaiting Construction,0.3,,-1.748,53.849,5339
12100,Awaiting Construction,,,-0.325,51.487,19761
12101,Operational,40.0,,0.799,51.859,870000
12106,Awaiting Construction,0.53,,-0.336,53.776,9649
12107,Awaiting Construction,3.68,,-1.029,50.851,68676
12108,Awaiting Construction,0.15,,-1.626,53.749,2528
12110,Awaiting Construction,1.0,,-2.947,51.826,18456
12113,Awaiting Construction,0.38,,-1.704,52.462,6838
12115,Awaiting Construction,0.34,,-3.666,55.914,6089
12116,Awaiting Construction,0.23,,0.956,52.543,4028
12117,Under Construction,75.0,,-0.211,52.922,973000
12120,Awaiting Construction,,,-3.644,50.791,13000
12121,Awaiting Construction,0.34,,-1.522,50.923,6089
12122,Awaiting Construction,1.16,,-1.305,51.83,21455
12123,Awaiting Construction,13.8,,0.609,51.837,408400
12124,Awaiting Construction,0.75,,-5.128,50.311,18615
12136,Awaiting Construction,0.29,,0.285,50.797,5152
12137,Operational,49.9,,-1.431,52.197,825000
12140,Awaiting Construction,0.94,,-0.177,51.137,17332
12141,Awaiting Construction,0.17,,-1.686,54.394,2903
12142,Awaiting Construction,6.2,,-1.53,51.11,107900
12143,Awaiting Construction,1.85,,-2.841,54.655,45000
12145,Awaiting Construction,0.4,,-1.762,53.792,7213
12146,Awaiting Construction,0.18,,-1.906,53.864,3091
12148,Awaiting Construction,0.17,,-1.062,50.799,2903
12149,Awaiting Construction,0.43,,-0.638,53.939,7775
12150,Application Submitted,0.16,,-1.883,52.489,2716
12151,Awaiting Construction,0.19,,-0.093,53.553,3278
12153,Awaiting Construction,0.16,,-1.627,53.751,2716
12156,Awaiting Construction,0.3,,-3.941,50.385,5339
12157,Awaiting Construction,0.26,,-2.695,52.038,4590
12159,Awaiting Construction,32.6,,-1.181,53.996,559000
12161,Awaiting Construction,25.0,,-2.585,57.643,500000
12162,Application Submitted,49.99,,-0.617,53.639,936463
12165,Application Submitted,0.5,,-1.81,55.58,6900
12166,Awaiting Construction,0.25,,-2.772,50.755,4402
12171,Application Submitted,0.2,,-2.206,51.903,2680
12172,Awaiting Construction,0.25,,-3.956,50.88,4402
12173,Awaiting Construction,0.81,,-3.869,56.009,22189
12176,Awaiting Construction,0.16,,-1.496,53.407,2716
12177,Awaiting Construction,0.15,,-1.684,53.218,2528
12178,Awaiting Construction,5.0,,-1.622,52.585,108000
12185,Application Submitted,,,-2.981,53.388,
12189,Awaiting Construction,0.2,,-2.15,51.646,3465
12191,Awaiting Construction,,,0.474,51.764,3787
12194,Awaiting Construction,0.71,,-3.203,51.449,13022
12195,Awaiting Construction,8.0,,-0.389,52.311,146000
12196,Awaiting Construction,0.23,,0.583,50.86,4028
12197,Awaiting Construction,0.3,,-2.658,52.914,5339
12198,Awaiting Construction,0.64,,-0.674,52.495,11710
12204,Application Submitted,5.5,,-0.515,51.395,98100
12207,Awaiting Construction,0.19,,-2.115,51.511,3278
12209,Awaiting Construction,0.25,,-2.17,51.84,4402
12213,Awaiting Construction,31.0,,-2.875,56.657,543700
12215,Awaiting Construction,,,-1.873,52.516,6055
12217,Application Submitted,8.0,,-1.976,51.636,125300
12220,Awaiting Construction,0.8,,-1.382,51.673,15100
12221,Awaiting Construction,0.9,,0.182,52.355,16582
12222,Awaiting Construction,0.25,,-2.09,50.72,4402
12225,Revised,0.34,,-1.51,51.212,6089
12226,Application Submitted,18.5,,-2.839,50.861,260000
12227,Awaiting Construction,0.2,,-2.497,56.835,3465
12229,Awaiting Construction,0.17,,-2.922,53.195,2903
12230,Awaiting Construction,0.25,,-1.492,52.434,4402
12231,Awaiting Construction,1.6,,-0.52,52.168,29700
12237,Awaiting Construction,0.28,,-2.338,50.689,4965
12238,Revised,,,-3.758,54.967,6000
12239,Awaiting Construction,0.19,,-1.739,54.495,3278
12240,Awaiting Construction,0.17,,-2.272,51.813,2903
12241,Awaiting Construction,4.2,,-1.063,52.938,71000
12244,Awaiting Construction,0.64,,-2.141,53.379,11710
12252,Application Submitted,40.0,,-2.055,52.931,1025000
12253,Awaiting Construction,0.5,,-2.164,53.278,9087
12254,Awaiting Construction,1.22,,-3.404,55.937,22579
12255,Awaiting Construction,,,-2.265,52.563,8700
12263,Awaiting Construction,0.81,,-2.592,52.765,14896
12264,Awaiting Construction,0.22,,-2.19,53.279,3840
12266,Awaiting Construction,30.0,,-2.708,52.654,440900
12267,Awaiting Construction,3.26,,-1.719,51.579,60806
12269,Awaiting Construction,1.67,,-1.484,53.784,27000
12271,Under Construction,0.94,,-4.215,55.765,17332
12273,Under Construction,40.0,,-4.544,55.433,582000
12281,Awaiting Construction,500.0,,-0.603,53.407,13500000
12285,Application Submitted,60.0,,-3.87,55.558,1124037
12296,Awaiting Construction,45.0,,-0.408,53.983,842957
12298,Awaiting Construction,49.9,,-0.409,53.952,952400
12300,Operational,31.0,,-1.337,53.258,650000
12306,Awaiting Construction,0.23,,-3.518,50.695,4028
12310,Awaiting Construction,0.2,,-5.478,50.205,5800
12311,Appeal Lodged,40.0,,-1.902,54.898,910000
12314,Operational,0.63,2023-03-01,-2.704,54.75,11523
12318,Awaiting Construction,0.15,,-4.618,50.391,2528
12319,Awaiting Construction,0.83,,-1.137,51.9,15271
12320,Awaiting Construction,0.18,,-3.185,55.956,3091
12322,Application Submitted,0.17,,1.118,52.573,2903
12323,Awaiting Construction,0.18,,-0.137,51.525,3091
12324,Awaiting Construction,1.0,,-3.181,56.184,25000
12325,Awaiting Construction,28.0,,-0.966,51.383,524400
12326,Awaiting Construction,0.31,,-3.503,50.734,5527
12327,Awaiting Construction,7.0,,-1.461,52.555,130888
12335,Operational,0.3,2020-01-01,-2.663,51.05,5339
12336,Awaiting Construction,0.37,,-0.511,51.892,6651
12337,Awaiting Construction,0.45,,-1.337,52.696,8150
12338,Awaiting Construction,0.5,,-0.196,52.614,9087
12339,Awaiting Construction,33.0,,-1.528,54.593,423000
12342,Awaiting Construction,0.23,,-1.825,51.569,4028
12344,Awaiting Construction,0.25,,0.274,51.576,4402
12345,Application Submitted,0.24,,-0.776,51.221,4215
12352,Awaiting Construction,0.52,,-1.237,52.406,9462
12358,Awaiting Construction,0.3,,-2.841,52.855,5339
12362,Awaiting Construction,1.05,,-2.998,53.176,19393
12381,Awaiting Construction,0.18,,-2.161,53.407,3091
12384,Revised,0.17,,-2.915,53.411,2903
12385,Awaiting Construction,0.22,,-0.256,51.661,3840
12386,Awaiting Construction,0.18,,-1.527,53.804,3091
12387,Application Submitted,49.9,,-1.213,51.696,934776
12388,Awaiting Construction,0.25,,0.763,51.176,4402
12390,Awaiting Construction,23.1,,-1.657,52.361,563000
12393,Under Construction,0.33,,-2.272,51.032,5901
12394,Awaiting Construction,0.23,,-4.126,50.413,4028
12395,Application Submitted,49.9,,-1.112,52.548,814000
12396,Awaiting Construction,0.5,,0.696,52.252,9087
12397,Under Construction,0.17,,-2.272,51.032,2903
12398,Under Construction,0.16,,-2.272,51.032,2716
12399,Under Construction,0.62,,-2.272,51.032,11336
12406,Awaiting Construction,0.17,,-2.489,50.612,2903
12407,Application Submitted,0.67,,-2.577,52.109,12273
12409,Awaiting Construction,180.0,,-1.484,54.581,5520000
12411,Awaiting Construction,0.5,,-1.203,54.198,9087
12414,Awaiting Construction,20.0,,-1.248,50.717,325000
12416,Awaiting Construction,2.2,,-2.494,53.196,40943
12417,Awaiting Construction,0.29,,-3.584,50.427,5152
12418,Awaiting Construction,0.2,,-2.025,52.531,3465
12419,Awaiting Construction,27.0,,-0.392,52.891,505661
12420,Awaiting Construction,0.23,,-4.799,55.961,4028
12427,Awaiting Construction,0.27,,-4.706,50.468,4777
12428,Awaiting Construction,0.5,,0.171,51.75,9087
12429,Awaiting Construction,0.47,,0.311,51.421,8525
12430,Awaiting Construction,0.16,,0.413,51.146,2716
12432,Awaiting Construction,0.21,,-0.641,53.56,3653
12433,Awaiting Construction,0.47,,-1.335,53.016,8525
12434,Application Submitted,0.41,,-1.322,50.916,7401
12435,Awaiting Construction,0.28,,-0.365,51.666,4965
12436,Awaiting Construction,0.18,,-1.626,54.932,3091
12437,Awaiting Construction,0.22,,-1.618,54.943,3840
12438,Awaiting Construction,0.21,,-1.976,52.586,3653
12439,Under Construction,0.65,,-1.221,53.793,11898
12440,Awaiting Construction,0.23,,-2.759,52.223,4028
12441,Awaiting Construction,0.93,,-2.182,52.215,17145
12442,Awaiting Construction,0.33,,-1.474,50.929,5901
12444,Awaiting Construction,0.26,,-3.238,55.837,4590
12445,Awaiting Construction,0.24,,-3.267,55.825,4215
12447,Awaiting Construction,0.3,,-0.146,52.806,5339
12450,Under Construction,0.55,,0.7,52.249,10024
12451,Awaiting Construction,0.24,,1.55,52.73,4900
12454,Awaiting Construction,,,-2.606,51.527,
12456,Awaiting Construction,4.0,,-1.701,55.397,66400
12459,Awaiting Construction,,,-0.766,51.571,4647
12461,Awaiting Construction,,,-1.345,53.503,
12462,Awaiting Construction,0.37,,-4.453,50.451,6651
12466,Awaiting Construction,0.3,,-1.771,51.181,5339
12469,Awaiting Construction,0.44,,-1.383,52.554,7963
12470,Revised,30.0,,-0.679,52.949,577700
12479,Awaiting Construction,,,-4.066,55.836,3100
12480,Awaiting Construction,0.33,,-4.528,50.828,5901
12481,Awaiting Construction,0.33,,-5.513,50.128,5901
12482,Awaiting Construction,0.61,,-2.738,52.2,11148
12490,Awaiting Construction,40.0,,-0.519,51.937,749264
12491,Awaiting Construction,0.22,,0.043,51.59,3840
12492,Awaiting Construction,1.0,,-2.513,51.826,18456
12494,Application Submitted,,,-1.318,53.504,
12495,Awaiting Construction,18.0,,-2.608,56.603,337013
12497,Awaiting Construction,0.26,,-1.209,52.4,4590
12498,Awaiting Construction,0.37,,0.998,51.266,6651
12507,Under Construction,2.5,,-1.177,53.581,46564
12512,Awaiting Construction,0.16,,-1.127,50.795,2000
12513,Awaiting Construction,0.15,,-2.809,53.951,3041
12514,Awaiting Construction,0.24,,-1.126,52.02,6768
12515,Awaiting Construction,0.38,,-2.464,50.634,6838
12518,Awaiting Construction,0.36,,0.121,51.785,6464
12519,Awaiting Construction,0.2,,-4.45,55.879,3465
12520,Awaiting Construction,0.17,,-0.951,51.002,2903
12521,Awaiting Construction,15.23,,-2.684,50.925,285107
12525,Awaiting Construction,39.0,,-0.29,54.072,685600
12560,Awaiting Construction,0.15,,-1.232,53.513,2528
12565,Awaiting Construction,,,-0.203,51.19,338600
12566,Awaiting Construction,0.18,,-4.541,50.375,3091
12568,Awaiting Construction,0.28,,-3.662,50.574,4965
12569,Awaiting Construction,0.32,,-2.601,51.805,5714
12578,Awaiting Construction,18.0,,-3.354,50.702,227800
12579,Awaiting Construction,0.31,,0.354,51.42,5527
12581,Awaiting Construction,0.17,,-0.215,51.514,2903
12582,Awaiting Construction,1.15,,-3.108,52.741,21267
12583,Awaiting Construction,21.51,,-0.809,51.46,286315
12585,Awaiting Construction,0.97,,-0.588,53.025,17894
12588,Application Submitted,840.0,,-1.349,51.813,14000000
12591,Application Submitted,0.41,,-1.292,50.699,7401
12592,Awaiting Construction,0.16,,-2.905,56.482,2716
12593,Awaiting Construction,0.41,,-4.133,51.681,7401
12594,Awaiting Construction,0.44,,-0.85,51.14,7963
12595,Awaiting Construction,0.2,,-2.318,57.206,3465
12597,Under Construction,25.0,,-1.453,52.458,468184
12599,Revised,0.89,,-2.856,53.476,16395
12601,Awaiting Construction,30.0,,-1.45,51.625,620000
12602,Awaiting Construction,0.53,,-3.698,55.87,18100
12603,Awaiting Construction,2.0,,-3.225,54.1,30000
12606,Awaiting Construction,0.42,,1.063,51.272,7588
12607,Application Submitted,49.9,,-0.504,53.55,850000
12610,Awaiting Construction,,,-2.197,51.268,
12612,Application Submitted,,,-2.439,52.018,1900
12613,Application Submitted,20.0,,-0.617,51.92,325400
12616,Awaiting Construction,0.67,,-0.77,54.134,12273
12623,Under Construction,15.0,,-0.588,51.916,301300
12630,Revised,19.69,,-0.482,51.86,313700
12632,Awaiting Construction,10.0,,-2.632,56.641,370000
12634,Awaiting Construction,0.43,,-2.295,53.448,7775
12638,Awaiting Construction,0.37,,-4.076,55.788,4446
12639,Awaiting Construction,0.53,,-1.781,52.488,9649
12641,Awaiting Construction,0.23,,-0.769,51.284,4028
12643,Awaiting Construction,5.0,,-2.502,53.438,97000
12644,Awaiting Construction,18.5,,-2.585,56.717,250000
12646,Awaiting Construction,18.0,,1.241,52.682,356000
12647,Awaiting Construction,16.0,,-1.526,52.486,280000
12648,Awaiting Construction,0.23,,-2.183,51.204,4028
12656,Awaiting Construction,0.35,,0.464,51.92,8000
12659,Awaiting Construction,30.0,,-1.426,53.614,388512
12662,Awaiting Construction,0.37,,-0.74,53.194,6651
12663,Under Construction,0.19,,-0.748,50.821,3278
12664,Awaiting Construction,0.36,,-2.695,53.848,6464
12665,Awaiting Construction,0.96,,1.411,51.354,17707
12668,Awaiting Construction,0.16,,-2.223,51.308,2716
12670,Awaiting Construction,0.79,,0.268,51.481,14521
12671,Awaiting Construction,0.27,,0.495,51.592,4777
12682,Operational,2.04,2024-05-01,0.438,52.076,37945
12685,Awaiting Construction,0.37,,-3.07,55.862,6651
12687,Awaiting Construction,0.99,,1.18,52.562,18269
12690,Awaiting Construction,0.38,,-0.053,53.537,6838
12700,Awaiting Construction,12.0,,-1.181,52.207,241700
12705,Application Submitted,0.22,,-0.141,51.459,3840
12709,Awaiting Construction,0.89,,-1.767,53.677,16395
12712,Awaiting Construction,0.21,,0.065,52.211,3653
12713,Awaiting Construction,0.35,,0.267,52.675,6276
12715,Awaiting Construction,3.8,,-1.211,53.096,58200
12717,Awaiting Construction,49.9,,0.226,52.673,870000
12719,Awaiting Construction,0.88,,-1.277,51.62,16208
12720,Under Construction,0.89,,-0.017,52.962,16395
12726,Awaiting Construction,0.16,,-1.233,53.513,2716
12728,Operational,1.1,2023-10-31,0.271,50.787,20330
12730,Awaiting Construction,0.67,,-0.336,53.776,12273
12731,Awaiting Construction,0.58,,-0.278,51.538,10586
12732,Awaiting Construction,4.8,,-0.546,52.965,114000
12735,Awaiting Construction,0.27,,-2.822,50.724,4000
12743,Awaiting Construction,1.08,,-1.402,53.404,19955
12747,Awaiting Construction,0.15,,-0.558,54.226,3323
12748,Awaiting Construction,0.39,,-0.409,51.507,7026
12750,Awaiting Construction,0.25,,-3.271,51.402,4402
12751,Awaiting Construction,0.72,,-2.023,52.517,13210
12752,Awaiting Construction,0.7,,-3.081,51.029,12835
12753,Awaiting Construction,0.15,,0.246,51.439,2528
12754,Application Submitted,49.9,,-0.469,52.4,683100
12755,Awaiting Construction,2.0,,-3.584,56.302,37195
12756,Awaiting Construction,0.66,,0.805,52.569,12085
12758,Under Construction,0.22,,-2.397,53.841,3840
12762,Application Submitted,3.0,,-0.443,51.69,55934
12764,Under Construction,0.25,,-0.351,51.455,4402
12765,Awaiting Construction,0.21,,-1.274,51.748,3653
12768,Awaiting Construction,0.46,,0.301,51.581,8337
12770,Awaiting Construction,49.9,,-0.735,51.857,934776
12772,Awaiting Construction,0.15,,-0.884,53.091,2528
12773,Awaiting Construction,0.17,,-1.239,53.427,2903
12774,Awaiting Construction,0.18,,-0.733,52.42,3091
12776,Awaiting Construction,22.4,,-1.61,53.639,720000
12778,Awaiting Construction,,,-2.616,51.463,
12779,Awaiting Construction,0.84,,-1.422,50.903,15458
12783,Awaiting Construction,0.38,,-2.157,57.07,7500
12784,Awaiting Construction,,,-3.01,53.234,
12790,Awaiting Construction,0.88,,-0.414,52.153,16208
12801,Awaiting Construction,8.0,,-2.147,57.156,149627
12802,Operational,0.88,2023-07-13,-0.635,52.068,16208
12805,Awaiting Construction,0.17,,0.923,51.399,2903
12806,Awaiting Construction,0.39,,-0.444,51.454,7026
12808,Awaiting Construction,0.21,,-1.229,50.867,3653
12810,Awaiting Construction,0.44,,-0.444,51.454,7963
12811,Awaiting Construction,0.91,,-1.922,55.472,16770
12812,Awaiting Construction,0.4,,-2.723,53.447,7213
12813,Awaiting Construction,0.26,,-2.568,55.99,5500
12814,Awaiting Construction,0.62,,-4.769,55.936,11336
12817,Awaiting Construction,0.15,,-3.127,51.017,2528
12818,Awaiting Construction,0.38,,0.128,53.056,6838
12819,Awaiting Construction,0.24,,-2.237,53.045,4215
12822,Awaiting Construction,50.0,,-1.842,57.56,1127000
12827,Awaiting Construction,49.9,,-0.65,52.616,803000
12828,Awaiting Construction,0.29,,1.212,52.029,5152
12829,Awaiting Construction,0.2,,-0.005,51.255,3465
12831,Awaiting Construction,1.03,,-1.232,53.513,19019
12834,Awaiting Construction,,,-2.161,50.871,22650
12835,Awaiting Construction,0.16,,-3.588,55.068,2716
12836,Awaiting Construction,0.18,,-1.062,50.83,3091
12837,Awaiting Construction,0.7,,-2.061,52.478,12835
12838,Awaiting Construction,0.53,,0.733,52.252,9649
12839,Awaiting Construction,1.05,,-2.142,57.128,19393
12840,Awaiting Construction,1.0,,-2.143,55.035,18456
12842,Awaiting Construction,0.19,,1.373,52.632,3278
12843,Awaiting Construction,1.0,,-2.901,50.867,18456
12844,Awaiting Construction,0.6,,-3.451,52.931,10961
12845,Awaiting Construction,6.68,,-2.909,56.639,124892
12848,Awaiting Construction,2.65,,-4.122,50.438,49375
12849,Awaiting Construction,1.24,,-1.511,54.919,22954
12851,Awaiting Construction,0.27,,-0.174,51.131,4777
12852,Application Submitted,49.9,,-4.936,50.375,828500
12861,Awaiting Construction,16.26,,-4.015,51.693,325600
12879,Awaiting Construction,0.16,,-2.479,52.619,2716
12881,Application Submitted,49.9,,-0.837,53.138,753800
12883,Awaiting Construction,0.23,,-0.935,54.254,4028
12884,Application Submitted,,,-2.219,51.374,260000
12885,Application Submitted,,,-3.186,51.475,2745
12887,Awaiting Construction,0.55,,-2.658,52.914,7100
12888,Awaiting Construction,0.18,,-3.009,56.456,3091
12889,Awaiting Construction,0.3,,-3.816,55.019,4300
12890,Awaiting Construction,0.15,,-1.252,52.54,2528
12892,Awaiting Construction,0.29,,-2.429,53.432,5152
12894,Awaiting Construction,30.0,,-1.48,50.694,420000
12896,Awaiting Construction,0.18,,-0.455,51.645,3091
12897,Awaiting Construction,1.6,,-1.231,51.396,22908
12898,Revised,0.2,,-3.042,53.524,3465
12899,Awaiting Construction,0.46,,-3.026,54.768,8337
12902,Awaiting Construction,0.25,,-4.765,51.687,4402
12905,Revised,1.11,,-3.054,52.809,18200
12906,Awaiting Construction,,,-0.258,54.06,
12907,Awaiting Construction,0.28,,0.628,51.792,4965
12908,Awaiting Construction,0.23,,-1.68,54.379,5000
12910,Application Submitted,40.0,,-5.349,50.188,771000
12911,Awaiting Construction,1.3,,-3.852,51.639,24078
12922,Under Construction,0.23,,-3.812,55.814,3992
12923,Awaiting Construction,0.16,,-1.941,52.411,2716
12924,Awaiting Construction,2.65,,-4.122,50.437,49375
12925,Awaiting Construction,49.9,,0.042,51.77,699000
12926,Application Submitted,800.0,,-0.937,53.621,18310000
12927,Under Construction,0.31,,-1.768,53.661,5527
12928,Awaiting Construction,0.41,,0.074,52.524,7401
12929,Awaiting Construction,0.22,,-1.604,55.098,3840
12930,Awaiting Construction,0.43,,-1.538,54.884,7775
12931,Awaiting Construction,0.2,,-0.343,51.234,3465
12932,Awaiting Construction,0.27,,-1.363,50.947,4777
12933,Awaiting Construction,0.21,,-1.571,54.96,3653
12934,Operational,0.8,2023-08-18,-1.682,55.153,14709
12937,Awaiting Construction,4.4,,-1.447,53.771,82168
12938,Awaiting Construction,0.4,,1.197,52.942,7213
12940,Awaiting Construction,10.0,,0.352,51.17,187104
12942,Awaiting Construction,0.99,,-0.242,52.379,18269
12943,Awaiting Construction,1.82,,0.805,52.569,28800
12945,Awaiting Construction,0.28,,-2.492,50.604,4965
12946,Awaiting Construction,0.2,,-0.299,52.092,3465
12947,Under Construction,1.0,,-0.483,52.441,18456
12948,Awaiting Construction,0.26,,-3.298,51.181,4590
12949,Awaiting Construction,0.3,,-3.764,56.744,3600
12950,Awaiting Construction,0.2,,-2.414,50.645,3465
12951,Awaiting Construction,49.9,,-1.472,54.571,1045000
12953,Awaiting Construction,0.27,,-1.469,52.365,4777
12954,Awaiting Construction,0.26,,-1.175,52.941,4590
12962,Awaiting Construction,0.19,,-2.604,54.202,3278
12963,Awaiting Construction,0.66,,-1.778,53.644,12085
12965,Application Submitted,0.18,,0.149,52.215,3091
12969,Awaiting Construction,0.19,,-1.233,51.758,3278
12971,Awaiting Construction,0.53,,-5.145,50.359,9649
12972,Under Construction,6.5,,-4.331,50.976,103000
12973,Awaiting Construction,0.15,,-2.997,51.229,2528
12974,Revised,0.25,,-2.158,51.416,4402
12975,Awaiting Construction,0.24,,-5.425,50.197,4215
12976,Application Submitted,4.0,,-4.797,51.787,110400
12978,Awaiting Construction,0.25,,-4.835,55.263,4402
12979,Awaiting Construction,0.82,,-1.105,53.957,15083
12980,Application Submitted,0.46,,0.527,50.854,8337
12981,Awaiting Construction,40.0,,-2.15,52.745,707000
12984,Awaiting Construction,0.16,,-2.948,54.41,2000
12985,Revised,0.45,,-2.177,53.411,8150
12986,Awaiting Construction,0.2,,0.345,52.584,3465
12988,Awaiting Construction,0.57,,-1.056,50.83,10399
12989,Awaiting Construction,1.3,,-2.862,53.665,24078
12990,Revised,25.0,,0.626,51.69,332300
12991,Revised,0.23,,-0.478,51.347,4028
12993,Application Submitted,20.0,,0.908,51.961,437000
13004,Awaiting Construction,18.0,,-0.069,52.048,344700
13006,Awaiting Construction,0.55,,-0.725,53.178,10024
13008,Awaiting Construction,0.99,,-2.655,53.413,18269
13009,Awaiting Construction,0.31,,0.106,51.531,5527
13010,Awaiting Construction,1.08,,1.425,52.747,15700
13013,Awaiting Construction,25.0,,-1.225,53.247,460000
13014,Under Construction,5.0,,-3.417,50.864,66600
13016,Awaiting Construction,0.24,,-2.651,53.311,4215
13019,Awaiting Construction,0.29,,-1.048,50.837,5152
13020,Awaiting Construction,26.0,,-1.724,52.164,568000
13023,Awaiting Construction,0.45,,-0.683,52.04,8150
13024,Awaiting Construction,3.0,,-2.762,54.356,75600
13025,Operational,6.15,2023-01-01,0.754,51.807,106400
13026,Awaiting Construction,14.0,,-0.241,52.597,239000
13028,Awaiting Construction,40.0,,1.188,51.85,549400
13030,Under Construction,7.5,,-4.674,55.613,243300
13043,Awaiting Construction,800.0,,-0.52,53.245,12800000
13046,Awaiting Construction,0.48,,-0.325,51.108,15000
13047,Awaiting Construction,,,-0.325,51.108,12000
13048,Awaiting Construction,0.3,,-0.414,51.904,5339
13053,Awaiting Construction,5.9,,-4.153,51.097,78000
13054,Under Construction,3.81,,-2.657,51.515,52000
13055,Awaiting Construction,49.9,,-0.351,51.896,1060000
13057,Awaiting Construction,8.0,,-2.244,51.825,118000
13060,Awaiting Construction,0.42,,-1.66,54.458,7588
13061,Awaiting Construction,0.3,,-3.436,51.738,9254
13069,Awaiting Construction,0.4,,-1.994,50.737,7213
13070,Awaiting Construction,2.36,,-1.364,53.088,43941
13072,Awaiting Construction,0.32,,-1.12,52.884,5714
13073,Awaiting Construction,0.17,,-1.582,54.066,2700
13074,Awaiting Construction,0.23,,-1.158,54.579,4028
13075,Awaiting Construction,0.25,,0.959,52.471,4402
13077,Awaiting Construction,0.21,,-1.384,54.909,4000
13079,Awaiting Construction,41.4,,-1.472,54.69,758000
13086,Awaiting Construction,4.0,,-3.18,57.492,54000
13089,Awaiting Construction,1.8,,-2.967,51.569,33447
13090,Awaiting Construction,19.0,,-4.674,55.613,355752
13092,Awaiting Construction,0.36,,-0.918,51.772,6464
13094,Awaiting Construction,0.35,,-0.8,53.456,6276
13104,Operational,1.3,2022-04-01,-0.543,51.395,24078
13105,Awaiting Construction,0.29,,-0.198,51.892,5152
13107,Awaiting Construction,0.72,,-0.438,51.763,13210
13109,Awaiting Construction,0.56,,0.147,52.778,10211
13110,Awaiting Construction,0.72,,0.147,52.778,13210
13113,Awaiting Construction,0.25,,-1.938,52.117,4402
13114,Awaiting Construction,0.23,,1.32,51.351,4028
13115,Awaiting Construction,0.2,,-4.639,55.599,2399
13119,Awaiting Construction,0.22,,-0.996,52.083,4500
13120,Awaiting Construction,35.0,,0.493,52.067,655571
13122,Revised,0.51,,-2.029,50.72,9274
13130,Awaiting Construction,0.15,,-4.148,50.366,2528
13131,Operational,0.8,2023-10-01,-3.387,54.705,14709
13134,Awaiting Construction,0.6,,-2.009,52.442,10961
13135,Awaiting Construction,,,-2.671,56.81,1189
13136,Awaiting Construction,0.99,,-1.604,55.097,18269
13138,Awaiting Construction,1.28,,0.273,51.439,23703
13140,Awaiting Construction,49.5,,-2.059,52.814,619700
13141,Application Submitted,0.38,,-4.217,57.484,6838
13142,Awaiting Construction,0.35,,-0.276,53.753,6276
13146,Application Submitted,5.1,,-0.551,52.061,120000
13147,Awaiting Construction,0.64,,-1.107,50.796,11710
13148,Awaiting Construction,0.24,,-3.134,51.027,4215
13149,Awaiting Construction,0.75,,-3.377,56.601,15000
13152,Awaiting Construction,0.15,,-3.194,56.184,3000
13158,Awaiting Construction,0.88,,-0.734,52.014,16208
13162,Operational,0.15,2023-06-01,-0.865,52.221,2528
13163,Revised,0.33,,0.121,52.205,5901
13166,Awaiting Construction,1.55,,-0.791,51.989,28763
13167,Awaiting Construction,0.2,,-2.147,50.717,4900
13168,Awaiting Construction,0.27,,-1.406,53.401,4777
13177,Awaiting Construction,0.3,,0.511,52.354,5339
13178,Awaiting Construction,0.39,,-3.852,55.6,7026
13179,Awaiting Construction,0.28,,-1.258,51.218,4965
13180,Awaiting Construction,0.2,,-4.048,55.523,3465
13183,Awaiting Construction,49.9,,-2.589,52.767,895000
13184,Awaiting Construction,49.9,,-1.991,52.938,934776
13185,Awaiting Construction,0.5,,-0.501,53.558,9087
13186,Awaiting Construction,1.3,,-2.892,53.792,24078
13187,Revised,1.1,,-2.91,52.882,15000
13188,Awaiting Construction,0.34,,-0.799,52.06,6089
13189,Awaiting Construction,0.17,,-2.093,52.558,2903
13190,Awaiting Construction,0.23,,-0.977,53.908,4028
13191,Awaiting Construction,0.47,,-1.607,54.983,8525
13192,Awaiting Construction,0.27,,-4.044,50.396,4777
13193,Awaiting Construction,0.36,,-0.665,53.152,6464
13194,Awaiting Construction,0.22,,-0.96,53.914,3840
13196,Awaiting Construction,0.15,,-0.322,52.757,2528
13198,Awaiting Construction,0.5,,-1.306,53.956,9087
13199,Awaiting Construction,0.32,,-1.13,51.897,5714
13202,Awaiting Construction,0.91,,0.172,51.518,16770
13203,Awaiting Construction,0.2,,-1.046,53.537,3465
13206,Awaiting Construction,0.36,,0.948,50.988,6464
13207,Awaiting Construction,0.23,,-3.221,51.027,4028
13208,Awaiting Construction,0.45,,-0.016,52.963,8150
13209,Awaiting Construction,,,-0.499,51.514,9500
13210,Awaiting Construction,0.31,,1.14,52.878,5527
13211,Awaiting Construction,0.22,,-0.832,51.075,3840
13212,Awaiting Construction,0.5,,1.352,52.727,9087
13214,Awaiting Construction,0.2,,-3.448,50.686,3465
13215,Awaiting Construction,0.99,,-1.449,53.393,18269
13216,Awaiting Construction,0.24,,-1.665,54.965,4215
13218,Awaiting Construction,0.47,,-2.1,53.546,8525
13219,Awaiting Construction,7.6,,-4.24,50.814,105000
13221,Awaiting Construction,0.47,,-1.742,55.044,8525
13222,Awaiting Construction,0.2,,-1.492,54.178,3465
13223,Awaiting Construction,0.6,,-1.615,55.092,10961
13224,Awaiting Construction,1.89,,0.156,53.034,37000
13226,Awaiting Construction,0.88,,-2.139,52.632,16208
13227,Awaiting Construction,40.0,,-0.842,51.764,749264
13228,Awaiting Construction,0.15,,-0.063,51.794,2528
13229,Awaiting Construction,0.29,,-3.405,52.157,5152
13234,Awaiting Construction,1.0,,-4.028,57.878,17600
13239,Revised,0.27,,-0.065,51.796,4777
13240,Awaiting Construction,0.18,,-2.048,52.448,3091
13241,Awaiting Construction,0.64,,-1.128,53.503,11710
13242,Awaiting Construction,0.41,,-3.903,51.068,7401
13244,Awaiting Construction,0.51,,-3.367,50.615,9274
13245,Awaiting Construction,0.2,,-3.041,53.524,3465
13248,Application Submitted,0.19,,0.032,51.519,3278
13250,Under Construction,5.0,,-4.651,55.598,186800
13251,Operational,26.0,2023-02-15,-1.214,52.433,552000
13252,Awaiting Construction,0.29,,-1.805,57.491,5152
13255,Awaiting Construction,1.2,,-2.965,52.346,22204
13256,Awaiting Construction,25.0,,-1.64,52.248,336000
13258,Awaiting Construction,0.22,,-1.807,50.928,3840
13259,Awaiting Construction,0.2,,-0.795,53.216,3465
13260,Awaiting Construction,,,-2.253,53.801,15600
13261,Awaiting Construction,0.26,,-2.988,51.153,4590
13262,Awaiting Construction,0.27,,-1.385,54.044,4777
13266,Awaiting Construction,0.17,,-3.08,53.349,2903
13267,Awaiting Construction,,,0.887,51.15,
13268,Awaiting Construction,0.25,,-1.514,50.774,4402
13274,Awaiting Construction,0.23,,-1.521,53.751,4028
13275,Awaiting Construction,0.26,,-1.803,53.641,4590
13277,Awaiting Construction,0.2,,-2.778,50.721,4000
13278,Revised,0.18,,-1.737,53.788,3091
13282,Awaiting Construction,0.21,,1.122,52.863,3653
13283,Awaiting Construction,0.57,,-2.236,51.737,10399
13284,Awaiting Construction,0.21,,1.133,52.888,3653
13285,Awaiting Construction,0.19,,-1.662,54.646,3278
13287,Awaiting Construction,0.15,,0.361,52.364,2528
13288,Awaiting Construction,0.18,,-1.895,52.553,3091
13289,Awaiting Construction,0.38,,-4.068,52.414,8400
13291,Awaiting Construction,0.26,,0.566,52.271,4590
13292,Awaiting Construction,0.54,,-1.44,53.272,9837
13293,Awaiting Construction,24.5,,-2.947,51.374,458815
13294,Awaiting Construction,0.37,,-4.237,55.753,6651
13295,Awaiting Construction,0.29,,-1.833,52.511,5152
13296,Awaiting Construction,0.3,,-4.068,52.414,7400
13299,Awaiting Construction,0.21,,1.121,52.867,3653
13301,Revised,15.0,,-2.247,51.903,429000
13304,Awaiting Construction,0.83,,-3.035,52.845,15271
13312,Awaiting Construction,0.39,,-4.215,51.018,7026
13313,Awaiting Construction,1.0,,-1.555,52.693,18456
13315,Application Submitted,0.91,,-0.606,51.236,16770
13317,Awaiting Construction,3.9,,-1.519,54.936,72798
13319,Revised,0.27,,-1.359,53.09,4777
13321,Awaiting Construction,40.0,,-3.503,56.097,895000
13326,Awaiting Construction,0.78,,-0.266,53.627,14334
13328,Awaiting Construction,0.26,,-2.059,52.319,4590
13329,Awaiting Construction,0.99,,-1.883,52.523,18269
13330,Awaiting Construction,0.35,,-1.854,52.448,6276
13331,Application Submitted,37.0,,-0.848,52.02,693048
13332,Awaiting Construction,,,-0.088,51.468,708
13333,Awaiting Construction,0.19,,-1.54,51.146,3278
13334,Awaiting Construction,0.58,,-2.139,51.356,10586
13335,Awaiting Construction,0.49,,-0.694,52.508,8900
13336,Awaiting Construction,0.27,,-2.468,53.695,4777
13337,Awaiting Construction,0.22,,-3.578,52.576,3840
13338,Awaiting Construction,0.27,,-2.966,54.158,4777
13339,Awaiting Construction,49.99,,-1.793,54.622,640000
13340,Awaiting Construction,0.73,,-1.129,50.787,13397
13341,Awaiting Construction,0.2,,-0.151,52.561,3465
13343,Awaiting Construction,0.38,,-0.461,53.726,6838
13344,Awaiting Construction,0.3,,-0.752,53.404,5339
13357,Awaiting Construction,0.15,,-2.083,52.138,3900
13358,Awaiting Construction,0.17,,-1.561,51.243,2903
13359,Awaiting Construction,0.25,,-1.276,54.095,4402
13370,Operational,1.12,2024-01-01,-0.101,53.575,20705
13371,Awaiting Construction,30.0,,-1.647,52.64,561877
13373,Awaiting Construction,0.17,,-0.719,52.699,2903
13374,Awaiting Construction,0.3,,-3.028,53.801,5339
13380,Application Submitted,0.21,,-1.685,52.776,3653
13381,Operational,1.08,2024-01-10,-0.121,53.575,16036
13382,Awaiting Construction,5.64,,-3.441,56.028,106000
13383,Revised,0.22,,-2.484,50.612,3840
13385,Awaiting Construction,15.0,,-2.292,55.885,520000
13388,Awaiting Construction,0.3,,-1.445,53.396,5339
13389,Awaiting Construction,11.0,,-0.427,52.615,205843
13394,Awaiting Construction,0.24,,-0.255,54.166,4215
13395,Awaiting Construction,0.32,,-2.112,51.431,5714
13396,Awaiting Construction,0.18,,0.018,51.403,3091
13397,Awaiting Construction,0.22,,-4.184,51.685,3840
13398,Awaiting Construction,0.23,,1.025,51.8,4028
13400,Awaiting Construction,0.19,,-2.096,57.158,2577
13403,Awaiting Construction,27.5,,-2.562,55.894,515031
13405,Awaiting Construction,0.67,,-0.288,54.185,12273
13406,Awaiting Construction,0.46,,-1.109,53.957,8337
13408,Awaiting Construction,,,-0.078,52.789,26503
13411,Awaiting Construction,0.78,,-1.853,52.451,14334
13413,Application Submitted,0.18,,-1.138,52.654,3091
13414,Awaiting Construction,0.38,,-1.394,53.528,6838
13415,Awaiting Construction,0.23,,-0.475,51.35,4028
13416,Awaiting Construction,,,-0.062,51.382,
13437,Awaiting Construction,0.57,,0.009,53.523,10399
13438,Application Submitted,40.0,,-1.393,54.942,749264
13440,Awaiting Construction,47.7,,-1.596,52.472,610000
13443,Operational,0.19,2022-10-31,-2.137,53.974,3278
13445,Revised,0.2,,-2.181,53.41,3465
13446,Awaiting Construction,0.36,,-2.003,55.776,6464
13447,Awaiting Construction,0.24,,-0.287,52.209,4215
13448,Awaiting Construction,0.34,,-1.882,53.273,6089
13451,Awaiting Construction,0.39,,-1.89,52.312,7026
13457,Awaiting Construction,0.15,,0.129,50.934,2528
13458,Awaiting Construction,0.2,,1.444,52.112,2548
13460,Awaiting Construction,0.64,,-0.466,51.511,11710
13463,Awaiting Construction,2.65,,-5.2,50.256,41100
13464,Awaiting Construction,0.3,,-2.436,51.294,5339
13465,Awaiting Construction,0.27,,-1.718,53.871,4777
13468,Awaiting Construction,1.07,,-3.535,50.746,22900
13469,Awaiting Construction,0.64,,-0.466,51.511,11710
13470,Awaiting Construction,49.9,,-1.153,52.329,934776
13471,Awaiting Construction,0.94,,-1.736,52.537,17332
13475,Operational,0.18,2023-03-20,-1.135,52.946,3091
13483,Revised,0.35,,-0.265,51.33,6276
13484,Awaiting Construction,0.51,,-0.212,53.64,9274
13485,Application Submitted,1.28,,-1.561,50.741,23703
13487,Awaiting Construction,0.2,,0.286,50.794,3465
13488,Awaiting Construction,0.16,,-1.623,53.799,2716
13491,Revised,35.0,,-1.487,51.805,996800
13493,Awaiting Construction,0.42,,-0.118,54.126,7588
13494,Revised,0.17,,0.199,51.896,2903
13495,Awaiting Construction,0.28,,-0.484,52.154,4965
13496,Awaiting Construction,0.64,,-1.781,52.711,11710
13497,Awaiting Construction,0.16,,-0.206,51.707,2716
13498,Awaiting Construction,0.2,,0.726,51.532,3465
13499,Awaiting Construction,0.46,,0.528,50.857,8337
13501,Revised,20.0,,-1.403,51.843,452000
13504,Awaiting Construction,0.2,,1.459,52.126,2500
13505,Awaiting Construction,0.17,,1.729,52.621,2903
13508,Awaiting Construction,32.0,,-1.76,52.195,402500
13511,Awaiting Construction,,,-2.912,51.384,
13512,Awaiting Construction,0.5,,-1.608,53.007,9087
13515,Awaiting Construction,0.25,,0.741,52.349,4402
13516,Awaiting Construction,0.26,,-2.177,51.898,4590
13518,Awaiting Construction,0.32,,-0.978,51.425,5714
13519,Under Construction,0.86,,-0.349,53.231,12900
13525,Awaiting Construction,0.61,,-0.271,51.537,11148
13526,Awaiting Construction,0.37,,-0.271,51.537,6651
13529,Awaiting Construction,0.47,,-1.803,54.025,8525
13530,Awaiting Construction,30.0,,1.066,52.208,561877
13532,Awaiting Construction,0.28,,-0.001,53.382,4965
13533,Awaiting Construction,0.19,,1.293,52.929,3278
13534,Awaiting Construction,0.52,,-0.212,51.487,9462
13535,Awaiting Construction,0.31,,-2.213,53.045,5527
13536,Awaiting Construction,3.5,,-3.066,56.306,65303
13537,Awaiting Construction,0.95,,-3.791,56.107,14166
13541,Revised,0.59,,-0.269,51.536,10774
13542,Awaiting Construction,0.24,,-0.273,51.536,4215
13543,Awaiting Construction,0.2,,-2.726,55.684,3465
13544,Awaiting Construction,0.36,,-4.45,55.932,6464
13545,Awaiting Construction,2.22,,-2.934,50.953,50000
13546,Awaiting Construction,0.28,,-0.271,51.537,4965
13548,Awaiting Construction,0.39,,-0.272,51.537,7026
13549,Awaiting Construction,49.9,,-1.963,52.84,934776
13551,Awaiting Construction,,,-2.794,51.267,
13552,Awaiting Construction,0.58,,-0.274,51.537,10586
13553,Awaiting Construction,0.15,,-2.569,51.52,2528
13554,Awaiting Construction,,,-2.605,50.947,
13557,Awaiting Construction,13.0,,-1.819,51.721,198000
13561,Awaiting Construction,0.42,,-0.274,51.538,7588
13562,Awaiting Construction,0.37,,-0.272,51.537,6651
13563,Awaiting Construction,0.7,,-1.477,52.501,12835
13564,Awaiting Construction,0.51,,-0.274,51.538,9274
13565,Awaiting Construction,0.29,,-0.28,51.532,5152
13566,Awaiting Construction,0.28,,-0.271,51.537,4965
13567,Awaiting Construction,0.25,,-0.272,51.537,4402
13568,Awaiting Construction,0.28,,-0.143,52.809,4965
13572,Revised,0.24,,-2.758,50.714,4215
13574,Awaiting Construction,0.37,,-0.588,51.512,6651
13580,Awaiting Construction,0.55,,-0.281,51.532,10024
13581,Awaiting Construction,0.69,,-0.279,51.531,12647
13582,Awaiting Construction,0.99,,-0.279,51.532,18269
13583,Awaiting Construction,0.51,,-0.279,51.533,9274
13584,Awaiting Construction,0.27,,-0.282,51.533,4777
13585,Awaiting Construction,0.5,,-0.84,52.28,9087
13586,Awaiting Construction,0.19,,-0.976,51.415,3278
13589,Awaiting Construction,,,-1.386,52.825,2200
13590,Awaiting Construction,0.22,,-2.689,53.704,3840
13592,Awaiting Construction,24.0,,-0.55,52.931,423700
13593,Awaiting Construction,0.18,,-1.183,52.954,3091
13594,Awaiting Construction,0.53,,-2.171,51.841,9649
13596,Awaiting Construction,0.2,,-0.271,52.599,3465
13597,Awaiting Construction,,,-1.808,51.202,25000
13599,Application Submitted,400.0,,-0.409,52.999,5290000
13603,Awaiting Construction,0.81,,-3.017,53.399,14896
13604,Awaiting Construction,0.21,,-2.481,51.503,3653
13608,Awaiting Construction,0.34,,-0.175,51.262,6089
13610,Awaiting Construction,0.2,,-1.656,53.793,3465
13611,Awaiting Construction,0.36,,-3.149,51.476,6464
13612,Awaiting Construction,0.26,,-0.834,52.244,4590
13614,Awaiting Construction,0.73,,-2.897,53.159,13397
13616,Awaiting Construction,0.27,,-1.083,50.824,4777
13628,Awaiting Construction,0.34,,-1.107,51.274,6089
13629,Awaiting Construction,49.9,,-0.241,52.195,934776
13630,Awaiting Construction,0.25,,-0.739,51.536,4402
13631,Awaiting Construction,0.18,,-0.627,52.943,3091
13633,Awaiting Construction,0.2,,-1.766,52.037,3465
13634,Awaiting Construction,2.5,,-1.753,53.845,46564
13635,Awaiting Construction,0.19,,-1.461,53.797,3278
13636,Awaiting Construction,12.0,,-1.685,52.84,190600
13642,Awaiting Construction,0.21,,-0.199,53.959,3653
13645,Awaiting Construction,10.7,,0.031,51.22,200221
13647,Awaiting Construction,0.25,,-3.457,56.479,4900
13652,Awaiting Construction,0.27,,-2.177,53.411,4777
13653,Awaiting Construction,22.5,,-2.122,52.674,312300
13654,Awaiting Construction,49.9,,-0.232,53.766,982700
13656,Awaiting Construction,0.18,,-4.16,55.746,3425
13657,Awaiting Construction,0.24,,-2.916,55.419,4215
13662,Operational,,2023-04-01,-2.278,51.832,
13664,Awaiting Construction,0.25,,-5.13,50.385,5932
13671,Awaiting Construction,0.29,,-0.038,51.409,5152
13676,Application Submitted,0.16,,-1.452,52.902,2716
13677,Awaiting Construction,24.6,,0.547,51.62,660600
13679,Application Submitted,18.74,,-1.168,53.298,350880
13680,Awaiting Construction,1.7,,-2.428,53.568,30217
13681,Awaiting Construction,0.5,,-2.249,53.028,9087
13683,Awaiting Construction,0.2,,-3.144,56.188,3465
13685,Awaiting Construction,0.23,,-0.321,54.216,4070
13686,Awaiting Construction,0.32,,-2.608,56.572,8000
13688,Awaiting Construction,0.23,,-0.356,53.585,4028
13689,Awaiting Construction,1.3,,-3.227,51.408,24078
13690,Awaiting Construction,0.24,,1.738,52.632,4215
13691,Awaiting Construction,2.0,,-1.245,51.696,37195
13694,Awaiting Construction,25.0,,-1.755,52.471,474000
13696,Awaiting Construction,0.24,,-1.522,51.789,4215
13697,Under Construction,1.7,,-1.146,52.672,31880
13698,Awaiting Construction,0.28,,-2.086,57.139,5668
13699,Awaiting Construction,,,-4.191,50.423,
13700,Awaiting Construction,2.5,,-5.402,50.198,37600
13702,Awaiting Construction,0.2,,-1.973,50.722,3465
13704,Awaiting Construction,0.18,,-2.596,51.529,3091
13705,Awaiting Construction,0.47,,-0.718,52.004,8525
13706,Awaiting Construction,,,-1.577,54.763,1651
13709,Awaiting Construction,,,-3.236,51.802,
13712,Awaiting Construction,0.35,,0.513,52.356,6276
13713,Awaiting Construction,0.16,,-2.273,51.318,2716
13714,Awaiting Construction,0.19,,-2.346,57.221,3278
13715,Awaiting Construction,0.46,,-2.425,55.591,8337
13717,Awaiting Construction,0.3,,-1.498,54.908,5339
13718,Awaiting Construction,0.24,,1.732,52.541,4215
13719,Awaiting Construction,0.21,,-1.527,53.749,3653
13720,Awaiting Construction,,,-2.782,50.883,
13721,Awaiting Construction,0.52,,1.619,52.675,9462
13722,Awaiting Construction,0.16,,-2.505,53.208,2716
13725,Awaiting Construction,0.41,,1.723,52.659,7401
13726,Awaiting Construction,0.96,,0.185,52.634,13000
13730,Awaiting Construction,0.15,,-1.469,54.102,2528
13743,Awaiting Construction,0.46,,-1.349,54.764,8337
13744,Awaiting Construction,0.32,,-1.485,54.918,5714
13745,Awaiting Construction,0.25,,-2.152,53.367,4402
13748,Awaiting Construction,0.2,,-1.402,52.941,3465
13749,Revised,0.4,,-0.256,54.061,7213
13750,Awaiting Construction,0.19,,-1.23,51.657,3278
13759,Awaiting Construction,0.55,,-3.802,56.021,10024
13760,Awaiting Construction,49.9,,-5.007,50.338,850000
13762,Awaiting Construction,0.52,,-2.044,52.581,9462
13763,Application Submitted,49.9,,-2.818,53.758,687000
13765,Awaiting Construction,0.15,,-1.973,50.722,4325
13766,Awaiting Construction,0.3,,-1.336,52.517,5339
13767,Awaiting Construction,0.15,,1.292,52.625,2528
13772,Awaiting Construction,0.36,,-0.489,53.84,6464
13773,Awaiting Construction,0.25,,0.953,50.984,4402
13775,Awaiting Construction,0.18,,-1.737,53.788,3091
13776,Awaiting Construction,0.35,,-2.995,53.796,6276
13777,Application Submitted,10.0,,-1.205,53.71,139700
13778,Awaiting Construction,0.25,,-2.158,51.416,4402
13779,Awaiting Construction,0.27,,0.087,52.407,4777
13780,Awaiting Construction,0.27,,-1.693,55.175,4777
13782,Awaiting Construction,0.41,,-2.377,53.761,7401
13783,Awaiting Construction,0.79,,-1.323,53.7,14521
13784,Awaiting Construction,,,-1.076,52.73,1643
13786,Awaiting Construction,0.2,,-1.158,53.129,5198
13788,Awaiting Construction,1.3,,-3.987,55.823,24078
13790,Awaiting Construction,20.0,,-1.394,51.06,374491
13791,Under Construction,6.0,,-3.419,51.567,168900
13792,Awaiting Construction,0.46,,-4.363,55.88,8337
13794,Application Submitted,0.31,,-1.548,53.652,5527
13795,Awaiting Construction,0.27,,-2.164,51.899,4777
13799,Awaiting Construction,0.17,,-2.915,53.411,2903
13800,Awaiting Construction,1.0,,-2.484,50.612,18456
13801,Awaiting Construction,,,-0.208,51.298,
13802,Awaiting Construction,,,-2.219,53.032,
13804,Revised,0.65,,-4.229,57.492,11898
13806,Awaiting Construction,4.0,,-2.787,54.017,66000
13810,Awaiting Construction,0.18,,-1.777,51.528,3091
13811,Awaiting Construction,0.41,,-2.128,52.585,7401
13815,Awaiting Construction,0.27,,-1.015,54.047,5000
13816,Awaiting Construction,1.3,,-1.274,50.741,26000
13817,Awaiting Construction,1.2,,1.14,52.411,20600
13820,Awaiting Construction,0.27,,-0.065,51.796,4777
13821,Revised,,,-2.412,52.875,8941
13822,Awaiting Construction,0.98,,0.082,51.529,18082
13829,Awaiting Construction,0.71,,-3.96,55.726,13022
13831,Awaiting Construction,,,-2.437,55.608,4225
13832,Application Submitted,49.9,,-0.356,53.82,768900
13840,Awaiting Construction,19.8,,-2.01,52.955,365000
13842,Awaiting Construction,,,-0.932,51.461,
13845,Awaiting Construction,0.41,,-2.546,51.536,7401
13847,Awaiting Construction,0.27,,-0.669,53.574,4777
13851,Awaiting Construction,30.0,,-1.84,51.043,404000
13855,Awaiting Construction,0.2,,-2.427,50.71,3465
13856,Awaiting Construction,0.54,,-4.26,55.872,9837
13857,Awaiting Construction,0.36,,0.076,51.508,6464
13861,Awaiting Construction,0.54,,-1.841,54.308,9837
13862,Awaiting Construction,43.7,,-0.123,53.546,817000
13865,No Application Required,,,0.262,51.876,
13866,No Application Required,,,-1.038,52.531,
13867,Awaiting Construction,0.34,,-1.366,50.946,6089
13868,Awaiting Construction,0.18,,-4.031,55.832,2500
13869,Awaiting Construction,0.19,,-4.037,55.832,3278
13881,Awaiting Construction,0.5,,0.071,51.76,9087
13882,Under Construction,0.22,,-2.344,51.386,3840
13883,Revised,0.44,,-3.492,50.913,7963
13886,Awaiting Construction,0.25,,-2.269,51.037,4402
13887,Revised,0.3,,-1.64,55.269,5339
13890,Awaiting Construction,49.9,,1.042,52.076,934776
13892,Awaiting Construction,1.7,,-1.139,53.319,31573
13893,Awaiting Construction,,,0.267,52.4,
13894,Awaiting Construction,0.27,,1.526,52.64,4777
13895,Awaiting Construction,0.15,,-0.765,51.288,2600
13896,Application Submitted,0.78,,-0.386,51.363,14334
13899,Awaiting Construction,0.34,,-5.743,57.272,6089
13904,Application Submitted,0.18,,0.01,51.543,3091
13909,Awaiting Construction,0.27,,0.256,51.456,4777
13912,Awaiting Construction,0.3,,-1.396,52.535,5339
13914,Awaiting Construction,0.15,,-1.143,52.883,2528
13915,Awaiting Construction,0.91,,-0.607,51.236,16770
13916,Awaiting Construction,1.35,,-3.938,55.831,19533
13919,Awaiting Construction,0.62,,0.002,51.65,11336
13920,Under Construction,,,-2.714,51.384,11331
13921,Awaiting Construction,,,-1.554,54.001,
13923,Awaiting Construction,0.2,,-2.001,57.689,3465
13924,Awaiting Construction,0.45,,-1.203,51.463,8150
13926,Application Submitted,0.24,,-2.863,53.48,4215
13927,Awaiting Construction,0.69,,-1.17,52.362,12647
13928,Application Submitted,7.3,,-0.058,51.826,104000
13929,Application Submitted,27.0,,-4.632,54.098,350000
13932,Under Construction,0.22,,0.079,51.53,3840
13934,Awaiting Construction,0.7,,0.07,51.759,12835
13935,Awaiting Construction,0.33,,-2.242,53.051,5901
13936,Awaiting Construction,,,-0.558,51.306,
13940,Awaiting Construction,0.4,,-1.17,52.362,7213
13941,Awaiting Construction,0.17,,-2.328,53.511,2200
13942,Awaiting Construction,0.6,,-1.17,52.362,10961
13944,Awaiting Construction,0.57,,0.072,51.763,10399
13945,Awaiting Construction,0.8,,0.072,51.763,14709
13946,Awaiting Construction,0.22,,-1.545,53.685,3840
13947,Revised,,,-1.506,52.477,154400
13950,Revised,0.7,,-4.592,55.498,19100
13956,Awaiting Construction,0.44,,-2.588,52.731,7963
13957,Awaiting Construction,0.23,,0.397,52.74,4028
13958,Awaiting Construction,2.0,,-2.397,53.75,37195
13959,Awaiting Construction,,,-1.187,52.614,
13960,Awaiting Construction,0.15,,-0.952,51.28,2528
13961,Awaiting Construction,0.57,,-1.342,52.697,10399
13962,Awaiting Construction,0.33,,-1.871,52.498,5901
13963,Awaiting Construction,0.21,,-1.871,52.498,3653
13964,Awaiting Construction,0.38,,-2.259,52.204,6838
13965,Awaiting Construction,0.27,,-0.709,51.916,3900
13966,Awaiting Construction,16.0,,-2.23,51.896,299536
13967,Awaiting Construction,0.24,,-4.261,55.891,8000
13969,Awaiting Construction,49.99,,-1.477,52.251,890300
13971,Awaiting Construction,0.15,,-3.466,50.718,2528
13972,Awaiting Construction,0.15,,-1.093,53.966,2600
13973,Under Construction,0.48,,-2.315,53.482,8712
13974,Awaiting Construction,0.18,,-1.102,53.686,3091
13978,Awaiting Construction,,,-1.786,51.603,
13981,Awaiting Construction,0.63,,-1.627,54.984,11523
13983,Application Submitted,15.0,,-2.874,53.899,260100
13984,Awaiting Construction,0.29,,-0.462,54.0,5152
13987,Awaiting Construction,30.0,,1.128,52.374,576000
13988,Awaiting Construction,49.9,,-2.26,51.285,743300
13997,Awaiting Construction,1.1,,-2.91,52.882,15000
13998,Awaiting Construction,0.47,,0.142,51.524,8525
14001,Application Submitted,18.0,,-2.23,52.3,266500
14002,Revised,0.7,,1.501,52.343,12835
14003,Awaiting Construction,0.32,,-1.389,50.981,5714
14004,Awaiting Construction,,,-0.428,51.61,
14009,Awaiting Construction,0.23,,-0.243,51.58,4028
14013,Awaiting Construction,0.2,,-0.014,51.142,3465
14014,Awaiting Construction,0.29,,-2.185,53.477,5152
14015,Awaiting Construction,0.28,,0.521,51.585,4965
14017,Awaiting Construction,5.0,,-2.677,51.465,78200
14019,Application Submitted,0.8,,-4.521,51.75,16800
14020,Awaiting Construction,0.25,,0.105,51.533,4402
14021,Revised,0.53,,-2.991,53.175,9649
14022,Application Submitted,1.0,,-4.302,51.729,14500
14024,Awaiting Construction,0.18,,0.867,51.132,3091
14025,Awaiting Construction,4.97,,-2.465,51.259,65400
14027,Awaiting Construction,4.29,,-1.411,53.407,80107
14028,Awaiting Construction,0.22,,-1.244,50.878,3840
14029,Awaiting Construction,0.38,,-0.278,53.924,6838
14030,Awaiting Construction,0.76,,-3.627,55.075,13959
14031,Awaiting Construction,0.21,,-1.139,53.95,3653
14035,Revised,0.26,,-4.241,55.883,4590
14036,Awaiting Construction,0.19,,-3.079,55.883,3278
14037,Application Submitted,19.0,,-2.254,52.223,301900
14040,Awaiting Construction,49.9,,-1.224,53.757,627000
14041,Awaiting Construction,1.7,,-3.472,55.912,31573
14045,Awaiting Construction,18.0,,-2.01,51.194,285000
14048,Awaiting Construction,0.15,,-2.569,51.647,2528
14049,Awaiting Construction,0.19,,-1.249,50.877,3278
14050,Application Submitted,0.7,,-1.458,53.53,12835
14051,Awaiting Construction,0.53,,-0.681,52.032,9649
14052,Awaiting Construction,1.33,,-1.429,53.559,19000
14053,Revised,0.37,,-1.088,53.905,6651
14055,Awaiting Construction,,,-1.841,52.488,
14056,Awaiting Construction,0.61,,0.067,51.769,11148
14059,Awaiting Construction,1.14,,-2.863,55.539,21080
14060,Awaiting Construction,49.9,,-1.131,53.567,703400
14066,Awaiting Construction,15.0,,-1.681,50.752,293200
14068,Under Construction,0.3,,-2.598,52.316,5339
14072,Awaiting Construction,0.98,,-0.82,52.044,18082
14073,Awaiting Construction,0.23,,-0.148,50.954,4028
14075,Awaiting Construction,0.51,,-1.861,53.626,9274
14080,Awaiting Construction,0.2,,-2.182,53.409,3465
14081,Awaiting Construction,0.16,,-0.166,51.715,2716
14084,Awaiting Construction,0.17,,-2.93,55.972,2903
14085,Awaiting Construction,0.17,,-1.826,53.654,2903
14087,Awaiting Construction,40.0,,-2.203,52.659,650000
14092,Awaiting Construction,0.36,,-0.947,53.676,6464
14096,Application Submitted,147.0,,-2.737,53.301,3140000
14098,Awaiting Construction,237.5,,-1.089,53.579,5090000
14100,Application Submitted,350.0,,-0.648,53.152,10710000
14103,Awaiting Construction,,,-2.109,52.601,
14105,Awaiting Construction,,,-0.145,52.513,
14106,Awaiting Construction,0.25,,-4.669,55.605,4402
14107,Awaiting Construction,0.46,,-1.041,53.952,8337
14118,Application Submitted,,,-1.86,52.226,
14119,Awaiting Construction,1.75,,-2.658,53.416,32510
14120,Awaiting Construction,0.25,,-2.952,53.264,4402
14123,Application Submitted,1.0,,-6.867,54.649,18456
14126,Awaiting Construction,,,-6.592,54.824,17700
14133,Awaiting Construction,0.24,,-1.407,53.047,4215
14134,Awaiting Construction,0.39,,-1.393,53.097,7026
14135,Awaiting Construction,4.3,,-1.714,55.152,57000
14141,Revised,,,-0.459,51.744,
14142,Awaiting Construction,0.18,,0.199,51.896,3091
14146,Awaiting Construction,0.25,,-1.42,53.263,4402
14147,Awaiting Construction,,,-1.638,53.68,
14148,Awaiting Construction,2.0,,-0.735,50.791,37195
14150,Awaiting Construction,0.41,,0.042,52.738,7401
14152,Revised,0.25,,-0.248,51.629,4402
14153,Awaiting Construction,0.31,,-1.879,52.508,5527
14155,Awaiting Construction,0.3,,-4.159,55.824,5339
14159,Awaiting Construction,0.42,,-2.126,53.546,7588
14160,Awaiting Construction,,,-2.12,52.592,10064
14162,Awaiting Construction,0.27,,0.713,52.036,4777
14163,Awaiting Construction,,,-0.208,51.9,
14164,Awaiting Construction,0.69,,0.044,52.736,12647
14167,Application Submitted,49.0,,-1.961,52.842,859600
14171,Awaiting Construction,23.0,,-2.021,51.521,464000
14175,Revised,,,-0.395,51.468,
14176,Awaiting Construction,0.91,,-0.815,53.169,16770
14177,Application Submitted,0.84,,-1.337,53.445,15458
14178,Awaiting Construction,,,-0.684,51.596,
14179,Awaiting Construction,,,-0.299,52.569,
14180,Awaiting Construction,0.93,,-1.774,53.649,17145
14182,Awaiting Construction,0.73,,-3.232,54.152,13397
14183,Awaiting Construction,0.23,,-0.814,54.128,5000
14185,Awaiting Construction,2.02,,-1.714,53.765,37570
14186,Revised,5.0,,-0.83,52.14,67400
14189,Awaiting Construction,0.3,,-0.05,51.62,5339
14190,Awaiting Construction,0.16,,0.637,51.792,2716
14192,Awaiting Construction,0.28,,-1.503,53.783,4965
14193,Application Submitted,100.0,,-3.91,55.664,2070000
14195,Awaiting Construction,0.37,,-0.408,53.784,6651
14199,Awaiting Construction,0.25,,-1.453,54.67,4402
14201,Awaiting Construction,0.38,,0.218,51.583,6838
14202,Operational,0.16,2023-05-01,-3.844,56.768,2716
14203,Awaiting Construction,0.35,,1.415,51.343,5519
14206,Awaiting Construction,0.2,,-1.008,52.738,3465
14207,Revised,0.3,,-2.194,53.369,5339
14210,Application Submitted,0.2,,-0.013,51.142,3465
14212,Awaiting Construction,,,-0.223,54.073,
14214,Revised,,,-1.728,52.465,21506
14215,Application Submitted,0.23,,-1.35,53.012,4028
14216,Awaiting Construction,0.27,,-0.023,51.655,4777
14217,Under Construction,0.86,,-4.13,55.894,15833
14222,Awaiting Construction,0.33,,0.121,52.205,5901
14223,Awaiting Construction,0.18,,0.89,51.127,3091
14226,Awaiting Construction,0.15,,-1.106,51.276,2528
14228,Awaiting Construction,0.16,,-4.162,55.755,2716
14237,Under Construction,0.7,,-2.942,53.822,12835
14240,Awaiting Construction,,,-1.797,51.13,
14241,Awaiting Construction,3.0,,-1.358,51.371,55934
14242,Awaiting Construction,0.2,,-2.758,50.714,3465
14246,Awaiting Construction,0.3,,-4.083,50.395,5339
14249,Awaiting Construction,1.08,,-1.626,54.932,19955
14250,Awaiting Construction,,,-2.866,53.482,
14251,Awaiting Construction,0.96,,-1.731,52.451,17707
14252,Awaiting Construction,0.27,,-0.406,51.463,4777
14253,Awaiting Construction,0.7,,0.042,51.493,12835
14254,Awaiting Construction,0.7,,0.042,51.493,12835
14256,Awaiting Construction,0.75,,-4.083,50.395,13772
14257,Application Submitted,10.0,,-0.934,51.853,187104
14260,Awaiting Construction,0.22,,-4.094,55.779,3840
14261,Application Submitted,1.0,,-2.895,53.464,18456
14262,Awaiting Construction,0.2,,-1.906,52.115,3465
14263,Awaiting Construction,0.25,,-3.529,55.867,4402
14264,Awaiting Construction,0.29,,-0.9,53.7,5152
14265,Awaiting Construction,0.55,,-4.081,50.391,10024
14266,Awaiting Construction,0.7,,-4.081,50.391,12835
14267,Under Construction,0.18,,-4.575,56.004,3091
14268,Awaiting Construction,,,-0.763,52.777,
14269,Application Submitted,49.99,,-0.483,52.387,660000
14270,Application Submitted,35.0,,-0.713,53.32,709600
14271,Application Submitted,10.0,,-3.217,54.171,193200
14274,Awaiting Construction,0.33,,-0.338,51.751,5901
14275,Operational,0.29,2024-08-09,-0.725,51.529,5152
14278,Awaiting Construction,0.2,,-1.875,52.489,3465
14279,Application Submitted,49.9,,-0.887,51.912,641000
14286,Awaiting Construction,0.2,,-3.168,51.463,5236
14287,Awaiting Construction,30.0,,-1.935,50.874,609100
14292,Awaiting Construction,0.49,,-3.278,54.975,8900
14293,Application Submitted,75.0,,-4.55,55.868,1290000
14297,Awaiting Construction,0.2,,-1.878,52.534,3465
14301,Awaiting Construction,72.0,,-2.157,57.206,936000
14304,Awaiting Construction,25.0,,-2.161,52.058,666600
14306,Awaiting Construction,0.65,,-2.145,53.632,11898
14307,Application Submitted,24.0,,1.221,52.544,449445
14309,Awaiting Construction,0.71,,-4.685,55.43,13022
14322,Awaiting Construction,0.33,,-1.6,55.002,5901
14323,Awaiting Construction,1.3,,-0.941,51.457,23878
14324,Awaiting Construction,0.42,,-1.047,51.406,7588
14327,Awaiting Construction,49.9,,-1.552,54.712,1136000
14329,Awaiting Construction,30.0,,-2.796,51.353,674000
14331,Application Submitted,49.9,,-2.879,51.372,792000
14333,Awaiting Construction,0.15,,-2.668,50.774,2528
14334,Awaiting Construction,0.21,,-1.974,52.064,3653
14335,Awaiting Construction,0.42,,-2.181,53.504,7588
14337,Awaiting Construction,0.2,,-2.249,53.466,3465
14338,Application Submitted,,,-0.088,51.468,
14339,Awaiting Construction,1.04,,-2.22,53.801,18000
14340,Awaiting Construction,0.26,,-2.482,51.495,4590
14343,Application Submitted,1.0,,-0.221,51.508,18456
14344,Awaiting Construction,0.2,,-0.744,52.078,5900
14345,Awaiting Construction,0.99,,-1.286,50.887,18269
14346,Application Submitted,0.19,,-1.48,50.941,3278
14347,Awaiting Construction,2.3,,-0.044,52.093,44000
14348,Awaiting Construction,0.33,,-0.008,51.543,5901
14349,Awaiting Construction,,,-1.36,53.792,
14350,Awaiting Construction,0.63,,-1.616,54.979,11523
14351,Awaiting Construction,0.21,,-3.848,56.026,3653
14352,Awaiting Construction,0.2,,-4.427,55.852,3465
14356,Under Construction,1.3,,-3.437,51.525,26600
14358,Application Submitted,30.0,,-2.066,52.951,692100
14360,Awaiting Construction,0.98,,-1.452,51.215,18082
14361,Awaiting Construction,0.49,,-0.429,50.826,8900
14364,Application Submitted,0.38,,0.276,50.792,6838
14365,Awaiting Construction,0.31,,-1.783,50.837,5527
14366,Application Submitted,0.18,,-0.697,52.162,3091
14367,Awaiting Construction,0.21,,-2.049,52.339,3653
14368,Application Submitted,0.35,,0.495,51.27,6276
14369,Awaiting Construction,0.31,,-0.604,53.254,5527
14370,Awaiting Construction,0.27,,0.901,51.922,4777
14371,Awaiting Construction,0.16,,-0.16,53.395,2716
14372,Awaiting Construction,0.2,,1.059,51.362,3465
14377,Awaiting Construction,0.43,,-5.283,50.233,7775
14385,Awaiting Construction,0.23,,-1.683,53.857,4028
14387,Application Submitted,,,-1.361,53.512,
14388,Awaiting Construction,0.75,,-1.073,52.959,13772
14391,Awaiting Construction,0.26,,-3.15,56.117,4300
14392,Awaiting Construction,,,-0.95,53.664,1500
14397,Awaiting Construction,23.0,,-2.744,53.898,414900
14402,Awaiting Construction,20.0,,0.287,50.789,319100
14404,Revised,1.68,,-1.602,53.674,31199
14407,Application Submitted,0.27,,-1.542,54.305,4777
14409,Awaiting Construction,0.32,,-0.271,51.533,5714
14410,Awaiting Construction,0.23,,-1.667,54.976,4028
14411,Awaiting Construction,0.77,,-4.069,51.072,14146
14412,Awaiting Construction,0.61,,-1.713,52.516,11148
14413,Awaiting Construction,0.45,,-2.221,53.844,8150
14415,Under Construction,2.93,,-2.839,51.392,54622
14416,Application Submitted,0.26,,-2.263,51.858,4590
14417,Application Submitted,0.47,,0.67,51.566,8525
14419,Awaiting Construction,0.49,,-0.035,51.396,8900
14420,Awaiting Construction,0.16,,-1.577,54.991,2716
14421,Awaiting Construction,0.41,,-1.559,54.99,7401
14422,Awaiting Construction,0.16,,-1.542,54.974,2716
14423,Awaiting Construction,0.15,,-1.628,55.014,2528
14424,Awaiting Construction,,,-3.638,55.915,
14425,Application Submitted,1.11,,-3.054,52.809,18200
14427,Awaiting Construction,0.19,,-1.478,52.895,3278
14428,Awaiting Construction,0.63,,-0.754,51.629,11523
14429,Revised,0.64,,-1.213,54.682,11710
14430,Awaiting Construction,0.18,,-1.977,52.429,3091
14431,Awaiting Construction,1.01,,-2.11,52.482,18644
14432,Awaiting Construction,0.52,,-1.882,52.494,9462
14433,Awaiting Construction,0.58,,0.497,51.213,14592
14434,Awaiting Construction,0.17,,-1.633,55.009,2903
14435,Awaiting Construction,0.52,,-1.624,55.013,9462
14436,Awaiting Construction,0.23,,-1.559,54.99,4028
14438,Under Construction,0.53,,-1.691,54.975,9649
14439,Awaiting Construction,0.21,,0.026,51.459,3653
14444,Awaiting Construction,,,0.552,51.219,4047
14448,Revised,0.4,,0.542,51.394,7213
14449,Revised,0.37,,-1.328,53.733,6651
14451,Awaiting Construction,0.21,,-1.642,55.03,3653
14452,Awaiting Construction,1.0,,-2.651,53.412,18456
14453,Awaiting Construction,0.18,,-1.148,52.257,3091
14454,Awaiting Construction,0.31,,0.861,51.158,5527
14455,Awaiting Construction,0.18,,0.702,52.276,3091
14456,Awaiting Construction,0.7,,-2.631,51.438,12835
14457,Awaiting Construction,0.2,,-1.431,52.433,3465
14462,Awaiting Construction,0.77,,0.229,51.46,14146
14463,Awaiting Construction,0.46,,-4.167,55.834,8337
14464,Awaiting Construction,0.23,,-1.339,53.247,4028
14465,Awaiting Construction,,,-1.507,53.78,
14466,Awaiting Construction,0.21,,-1.303,51.672,4064
14467,Revised,,,-1.228,53.377,
14468,Awaiting Construction,0.7,,-2.124,52.604,12835
14470,Awaiting Construction,,,-0.265,51.33,
14471,Awaiting Construction,49.9,,-0.357,53.829,934776
14472,Awaiting Construction,0.37,,-1.438,53.968,6651
14473,Application Submitted,,,-1.545,55.133,
14475,Awaiting Construction,0.27,,0.354,51.189,4777
14476,Awaiting Construction,0.21,,-1.165,52.264,3653
14477,Awaiting Construction,0.61,,-2.185,53.476,11148
14478,Awaiting Construction,0.45,,-2.98,53.423,8150
14480,Awaiting Construction,0.3,,-4.315,55.857,5127
14481,Awaiting Construction,0.25,,-0.47,52.091,4402
14483,Awaiting Construction,0.39,,-0.456,51.455,7026
14494,Awaiting Construction,0.33,,-4.663,55.588,4110
14503,Application Submitted,,,-2.041,52.676,
14504,Awaiting Construction,0.88,,0.826,52.82,16208
14507,Awaiting Construction,9.0,,-1.259,52.862,168366
14508,Application Submitted,30.0,,-2.405,50.872,773200
14509,Operational,,2023-07-28,-0.689,52.041,
14512,Application Submitted,0.18,,-0.23,52.915,3091
14517,Awaiting Construction,0.4,,-0.256,54.061,7213
14519,Awaiting Construction,0.17,,-1.327,53.604,2903
14520,Awaiting Construction,1.31,,-0.272,51.537,24265
14521,Awaiting Construction,0.25,,-0.407,51.461,4402
14522,Awaiting Construction,0.52,,-0.824,51.82,9462
14524,Awaiting Construction,12.5,,-2.461,53.023,233951
14540,Awaiting Construction,75.0,,-3.881,55.812,1160000
14543,Awaiting Construction,110.0,,-2.931,56.53,2060969
14550,Application Submitted,150.0,,-3.478,54.596,2765000
14552,Awaiting Construction,0.7,,1.519,52.356,12835
14553,Awaiting Construction,0.62,,-1.821,53.694,11336
14554,Awaiting Construction,0.94,,-2.652,53.722,17332
14555,Awaiting Construction,0.16,,-2.027,52.598,2716
14556,Awaiting Construction,0.39,,-3.469,50.71,7026
14557,Awaiting Construction,0.33,,-0.776,51.226,5901
14558,Awaiting Construction,0.31,,-1.166,51.887,5527
14559,Revised,0.79,,0.261,52.105,14521
14560,Awaiting Construction,,,-1.559,54.767,
14562,Awaiting Construction,1.07,,-0.187,53.628,19768
14563,Awaiting Construction,1.37,,-0.187,53.628,25390
14564,Awaiting Construction,0.2,,-1.035,53.542,3465
14565,Awaiting Construction,0.42,,-2.162,52.216,7588
14566,Awaiting Construction,0.17,,-3.066,53.406,2903
14567,Awaiting Construction,0.74,,-1.669,54.958,13584
14568,Awaiting Construction,0.46,,-1.292,54.566,8337
14570,Awaiting Construction,2.1,,-4.54,50.807,40000
14573,Awaiting Construction,1.8,,-3.051,52.802,29000
14574,Awaiting Construction,48.0,,-2.14,52.649,899173
14575,Revised,0.16,,-0.4,51.494,2716
14576,Revised,0.39,,-0.185,51.469,7026
14577,Awaiting Construction,0.2,,-0.384,51.216,3465
14580,Awaiting Construction,,,-2.235,53.458,480
14581,Awaiting Construction,0.34,,-1.837,54.97,6089
14582,Awaiting Construction,0.69,,-1.476,51.763,12647
14583,Awaiting Construction,0.55,,-0.327,53.744,10024
14584,Awaiting Construction,27.0,,-1.305,50.963,377400
14589,Awaiting Construction,1.5,,-1.624,52.598,33955
14590,Awaiting Construction,0.4,,0.003,52.817,12000
14591,Awaiting Construction,,,-2.206,51.842,
14592,Awaiting Construction,0.63,,-3.396,55.937,11523
14593,Operational,,2023-08-10,-0.31,51.73,
14596,Awaiting Construction,1.26,,-2.827,53.352,23328
14599,Awaiting Construction,0.41,,0.217,51.439,13842
14601,Awaiting Construction,0.29,,-1.449,52.531,5390
14602,Revised,0.21,,-0.626,51.443,3653
14603,Awaiting Construction,0.5,,-1.805,52.517,9087
14604,Awaiting Construction,,,-2.025,55.777,
14605,Awaiting Construction,1.87,,-3.165,52.591,34759
14610,Awaiting Construction,0.46,,0.758,51.352,8337
14611,Awaiting Construction,0.4,,-2.927,53.196,7213
14612,Awaiting Construction,0.27,,-1.085,50.816,4777
14613,Application Submitted,0.16,,-0.138,51.155,1925
14614,Awaiting Construction,0.57,,-0.806,51.216,10399
14616,Awaiting Construction,0.2,,1.111,52.082,3465
14617,Awaiting Construction,0.15,,0.537,51.882,2528
14618,Awaiting Construction,0.22,,-3.189,55.943,3840
14619,Awaiting Construction,0.48,,-4.348,55.856,8712
14622,Awaiting Construction,0.15,,0.062,51.508,2528
14623,Awaiting Construction,0.4,,-2.23,53.278,7213
14624,Awaiting Construction,0.18,,-0.048,51.397,3091
14626,Awaiting Construction,1.3,,-1.407,52.543,24078
14627,Awaiting Construction,0.18,,-0.105,51.427,3091
14628,Awaiting Construction,1.0,,-0.624,51.168,27250
14629,Awaiting Construction,0.16,,0.217,51.439,2716
14633,Awaiting Construction,0.2,,-2.182,53.393,3465
14634,Awaiting Construction,0.24,,-1.896,52.517,4215
14641,Awaiting Construction,0.24,,-1.14,52.039,4215
14642,Awaiting Construction,0.55,,-2.233,53.555,10024
14643,Awaiting Construction,19.0,,-2.555,53.175,250000
14644,Awaiting Construction,,,-0.233,51.524,
14645,Awaiting Construction,0.37,,-1.457,53.566,5030
14647,Awaiting Construction,29.7,,-1.537,53.615,553000
14649,Awaiting Construction,0.4,,0.541,51.394,7213
14651,Awaiting Construction,0.19,,-1.576,54.765,3278
14652,Awaiting Construction,49.9,,0.089,52.852,1140000
14654,Application Submitted,0.6,,-1.504,53.418,10961
14655,Revised,1.0,,-1.282,53.282,18456
14656,Awaiting Construction,0.48,,-0.456,51.454,8712
14657,Awaiting Construction,1.13,,-2.061,57.132,20892
14658,Awaiting Construction,1.0,,1.347,51.309,18456
14659,Application Submitted,0.33,,-0.443,51.612,5901
14660,Application Submitted,0.55,,-3.163,55.885,10024
14663,Awaiting Construction,,,-3.51,56.413,3597
14667,Awaiting Construction,1.2,,-0.665,53.152,22204
14668,Awaiting Construction,0.25,,-1.581,53.816,4402
14669,Awaiting Construction,0.79,,-0.341,51.742,14521
14678,Awaiting Construction,0.18,,-0.74,52.301,3091
14686,Awaiting Construction,0.39,,-1.548,52.232,7026
14689,Awaiting Construction,0.5,,1.272,52.671,9087
14690,Awaiting Construction,0.6,,-3.151,51.479,10961
14692,Awaiting Construction,39.99,,-2.771,51.351,884000
14694,Awaiting Construction,0.85,,-4.811,50.428,23600
14696,Awaiting Construction,0.32,,-1.261,52.213,4500
14697,Awaiting Construction,0.15,,-0.313,51.083,2528
14699,Awaiting Construction,0.22,,-3.413,51.942,7600
14702,Awaiting Construction,0.44,,-0.325,51.486,7505
14707,Operational,0.3,2023-08-24,-1.526,53.783,5339
14716,Awaiting Construction,0.16,,-0.27,51.532,2716
14717,Revised,0.48,,-0.308,51.771,8712
14718,Application Submitted,0.18,,-0.206,51.377,3091
14719,Awaiting Construction,,,-2.494,52.122,4700
14721,Awaiting Construction,1.0,,-2.143,53.922,18456
14723,Awaiting Construction,1.6,,-1.823,52.509,29700
14725,Under Construction,,,-1.752,53.788,
14731,Awaiting Construction,0.63,,-1.991,50.744,11523
14732,Revised,0.16,,-0.316,51.755,2716
14733,Awaiting Construction,0.42,,-4.668,55.605,7588
14734,Revised,0.17,,0.403,50.906,2903
14735,Awaiting Construction,6.0,,-3.434,51.411,112150
14737,Awaiting Construction,0.26,,-2.214,53.502,4590
14738,Revised,0.65,,-3.241,55.957,11898
14748,Under Construction,0.17,,-3.238,50.981,2653
14749,Awaiting Construction,0.3,,-2.194,53.369,5339
14750,Awaiting Construction,0.4,,-1.166,52.666,7213
14751,Awaiting Construction,0.19,,-0.177,51.801,3278
14752,Awaiting Construction,0.16,,-1.546,54.788,2716
14753,Awaiting Construction,0.18,,-0.291,51.372,3091
14754,Operational,1.7,2024-11-12,-0.777,51.283,31573
14756,Awaiting Construction,0.43,,-0.179,53.618,7775
14757,Application Submitted,,,-4.167,55.783,5911
14758,Awaiting Construction,0.72,,0.212,51.123,13210
14765,Application Submitted,20.0,,-4.095,54.933,374491
14773,Application Submitted,35.0,,inf,inf,655571
14774,Operational,3.0,2023-09-05,-0.27,51.658,59000
14775,Awaiting Construction,0.7,,-2.447,52.677,12835
14777,Awaiting Construction,0.6,,-1.55,53.844,10961
14780,Awaiting Construction,0.23,,0.687,51.909,4028
14781,Awaiting Construction,0.22,,-2.319,53.47,3840
14782,Awaiting Construction,1.47,,-3.185,56.176,27264
14783,Awaiting Construction,0.18,,0.155,51.22,3091
14789,Awaiting Construction,0.19,,0.146,51.455,3278
14793,Application Submitted,30.81,,-1.493,54.434,398600
14795,Application Submitted,30.0,,-1.111,52.051,409900
14798,Under Construction,1.78,,-2.477,51.216,33072
14799,Awaiting Construction,0.17,,0.024,51.598,2903
14801,Awaiting Construction,0.34,,-1.544,53.766,6089
14802,Awaiting Construction,0.7,,-0.26,51.554,14200
14806,Application Submitted,740.0,,-0.794,53.223,14090000
14809,Awaiting Construction,0.26,,-0.833,52.245,4590
14810,Operational,0.41,2023-08-01,-2.935,53.033,7401
14819,Awaiting Construction,0.44,,-3.492,50.913,7963
14820,Awaiting Construction,0.2,,-2.072,52.516,3465
14821,Awaiting Construction,,,-0.533,51.498,43200
14825,No Application Required,,,-2.992,51.585,
14826,Awaiting Construction,0.67,,-1.625,52.596,12273
14827,Application Submitted,0.18,,-0.374,51.466,3091
14828,Awaiting Construction,0.15,,-2.09,51.901,2528
14831,Awaiting Construction,0.18,,-2.703,52.378,3091
14832,Awaiting Construction,49.9,,-0.29,50.995,733000
14838,Awaiting Construction,0.22,,-2.197,51.867,3840
14839,Awaiting Construction,16.0,,-1.906,54.551,272100
14841,Awaiting Construction,0.88,,-1.222,52.783,16208
14842,Awaiting Construction,0.75,,-1.386,52.529,19878
14843,Awaiting Construction,0.18,,0.896,51.902,3091
14844,Awaiting Construction,0.16,,-1.756,51.568,2716
14845,Awaiting Construction,0.42,,-0.803,51.82,7588
14846,Awaiting Construction,0.15,,-1.49,51.787,2528
14853,Awaiting Construction,0.27,,-1.359,53.09,4777
14854,Awaiting Construction,2.5,,0.377,51.142,46564
14855,Awaiting Construction,0.16,,-4.501,55.481,2000
14861,Revised,10.0,,0.535,51.07,168700
14863,Revised,6.0,,0.523,51.056,148500
14865,Awaiting Construction,0.44,,0.34,51.445,7963
14866,Awaiting Construction,0.33,,-0.225,51.355,5901
14867,Application Submitted,,,-1.492,52.372,70400
14870,Awaiting Construction,,,-1.587,51.767,9456
14872,Awaiting Construction,,,-1.2,53.041,
14873,Awaiting Construction,49.9,,-0.199,52.224,784500
14878,Awaiting Construction,10.0,,-0.22,51.781,187104
14879,Awaiting Construction,0.2,,-2.734,52.742,3465
14881,Application Submitted,30.0,,-2.879,54.747,484000
14883,Awaiting Construction,0.9,,-2.858,53.478,16582
14884,Awaiting Construction,1.09,,-1.725,51.588,20143
14885,Awaiting Construction,0.24,,-2.157,53.531,4215
14886,Awaiting Construction,0.37,,-1.335,52.053,6651
14887,Awaiting Construction,22.0,,-2.54,53.258,559800
14889,Awaiting Construction,0.68,,-4.044,55.786,12460
14893,Awaiting Construction,0.89,,-1.75,54.873,16395
14894,Awaiting Construction,3.0,,-1.628,52.593,55934
14896,Awaiting Construction,0.2,,-0.203,51.95,3465
14898,Awaiting Construction,,,-1.58,54.76,9235
14900,Awaiting Construction,0.56,,-0.732,52.053,10211
14905,Awaiting Construction,0.24,,0.193,51.048,4215
14909,Awaiting Construction,0.23,,-2.446,52.674,4028
14910,Awaiting Construction,0.43,,-0.117,51.55,7775
14911,Awaiting Construction,0.53,,-1.243,52.457,9649
14914,Awaiting Construction,49.9,,-2.097,52.322,934776
14915,Awaiting Construction,0.24,,-4.241,55.883,4215
14916,Awaiting Construction,0.77,,-0.734,52.423,14146
14917,Awaiting Construction,0.17,,-1.09,52.658,2903
14918,Awaiting Construction,0.29,,-2.118,53.263,5152
14920,Awaiting Construction,,,-2.179,53.468,
14923,Awaiting Construction,12.0,,-1.153,51.416,224582
14928,Awaiting Construction,0.24,,-0.493,51.66,4215
14930,Under Construction,9.89,,0.378,51.863,185043
14931,Awaiting Construction,0.26,,-2.138,52.635,4590
14933,Awaiting Construction,0.18,,-0.659,53.59,3091
14934,Awaiting Construction,0.32,,-2.56,51.506,5714
14936,Application Submitted,0.53,,-2.991,53.175,9649
14937,Application Submitted,0.15,,-3.175,55.98,2528
14941,Awaiting Construction,0.17,,-2.858,52.036,2903
14944,Revised,0.38,,-1.836,52.455,6838
14945,Revised,5.0,,-1.035,51.426,93411
14947,Awaiting Construction,,,-1.308,52.822,63600
14948,Awaiting Construction,0.24,,-0.063,51.494,4215
14959,Application Submitted,49.9,,-1.817,54.913,1104000
14964,Awaiting Construction,0.16,,-0.4,51.494,2716
14965,Awaiting Construction,0.2,,-1.985,52.582,3465
14966,Awaiting Construction,0.24,,-0.384,51.451,4215
14969,Awaiting Construction,0.33,,-1.136,51.901,5901
14970,Awaiting Construction,0.68,,-0.498,50.818,12460
14971,Awaiting Construction,0.55,,-1.139,51.235,10024
14974,Awaiting Construction,2.0,,-1.959,50.768,30000
14975,Awaiting Construction,0.2,,-1.583,53.681,3465
14976,Awaiting Construction,0.88,,-2.56,51.506,16208
14978,Awaiting Construction,,,-1.809,55.598,4800
14979,Awaiting Construction,0.62,,-1.273,52.352,11336
14980,Awaiting Construction,0.39,,-2.834,56.492,7026
14981,Awaiting Construction,0.34,,-0.73,52.421,6089
14982,Operational,0.36,2023-09-07,-1.205,52.891,6464
14983,Awaiting Construction,0.58,,0.069,51.761,10586
14994,Application Submitted,60.0,,-3.297,56.532,1046000
15000,Application Submitted,320.0,,-0.334,53.839,8910000
15002,Operational,0.21,2023-10-04,-5.082,50.046,3653
15003,Under Construction,4.5,,-1.075,50.839,84042
15007,Awaiting Construction,0.15,,-2.56,51.448,2528
15008,Revised,0.35,,-1.326,54.822,6276
15009,Awaiting Construction,0.42,,-0.692,51.582,7588
15010,Awaiting Construction,0.17,,-1.237,54.524,2903
15012,Awaiting Construction,0.21,,-2.01,52.582,3653
15013,Awaiting Construction,30.0,,1.36,51.363,415500
15014,Awaiting Construction,0.37,,-1.746,52.488,6651
15015,Awaiting Construction,0.19,,-3.996,55.014,2500
15016,Awaiting Construction,0.27,,-2.656,53.546,4777
15022,Awaiting Construction,1.96,,-1.809,51.557,36445
15026,Awaiting Construction,0.99,,-1.038,53.528,18269
15030,Awaiting Construction,0.8,,-0.218,51.408,14709
15031,Awaiting Construction,0.25,,-1.663,53.796,4402
15032,Awaiting Construction,3.27,,-1.284,50.885,82000
15033,Awaiting Construction,0.5,,-1.707,52.628,9087
15034,Revised,0.17,,-0.922,52.487,2903
15037,Awaiting Construction,,,-4.192,57.474,
15039,Awaiting Construction,0.24,,-4.717,51.669,4215
15048,Awaiting Construction,0.21,,-0.248,51.629,3653
15049,Under Construction,0.24,,0.039,51.511,4215
15055,Awaiting Construction,0.19,,-1.524,52.455,3278
15056,Awaiting Construction,0.3,,-1.762,51.889,5339
15057,Awaiting Construction,0.26,,-1.309,54.563,4100
15058,Awaiting Construction,0.39,,-2.031,53.07,7026
15060,Awaiting Construction,35.0,,-1.937,52.056,655571
15062,Awaiting Construction,0.18,,-4.493,55.609,3091
15065,Awaiting Construction,0.64,,-1.76,52.818,11710
15066,Awaiting Construction,0.2,,-3.952,50.387,3465
15067,Awaiting Construction,0.15,,-1.727,55.199,2528
15068,Awaiting Construction,0.23,,-2.206,52.213,4028
15069,Awaiting Construction,0.29,,-1.554,54.548,5152
15070,Awaiting Construction,0.16,,-0.305,50.957,2716
15071,Awaiting Construction,0.29,,-0.305,50.957,5152
15072,Awaiting Construction,49.99,,-0.375,52.323,942000
15076,Awaiting Construction,0.57,,0.145,51.529,10399
15077,Awaiting Construction,0.15,,-3.068,51.015,2528
15078,Awaiting Construction,0.21,,-1.608,52.264,3653
15083,Awaiting Construction,20.0,,-1.021,52.924,560000
15085,Awaiting Construction,41.0,,0.749,51.308,649000
15090,Awaiting Construction,0.26,,0.21,50.886,4590
15091,Operational,0.24,2024-06-07,-1.486,54.221,4215
15094,Awaiting Construction,0.47,,-1.793,52.405,8525
15095,Awaiting Construction,0.34,,0.122,51.42,6089
15096,Awaiting Construction,0.27,,-3.129,50.93,4777
15097,Awaiting Construction,0.68,,-1.497,55.025,12460
15098,Awaiting Construction,0.53,,-1.496,55.024,9649
15104,Awaiting Construction,0.64,,-1.213,54.681,11710
15105,Awaiting Construction,0.66,,-1.497,55.023,12085
15107,Awaiting Construction,0.49,,-4.31,53.253,8900
15108,Awaiting Construction,0.46,,-4.323,55.799,8337
15109,Awaiting Construction,0.24,,-2.861,53.46,4215
15110,Awaiting Construction,0.21,,-0.626,51.443,3653
15111,Awaiting Construction,0.75,,-0.309,53.24,13772
15113,Awaiting Construction,11.0,,-0.494,53.378,160000
15115,Awaiting Construction,0.89,,0.261,52.105,16395
15118,Awaiting Construction,0.16,,-2.445,53.419,2716
15121,Awaiting Construction,0.3,,-0.956,51.739,5339
15122,Awaiting Construction,0.51,,-1.516,54.91,9274
15123,Awaiting Construction,0.4,,-2.298,53.507,7213
15124,Awaiting Construction,0.32,,-2.032,50.718,5714
15132,Awaiting Construction,3.0,,-4.566,55.848,45200
15133,Awaiting Construction,0.62,,0.075,51.202,11336
15134,Awaiting Construction,,,0.065,51.507,
15135,Revised,0.45,,-0.022,51.677,8150
15136,Awaiting Construction,0.22,,-0.241,51.688,3840
15137,Awaiting Construction,0.7,,-2.479,53.104,12835
15138,Application Submitted,10.0,,-0.625,52.308,208800
15139,Awaiting Construction,,,-0.976,51.415,4863
15140,Awaiting Construction,0.38,,-0.269,51.536,4938
15145,Awaiting Construction,40.0,,-2.126,51.501,1027600
15148,Awaiting Construction,0.16,,-2.212,52.996,2716
15149,Application Submitted,800.0,,-0.813,53.138,17650000
15157,Awaiting Construction,0.5,,-1.641,54.963,9087
15158,Awaiting Construction,0.69,,-1.449,54.978,12647
15160,Awaiting Construction,0.45,,-0.756,53.409,8150
15161,Awaiting Construction,0.2,,-1.576,54.604,3465
15162,Awaiting Construction,0.99,,0.748,51.415,18269
15166,Awaiting Construction,10.0,,-1.404,53.61,187104
15178,Awaiting Construction,0.16,,-4.239,50.416,2716
15180,Awaiting Construction,49.99,,-0.403,52.992,759100
15181,Awaiting Construction,,,-2.844,53.35,
15182,Awaiting Construction,2.64,,-0.022,51.677,49188
15188,Awaiting Construction,10.0,,-0.926,52.682,160300
15193,Awaiting Construction,46.0,,-0.549,52.933,1449000
15196,Revised,0.4,,-0.146,51.472,7213
15197,Revised,12.0,,-2.636,56.574,242800
15200,Awaiting Construction,0.76,,-2.03,57.692,14800
15203,No Application Required,,,-3.041,51.554,
15206,Awaiting Construction,0.2,,-1.817,53.785,3465
15208,Awaiting Construction,0.19,,-2.201,57.212,3278
15209,Awaiting Construction,0.9,,-0.67,52.036,16582
15212,Awaiting Construction,0.17,,-0.316,51.755,2903
15213,Awaiting Construction,1.0,,-1.978,53.45,23500
15217,Awaiting Construction,1.0,,-0.478,52.11,18456
15218,Awaiting Construction,1.0,,-0.478,52.11,18456
15219,Awaiting Construction,0.6,,-2.087,52.561,10961
15221,Awaiting Construction,0.38,,-0.917,51.391,6838
15222,Awaiting Construction,0.22,,0.689,52.639,3840
15226,Awaiting Construction,0.16,,-0.308,51.771,2716
15227,Awaiting Construction,0.25,,-0.199,52.346,4402
15228,Awaiting Construction,0.16,,-1.44,53.235,2716
15229,Awaiting Construction,0.15,,-6.812,54.537,2000
15236,Awaiting Construction,0.8,,-2.293,51.75,11510
15241,Awaiting Construction,0.41,,-1.245,50.869,7401
15247,Awaiting Construction,49.99,,-1.271,54.695,629000
15250,Awaiting Construction,0.22,,-0.467,51.551,7600
15251,Awaiting Construction,4.0,,-3.922,56.076,74672
15252,Application Submitted,450.0,,-0.819,53.365,8883100
15255,Awaiting Construction,0.43,,-2.356,53.75,7775
15258,Revised,0.24,,-1.95,52.495,4215
15261,Awaiting Construction,0.37,,-0.263,51.535,6651
15264,Awaiting Construction,0.35,,-1.746,52.398,12000
15265,Awaiting Construction,0.32,,-1.539,54.483,5714
15266,Awaiting Construction,0.23,,-1.68,52.198,4028
15267,Awaiting Construction,28.0,,-1.18,53.959,824700
15268,Awaiting Construction,0.25,,-1.697,54.651,4402
15269,Application Submitted,39.0,,-0.705,52.447,1050000
15271,Application Submitted,49.8,,0.046,52.564,1093700
15273,Application Submitted,38.0,,-1.408,53.05,711786
15279,Awaiting Construction,0.59,,-0.357,51.599,10774
15280,Awaiting Construction,0.17,,-1.752,53.854,2903
15283,Awaiting Construction,0.15,,-1.827,53.797,2528
15284,Awaiting Construction,0.25,,-2.39,51.539,4402
15285,Awaiting Construction,0.41,,-1.546,53.766,7401
15286,Awaiting Construction,0.2,,-3.142,55.861,3465
15293,Awaiting Construction,0.37,,-1.385,53.527,12120
15298,Awaiting Construction,,,-3.486,51.494,
15301,Awaiting Construction,0.5,,-2.511,51.148,9087
15316,Awaiting Construction,0.83,,-0.559,53.934,15271
15317,Awaiting Construction,0.27,,-1.128,53.503,4777
15318,Application Submitted,16.5,,0.605,51.905,294900
15322,Awaiting Construction,0.45,,-0.668,51.927,8150
15324,Awaiting Construction,1.2,,1.013,52.181,18000
15325,Awaiting Construction,0.6,,-3.014,53.102,10961
15326,Awaiting Construction,0.19,,-2.576,51.455,3278
15330,Awaiting Construction,0.24,,-2.091,53.46,4215
15332,Awaiting Construction,0.9,,-2.137,52.837,16582
15337,Awaiting Construction,0.91,,-2.11,53.486,16770
15340,Under Construction,1.05,,-2.644,51.436,19393
15344,Awaiting Construction,0.5,,0.167,52.195,9087
15345,Awaiting Construction,0.3,,0.228,51.437,5339
15349,Awaiting Construction,0.38,,-0.353,53.792,6838
15350,Revised,0.3,,-1.897,52.552,5339
15352,Awaiting Construction,0.59,,-2.159,57.123,10774
15353,Awaiting Construction,0.33,,-0.068,51.635,5901
15354,Awaiting Construction,0.22,,-3.043,56.174,2800
15357,Awaiting Construction,0.33,,-0.131,51.424,5901
15358,Awaiting Construction,0.2,,0.948,51.114,3465
15359,Revised,0.34,,-0.268,51.534,6089
15362,Awaiting Construction,0.17,,0.947,52.678,2903
15363,Awaiting Construction,0.23,,0.319,53.142,4028
15364,Awaiting Construction,0.21,,0.228,52.387,3653
15366,Awaiting Construction,0.71,,-3.202,51.448,13022
15367,Awaiting Construction,0.4,,-0.391,51.911,7213
15371,Awaiting Construction,0.17,,0.504,50.916,2903
15372,Awaiting Construction,0.22,,-2.499,53.203,3840
15379,Awaiting Construction,47.5,,-0.934,51.223,1050000
15380,Awaiting Construction,0.24,,-2.412,52.875,4215
15392,Awaiting Construction,0.16,,-1.453,52.901,2716
15393,Awaiting Construction,1.2,,-4.699,50.47,36000
15396,Awaiting Construction,49.9,,-0.582,52.912,1441400
15400,Awaiting Construction,36.0,,0.464,52.051,674309
15403,Awaiting Construction,0.84,,0.219,51.454,15458
15405,Awaiting Construction,0.3,,-1.809,52.395,5339
15406,Awaiting Construction,0.19,,-1.203,52.765,3278
15411,Awaiting Construction,49.9,,-2.593,51.553,828500
15414,Awaiting Construction,0.19,,-2.791,56.329,3278
15433,Awaiting Construction,0.17,,-2.163,52.625,4700
15436,Awaiting Construction,0.85,,-2.344,57.228,15646
15437,Awaiting Construction,0.92,,-3.009,56.194,16957
15439,Awaiting Construction,0.29,,-3.041,51.554,8000
15441,Awaiting Construction,0.18,,-2.089,55.871,3091
15443,Awaiting Construction,49.9,,-1.191,51.666,881000
15448,Awaiting Construction,4.3,,-1.634,53.096,80294
15449,Awaiting Construction,0.33,,-0.174,51.606,5901
15451,Under Construction,12.0,,0.029,51.332,224582
15452,Awaiting Construction,49.99,,-1.294,54.148,944300
15453,Awaiting Construction,0.61,,-2.969,53.635,11148
15454,Awaiting Construction,0.27,,-2.932,53.247,4777
15455,Awaiting Construction,0.25,,-2.169,53.534,4402
15459,Awaiting Construction,0.35,,-1.326,54.822,6276
15461,Awaiting Construction,17.0,,0.445,51.601,318275
15464,Awaiting Construction,2.09,,-0.633,51.894,38881
15466,Awaiting Construction,0.61,,-4.002,50.98,11148
15467,Awaiting Construction,0.5,,-0.937,54.253,9087
15468,Awaiting Construction,0.91,,1.043,51.871,16770
15469,Awaiting Construction,1.82,,0.582,51.36,30000
15475,Awaiting Construction,0.46,,-0.195,51.346,8337
15476,Revised,0.76,,-1.374,54.914,13959
15478,Awaiting Construction,0.53,,-2.72,52.31,9649
15479,Awaiting Construction,0.73,,-1.858,52.462,13397
15481,Under Construction,2.1,,-5.948,55.853,76600
15484,Awaiting Construction,0.65,,-0.361,53.733,11898
15489,Application Submitted,0.23,,-0.291,51.491,4028
15491,Revised,9.0,,-3.037,53.572,135200
15492,Awaiting Construction,0.21,,-0.305,50.958,3653
15493,Awaiting Construction,0.6,,-2.032,52.542,10961
15495,Awaiting Construction,0.43,,1.013,52.176,7775
15496,Awaiting Construction,0.25,,-1.292,51.398,4402
15503,Awaiting Construction,0.18,,-0.506,51.343,3091
15504,Awaiting Construction,0.16,,-1.966,51.712,2716
15506,Awaiting Construction,0.2,,-1.031,53.797,3465
15507,Awaiting Construction,0.4,,0.462,51.587,7213
15508,Awaiting Construction,0.3,,-1.965,52.484,5339
15509,Awaiting Construction,0.2,,-4.371,55.873,3465
15510,Awaiting Construction,0.58,,-1.452,52.72,10586
15511,Application Submitted,0.29,,0.171,51.871,5152
15512,Awaiting Construction,0.23,,-0.323,52.09,4028
15513,Awaiting Construction,0.32,,0.607,51.554,5714
15514,Awaiting Construction,0.3,,-1.701,52.524,5339
15519,Awaiting Construction,1.0,,0.789,51.531,18456
15520,Awaiting Construction,7.0,,-1.369,53.947,130888
15521,Awaiting Construction,0.27,,-2.518,54.114,5300
15522,Awaiting Construction,0.52,,-0.503,52.099,9462
15524,Application Submitted,23.0,,-1.262,51.345,294000
15525,Awaiting Construction,0.35,,-1.418,53.254,6276
15526,Awaiting Construction,0.28,,0.271,51.203,4965
15531,Awaiting Construction,0.65,,-3.241,55.957,11898
15536,Application Submitted,18.0,,-4.656,58.01,238000
15538,Application Submitted,80.0,,-3.509,56.131,1270000
15546,Application Submitted,0.19,,-1.91,52.481,3278
15548,Awaiting Construction,49.9,,-1.223,54.158,934776
15560,Application Submitted,30.0,,-4.894,51.668,1000000
15561,Application Submitted,30.0,,-4.966,51.764,566000
15563,Application Submitted,39.9,,-3.31,51.6,709000
15568,Awaiting Construction,,,-3.127,50.929,6700
15572,Awaiting Construction,0.3,,-1.464,50.936,5339
15578,Awaiting Construction,0.18,,-1.712,52.518,3091
15581,Under Construction,1.15,,-0.759,51.278,16600
15583,Awaiting Construction,0.24,,-0.721,52.292,4215
15585,Awaiting Construction,0.2,,-2.498,51.447,3465
15586,Awaiting Construction,16.6,,-2.017,52.948,241400
15587,Awaiting Construction,0.17,,-2.637,51.015,2903
15588,Awaiting Construction,0.24,,-0.291,51.552,4215
15590,Awaiting Construction,0.29,,0.171,51.871,5152
15591,Under Construction,2.18,,-2.703,52.961,44600
15592,Awaiting Construction,1.1,,-3.398,50.7,20330
15593,Awaiting Construction,1.5,,-0.689,53.766,27826
15595,Application Submitted,3.0,,-4.606,55.588,38100
15597,Awaiting Construction,0.25,,-1.433,50.934,4402
15598,Awaiting Construction,0.34,,-0.268,51.533,6089
15600,Awaiting Construction,0.16,,-1.654,55.006,5053
15601,Awaiting Construction,0.21,,-1.245,52.761,4900
15602,Awaiting Construction,0.15,,-1.952,50.906,2528
15603,Awaiting Construction,0.2,,-1.069,51.292,2800
15606,Awaiting Construction,0.19,,-1.493,53.378,3278
15608,Awaiting Construction,0.86,,1.309,52.624,15833
15609,Awaiting Construction,0.16,,-1.938,52.677,2716
15614,Awaiting Construction,0.3,,-1.64,55.269,5339
15617,Under Construction,9.0,,-4.898,51.697,113400
15619,Application Submitted,49.9,,-4.908,50.339,810000
15620,Awaiting Construction,0.36,,-3.005,51.125,6464
15621,Awaiting Construction,0.22,,0.158,53.302,3840
15622,Awaiting Construction,0.38,,-0.296,54.163,6838
15623,Awaiting Construction,0.26,,-0.079,51.487,4590
15624,Awaiting Construction,0.23,,-2.21,53.053,4028
15625,Awaiting Construction,0.18,,-1.713,52.195,3091
15641,Awaiting Construction,19.0,,0.874,51.677,332100
15649,Application Submitted,2.02,,-3.093,51.146,37570
15650,Awaiting Construction,0.23,,-3.817,54.917,4028
15651,Awaiting Construction,0.76,,-1.79,51.044,13959
15653,Application Submitted,31.2,,-1.299,53.365,584364
15655,Awaiting Construction,0.38,,-1.811,51.558,6838
15656,Awaiting Construction,1.3,,0.761,51.351,24078
15658,Awaiting Construction,,,-1.219,51.764,
15659,Awaiting Construction,0.7,,-3.001,53.435,12835
15661,Awaiting Construction,1.2,,-0.657,51.465,22204
15663,Awaiting Construction,0.3,,-1.452,52.414,5339
15664,Awaiting Construction,0.3,,-2.923,56.353,7050
15665,Awaiting Construction,0.19,,0.606,51.245,3278
15669,Awaiting Construction,0.17,,0.01,51.545,2903
15672,Application Submitted,49.9,,-0.073,51.947,850000
15675,Awaiting Construction,0.32,,-2.467,51.277,5714
15676,Awaiting Construction,0.34,,-1.292,51.406,6089
15677,Revised,0.25,,-1.581,52.307,4402
15678,Awaiting Construction,,,-3.02,53.467,
15679,Awaiting Construction,,,-3.004,53.45,
15680,Awaiting Construction,,,-3.004,53.45,
15681,Awaiting Construction,,,-3.02,53.467,
15682,Awaiting Construction,,,-3.02,53.467,
15683,Awaiting Construction,,,-2.998,53.435,
15684,Awaiting Construction,,,-3.02,53.467,
15685,Awaiting Construction,,,-3.011,53.457,
15687,Awaiting Construction,,,-3.02,53.467,
15688,Awaiting Construction,,,-3.006,53.452,
15691,Awaiting Construction,0.77,,-1.454,52.916,14146
15692,Awaiting Construction,0.31,,-1.473,52.919,5527
15693,Awaiting Construction,0.21,,-1.538,54.518,3653
15694,Awaiting Construction,,,-3.01,53.441,
15695,Awaiting Construction,,,-3.02,53.467,
15696,Application Submitted,,,-3.026,53.467,
15697,Application Submitted,10.0,,-2.8,53.922,177400
15699,Awaiting Construction,0.31,,-3.004,53.45,5527
15703,Awaiting Construction,,,-3.026,53.467,
15704,Awaiting Construction,0.83,,-2.085,53.715,15271
15705,Awaiting Construction,0.25,,-2.107,52.492,4402
15706,Awaiting Construction,0.88,,-1.084,52.912,16208
15707,Awaiting Construction,10.38,,-0.588,52.262,194225
15718,Awaiting Construction,27.76,,-4.018,50.95,519903
15720,Awaiting Construction,0.25,,-0.079,51.633,4402
15721,Awaiting Construction,1.46,,-3.007,53.432,27076
15722,Awaiting Construction,0.2,,-1.759,53.804,3465
15723,Awaiting Construction,1.01,,-3.0,51.566,31000
15724,Awaiting Construction,,,-3.007,53.452,
15725,Awaiting Construction,0.2,,-3.028,53.465,3465
15726,Awaiting Construction,0.46,,0.183,51.578,8337
15727,Awaiting Construction,0.15,,-3.027,53.468,2528
15728,Awaiting Construction,0.43,,-1.558,53.79,7775
15732,Operational,0.25,2024-01-30,-2.464,51.45,4402
15733,Awaiting Construction,0.42,,-0.834,53.428,9841
15734,Awaiting Construction,0.25,,-2.36,53.47,4402
15736,Awaiting Construction,0.21,,-1.185,52.592,5465
15738,Awaiting Construction,0.2,,-2.415,53.597,3465
15739,Awaiting Construction,0.16,,-2.081,51.907,2716
15740,Awaiting Construction,0.43,,1.328,51.965,7775
15741,Awaiting Construction,,,-3.001,53.447,
15742,Awaiting Construction,0.5,,-3.465,50.731,9087
15743,Under Construction,3.25,,-1.158,52.669,60618
15744,Awaiting Construction,0.15,,-3.451,52.216,2528
15745,Awaiting Construction,0.3,,-2.13,51.477,5339
15747,Awaiting Construction,0.27,,-1.494,51.997,4439
15751,Application Submitted,12.5,,0.622,52.111,202300
15760,Awaiting Construction,40.0,,-4.476,55.855,618000
15761,Awaiting Construction,0.3,,-0.495,52.107,5339
15762,Awaiting Construction,0.29,,-0.208,51.485,5152
15763,Awaiting Construction,0.18,,-0.236,51.513,3091
15764,Awaiting Construction,0.23,,1.489,52.296,3688
15765,Awaiting Construction,0.16,,-0.506,51.338,2716
15767,Awaiting Construction,1.0,,0.757,52.24,18456
15768,Awaiting Construction,2.2,,-1.704,52.531,40943
15769,Awaiting Construction,0.31,,1.374,52.633,5527
15770,Awaiting Construction,0.53,,-1.802,52.396,9649
15772,Awaiting Construction,0.32,,-2.127,57.119,5714
15775,Awaiting Construction,0.18,,-0.478,51.347,3091
15776,Awaiting Construction,1.3,,-1.282,53.282,24078
15778,Awaiting Construction,1.12,,-1.347,53.09,20705
15780,Awaiting Construction,1.47,,-0.585,51.325,27264
15782,Awaiting Construction,2.0,,-1.809,51.598,37195
15793,Application Submitted,600.0,,-0.768,52.291,11242909
15800,Awaiting Construction,1.88,,-3.446,50.703,30100
15801,Awaiting Construction,0.44,,-2.453,53.099,7963
15804,Awaiting Construction,0.16,,-5.493,50.203,2716
15805,Awaiting Construction,0.3,,-1.144,52.926,5339
15806,Awaiting Construction,3.2,,-1.436,53.725,59681
15808,Awaiting Construction,0.27,,-0.52,53.836,4777
15809,Awaiting Construction,0.35,,-2.913,51.352,6276
15810,Awaiting Construction,0.47,,-2.467,51.502,8525
15811,Awaiting Construction,0.62,,-2.876,53.343,11336
15813,Awaiting Construction,0.21,,-0.292,50.842,3653
15816,Awaiting Construction,0.3,,0.018,52.258,5339
15817,Awaiting Construction,2.95,,-0.848,53.753,54997
15818,Awaiting Construction,0.31,,-0.706,52.051,5527
15819,Awaiting Construction,0.27,,-1.212,53.006,4777
15820,Awaiting Construction,2.8,,-3.514,55.914,52186
15821,Awaiting Construction,0.18,,-2.16,52.159,3091
15824,Revised,0.17,,-1.468,52.364,2903
15827,Revised,0.32,,-1.764,52.452,5714
15828,Awaiting Construction,16.0,,0.237,51.503,227000
15830,Application Submitted,0.37,,-2.035,52.538,6651
15831,Awaiting Construction,0.37,,-3.146,51.499,6651
15832,Awaiting Construction,0.32,,-2.281,51.811,5714
15834,Awaiting Construction,0.5,,-3.758,54.967,9087
15844,Awaiting Construction,0.51,,-0.986,51.433,9274
15845,Awaiting Construction,0.16,,-1.523,54.989,2716
15846,Awaiting Construction,0.21,,-1.0,51.461,3653
15847,Awaiting Construction,0.7,,-2.086,52.716,12835
15848,Awaiting Construction,0.5,,-2.474,51.493,9087
15849,Awaiting Construction,0.17,,0.045,51.516,2903
15851,Awaiting Construction,3.1,,-1.385,53.574,57808
15852,Awaiting Construction,0.36,,-2.783,53.543,6464
15853,Awaiting Construction,0.18,,-1.561,53.139,3091
15854,Awaiting Construction,1.0,,-3.952,52.988,18456
15855,Awaiting Construction,0.27,,-0.887,52.185,4777
15856,Awaiting Construction,0.15,,-3.016,53.821,2528
15857,Awaiting Construction,0.43,,-2.651,53.309,7775
15864,Awaiting Construction,0.15,,-4.164,57.606,2528
15865,Awaiting Construction,0.89,,-2.99,53.175,16395
15868,Awaiting Construction,0.36,,-2.351,53.384,6464
15869,Awaiting Construction,0.34,,-1.693,55.402,6089
15870,Awaiting Construction,0.26,,-1.796,53.804,4590
15871,Awaiting Construction,0.23,,-1.127,50.782,4028
15872,Awaiting Construction,4.1,,-1.41,53.03,76546
15873,Awaiting Construction,0.21,,-3.78,56.012,3300
15876,Application Submitted,0.21,,-2.553,56.886,3653
15879,Awaiting Construction,0.3,,-1.897,52.552,5339
15880,Awaiting Construction,20.0,,0.127,51.888,328600
15882,Awaiting Construction,15.0,,-2.247,51.903,251000
15888,Awaiting Construction,0.39,,-1.421,53.408,7026
15889,Awaiting Construction,0.37,,-0.983,51.422,6651
15890,Awaiting Construction,0.41,,-0.759,52.057,7401
15891,Awaiting Construction,0.21,,-0.272,51.537,3653
15892,Awaiting Construction,0.16,,0.589,51.985,2716
15893,Awaiting Construction,0.2,,-1.508,53.643,3465
15894,Awaiting Construction,1.2,,0.449,50.971,29300
15900,Awaiting Construction,0.35,,-1.373,53.231,4900
15901,Awaiting Construction,0.5,,0.022,52.422,9087
15903,Awaiting Construction,0.38,,-2.856,53.183,6838
15904,Awaiting Construction,0.17,,-1.199,51.95,2903
15905,Awaiting Construction,0.24,,-3.014,53.227,4215
15906,Awaiting Construction,0.25,,-4.093,55.778,4402
15912,Awaiting Construction,0.22,,-2.169,51.84,3840
15913,Awaiting Construction,0.32,,-2.537,51.19,5714
15914,Awaiting Construction,0.17,,-1.574,54.206,2903
15915,Operational,0.71,2024-02-22,-2.526,51.738,13022
15916,Awaiting Construction,,,-1.728,52.465,21506
15917,Awaiting Construction,3.2,,-1.852,52.045,40300
15918,Awaiting Construction,0.21,,0.735,52.417,3653
15919,Awaiting Construction,0.17,,-1.973,52.417,2903
15923,Awaiting Construction,6.0,,-5.148,55.528,112150
15924,Awaiting Construction,0.38,,-1.238,51.608,6838
15925,Awaiting Construction,,,-0.589,53.111,
15926,Awaiting Construction,2.05,,-3.02,53.467,38132
15935,Awaiting Construction,0.29,,-0.002,51.134,5152
15937,Awaiting Construction,0.38,,-1.727,53.781,6838
15939,Awaiting Construction,0.25,,-1.727,52.465,4402
15944,Awaiting Construction,0.5,,-2.117,52.468,9087
15946,Awaiting Construction,0.84,,-1.218,52.641,15458
15947,Awaiting Construction,0.34,,-1.704,53.691,6089
15953,Awaiting Construction,0.18,,-0.844,50.835,3091
15954,Awaiting Construction,0.3,,-2.017,53.036,4852
15955,Awaiting Construction,0.28,,-1.793,52.405,4965
15957,Awaiting Construction,0.68,,-3.089,54.788,12460
15959,Awaiting Construction,0.26,,-5.036,55.831,4429
15973,Operational,0.24,2025-01-01,-4.134,55.78,5584
15976,Application Submitted,40.0,,-2.172,52.305,572000
15979,Awaiting Construction,0.95,,-2.651,51.535,17519
15984,Awaiting Construction,15.0,,-0.36,52.747,280797
15985,Awaiting Construction,,,-1.783,53.838,
15987,Awaiting Construction,0.28,,-1.388,52.731,4965
15988,Awaiting Construction,1.8,,-1.199,52.597,33447
15989,Awaiting Construction,0.68,,-1.199,52.597,12460
15990,Awaiting Construction,0.18,,-2.272,51.032,3091
15991,Awaiting Construction,0.37,,-2.416,51.54,6651
15992,Awaiting Construction,0.5,,-1.39,52.527,9087
15993,Awaiting Construction,0.27,,-1.101,52.626,4777
16000,Application Submitted,10.5,,-1.214,51.932,160000
16004,Application Submitted,20.0,,-0.24,51.215,272700
16008,Operational,49.9,2024-04-01,0.193,52.757,1183000
16010,Application Submitted,40.0,,-3.965,51.691,500000
16011,Awaiting Construction,0.15,,-2.169,53.411,2528
16014,Awaiting Construction,3.14,,-2.578,51.513,58557
16015,Awaiting Construction,0.4,,-1.25,52.411,7213
16022,Awaiting Construction,1.29,,-1.623,52.826,23891
16023,Awaiting Construction,0.35,,-2.314,53.468,6276
16024,Awaiting Construction,1.0,,-2.338,53.726,14400
16026,Application Submitted,82.5,,-3.804,55.555,1545656
16029,Awaiting Construction,0.33,,-2.354,53.738,5901
16030,Awaiting Construction,0.32,,0.58,51.362,5714
16031,Awaiting Construction,2.5,,-2.465,53.374,55600
16032,Awaiting Construction,0.97,,-2.341,53.797,17894
16033,Awaiting Construction,0.18,,-1.855,53.72,2625
16035,Awaiting Construction,20.0,,1.188,52.434,383000
16036,Awaiting Construction,0.22,,-6.238,55.685,3840
16039,Awaiting Construction,0.24,,1.382,52.818,4215
16040,Awaiting Construction,0.32,,-1.358,52.85,5714
16041,Revised,0.17,,0.043,51.587,2903
16042,Awaiting Construction,0.29,,-0.435,53.739,5152
16043,Awaiting Construction,0.15,,-0.955,50.869,2528
16044,Awaiting Construction,0.54,,-1.311,54.617,9837
16049,Awaiting Construction,1.3,,-0.283,52.608,24078
16051,Awaiting Construction,1.2,,-2.101,55.869,22204
16054,Awaiting Construction,0.23,,-1.433,50.931,4028
16057,Application Submitted,6.0,,-1.979,51.441,76000
16061,Awaiting Construction,0.16,,-2.576,53.337,2716
16062,Awaiting Construction,26.5,,-0.264,52.136,496292
16071,Awaiting Construction,0.3,,0.495,51.27,5339
16073,Awaiting Construction,0.17,,-0.922,52.487,2903
16076,Awaiting Construction,0.17,,-2.222,53.455,2903
16079,Awaiting Construction,0.21,,1.226,52.627,3653
16080,Revised,0.15,,-0.183,51.168,2528
16081,Awaiting Construction,49.9,,-1.321,54.683,782600
16087,Awaiting Construction,0.43,,-0.022,51.677,7775
16088,Awaiting Construction,0.47,,-2.643,51.545,8525
16089,Awaiting Construction,0.37,,-0.834,50.839,6651
16090,Awaiting Construction,0.17,,-1.538,53.798,2903
16091,Awaiting Construction,49.9,,-0.205,53.607,1095500
16093,Awaiting Construction,1.0,,-2.173,53.565,18456
16095,Awaiting Construction,0.17,,-1.63,52.815,2903
16097,Awaiting Construction,0.97,,-2.668,51.514,17894
16099,Awaiting Construction,0.16,,-1.069,50.988,2716
16100,Revised,40.0,,-2.819,51.116,634000
16103,Revised,0.22,,-2.391,53.745,3840
16104,Awaiting Construction,0.43,,-1.323,50.923,7775
16106,Awaiting Construction,0.3,,-0.754,51.312,5339
16110,Awaiting Construction,0.16,,-2.745,53.702,2716
16113,Application Submitted,20.0,,-0.489,51.048,413900
16116,Awaiting Construction,0.2,,0.648,51.808,3465
16117,Awaiting Construction,0.7,,0.1,51.768,12835
16118,Awaiting Construction,0.22,,-1.95,50.79,3840
16119,Under Construction,3.38,,-2.194,53.481,63054
16120,Operational,0.75,2025-06-01,-4.305,55.956,13772
16121,Awaiting Construction,0.3,,-3.188,55.289,4560
16124,Awaiting Construction,0.28,,0.113,52.245,4965
16127,Awaiting Construction,0.32,,0.143,51.064,5714
16129,Awaiting Construction,0.15,,-0.525,51.898,2528
16130,Awaiting Construction,0.46,,0.188,52.682,8337
16133,Awaiting Construction,0.26,,-0.782,52.041,4590
16134,Awaiting Construction,,,-0.241,52.075,
16135,Awaiting Construction,0.35,,-0.593,52.032,6276
16136,Awaiting Construction,0.16,,-2.193,51.433,2716
16141,Awaiting Construction,0.27,,-1.51,51.212,4777
16142,Awaiting Construction,0.2,,0.664,52.25,3465
16143,Awaiting Construction,2.28,,-1.485,53.788,42442
16144,Awaiting Construction,0.2,,-1.876,52.6,3465
16145,Awaiting Construction,0.58,,-3.224,54.108,10586
16146,Application Submitted,0.2,,-2.526,53.502,3465
16147,Application Submitted,0.31,,-1.351,53.072,5527
16148,Application Submitted,0.35,,-0.349,51.544,6276
16149,Application Submitted,0.25,,0.984,52.477,4402
16150,Application Submitted,0.17,,0.395,51.438,2903
16152,Application Submitted,0.52,,-1.221,51.743,9462
16154,Awaiting Construction,0.19,,-0.114,53.564,3278
16155,Awaiting Construction,23.5,,-0.556,54.199,494000
16165,Awaiting Construction,9.99,,-4.858,51.689,140500
16170,Awaiting Construction,12.1,,-0.625,51.237,226455
16172,Awaiting Construction,0.65,,-1.602,53.815,11898
16175,Awaiting Construction,,,-0.541,51.725,
16178,Awaiting Construction,3.5,,-2.202,51.869,65303
16179,Awaiting Construction,0.46,,-2.112,53.455,8337
16180,Awaiting Construction,1.0,,-1.248,53.117,18456
16184,Awaiting Construction,0.84,,-4.32,55.864,15458
16186,Awaiting Construction,0.27,,-1.134,54.022,4777
16188,Application Submitted,1.23,,-0.784,51.992,22766
16189,Awaiting Construction,,,-2.519,54.621,2369
16213,Awaiting Construction,0.33,,-2.905,52.093,4800
16214,Awaiting Construction,0.96,,-0.255,52.546,17707
16216,Awaiting Construction,0.38,,-2.075,52.594,6838
16217,Awaiting Construction,0.53,,-0.341,54.104,9649
16219,Awaiting Construction,0.3,,-2.88,52.243,5339
16220,Awaiting Construction,0.26,,-3.492,50.905,4590
16221,Awaiting Construction,0.36,,0.197,51.264,6464
16223,Awaiting Construction,0.71,,-1.374,54.914,9658
16224,Awaiting Construction,0.85,,-0.459,51.744,15646
16230,Awaiting Construction,0.2,,-1.935,52.074,3465
16233,Application Submitted,30.0,,-1.263,53.587,561877
16235,Awaiting Construction,0.65,,-2.01,52.506,11898
16236,Application Submitted,12.5,,-0.287,50.898,233951
16237,Awaiting Construction,8.0,,-1.338,54.82,149627
16238,Revised,0.38,,-1.845,54.856,6838
16239,Awaiting Construction,0.28,,-1.853,52.504,4965
16241,Awaiting Construction,,,-1.394,51.025,8600
16243,Awaiting Construction,0.26,,-0.36,51.828,4590
16244,Awaiting Construction,3.3,,1.339,51.317,61555
16246,Awaiting Construction,0.3,,-1.305,53.119,5339
16247,Awaiting Construction,,,-1.463,53.3,
16248,Awaiting Construction,0.24,,-5.043,50.261,4215
16249,Awaiting Construction,2.1,,0.52,52.833,39069
16251,Awaiting Construction,0.31,,-1.351,53.192,5527
16252,Awaiting Construction,1.15,,-1.765,53.677,21267
16253,Awaiting Construction,14.0,,0.087,53.422,205000
16256,Awaiting Construction,0.23,,-2.009,51.44,4028
16257,Awaiting Construction,1.6,,-2.301,51.752,29700
16261,Awaiting Construction,1.0,,-1.305,51.829,18456
16262,Awaiting Construction,4.0,,-2.701,53.713,74672
16264,Awaiting Construction,0.24,,-2.565,51.55,4215
16267,Awaiting Construction,0.45,,-3.028,53.553,8150
16268,Awaiting Construction,0.17,,-1.577,54.808,2903
16269,Awaiting Construction,0.8,,-0.672,52.29,14709
16270,Awaiting Construction,0.42,,-1.594,52.393,7588
16274,Awaiting Construction,,,-3.033,52.884,
16275,Awaiting Construction,0.44,,-1.693,52.641,7963
16278,Awaiting Construction,2.07,,-1.455,54.892,38507
16280,Awaiting Construction,0.2,,0.403,50.906,3465
16282,Application Submitted,0.16,,-1.514,53.832,2716
16283,Awaiting Construction,,,-1.407,52.911,3900
16284,Awaiting Construction,0.16,,-1.903,52.544,2716
16285,Revised,,,-2.357,51.687,
16287,Awaiting Construction,4.41,,-1.349,53.199,103100
16293,Awaiting Construction,,,-6.25,55.201,20500
16294,Awaiting Construction,1.64,,-4.485,55.853,22505
16296,Awaiting Construction,1.25,,-1.006,50.878,23141
16298,Revised,0.15,,-0.569,51.261,2528
16300,Awaiting Construction,0.24,,-0.221,51.38,4215
16301,Awaiting Construction,0.34,,-5.095,50.152,6089
16302,Awaiting Construction,1.13,,-1.32,53.506,20892
16303,Awaiting Construction,0.45,,-0.652,51.392,8150
16304,Awaiting Construction,0.93,,-3.292,51.578,17145
16305,Awaiting Construction,0.31,,-1.884,51.63,5527
16306,Awaiting Construction,0.24,,-0.363,51.506,4215
16307,Awaiting Construction,0.15,,-4.619,55.929,2528
16309,Awaiting Construction,0.38,,-2.802,52.72,6838
16310,Awaiting Construction,0.26,,-0.725,52.01,4590
16311,Awaiting Construction,0.64,,-2.658,53.416,11710
16313,Awaiting Construction,0.18,,-2.529,51.599,3091
16314,Awaiting Construction,0.39,,-3.987,55.93,7026
16327,Awaiting Construction,0.17,,-1.468,52.364,2903
16330,Awaiting Construction,0.26,,-3.033,52.884,4590
16331,Application Submitted,0.43,,-3.033,52.884,7775
16332,Awaiting Construction,0.31,,-1.569,53.976,4200
16334,Awaiting Construction,0.42,,0.156,52.649,7588
16335,Awaiting Construction,0.17,,-2.288,53.552,2903
16337,Awaiting Construction,29.9,,-6.547,54.299,644300
16340,Awaiting Construction,0.19,,-1.123,53.301,3278
16341,Awaiting Construction,0.25,,-1.259,51.773,4402
16342,Revised,8.8,,-0.698,51.666,164618
16344,Awaiting Construction,0.37,,-1.464,53.813,6651
16345,Application Submitted,5.26,,-1.521,50.907,135000
16346,Awaiting Construction,1.02,,0.882,51.944,18831
16350,Application Submitted,30.0,,-1.541,51.774,460000
16352,Awaiting Construction,0.15,,-0.278,53.752,2528
16354,Awaiting Construction,0.27,,-0.366,54.24,4777
16355,Awaiting Construction,20.6,,-2.576,52.092,292000
16358,Awaiting Construction,1.75,,-0.681,52.039,32510
16360,Awaiting Construction,0.65,,-1.674,52.793,11898
16361,Awaiting Construction,0.18,,-1.749,53.669,3091
16362,Awaiting Construction,1.19,,-2.735,53.46,22017
16363,Revised,10.0,,-2.451,53.487,187104
16367,Operational,2.0,2025-12-01,-1.439,53.585,28700
16369,Awaiting Construction,0.65,,-4.229,57.492,11898
16370,Awaiting Construction,1.0,,-1.611,55.09,18456
16371,Application Submitted,20.0,,-0.912,52.79,435000
16373,Awaiting Construction,0.24,,-1.659,53.809,4215
16374,Awaiting Construction,,,-1.272,53.408,
16375,Awaiting Construction,0.47,,-0.341,51.742,8525
16380,Awaiting Construction,0.21,,0.728,51.554,3653
16385,Awaiting Construction,1.56,,-4.64,55.58,28950
16390,Awaiting Construction,21.0,,0.626,51.69,332300
16393,Under Construction,120.0,,-1.392,54.612,2248356
16398,Awaiting Construction,0.15,,-2.631,53.54,2528
16399,Awaiting Construction,0.6,,-1.339,51.046,10961
16400,Awaiting Construction,0.47,,0.806,50.932,8525
16401,Awaiting Construction,0.45,,-1.774,53.648,8150
16403,Awaiting Construction,0.19,,-2.103,52.487,3278
16405,Application Submitted,,,0.228,50.879,28100
16407,Awaiting Construction,0.2,,-2.325,52.11,2569
16409,Awaiting Construction,0.22,,-1.858,52.453,3840
16412,Awaiting Construction,0.39,,0.31,53.16,7026
16415,Awaiting Construction,0.29,,-1.463,53.3,5152
16417,Awaiting Construction,0.3,,-2.124,52.885,5339
16418,Awaiting Construction,0.7,,-2.527,53.404,12835
16420,Awaiting Construction,0.16,,-2.091,51.9,2716
16422,Awaiting Construction,0.16,,-1.796,53.804,2716
16423,Awaiting Construction,0.25,,0.156,51.547,4402
16424,Awaiting Construction,0.55,,-2.742,53.419,10024
16426,Operational,0.38,2023-08-19,-1.845,54.856,6838
16434,Awaiting Construction,0.2,,-1.711,53.876,3465
16435,Awaiting Construction,0.16,,-2.843,55.553,2716
16436,Awaiting Construction,0.38,,-2.328,57.204,6838
16438,Application Submitted,0.6,,-2.422,52.644,10961
16439,Awaiting Construction,0.99,,-2.112,54.994,18269
16440,Awaiting Construction,,,-2.701,52.946,
16445,Application Submitted,2.0,,-5.93,54.596,25700
16447,Awaiting Construction,0.25,,-0.595,51.429,4402
16451,Awaiting Construction,2.0,,-6.276,54.866,37195
16452,Awaiting Construction,0.3,,-2.354,53.767,5339
16454,Awaiting Construction,2.5,,-6.276,54.866,46564
16455,Awaiting Construction,0.36,,-1.87,52.488,6464
16457,Revised,0.17,,0.043,51.587,2903
16460,Application Submitted,6.0,,-1.506,52.477,154400
16462,Awaiting Construction,1.84,,-0.779,50.744,34197
16463,Awaiting Construction,0.2,,-0.342,51.476,3465
16464,Awaiting Construction,0.17,,-3.142,51.531,2903
16465,Awaiting Construction,0.87,,-2.668,53.402,16020
16466,Awaiting Construction,0.15,,-1.154,52.247,2528
16467,Awaiting Construction,0.9,,0.902,51.132,16582
16468,Awaiting Construction,0.16,,0.289,50.798,2716
16469,Awaiting Construction,0.15,,-2.498,51.45,2528
16474,Awaiting Construction,1.33,,-0.741,50.821,24640
16477,Awaiting Construction,0.3,,-2.691,51.506,5339
16499,Awaiting Construction,0.15,,-0.569,51.261,2528
16505,Awaiting Construction,0.2,,-1.719,51.483,3465
16507,Application Submitted,,,-2.216,52.192,3490
16508,Awaiting Construction,0.28,,-1.399,54.088,4965
16517,Awaiting Construction,20.0,,-1.536,52.198,716000
16518,Awaiting Construction,,,-4.789,50.309,
16519,Awaiting Construction,1.23,,-0.783,51.993,22766
16524,Awaiting Construction,0.24,,-2.585,51.418,4215
16526,Awaiting Construction,0.15,,-1.826,52.025,2528
16531,Awaiting Construction,0.39,,0.757,51.38,7026
16533,Awaiting Construction,0.23,,1.188,52.654,4028
16535,Awaiting Construction,3.53,,0.99,52.366,63000
16538,Awaiting Construction,22.5,,-1.61,51.2,421337
16539,Awaiting Construction,,,-0.182,51.132,
16541,Application Submitted,49.99,,-0.773,52.72,870000
16542,Application Submitted,0.6,,-4.215,50.419,10961
16548,Awaiting Construction,39.3,,-1.668,54.393,800000
16549,Application Submitted,0.33,,-3.406,55.19,5901
16550,Awaiting Construction,25.0,,0.196,51.685,468184
16552,Revised,1.3,,-3.051,52.918,26300
16554,Awaiting Construction,0.15,,-1.054,53.948,2528
16555,Awaiting Construction,0.7,,-1.563,54.986,12835
16558,Awaiting Construction,0.66,,-0.083,51.439,12085
16559,Awaiting Construction,0.28,,0.595,51.52,4965
16560,Awaiting Construction,0.44,,-1.539,54.139,7963
16563,Awaiting Construction,0.88,,-0.189,52.348,16208
16564,Awaiting Construction,1.65,,-1.275,53.602,30636
16565,Awaiting Construction,0.2,,-2.352,52.796,2642
16566,Awaiting Construction,0.23,,-1.045,53.949,4028
16569,Awaiting Construction,0.17,,-1.886,51.538,2903
16570,Awaiting Construction,0.3,,-1.895,52.515,5339
16571,Awaiting Construction,0.27,,-1.583,53.804,4777
16572,Awaiting Construction,,,-0.161,53.526,47065
16573,Awaiting Construction,0.5,,-0.395,53.163,9087
16575,Awaiting Construction,0.17,,-0.598,53.186,2903
16576,Awaiting Construction,1.7,,-1.584,54.705,31573
16577,Awaiting Construction,0.21,,-1.958,52.509,3653
16581,Awaiting Construction,0.23,,-0.727,52.004,4028
16582,Application Submitted,2.0,,-3.04,52.849,40000
16583,Application Submitted,2.0,,-6.333,54.262,37195
16584,Awaiting Construction,0.97,,-0.275,53.926,17894
16587,Awaiting Construction,0.6,,-4.294,55.868,21000
16589,Awaiting Construction,1.4,,-2.647,51.533,25952
16591,Revised,0.67,,-1.476,54.926,12273
16593,Application Submitted,0.51,,0.893,51.859,9274
16595,Awaiting Construction,0.2,,-1.668,52.794,3465
16597,Awaiting Construction,0.42,,-2.16,52.203,7588
16601,Awaiting Construction,0.18,,-1.454,53.423,3091
16602,Awaiting Construction,0.53,,-5.128,50.311,9649
16603,Awaiting Construction,0.35,,-3.927,56.149,4695
16604,Awaiting Construction,,,1.166,52.056,
16605,Awaiting Construction,0.54,,-1.334,52.08,9837
16606,Awaiting Construction,0.53,,-0.026,51.665,9649
16610,Awaiting Construction,0.15,,-2.226,53.409,2528
16614,Awaiting Construction,16.8,,-1.436,52.332,224200
16615,Awaiting Construction,1.12,,0.76,51.354,20705
16616,Awaiting Construction,0.53,,-0.026,51.665,9649
16617,Awaiting Construction,1.0,,-4.115,51.759,18456
16620,Awaiting Construction,0.3,,-6.77,54.504,9000
16625,Awaiting Construction,0.19,,-3.182,51.49,2222
16627,Awaiting Construction,0.28,,-4.635,54.208,4965
16630,Application Submitted,29.9,,-3.058,56.323,587000
16631,Awaiting Construction,0.73,,-0.385,53.042,13397
16633,Revised,5.2,,-1.484,52.195,97159
16638,Awaiting Construction,0.57,,1.718,52.618,10399
16639,Application Submitted,18.5,,-1.205,53.81,346383
16643,Awaiting Construction,0.22,,-1.048,53.965,3840
16645,Application Submitted,0.35,,-1.183,52.513,5123
16647,Awaiting Construction,49.9,,-1.143,53.791,940000
16650,Awaiting Construction,0.48,,-3.92,56.145,10738
16652,Awaiting Construction,0.49,,-0.385,53.042,8900
16653,Awaiting Construction,1.81,,-2.84,50.883,33635
16658,Awaiting Construction,35.0,,-1.487,51.805,996800
16661,Awaiting Construction,0.17,,-1.229,51.754,2903
16665,Application Submitted,0.19,,-2.13,52.598,3278
16666,Application Submitted,49.9,,-2.701,56.556,954500
16668,Awaiting Construction,0.18,,-1.145,52.674,3091
16672,Application Submitted,0.31,,-1.548,53.656,5600
16673,Awaiting Construction,4.0,,-2.764,53.358,111000
16674,Awaiting Construction,0.18,,-0.728,51.622,3091
16677,Awaiting Construction,0.43,,-1.152,50.814,7775
16681,Awaiting Construction,0.17,,-0.275,51.728,2903
16683,Awaiting Construction,28.0,,-0.442,52.735,545300
16684,Application Submitted,0.24,,-0.058,51.606,4215
16686,Awaiting Construction,0.16,,-0.339,51.456,2716
16695,Application Submitted,49.9,,0.328,51.369,1050200
16706,Awaiting Construction,0.3,,-2.926,53.416,5339
16707,Awaiting Construction,40.0,,1.079,52.756,628000
16710,Awaiting Construction,0.46,,-4.592,55.498,6000
16711,Awaiting Construction,0.18,,-0.698,51.666,3091
16712,Awaiting Construction,0.18,,-2.102,51.912,3091
16715,Awaiting Construction,,,-6.724,54.821,9800
16716,Awaiting Construction,,,-6.724,54.821,7500
16717,Awaiting Construction,0.32,,-0.03,50.972,5714
16718,Awaiting Construction,0.56,,0.083,50.969,10211
16721,Awaiting Construction,40.0,,-2.158,52.304,575000
16725,Awaiting Construction,0.3,,-1.974,51.714,5339
16726,Awaiting Construction,0.18,,-1.105,51.611,3091
16727,Awaiting Construction,0.19,,-1.746,53.144,3278
16728,Awaiting Construction,24.0,,-0.06,51.812,449445
16730,Awaiting Construction,0.4,,-1.732,51.597,7213
16735,Application Submitted,0.21,,-3.948,55.771,3653
16739,Under Construction,0.21,,-2.357,51.687,3653
16740,Awaiting Construction,0.19,,-1.331,52.708,3278
16741,Awaiting Construction,0.26,,-0.638,51.534,4590
16742,Awaiting Construction,0.72,,-2.205,51.329,13210
16743,Awaiting Construction,0.42,,-2.649,53.594,7588
16745,Awaiting Construction,7.5,,-1.441,53.208,98055
16746,Awaiting Construction,0.31,,-1.712,53.83,5527
16750,Awaiting Construction,0.4,,-0.146,51.472,7213
16753,Awaiting Construction,0.16,,-2.055,52.456,2716
16755,Awaiting Construction,0.43,,-0.27,51.527,7775
16757,Awaiting Construction,0.26,,-1.731,54.373,4590
16760,Operational,,2024-07-12,-4.959,51.824,
16761,Awaiting Construction,0.17,,0.043,51.587,2903
16762,Application Submitted,18.8,,-1.575,53.915,330000
16764,Awaiting Construction,0.53,,-3.742,50.528,15000
16773,Application Submitted,5.0,,-2.772,54.769,107000
16777,Awaiting Construction,0.15,,-2.487,51.41,2528
16778,Awaiting Construction,1.31,,0.284,51.487,24265
16779,Awaiting Construction,,,-0.499,51.461,
16780,Awaiting Construction,0.59,,-2.547,51.501,10774
16781,Awaiting Construction,0.32,,-2.822,53.364,5714
16789,Awaiting Construction,0.17,,-1.091,52.658,2903
16797,Awaiting Construction,18.0,,-0.649,53.196,337013
16800,Awaiting Construction,0.68,,-2.742,55.595,16000
16812,Awaiting Construction,19.69,,-0.482,51.86,272200
16816,Awaiting Construction,35.0,,-0.146,53.752,503800
16817,Awaiting Construction,0.16,,0.206,51.446,2716
16818,Awaiting Construction,1.33,,-2.205,51.329,24640
16819,Awaiting Construction,0.22,,-1.671,54.66,3840
16821,Awaiting Construction,,,-0.499,51.461,
16823,Awaiting Construction,0.15,,-0.415,53.272,2528
16832,Awaiting Construction,0.38,,-0.362,51.542,6838
16833,Awaiting Construction,0.37,,-2.355,53.449,6651
16836,Awaiting Construction,0.15,,-0.192,51.41,2528
16838,Awaiting Construction,8.36,,-4.119,51.703,128000
16842,Awaiting Construction,0.41,,-0.743,53.757,7401
16846,Awaiting Construction,36.0,,-4.015,54.823,674309
16848,Application Submitted,0.63,,-4.797,50.328,8700
16856,Revised,0.21,,-0.808,52.456,3653
16858,Application Submitted,18.0,,0.532,51.139,225000
16859,Application Submitted,0.18,,-2.451,53.54,3091
16863,Application Submitted,0.2,,-4.449,55.884,3465
16871,Operational,0.25,2024-08-01,-2.628,51.44,4402
16874,Application Submitted,0.35,,-1.506,53.418,6276
16877,Application Submitted,0.36,,-2.686,52.973,6464
16882,Application Submitted,0.21,,-4.688,55.971,4969
16883,Application Submitted,0.6,,-1.324,53.11,10961
16885,Application Submitted,0.24,,-2.24,51.74,4215
16889,Awaiting Construction,0.21,,-2.451,53.54,3653
16890,Awaiting Construction,1.44,,-0.263,52.551,26701
16891,Application Submitted,0.16,,-1.172,52.936,2716
16892,Awaiting Construction,0.18,,-2.211,51.275,3091
16894,Awaiting Construction,0.19,,-1.22,54.569,3278
16896,Awaiting Construction,1.0,,1.55,52.291,18456
16901,Awaiting Construction,0.21,,-2.009,52.396,3653
16902,Application Submitted,49.9,,-1.424,51.682,1532600
16905,Awaiting Construction,15.0,,0.706,51.861,228500
16906,Awaiting Construction,0.64,,-1.391,50.977,11710
16907,Awaiting Construction,0.63,,-0.605,51.186,11523
16908,Awaiting Construction,0.27,,0.091,52.566,4777
16911,Awaiting Construction,1.37,,-1.326,50.858,25390
16914,Application Submitted,12.0,,-2.199,51.016,224582
16915,Awaiting Construction,0.25,,-2.238,53.837,4402
16922,Application Submitted,4.83,,-4.438,52.931,90225
16923,Awaiting Construction,0.34,,-2.057,51.393,6089
16924,Awaiting Construction,0.19,,-4.695,50.612,4000
16928,Awaiting Construction,0.27,,-2.498,52.7,4777
16932,Awaiting Construction,0.22,,-0.191,51.135,3840
16933,Awaiting Construction,0.31,,-1.054,53.986,5527
16939,Awaiting Construction,0.31,,-1.37,52.54,5527
16940,Awaiting Construction,0.61,,-1.228,54.702,11148
16944,Awaiting Construction,0.24,,-2.212,52.213,4215
16945,Awaiting Construction,5.2,,-1.484,52.195,97159
16950,Awaiting Construction,0.21,,-0.517,53.221,3653
16951,Awaiting Construction,0.17,,-2.367,51.774,2903
16959,Application Submitted,0.19,,-2.637,53.551,3278
16960,Application Submitted,0.31,,-0.787,53.753,5527
16962,Awaiting Construction,1.93,,-2.949,50.874,29700
16965,Application Submitted,0.5,,-3.296,52.692,9087
16967,Awaiting Construction,3.0,,-0.93,53.927,49000
16968,Revised,0.15,,-1.989,50.731,2528
16969,Revised,0.26,,-1.989,50.731,4590
16972,Application Submitted,0.5,,-2.189,53.569,9087
16978,Application Submitted,3.6,,-2.527,51.124,86500
16979,Awaiting Construction,0.39,,-3.002,53.884,7026
16981,Awaiting Construction,,,-2.55,51.513,
16989,Awaiting Construction,0.57,,-0.118,51.376,10399
16990,Awaiting Construction,0.26,,-4.105,50.367,4590
16992,Awaiting Construction,10.0,,-2.501,53.469,166000
16993,Awaiting Construction,0.5,,-1.326,50.858,9087
16998,Awaiting Construction,,,-1.412,52.537,
17001,Under Construction,,,-2.354,51.382,
17003,Awaiting Construction,0.99,,-0.182,51.415,18269
17004,Awaiting Construction,20.0,,-2.799,53.825,374491
17006,Awaiting Construction,0.3,,1.173,52.326,4999
17008,Awaiting Construction,0.25,,-3.728,56.014,3000
17020,Awaiting Construction,1.0,,-1.854,50.783,18456
17025,Application Submitted,0.2,,-0.665,52.907,6500
17030,Awaiting Construction,6.0,,-2.09,57.585,89700
17031,Awaiting Construction,6.0,,-0.95,53.684,135000
17036,Application Submitted,0.25,,-0.665,52.907,4402
17039,Awaiting Construction,0.29,,-0.311,51.751,5152
17040,Awaiting Construction,0.26,,-1.932,53.703,4590
17043,Awaiting Construction,0.24,,-1.95,52.495,4215
17044,Application Submitted,,,inf,inf,
17050,Awaiting Construction,0.16,,-1.295,54.562,2716
17052,Awaiting Construction,0.17,,-1.48,53.24,2903
17054,Awaiting Construction,0.27,,-2.03,57.692,6847
17055,Revised,0.27,,0.171,51.868,4777
17056,Revised,0.25,,-2.13,57.331,4402
17060,Application Submitted,10.0,,-2.451,53.487,187104
17062,Awaiting Construction,0.15,,-2.437,53.145,2528
17063,Awaiting Construction,0.31,,-0.357,51.543,5527
17068,Awaiting Construction,0.24,,-2.935,55.921,8051
17076,Awaiting Construction,1.11,,-1.32,53.506,20518
17077,Application Submitted,0.34,,0.015,51.489,6089
17083,Application Submitted,22.0,,-2.427,51.52,411968
17085,Revised,0.5,,-1.221,53.789,9087
17086,Awaiting Construction,0.31,,0.998,51.262,5527
17087,Application Submitted,40.0,,-3.23,54.101,749264
17088,Awaiting Construction,0.32,,0.484,52.489,5714
17103,Application Submitted,20.0,,-1.355,53.431,374491
17107,Awaiting Construction,22.0,,-0.546,51.711,562800
17111,Awaiting Construction,,,-5.097,50.265,
17114,Awaiting Construction,0.22,,-2.78,53.553,3840
17115,Awaiting Construction,0.7,,-5.942,54.49,12835
17117,Application Submitted,0.19,,-1.453,54.822,5450
17120,Application Submitted,5.38,,inf,inf,100532
17122,Awaiting Construction,0.31,,-0.6,54.471,5527
17128,Awaiting Construction,0.22,,-2.391,53.745,3840
17168,Application Submitted,0.32,,-0.6,54.471,5714
17172,Awaiting Construction,0.37,,-2.429,52.049,6651
17173,Awaiting Construction,,,-0.879,51.726,
17174,Awaiting Construction,0.15,,-0.324,51.474,2528
17175,Awaiting Construction,0.7,,-0.796,52.042,12835
17176,Application Submitted,,,-0.048,53.071,
17177,Awaiting Construction,0.36,,-1.467,54.973,6464
17178,Awaiting Construction,0.21,,-1.551,52.686,3653
17198,Application Submitted,0.26,,-1.989,50.731,4590
17199,Application Submitted,0.16,,-1.989,50.731,2716
17202,Application Submitted,10.5,,-1.219,50.882,233500
17203,Awaiting Construction,1.0,,-1.449,53.721,18456
17204,Awaiting Construction,0.2,,-2.917,53.192,3465
17205,Awaiting Construction,0.27,,-0.18,51.799,4777
17207,Awaiting Construction,0.15,,-2.967,51.57,2528
17208,Awaiting Construction,0.26,,0.26,51.483,4590
17210,Awaiting Construction,0.63,,-1.989,53.9,11523
17214,Awaiting Construction,0.21,,-1.972,52.496,3653
17218,Awaiting Construction,0.3,,-0.705,52.488,5339
17220,Revised,0.28,,-1.874,52.505,4965
17223,Awaiting Construction,0.35,,0.171,51.868,6276
17225,Awaiting Construction,19.99,,-4.753,55.723,374303
17226,Application Submitted,13.0,,-2.977,53.783,243320
17227,Revised,1.22,,-0.765,51.333,22579
17231,Awaiting Construction,0.48,,1.292,52.672,8712
17237,Awaiting Construction,0.25,,-0.498,53.407,4402
17238,Awaiting Construction,0.81,,-1.378,53.387,14896
17239,Awaiting Construction,0.32,,-0.476,51.746,5714
17241,Awaiting Construction,1.0,,-0.662,52.501,18456
17243,Awaiting Construction,0.38,,0.01,53.362,6838
17244,Awaiting Construction,1.0,,1.105,51.296,18456
17247,Awaiting Construction,0.23,,-1.771,53.742,4028
17248,Awaiting Construction,0.13,,-4.019,50.391,2154
17250,Awaiting Construction,0.29,,-2.646,53.656,5152
17251,Awaiting Construction,0.4,,0.75,51.407,7213
17252,Awaiting Construction,0.42,,-0.191,51.097,7588
17253,Awaiting Construction,0.87,,-1.28,51.621,16020
17255,Awaiting Construction,0.17,,-3.545,54.646,2903
17256,Awaiting Construction,12.0,,-1.866,51.601,221600
17258,Application Submitted,1.93,,-2.466,51.214,42000
17260,Application Submitted,20.0,,inf,inf,374491
17263,Awaiting Construction,0.19,,-2.26,53.507,3278
17264,Awaiting Construction,2.0,,-4.212,51.836,43500
17265,Application Submitted,10.0,,-1.212,50.935,214483
17267,Awaiting Construction,0.33,,-0.638,51.912,5901
17269,Application Submitted,0.13,,-2.222,53.377,2154
17270,Application Submitted,0.27,,-1.463,52.435,4777
17271,Awaiting Construction,0.23,,0.18,51.863,4028
17273,Application Submitted,0.37,,-2.68,53.211,6651
17275,Awaiting Construction,0.37,,0.226,51.606,6651
17276,Awaiting Construction,0.17,,1.461,52.107,2903
17277,Awaiting Construction,0.59,,-1.32,51.575,10774
17278,Awaiting Construction,0.16,,-2.805,56.308,2716
17279,Awaiting Construction,0.39,,1.195,52.003,7026
17280,Awaiting Construction,0.27,,-0.157,51.367,4777
17281,Application Submitted,19.0,,-1.5,54.389,355752
17282,Awaiting Construction,0.3,,-0.09,51.511,5700
17283,Application Submitted,1.25,,-2.61,54.45,26900
17286,Application Submitted,6.0,,-1.134,52.294,77000
17287,Awaiting Construction,0.33,,-1.228,52.959,5901
17288,Awaiting Construction,0.61,,-2.211,52.995,11148
17291,Awaiting Construction,0.41,,-1.088,54.592,7401
17292,Awaiting Construction,0.32,,-0.655,52.504,5714
17295,Awaiting Construction,0.3,,-2.75,53.133,5339
17297,Awaiting Construction,0.35,,-0.238,52.525,6276
17298,Awaiting Construction,0.2,,-1.269,52.397,3465
17299,Awaiting Construction,0.54,,0.033,51.601,9837
17301,Awaiting Construction,0.39,,-2.698,53.276,4700
17306,Awaiting Construction,0.25,,-0.283,52.608,4402
17309,Awaiting Construction,6.0,,-1.134,52.294,77000
17310,Application Submitted,0.56,,-2.209,53.493,10211
17312,Application Submitted,,,-5.749,54.727,33000
17313,Application Submitted,0.35,,-0.185,51.413,6276
17316,Application Submitted,0.22,,-1.371,54.88,3840
17317,Application Submitted,0.23,,-1.426,53.248,4028
17327,Application Submitted,0.21,,-0.808,52.456,3653
17328,Awaiting Construction,12.5,,-2.636,56.574,242800
17331,Awaiting Construction,0.25,,-1.185,50.859,4402
17332,Awaiting Construction,0.2,,-2.794,51.3,3465
17334,Awaiting Construction,0.1,,-0.257,54.06,1592
17335,Awaiting Construction,0.15,,-1.126,52.904,2528
17337,Awaiting Construction,,,-2.618,51.412,
17339,Awaiting Construction,,,-2.554,51.411,
17341,Awaiting Construction,,,-1.174,54.583,
17342,Awaiting Construction,0.4,,-2.209,52.522,7213
17346,Awaiting Construction,,,-2.993,54.953,
17347,Awaiting Construction,,,-3.519,54.607,
17349,Awaiting Construction,10.0,,0.392,51.627,165700
17355,Awaiting Construction,0.21,,-1.118,52.581,3653
17357,Awaiting Construction,4.5,,-4.815,50.419,84042
17359,Application Submitted,49.99,,0.176,52.22,740000
17362,Awaiting Construction,15.0,,-1.798,51.624,280797
17363,Application Submitted,42.0,,-0.364,52.969,760100
17366,Awaiting Construction,2.59,,-1.14,53.319,48251
17372,Awaiting Construction,0.54,,-1.914,53.878,9837
17373,Awaiting Construction,0.27,,-2.176,53.472,4777
17374,Awaiting Construction,0.16,,-2.176,53.472,2716
17377,Under Construction,,,1.718,52.562,
17380,Awaiting Construction,1.57,,-1.552,54.884,29137
17381,Awaiting Construction,0.25,,-2.239,51.863,4402
17386,Application Submitted,48.0,,-1.366,54.856,815800
17388,Awaiting Construction,0.6,,-4.226,50.418,10961
17391,Awaiting Construction,0.21,,-1.064,51.436,3653
17395,Application Submitted,20.2,,-0.614,53.502,324000
17396,Awaiting Construction,0.5,,-0.763,51.614,9087
17399,Awaiting Construction,0.5,,-1.198,54.692,9087
17406,Under Construction,0.26,,-2.108,52.806,4590
17407,Awaiting Construction,0.53,,-1.875,53.044,9649
17408,Awaiting Construction,0.14,,-2.76,53.761,2341
17409,Awaiting Construction,0.23,,-0.058,51.648,4028
17413,Awaiting Construction,0.4,,-1.503,52.425,7213
17415,Awaiting Construction,0.3,,1.12,52.573,3634
17417,Application Submitted,,,-6.228,54.871,250900
17418,Awaiting Construction,0.16,,-1.788,53.838,2172
17419,Awaiting Construction,0.47,,-0.729,52.069,8525
17421,Awaiting Construction,0.15,,-0.296,53.3,2528
17422,Awaiting Construction,9.2,,-2.489,51.298,156400
17427,Awaiting Construction,0.19,,-1.153,52.956,3278
17435,Awaiting Construction,0.68,,0.072,51.56,12460
17436,Awaiting Construction,,,-1.5,52.405,
17437,Awaiting Construction,,,-1.502,52.411,
17444,Awaiting Construction,0.39,,-1.836,52.455,7026
17445,Awaiting Construction,25.0,,-0.247,51.923,355000
17449,Awaiting Construction,0.44,,-0.377,53.73,7963
17450,Awaiting Construction,,,-0.533,51.5,
17451,Awaiting Construction,0.25,,0.672,51.595,4402
17453,Awaiting Construction,5.0,,-2.381,52.543,67000
17454,Awaiting Construction,38.0,,1.072,51.314,790000
17457,Awaiting Construction,0.14,,1.229,52.491,1674
17458,Application Submitted,37.4,,-0.222,53.606,1109300
17460,Awaiting Construction,0.18,,-1.917,50.727,3091
17462,Application Submitted,49.5,,1.283,51.223,1228000
17464,Revised,0.41,,-0.08,51.509,7401
17465,Awaiting Construction,1.12,,-2.194,53.481,20705
17467,Awaiting Construction,0.29,,-2.375,53.539,5152
17468,Awaiting Construction,,,-6.491,54.759,7000
17470,Application Submitted,50.0,,-2.359,57.203,990000
17473,Awaiting Construction,0.3,,-1.204,54.09,5339
17474,Awaiting Construction,1.64,,-0.128,52.796,49000
17475,Awaiting Construction,0.18,,-0.093,52.099,3091
17477,Awaiting Construction,,,-0.203,50.829,1120
17481,Awaiting Construction,,,-2.707,53.365,
17486,Awaiting Construction,0.31,,-1.174,52.93,5527
17487,Awaiting Construction,0.22,,-1.569,55.185,3840
17491,Awaiting Construction,0.7,,-2.642,53.722,12835
17492,Awaiting Construction,0.15,,-0.955,53.266,2528
17493,Awaiting Construction,0.33,,-2.822,53.364,5901
17499,Application Submitted,19.0,,0.488,51.182,355752
17500,Awaiting Construction,15.0,,0.332,51.632,280797
17501,Awaiting Construction,0.42,,-3.491,54.435,7588
17505,Awaiting Construction,0.15,,-2.759,51.483,2528
17506,Awaiting Construction,0.61,,-0.802,52.045,11148
17507,Awaiting Construction,,,-1.5,52.405,
17508,Application Submitted,12.4,,-0.204,53.579,318500
17529,Awaiting Construction,5.0,,-1.413,51.027,64600
17531,Awaiting Construction,10.0,,-2.185,51.481,161000
17534,Awaiting Construction,0.15,,-1.429,52.435,2528
17536,Awaiting Construction,1.08,,-1.753,52.52,19955
17537,Awaiting Construction,0.2,,0.597,52.042,3465
17544,Awaiting Construction,0.47,,-2.861,53.458,8525
17545,Awaiting Construction,0.16,,0.193,51.048,2716
17546,Awaiting Construction,0.58,,-1.25,52.46,10586
17547,Awaiting Construction,0.3,,-1.393,53.704,5339
17565,Awaiting Construction,0.17,,-1.519,52.29,2903
17566,Application Submitted,0.58,,-2.259,52.204,8923
17567,Awaiting Construction,0.19,,-0.33,52.237,3278
17570,Awaiting Construction,0.41,,-0.611,51.482,7401
17571,Awaiting Construction,0.19,,-2.601,53.419,3278
17572,Awaiting Construction,0.15,,-1.528,52.256,2528
17578,Application Submitted,0.29,,-1.625,52.805,5152
17582,Awaiting Construction,0.24,,-3.565,55.101,4000
17584,Awaiting Construction,0.81,,-2.327,51.22,14896
17587,Awaiting Construction,0.21,,-4.363,55.812,3653
17591,Awaiting Construction,49.9,,-1.945,52.825,633700
17592,Awaiting Construction,0.36,,-1.086,52.297,6464
17595,Application Submitted,30.0,,-1.216,54.133,533000
17597,Awaiting Construction,1.9,,-1.219,53.02,35321
17598,Application Submitted,1.2,,1.271,51.996,22204
17599,Awaiting Construction,0.37,,-2.737,52.73,6651
17600,Application Submitted,20.0,,-4.525,54.974,374491
17602,Awaiting Construction,0.16,,-0.94,50.998,2716
17604,Awaiting Construction,0.43,,0.172,51.401,7775
17605,Awaiting Construction,0.16,,0.443,51.308,2716
17606,Awaiting Construction,0.48,,-3.44,55.085,7000
17610,Application Submitted,0.73,,-1.129,51.909,13397
17613,Awaiting Construction,5.9,,-2.711,51.49,110276
17614,Awaiting Construction,0.22,,-2.945,53.507,3840
17615,Awaiting Construction,0.27,,1.069,51.298,4777
17616,Awaiting Construction,6.17,,-2.711,51.49,115335
17617,Application Submitted,15.0,,-2.249,52.912,287000
17618,Awaiting Construction,0.39,,-0.388,51.651,7026
17622,Awaiting Construction,0.25,,-0.444,51.454,4402
17624,Awaiting Construction,0.43,,-1.475,52.394,7775
17625,Awaiting Construction,0.24,,-2.009,52.608,4215
17628,Awaiting Construction,1.15,,-0.765,51.333,21267
17631,Awaiting Construction,0.15,,-2.18,53.619,2528
17633,Awaiting Construction,0.4,,-2.299,53.395,7213
17634,Awaiting Construction,0.21,,0.577,52.546,2864
17640,Awaiting Construction,0.57,,-4.701,50.477,10399
17648,Awaiting Construction,2.95,,-1.274,53.724,54997
17653,Awaiting Construction,0.43,,-1.638,53.814,7775
17660,Awaiting Construction,,,0.104,51.525,
17661,Awaiting Construction,,,-1.067,53.781,
17662,Awaiting Construction,0.45,,-1.177,52.933,8150
17671,Awaiting Construction,0.71,,-2.42,53.584,13022
17679,Awaiting Construction,1.0,,1.084,52.642,30800
17681,Awaiting Construction,0.63,,0.811,51.939,11523
17682,Revised,0.22,,-1.451,52.749,3840
17684,Awaiting Construction,0.58,,-3.064,53.075,13000
17693,Awaiting Construction,0.8,,-1.793,51.509,14709
17704,Awaiting Construction,0.26,,0.689,52.639,4590
17706,Awaiting Construction,2.2,,-2.627,51.199,40943
17707,Awaiting Construction,9.9,,-2.323,57.544,185230
17710,Awaiting Construction,0.16,,-1.554,54.524,2716
17711,Application Submitted,,,-7.175,54.51,9000
17714,Application Submitted,0.45,,0.469,51.59,8150
17734,Awaiting Construction,0.2,,-0.19,50.842,3465
17744,Awaiting Construction,0.27,,-1.228,52.959,4777
17749,Awaiting Construction,0.15,,-1.088,52.233,2528
17751,Awaiting Construction,0.26,,-0.423,51.467,4590
17753,Awaiting Construction,0.3,,-1.125,53.365,5339
17755,Awaiting Construction,0.29,,-2.292,53.358,5152
17757,Application Submitted,49.95,,0.311,52.294,935713
17759,Awaiting Construction,35.0,,-2.553,57.578,655571
17762,Awaiting Construction,0.3,,-1.274,54.56,5339
17764,Awaiting Construction,0.18,,-0.263,51.337,3091
17765,Awaiting Construction,0.19,,-2.501,51.294,3278
17766,Awaiting Construction,,,-1.462,53.832,21556
17767,Application Submitted,16.0,,0.888,51.011,390000
17768,Awaiting Construction,0.15,,0.09,51.647,2528
17771,Awaiting Construction,0.34,,-1.216,54.524,6089
17772,Awaiting Construction,0.28,,-1.912,50.739,4965
17773,Awaiting Construction,0.57,,-1.21,52.919,10399
17775,Awaiting Construction,1.23,,-2.732,51.147,40000
17777,Awaiting Construction,0.6,,-3.946,51.844,10961
17778,Awaiting Construction,0.23,,-0.071,51.474,4028
17779,Application Submitted,165.0,,-2.359,55.892,3091595
17782,Operational,0.29,2025-03-01,-0.393,51.695,5152
17783,Awaiting Construction,0.42,,-1.939,52.313,7588
17784,Awaiting Construction,0.33,,-2.528,53.425,5901
17787,Revised,0.29,,-0.374,51.434,5152
17788,Awaiting Construction,1.76,,-1.58,54.89,32698
17789,Awaiting Construction,0.27,,-1.542,54.965,4777
17793,Awaiting Construction,0.28,,-2.626,53.46,4965
17794,Awaiting Construction,0.17,,-0.405,51.517,2903
17795,Awaiting Construction,1.19,,-2.91,53.929,22017
17796,Application Submitted,15.0,,0.544,51.311,280797
17798,Awaiting Construction,0.99,,-2.027,52.516,18269
17801,Awaiting Construction,0.67,,-1.476,54.926,12273
17806,Awaiting Construction,0.84,,-1.083,52.615,15458
17810,Awaiting Construction,0.41,,-0.08,51.509,7401
17811,Application Submitted,,,-1.502,54.032,880000
17816,Awaiting Construction,,,-1.462,53.832,21556
17827,Awaiting Construction,0.23,,-2.168,53.541,4028
17830,Revised,0.24,,-3.539,50.738,3480
17831,Awaiting Construction,1.0,,-3.517,50.723,18456
17832,Application Submitted,24.0,,-1.057,52.071,438500
17834,Awaiting Construction,0.25,,-0.944,52.258,4402
17836,Awaiting Construction,9.3,,-2.835,53.35,173987
17839,Awaiting Construction,0.33,,-1.817,52.494,5901
17845,Awaiting Construction,0.19,,-0.786,51.369,3278
17846,Awaiting Construction,0.66,,1.278,52.067,12085
17850,Awaiting Construction,0.19,,-1.713,52.093,3278
17851,Awaiting Construction,0.17,,-2.465,52.714,2903
17852,Awaiting Construction,0.45,,-1.366,50.946,8150
17853,Awaiting Construction,14.0,,-2.575,52.704,197600
17855,Awaiting Construction,0.29,,-0.802,51.817,5152
17856,Awaiting Construction,0.18,,-0.983,51.994,3091
17858,Application Submitted,26.0,,0.048,52.278,443100
17863,Awaiting Construction,0.43,,-1.321,53.92,7775
17866,Awaiting Construction,0.21,,-1.321,53.92,3653
17867,Awaiting Construction,0.28,,-0.552,50.853,4965
17868,Awaiting Construction,0.32,,-2.75,53.455,5714
17869,Awaiting Construction,0.35,,-1.371,52.733,6276
17870,Awaiting Construction,0.17,,-0.311,51.641,2903
17871,Awaiting Construction,0.18,,-2.769,54.696,3091
17872,Awaiting Construction,0.36,,-2.733,54.685,6464
17873,Application Submitted,1.59,,-0.406,51.124,32000
17874,Awaiting Construction,0.3,,0.333,51.47,5339
17876,Awaiting Construction,0.16,,0.257,51.688,2716
17883,Application Submitted,49.9,,-4.126,51.014,1115000
17885,Application Submitted,49.9,,-1.128,53.83,875000
17887,Application Submitted,25.0,,0.008,52.073,501000
17892,Awaiting Construction,0.21,,-2.998,53.439,3653
17893,Application Submitted,30.0,,-0.762,53.839,550000
17895,Awaiting Construction,0.42,,-1.431,54.342,7588
17896,Application Submitted,5.0,,-0.92,52.282,65400
17899,Awaiting Construction,0.17,,-1.484,52.431,2903
17900,Awaiting Construction,,,-0.961,51.155,
17901,Awaiting Construction,0.24,,-1.294,52.953,4215
17906,Application Submitted,35.0,,0.793,51.059,600500
17907,Awaiting Construction,0.19,,-0.381,50.835,3278
17932,Awaiting Construction,,,-0.085,52.33,
17937,Awaiting Construction,0.17,,-1.224,53.011,2903
17938,Application Submitted,0.25,,0.565,52.38,5000
17941,Awaiting Construction,0.19,,-1.267,53.126,3278
17943,Application Submitted,0.56,,0.28,50.792,10211
17945,Awaiting Construction,0.53,,-0.322,53.754,9649
17946,Awaiting Construction,1.5,,-0.716,53.746,27826
17951,Revised,0.72,,-1.97,52.572,13210
17953,Awaiting Construction,0.31,,0.324,51.864,5527
17960,Awaiting Construction,0.64,,0.807,51.194,11710
17961,Awaiting Construction,49.9,,-1.654,52.559,750000
17963,Awaiting Construction,0.6,,-3.522,52.503,9000
17968,Awaiting Construction,0.22,,-2.454,53.55,3840
17970,Awaiting Construction,0.66,,-1.462,53.829,12085
17974,Awaiting Construction,0.35,,-0.788,50.835,6276
17975,Awaiting Construction,0.45,,-0.666,54.157,8150
17977,Awaiting Construction,0.17,,-0.875,51.877,2903
17979,Awaiting Construction,0.15,,-2.108,52.827,2528
17981,Awaiting Construction,0.37,,-1.213,53.871,6651
17984,Awaiting Construction,0.42,,-2.026,52.532,7588
17985,Awaiting Construction,0.57,,-1.211,52.63,10399
17992,Application Submitted,0.15,,-0.749,51.905,2528
17993,Awaiting Construction,0.26,,-2.091,53.649,4590
17994,Awaiting Construction,0.84,,-1.312,50.923,15458
17995,Awaiting Construction,0.18,,-1.65,54.948,3091
17999,Awaiting Construction,0.3,,-1.936,52.309,5339
18000,Awaiting Construction,1.06,,-3.603,50.539,19581
18001,Awaiting Construction,1.1,,-4.7,50.471,25000
18003,Revised,0.37,,-0.992,51.138,6651
18004,Awaiting Construction,0.16,,-1.255,52.366,2716
18005,Awaiting Construction,0.3,,-1.732,51.597,5339
18006,Awaiting Construction,0.39,,-2.429,53.432,7026
18007,Awaiting Construction,0.3,,-2.969,51.324,5339
18016,Awaiting Construction,0.36,,-1.399,53.701,6464
18018,Awaiting Construction,0.19,,0.189,50.952,4500
18020,Awaiting Construction,,,-1.185,54.581,121400
18021,Awaiting Construction,0.54,,-1.039,50.84,9837
18022,Awaiting Construction,0.79,,-3.613,50.566,14521
18023,Awaiting Construction,0.15,,0.716,51.533,2528
18026,Awaiting Construction,0.4,,1.249,52.482,7213
18027,Awaiting Construction,0.25,,-1.418,54.92,4402
18030,Application Submitted,30.0,,-2.795,55.437,598000
18032,Awaiting Construction,0.25,,-1.482,51.209,4402
18033,Application Submitted,1.5,,-1.089,51.735,35000
18034,Awaiting Construction,1.3,,-2.646,53.788,24078
18036,Awaiting Construction,0.3,,-1.218,52.967,5339
18037,Awaiting Construction,0.18,,-2.605,53.014,3091
18040,Awaiting Construction,0.23,,-0.672,52.032,4028
18045,Awaiting Construction,0.24,,1.296,52.625,4215
18046,Awaiting Construction,0.18,,-0.339,51.581,3091
18047,Application Submitted,0.15,,-2.826,53.428,2528
18048,Awaiting Construction,0.15,,-2.607,53.097,2528
18050,Awaiting Construction,0.28,,-1.874,52.505,4965
18058,Application Submitted,0.22,,-1.451,52.749,3840
18060,Awaiting Construction,3.5,,-6.228,54.871,118000
18061,Awaiting Construction,0.53,,-1.161,54.125,9649
18064,Awaiting Construction,0.21,,-0.539,52.392,3653
18067,Application Submitted,4.3,,-3.331,50.915,83000
18072,Awaiting Construction,0.91,,-4.087,50.389,16770
18073,Awaiting Construction,1.1,,-2.695,53.71,20330
18075,Awaiting Construction,0.19,,-1.536,54.954,3278
18081,Awaiting Construction,0.43,,-1.875,50.812,7775
18082,Awaiting Construction,2.15,,0.898,51.155,40006
18087,Awaiting Construction,,,-2.835,53.35,1243
18097,Awaiting Construction,0.72,,-1.97,52.572,13210
18098,Revised,0.68,,-1.221,53.789,12460
18104,Awaiting Construction,0.25,,-6.728,54.538,3300
18105,Awaiting Construction,0.16,,-3.779,50.81,2716
18110,Awaiting Construction,13.5,,-2.053,51.33,290000
18114,Awaiting Construction,0.31,,-0.231,51.54,5527
18115,Awaiting Construction,0.23,,0.01,51.427,4028
18116,Awaiting Construction,0.17,,-0.155,51.616,2903
18117,Awaiting Construction,0.32,,0.582,51.36,5714
18118,Application Submitted,49.9,,-1.398,53.586,904900
18121,Awaiting Construction,0.18,,-1.608,55.097,3091
18122,Awaiting Construction,0.18,,-1.829,53.689,3091
18125,Awaiting Construction,0.31,,-0.215,51.92,5527
18134,Awaiting Construction,0.67,,-0.057,51.654,12273
18135,Awaiting Construction,0.38,,-1.389,53.507,6838
18136,Awaiting Construction,0.24,,-1.043,50.84,4215
18137,Awaiting Construction,,,-1.228,54.702,
18139,Revised,0.16,,-2.232,51.86,2716
18141,Application Submitted,43.0,,-1.501,52.863,805480
18143,Awaiting Construction,0.3,,-1.284,51.625,5339
18145,Awaiting Construction,0.75,,-2.794,52.709,13772
18150,Application Submitted,49.9,,-1.105,52.804,959300
18153,Awaiting Construction,0.8,,-2.842,54.057,14709
18155,Awaiting Construction,0.56,,-1.248,54.586,10211
18156,Awaiting Construction,0.37,,-2.097,52.972,6651
18159,Awaiting Construction,,,-4.019,50.391,
18160,Awaiting Construction,0.15,,-2.75,54.662,2528
18162,Awaiting Construction,0.83,,0.582,51.24,15271
18176,Awaiting Construction,0.42,,-2.969,51.324,7588
18181,Application Submitted,35.0,,-4.102,51.681,500600
18186,Awaiting Construction,49.9,,-1.203,50.902,630000
18187,Application Submitted,49.9,,-3.246,56.616,837900
18188,Application Submitted,49.9,,-1.161,54.002,686300
18190,Application Submitted,1.2,,-1.878,52.355,25500
18192,Awaiting Construction,2.4,,0.778,52.775,34523
18194,Awaiting Construction,0.8,,-1.642,51.241,16400
18196,Revised,1.1,,-0.665,53.62,20330
18197,Application Submitted,0.35,,0.612,52.381,4500
18198,Awaiting Construction,,,-1.622,52.83,
18199,Awaiting Construction,0.19,,-2.15,53.405,3278
18200,Awaiting Construction,0.62,,0.501,51.591,11336
18201,Awaiting Construction,0.2,,-2.33,53.146,3465
18202,Awaiting Construction,0.45,,-0.735,52.427,8150
18203,Awaiting Construction,0.18,,0.564,51.238,3091
18204,Awaiting Construction,,,0.481,52.904,
18205,Application Submitted,4.99,,-6.341,54.498,124000
18206,Awaiting Construction,0.49,,-2.914,54.037,8900
18207,Awaiting Construction,0.5,,-2.914,54.037,9087
18208,Awaiting Construction,0.4,,-2.331,53.153,7213
18209,Awaiting Construction,,,-1.221,53.373,
18214,Awaiting Construction,0.36,,-0.505,51.898,6464
18215,Application Submitted,40.0,,-1.751,51.143,806400
18217,Revised,0.36,,0.571,51.87,6464
18220,Awaiting Construction,0.31,,-1.717,52.196,5527
18224,Awaiting Construction,0.18,,-1.118,52.998,3091
18225,Awaiting Construction,0.22,,0.293,51.482,3840
18226,Awaiting Construction,1.44,,-1.129,52.72,26701
18227,Awaiting Construction,0.16,,-4.127,50.422,2716
18230,Awaiting Construction,0.43,,-0.504,53.234,7775
18232,Awaiting Construction,0.16,,0.062,53.481,2716
18233,Awaiting Construction,,,-2.511,53.753,1863
18238,Awaiting Construction,0.18,,-3.587,54.547,3091
18239,Awaiting Construction,0.21,,-1.579,52.282,3653
18243,Awaiting Construction,0.48,,-0.414,54.238,8712
18244,Awaiting Construction,0.6,,-4.294,55.869,10961
18247,Application Submitted,48.0,,-1.276,54.733,617000
18251,Awaiting Construction,0.5,,-4.283,55.763,9087
18253,Awaiting Construction,0.27,,-2.266,52.359,4777
18254,Awaiting Construction,0.6,,-4.754,55.635,8200
18255,Awaiting Construction,0.25,,-4.254,55.853,4402
18256,Awaiting Construction,0.17,,-2.506,53.53,2903
18257,Awaiting Construction,0.16,,-1.576,54.436,2716
18261,Awaiting Construction,,,-1.821,50.747,
18262,Awaiting Construction,0.23,,-1.269,52.921,4028
18263,Awaiting Construction,0.27,,-0.274,52.093,4777
18268,Application Submitted,30.0,,1.127,52.817,500000
18269,Awaiting Construction,,,-1.586,52.34,
18270,Awaiting Construction,0.15,,-3.339,50.856,2528
18271,Awaiting Construction,0.15,,-1.548,54.479,2528
18272,Awaiting Construction,0.19,,-2.259,51.352,3278
18273,Application Submitted,0.3,,-1.308,50.746,5339
18274,Awaiting Construction,0.39,,1.413,51.337,7026
18278,Awaiting Construction,1.2,,-2.448,51.509,29100
18282,Application Submitted,1.0,,-2.382,51.826,24600
18284,Awaiting Construction,0.19,,-0.098,51.63,3278
18285,Awaiting Construction,0.15,,-2.647,56.004,2528
18292,Awaiting Construction,9.0,,-3.037,53.572,146300
18295,Awaiting Construction,0.29,,-0.374,51.434,5152
18298,Application Submitted,15.4,,-1.367,54.772,256000
18299,Application Submitted,49.9,,1.316,52.165,904500
18301,Application Submitted,49.8,,-0.81,52.801,851000
18303,Awaiting Construction,,,-2.463,51.871,
18304,Application Submitted,20.0,,1.361,52.161,370000
18306,No Application Required,,,-4.143,51.674,
18310,Awaiting Construction,0.19,,-2.202,51.869,3278
18311,Awaiting Construction,0.11,,-1.998,53.367,1779
18312,Awaiting Construction,0.2,,-2.454,53.169,3465
18313,Awaiting Construction,0.4,,-1.194,51.891,7213
18315,Awaiting Construction,2.5,,-1.503,51.401,47350
18316,Awaiting Construction,1.4,,-1.588,55.043,25952
18317,Awaiting Construction,0.85,,-0.431,53.995,13999
18318,Application Submitted,25.65,,-1.451,52.468,480364
18322,No Application Required,,,-0.126,51.531,
18324,Awaiting Construction,,,-3.836,56.033,
18329,Awaiting Construction,,,-2.484,50.612,9000
18330,Application Submitted,0.54,,-3.36,56.042,9837
18335,Application Submitted,49.9,,-0.364,52.103,1180000
18337,Awaiting Construction,1.4,,-3.38,51.767,29500
18338,Application Submitted,12.0,,-0.835,52.78,245300
18349,Awaiting Construction,0.16,,-1.389,50.927,2716
18350,Awaiting Construction,0.24,,1.104,51.239,4215
18351,Awaiting Construction,0.54,,-0.989,53.861,9837
18352,Awaiting Construction,0.21,,-0.156,51.536,3653
18353,Awaiting Construction,0.19,,-1.422,53.248,3278
18354,Awaiting Construction,0.57,,-1.466,52.373,10399
18355,Awaiting Construction,0.51,,-1.914,53.878,9274
18356,Awaiting Construction,0.43,,0.257,51.124,7775
18357,Awaiting Construction,0.18,,-1.524,53.652,3091
18362,Awaiting Construction,1.3,,-2.933,53.306,24078
18363,Awaiting Construction,0.31,,-2.391,51.392,5527
18364,Awaiting Construction,2.3,,-0.485,51.92,42817
18367,Application Submitted,40.0,,0.658,52.21,576500
18371,Application Submitted,2.0,,-3.379,52.992,24900
18372,Awaiting Construction,0.2,,0.75,52.421,3465
18373,Awaiting Construction,0.2,,-2.789,54.665,3465
18374,Application Submitted,20.0,,-2.652,53.295,552000
18378,Awaiting Construction,1.0,,-1.615,54.967,18456
18382,Operational,10.0,2025-02-28,0.577,52.546,184000
18384,Awaiting Construction,,,-4.515,55.681,
18385,Awaiting Construction,0.34,,-2.689,53.772,6089
18388,Awaiting Construction,0.34,,-1.867,52.474,6089
18390,Awaiting Construction,0.25,,-1.07,51.672,4402
18391,Awaiting Construction,,,0.652,50.99,
18403,Awaiting Construction,0.22,,-2.203,53.484,3840
18404,Awaiting Construction,,,-2.617,51.685,
18406,Awaiting Construction,0.39,,-1.417,54.866,7026
18407,Awaiting Construction,0.2,,-2.586,51.16,3465
18408,Awaiting Construction,0.57,,-0.205,50.842,10399
18409,Application Submitted,34.0,,1.086,51.916,577100
18411,Application Submitted,,,1.062,52.353,
18412,Awaiting Construction,0.14,,-2.123,50.683,2341
18413,Awaiting Construction,2.8,,0.233,51.497,52186
18417,Awaiting Construction,,,-1.902,57.538,1541
18418,Awaiting Construction,,,-2.239,53.039,
18419,Awaiting Construction,0.18,,-2.227,53.018,3091
18420,Awaiting Construction,0.69,,-2.276,51.032,12647
18421,Application Submitted,0.16,,-2.607,51.508,2716
18422,Application Submitted,49.9,,0.84,52.705,955200
18423,Application Submitted,49.9,,1.197,52.406,741000
18425,Awaiting Construction,,,-1.063,52.625,
18431,Awaiting Construction,0.15,,0.998,51.262,2528
18439,Awaiting Construction,0.68,,-1.221,53.789,12460
18446,Application Submitted,40.0,,-1.365,52.091,1066800
18449,Awaiting Construction,0.23,,-2.623,53.417,4028
18450,Awaiting Construction,0.18,,-1.114,51.988,3091
18451,Awaiting Construction,0.23,,0.709,51.541,4028
18452,Application Submitted,,,-1.788,53.626,1965
18453,Awaiting Construction,0.44,,-0.977,51.169,7963
18454,Awaiting Construction,0.19,,-2.462,50.716,3278
18455,Awaiting Construction,0.18,,-1.364,53.592,3091
18457,Awaiting Construction,0.52,,-2.457,53.763,9462
18458,Awaiting Construction,0.28,,-1.114,53.93,4965
18459,Awaiting Construction,0.21,,-2.303,52.027,3653
18460,Awaiting Construction,0.19,,-2.431,53.187,3278
18462,Application Submitted,0.48,,-0.632,52.902,8712
18464,Application Submitted,42.0,,1.523,52.425,786741
18468,Awaiting Construction,,,-0.434,53.433,
18469,Awaiting Construction,0.77,,-2.171,51.841,14146
18470,Awaiting Construction,0.42,,-0.732,52.401,7588
18471,Awaiting Construction,42.0,,0.837,52.192,786741
18472,Awaiting Construction,0.41,,-1.066,52.958,7401
18473,Awaiting Construction,1.1,,-0.665,53.62,20330
18481,Awaiting Construction,0.19,,-1.038,51.796,3278
18482,Application Submitted,3.15,,-2.385,56.916,58744
18510,Awaiting Construction,0.8,,0.175,51.56,14709
18511,Awaiting Construction,0.21,,-2.122,52.809,3653
18514,Awaiting Construction,,,-1.177,52.262,6198
18515,Awaiting Construction,0.19,,-1.79,51.044,3278
18518,Awaiting Construction,16.2,,-3.449,50.752,238900
18522,Awaiting Construction,0.17,,-0.235,51.517,2903
18523,Awaiting Construction,,,-2.191,53.057,
18525,Awaiting Construction,,,0.749,51.444,1982
18528,Awaiting Construction,0.59,,-2.454,50.708,10774
18531,Awaiting Construction,0.55,,-1.123,51.881,10024
18532,Application Submitted,49.9,,-1.277,53.404,1028900
18534,Awaiting Construction,0.62,,0.091,52.566,11336
18536,Application Submitted,28.0,,0.585,52.441,431000
18540,Awaiting Construction,0.27,,-0.061,51.504,4777
18541,Awaiting Construction,0.19,,-1.481,51.784,3278
18542,Awaiting Construction,0.18,,-0.821,52.971,2433
18546,Awaiting Construction,,,-0.436,51.589,
18548,Awaiting Construction,0.28,,-0.038,52.821,4965
18551,Awaiting Construction,0.55,,-0.537,53.454,10024
18552,Awaiting Construction,,,-1.289,54.607,
18557,Awaiting Construction,0.65,,-0.662,53.615,11898
18558,Awaiting Construction,1.16,,-2.153,52.273,21455
18559,Awaiting Construction,5.0,,-1.035,51.426,93411
18561,Application Submitted,,,-0.659,51.591,1360000
18563,Application Submitted,42.0,,-0.659,51.591,1203400
18565,Awaiting Construction,0.37,,-1.088,53.905,12800
18568,Application Submitted,30.7,,-3.342,51.602,574994
18570,Awaiting Construction,0.24,,-3.539,50.738,3480
18579,Awaiting Construction,0.22,,-0.403,51.5,3840
18584,Awaiting Construction,0.17,,-2.232,51.86,2903
18589,Application Submitted,0.24,,-2.115,52.197,4215
18591,Awaiting Construction,,,-1.741,55.049,
18592,Awaiting Construction,0.19,,-1.087,52.591,3278
18594,Awaiting Construction,0.53,,-2.415,52.678,9649
18597,Awaiting Construction,0.39,,-0.393,51.908,7026
18598,Awaiting Construction,,,-2.9,51.789,4700
18600,Awaiting Construction,0.8,,-0.075,53.576,14709
18603,Application Submitted,16.14,,-1.268,52.962,302160
18606,Awaiting Construction,0.18,,1.081,51.285,3091
18607,Awaiting Construction,1.5,,-0.067,53.575,27826
18608,Revised,0.26,,-1.061,52.954,4590
18611,Revised,0.25,,-1.333,53.243,4402
18612,Awaiting Construction,0.56,,-2.469,53.108,10211
18613,Awaiting Construction,,,-1.137,51.753,2422
18622,Awaiting Construction,0.6,,-0.293,51.371,10961
18624,Application Submitted,0.3,,-3.436,51.738,7784
18625,Awaiting Construction,0.15,,-1.875,50.755,2528
18626,Awaiting Construction,0.79,,-2.244,52.366,14521
18632,Awaiting Construction,0.2,,1.39,51.35,3465
18633,Awaiting Construction,0.97,,-0.078,52.789,17894
18634,Awaiting Construction,0.24,,-1.325,50.927,4215
18635,Application Submitted,1.0,,-1.448,54.662,18456
18636,Awaiting Construction,0.54,,-2.479,53.104,9837
18640,Awaiting Construction,0.23,,-1.478,52.895,4028
18641,Awaiting Construction,0.6,,-2.851,53.124,10961
18642,Application Submitted,22.0,,-0.947,51.287,411968
18646,Awaiting Construction,0.9,,-1.244,50.87,16582
18650,Awaiting Construction,1.11,,-0.669,53.586,20518
18653,Awaiting Construction,0.23,,0.248,50.971,4028
18654,Awaiting Construction,,,-0.267,51.534,
18655,Awaiting Construction,0.49,,-2.405,53.554,8900
18657,Awaiting Construction,,,0.281,52.164,5000
18658,Awaiting Construction,,,-2.287,53.534,
18661,Awaiting Construction,0.3,,-2.536,51.19,5339
18662,Awaiting Construction,0.29,,-2.537,51.19,5152
18663,Awaiting Construction,0.18,,0.998,51.262,3091
18664,Application Submitted,28.0,,-4.314,55.746,570000
18669,Awaiting Construction,,,1.17,51.907,
18673,Awaiting Construction,1.12,,-2.472,53.106,20705
18674,Awaiting Construction,0.22,,-2.741,53.428,3840
18676,Awaiting Construction,0.16,,-1.898,53.878,2716
18677,Awaiting Construction,0.28,,-1.812,53.925,4965
18681,Awaiting Construction,30.0,,0.167,51.689,561877
18689,Application Submitted,35.2,,-1.339,52.937,659318
18690,Awaiting Construction,1.01,,-2.214,52.528,18644
18691,Application Submitted,49.9,,-2.193,55.022,655000
18693,Application Submitted,45.0,,-0.835,52.78,842957
18695,Awaiting Construction,0.16,,-0.265,50.833,2716
18696,Awaiting Construction,0.17,,0.303,51.6,2903
18697,Awaiting Construction,,,-1.037,51.832,112
18698,Application Submitted,49.9,,-0.39,51.738,1068100
18700,Awaiting Construction,0.19,,0.78,52.423,3278
18702,Awaiting Construction,0.15,,0.823,51.303,2528
18705,Application Submitted,28.0,,1.136,52.724,363600
18706,Awaiting Construction,0.2,,0.869,51.868,3465
18707,Awaiting Construction,0.17,,-2.87,53.354,2903
18714,Awaiting Construction,0.39,,-1.418,53.417,7026
18715,Awaiting Construction,2.7,,1.348,51.351,50312
18718,Awaiting Construction,16.0,,0.887,51.011,397600
18727,No Application Required,,,0.175,51.56,
18733,Awaiting Construction,0.16,,-0.567,51.751,2716
18738,Awaiting Construction,0.4,,-1.366,53.007,7213
18739,Awaiting Construction,8.8,,-0.055,51.696,164618
18740,Awaiting Construction,0.3,,-1.367,53.006,5339
18743,Awaiting Construction,0.71,,0.009,51.758,13022
18745,Revised,0.31,,-1.316,54.631,5527
18746,Application Submitted,8.8,,-2.111,52.481,164618
18747,Awaiting Construction,,,-1.284,51.625,
18748,Awaiting Construction,0.22,,-0.354,53.737,3840
18749,Awaiting Construction,0.4,,-1.366,53.007,7213
18750,Awaiting Construction,0.51,,-1.275,53.717,9274
18752,Awaiting Construction,0.15,,-1.274,54.574,2528
18753,Awaiting Construction,0.5,,-1.286,53.723,9087
18755,Awaiting Construction,0.41,,0.919,51.311,7401
18756,Awaiting Construction,0.33,,-1.563,54.994,5901
18761,Awaiting Construction,0.18,,-1.559,54.954,3091
18763,Awaiting Construction,0.21,,0.033,51.585,3653
18765,Application Submitted,,,-0.662,52.364,2010000
18768,Awaiting Construction,0.25,,-1.333,53.243,4402
18769,Awaiting Construction,0.26,,-1.061,52.954,4590
18772,Awaiting Construction,0.2,,-0.38,51.397,3465
18773,Awaiting Construction,0.6,,0.244,51.463,10961
18779,Revised,0.28,,-0.028,51.018,4965
18781,Awaiting Construction,0.23,,-1.082,53.557,3500
18784,Awaiting Construction,0.68,,-1.644,51.377,12460
18785,Awaiting Construction,0.15,,-0.116,53.581,2528
18786,Revised,0.36,,-0.304,51.539,6464
18787,Awaiting Construction,0.46,,-2.898,53.415,8337
18789,Awaiting Construction,0.31,,1.29,52.622,5527
18791,Awaiting Construction,0.26,,0.439,52.513,4590
18793,Awaiting Construction,0.43,,-0.777,51.371,5700
18794,Awaiting Construction,1.01,,-1.061,52.954,18644
18797,Application Submitted,12.0,,-2.625,53.653,397000
18799,Awaiting Construction,0.9,,-0.596,54.471,16582
18800,Awaiting Construction,0.72,,-2.996,51.646,13210
18801,Application Submitted,,,-2.052,52.456,
18810,Awaiting Construction,0.36,,0.571,51.87,6464
18812,Application Submitted,44.0,,-1.557,52.774,824218
18813,Awaiting Construction,0.19,,-1.634,54.954,3278
18815,Awaiting Construction,6.8,,-2.66,53.412,127141
18817,Awaiting Construction,0.22,,-2.944,53.869,3840
18818,Revised,,,-3.668,56.011,
18820,Awaiting Construction,0.16,,-1.861,51.46,2716
18821,Awaiting Construction,0.21,,-2.14,53.609,3653
18822,Awaiting Construction,,,-0.361,50.83,193
18824,Awaiting Construction,0.15,,1.244,51.357,2528
18825,Application Submitted,0.27,,0.76,51.366,4777
18827,Awaiting Construction,0.3,,-0.266,51.493,5339
18833,Awaiting Construction,0.28,,-0.93,52.524,4965
18834,Awaiting Construction,0.56,,-2.631,52.887,9100
18836,Awaiting Construction,0.41,,-1.288,52.371,7401
18837,Awaiting Construction,49.9,,-2.808,51.363,1124200
18845,Awaiting Construction,0.57,,0.513,51.752,10399
18846,Awaiting Construction,,,-2.82,50.933,
18848,Awaiting Construction,0.3,,-0.283,52.608,5339
18851,Awaiting Construction,0.3,,-0.822,53.844,5339
18853,Awaiting Construction,0.17,,0.046,51.521,2903
18864,Awaiting Construction,0.19,,-0.967,51.479,4920
18867,Awaiting Construction,0.53,,-2.879,53.263,9649
18868,Awaiting Construction,0.71,,0.074,52.562,13022
18869,Awaiting Construction,,,-4.171,55.75,1865
18871,Awaiting Construction,,,-3.033,52.884,
18874,Awaiting Construction,0.43,,-3.212,54.116,7775
18876,Awaiting Construction,,,-2.046,52.464,
18877,Awaiting Construction,0.2,,0.05,51.54,3465
18879,Awaiting Construction,1.3,,0.551,52.312,20000
18881,Application Submitted,9.9,,-3.4,51.553,209200
18884,Awaiting Construction,1.28,,-3.051,52.918,26000
18892,Awaiting Construction,0.2,,-2.696,53.635,3465
18894,Awaiting Construction,0.25,,-2.056,52.931,4402
18899,Awaiting Construction,0.31,,-2.742,53.419,5527
18901,Awaiting Construction,,,-3.032,53.752,1650
18902,Awaiting Construction,0.17,,0.142,51.496,2903
18903,Awaiting Construction,0.16,,-0.197,51.888,2716
18904,Awaiting Construction,0.25,,-1.871,52.897,4402
18905,Application Submitted,34.0,,-1.096,53.341,636832
18907,Awaiting Construction,0.27,,-2.054,52.481,4777
18911,Application Submitted,30.0,,-1.571,54.279,459600
18916,Awaiting Construction,0.16,,-1.086,50.796,2716
18917,Application Submitted,40.0,,-2.449,51.761,749264
18918,Application Submitted,20.2,,-0.607,53.24,347800
18920,Application Submitted,40.0,,-1.51,51.738,679000
18922,Awaiting Construction,0.6,,-0.904,53.697,10961
18923,Awaiting Construction,0.28,,0.107,50.975,4965
18924,Awaiting Construction,0.37,,-1.565,54.526,6651
18944,Application Submitted,49.9,,-3.087,56.296,1030000
18948,Awaiting Construction,0.21,,0.661,52.887,3653
18949,Application Submitted,49.9,,-1.341,53.843,940000
18951,Application Submitted,13.0,,-3.487,54.703,197100
18953,Awaiting Construction,,,0.437,52.077,
18954,Awaiting Construction,0.2,,-1.092,52.305,3465
18955,Application Submitted,49.9,,-1.03,53.778,825000
18959,Application Submitted,32.0,,-2.168,55.018,407800
18961,Awaiting Construction,0.17,,-4.328,55.887,2903
18966,Awaiting Construction,,,-0.08,51.528,130
18970,Awaiting Construction,,,-1.062,51.299,1992
18971,Awaiting Construction,0.42,,-1.152,50.814,7588
18976,Awaiting Construction,20.0,,1.093,51.804,320000
18977,Application Submitted,30.0,,-2.248,51.289,485000
18978,Application Submitted,16.0,,-1.319,52.472,229500
18982,Application Submitted,49.9,,-2.975,56.633,870000
18985,Awaiting Construction,0.39,,-4.188,52.241,7026
18987,Application Submitted,49.9,,-1.37,54.793,785200
18997,Awaiting Construction,,,-1.576,54.592,
18998,Under Construction,,,-0.607,51.241,
19005,Awaiting Construction,0.65,,0.037,51.486,11898
19007,Application Submitted,49.99,,-0.889,52.002,854900
19008,Awaiting Construction,0.81,,-0.126,53.582,14896
19013,Awaiting Construction,0.24,,-2.669,51.516,4215
19016,Application Submitted,165.0,,-2.552,55.993,3091595
19046,Awaiting Construction,,,-0.182,51.128,
19047,Awaiting Construction,0.77,,-0.435,51.767,14146
19049,Revised,0.15,,1.36,51.37,2528
19051,Awaiting Construction,0.33,,-2.288,53.36,5901
19052,Awaiting Construction,0.22,,-1.054,53.948,3840
19053,Application Submitted,,,-3.471,56.421,
19054,Awaiting Construction,0.15,,-0.415,53.607,2528
19055,Awaiting Construction,1.6,,-1.457,53.83,29700
19056,Awaiting Construction,2.4,,-2.647,51.535,44690
19065,Awaiting Construction,1.0,,-1.14,54.602,18456
19068,Awaiting Construction,0.2,,-1.353,53.447,3465
19076,Application Submitted,12.0,,0.377,51.873,188000
19077,Application Submitted,30.0,,-0.241,51.694,395900
19078,Awaiting Construction,0.15,,-1.057,53.949,2528
19081,Awaiting Construction,0.32,,0.464,50.837,5714
19082,Application Submitted,30.0,,-2.798,53.261,770000
19085,Application Submitted,40.0,,-3.44,55.873,760000
19094,Application Submitted,20.0,,-1.569,53.686,356300
19099,Application Submitted,29.0,,-0.575,53.274,543139
19101,Awaiting Construction,,,-1.41,50.904,
19108,Application Submitted,0.17,,-0.975,51.443,2903
19109,Awaiting Construction,10.0,,-2.692,51.355,136000
19110,Awaiting Construction,0.82,,-2.616,56.551,15083
19111,Awaiting Construction,,,-1.843,51.544,
19112,Awaiting Construction,0.34,,-1.211,52.597,6089
19113,Operational,0.45,2025-10-01,-0.406,51.304,8150
19114,Awaiting Construction,0.47,,-2.7,53.784,8525
19115,Awaiting Construction,0.26,,-1.979,52.493,4590
19117,Awaiting Construction,0.22,,-2.241,53.485,3840
19118,Application Submitted,5.6,,-0.89,52.332,80000
19122,Awaiting Construction,0.58,,-1.587,54.904,10586
19124,Application Submitted,15.0,,1.386,52.57,294000
19125,Application Submitted,15.0,,-4.136,51.118,441200
19126,Awaiting Construction,0.77,,-0.189,52.348,14146
19128,Application Submitted,39.33,,-0.605,52.455,756700
19133,Awaiting Construction,0.19,,-0.345,51.751,3278
19138,Awaiting Construction,0.18,,-2.165,53.01,3091
19146,Application Submitted,40.0,,-2.587,50.887,704000
19151,Awaiting Construction,2.0,,-3.944,55.869,37195
19152,Awaiting Construction,,,-2.794,52.709,
19153,Awaiting Construction,1.57,,-1.203,52.631,29137
19154,Awaiting Construction,0.24,,0.0,51.518,4215
19156,Awaiting Construction,0.36,,-1.424,51.597,6464
19158,Awaiting Construction,,,0.68,51.205,
19159,Application Submitted,35.0,,-1.686,51.565,486300
19160,Application Submitted,49.9,,-1.233,53.686,934776
19162,Awaiting Construction,0.35,,0.138,51.529,6276
19163,Awaiting Construction,0.23,,-1.984,53.453,4028
19165,Awaiting Construction,23.0,,-0.679,52.949,577700
19172,Application Submitted,49.9,,0.919,52.632,983600
19174,Awaiting Construction,0.31,,-1.316,54.631,5527
19175,Application Submitted,38.37,,-0.472,51.971,628200
19180,Awaiting Construction,0.21,,-3.033,52.884,3653
19181,Awaiting Construction,1.6,,-3.204,50.986,29700
19182,Awaiting Construction,0.38,,-1.666,54.218,4800
19183,Awaiting Construction,0.28,,-1.869,51.924,4965
19185,Awaiting Construction,0.25,,-2.309,53.465,4402
19187,Application Submitted,21.5,,-1.331,52.648,319000
19188,Awaiting Construction,0.49,,-0.621,51.483,8900
19194,Application Submitted,,,-0.657,51.383,
19196,Awaiting Construction,0.17,,-2.597,52.9,2903
19199,Awaiting Construction,0.18,,-2.321,53.424,3091
19202,Awaiting Construction,0.5,,-1.769,53.655,9087
19203,Awaiting Construction,0.2,,-3.033,52.884,3465
19204,Awaiting Construction,0.3,,-3.07,53.408,5339
19206,Awaiting Construction,0.31,,-1.181,52.931,5527
19208,Awaiting Construction,0.3,,-0.842,53.877,5339
19217,Awaiting Construction,0.2,,-1.534,54.886,3465
19218,Awaiting Construction,49.9,,-1.095,52.422,770000
19220,Application Submitted,25.0,,-1.978,51.688,520000
19222,Application Submitted,34.0,,-3.035,51.022,577100
19223,Awaiting Construction,0.2,,-1.948,52.563,3465
19224,Awaiting Construction,0.15,,-1.761,53.661,2528
19226,Awaiting Construction,0.6,,-0.908,52.184,10961
19230,Application Submitted,40.0,,1.48,52.346,565000
19231,Awaiting Construction,1.3,,-2.98,53.172,19150
19233,Application Submitted,0.24,,-0.207,51.902,4215
19234,Awaiting Construction,,,-1.454,52.917,
19235,Awaiting Construction,,,-1.079,51.262,632
19236,Awaiting Construction,0.28,,-0.365,51.663,4965
19238,Under Construction,,,-2.735,54.311,
19240,Awaiting Construction,0.15,,0.09,52.363,2528
19241,Awaiting Construction,0.18,,-0.46,52.15,3091
19242,Awaiting Construction,0.2,,-2.246,53.044,3465
19243,Awaiting Construction,0.21,,-1.053,53.983,3653
19244,Awaiting Construction,,,0.118,51.42,
19246,Awaiting Construction,1.0,,-2.844,56.647,18456
19247,Application Submitted,40.0,,-2.601,51.453,557000
19248,Application Submitted,49.9,,-1.268,53.567,940000
19250,Application Submitted,30.0,,-2.082,53.38,561877
19255,Application Submitted,42.0,,0.856,52.323,552000
19260,Awaiting Construction,,,0.808,51.942,
19261,Awaiting Construction,,,-2.289,51.899,
19264,Awaiting Construction,0.57,,-1.664,53.571,10399
19271,Awaiting Construction,0.15,,1.36,51.37,2528
19277,Awaiting Construction,0.2,,-1.459,50.889,3465
19278,Awaiting Construction,0.22,,0.342,52.109,3840
19279,Application Submitted,15.0,,-2.61,51.393,280797
19280,Awaiting Construction,0.16,,0.037,51.597,2716
19281,Awaiting Construction,0.25,,-1.339,52.703,4402
19282,Application Submitted,9.9,,-4.224,57.496,185230
19283,Awaiting Construction,,,0.139,52.101,46000
19284,Application Submitted,,,-1.835,52.653,
19290,Awaiting Construction,0.2,,-1.547,53.849,3465
19292,Awaiting Construction,0.73,,-2.098,52.811,13397
19295,Application Submitted,5.8,,-1.536,55.063,110000
19297,Awaiting Construction,0.17,,-2.435,53.097,2903
19298,Application Submitted,0.21,,-2.969,53.424,3653
19299,Awaiting Construction,0.35,,-2.127,52.579,6276
19300,Awaiting Construction,0.21,,-0.2,51.639,3653
19301,Awaiting Construction,0.5,,-0.825,52.048,9087
19304,Awaiting Construction,0.4,,-2.081,53.488,7213
19314,Application Submitted,0.6,,-0.408,52.912,10961
19320,Application Submitted,49.9,,0.108,51.724,1001000
19328,Awaiting Construction,0.22,,-2.296,53.402,3840
19329,Awaiting Construction,0.38,,-2.731,53.427,6838
19331,Awaiting Construction,0.17,,-2.907,53.447,2903
19332,Application Submitted,49.9,,-1.248,53.984,868100
19336,Awaiting Construction,,,-0.462,51.347,
19337,Awaiting Construction,0.36,,-2.183,53.564,6464
19339,Awaiting Construction,0.25,,-1.453,54.993,4402
19340,Awaiting Construction,0.27,,-2.131,53.494,4777
19341,Awaiting Construction,0.16,,-0.524,52.478,2716
19342,Awaiting Construction,1.2,,-0.243,52.613,22204
19343,Awaiting Construction,0.27,,-1.526,54.527,4777
19345,Awaiting Construction,,,-0.344,51.556,
19346,Awaiting Construction,0.25,,-1.198,53.984,6800
19347,Awaiting Construction,0.34,,-1.812,52.429,6089
19348,Awaiting Construction,0.15,,-2.983,53.48,2528
19350,Awaiting Construction,0.17,,-2.257,50.682,2903
19351,Awaiting Construction,0.5,,-2.126,53.384,9087
19352,Awaiting Construction,0.21,,-2.208,52.449,3653
19353,Awaiting Construction,30.0,,0.2,51.889,479192
19355,Awaiting Construction,0.2,,-2.863,53.464,3465
19356,Awaiting Construction,0.15,,-0.461,51.482,2528
19357,Awaiting Construction,0.24,,-3.04,53.836,4215
19358,Awaiting Construction,0.17,,-3.321,50.882,2903
19359,Awaiting Construction,0.22,,-0.658,52.898,3840
19362,Awaiting Construction,0.27,,0.51,51.606,4777
19367,Application Submitted,40.0,,-2.819,51.116,590400
19368,Application Submitted,15.0,,-2.586,51.382,280797
19369,Awaiting Construction,49.9,,-0.491,52.185,1708100
19374,Awaiting Construction,,,-0.747,51.387,
19375,Application Submitted,,,-1.979,51.509,35571
19376,Awaiting Construction,0.34,,-2.268,53.477,6089
19377,Application Submitted,,,-2.616,51.394,
19378,Awaiting Construction,15.0,,0.554,52.536,246000
19379,Revised,0.21,,-2.377,53.744,3653
19380,Awaiting Construction,0.17,,-0.894,52.241,2903
19381,Awaiting Construction,0.15,,-1.699,52.531,2528
19382,Awaiting Construction,,,-1.045,53.952,
19383,Awaiting Construction,0.34,,-3.077,53.375,6089
19389,Application Submitted,40.0,,-2.299,51.884,691400
19392,Awaiting Construction,0.38,,-1.205,51.73,6838
19393,Awaiting Construction,0.15,,-2.079,52.814,2528
19394,Awaiting Construction,0.22,,-2.506,53.242,3840
19397,Awaiting Construction,0.23,,-2.197,53.478,4028
19398,Awaiting Construction,0.39,,-2.247,53.443,7026
19401,Application Submitted,50.0,,0.023,51.191,890340
19405,Awaiting Construction,,,-1.209,52.579,
19406,Awaiting Construction,,,0.353,52.7,8000
19408,Awaiting Construction,0.17,,-1.034,52.84,2903
19409,Application Submitted,,,-2.807,53.074,16339
19415,Awaiting Construction,0.7,,-1.963,52.509,12835
19416,Revised,1.25,,-2.66,53.412,23141
19423,Application Submitted,46.41,,-0.945,52.193,869379
19431,Application Submitted,49.9,,-0.229,53.757,818300
19432,Application Submitted,,,0.295,51.868,
19433,Awaiting Construction,0.31,,-3.065,53.424,5527
19435,Awaiting Construction,0.66,,-3.483,58.52,12085
19443,Awaiting Construction,0.45,,-1.22,52.784,8150
19446,Awaiting Construction,0.61,,-1.548,52.278,11148
19448,Awaiting Construction,0.47,,-1.204,53.424,8525
19449,Awaiting Construction,0.22,,-0.108,53.204,3840
19450,Awaiting Construction,0.18,,-0.481,51.347,3091
19452,Awaiting Construction,49.99,,-2.866,51.394,883000
19453,Awaiting Construction,0.18,,-0.327,53.749,3091
19454,Awaiting Construction,0.35,,-2.534,53.409,6276
19455,Awaiting Construction,0.19,,-0.461,51.526,3278
19456,Awaiting Construction,1.35,,-2.995,51.122,25015
19457,Application Submitted,26.4,,-2.372,53.723,344000
19459,Awaiting Construction,1.0,,-2.212,53.003,18456
19460,Awaiting Construction,0.23,,1.181,52.612,4028
19463,Awaiting Construction,0.24,,1.132,52.059,4215
19464,Application Submitted,20.0,,-2.757,51.068,326000
19466,Awaiting Construction,0.24,,1.049,51.872,4215
19468,Awaiting Construction,0.19,,-3.193,55.983,3278
19473,Awaiting Construction,,,-4.114,50.417,
19475,Application Submitted,49.9,,-1.744,52.429,1040000
19476,Application Submitted,5.0,,-1.744,52.429,93411
19477,Awaiting Construction,0.15,,-1.736,52.46,2528
19478,Application Submitted,16.0,,-0.245,51.735,220600
19481,Awaiting Construction,0.15,,-3.202,55.93,2528
19482,Awaiting Construction,3.06,,-2.15,53.542,57058
19484,Awaiting Construction,,,-1.186,52.967,
19487,Awaiting Construction,0.19,,-0.014,51.134,3278
19488,Awaiting Construction,0.29,,-0.853,53.93,5152
19492,Awaiting Construction,0.69,,-0.978,53.973,12647
19495,Awaiting Construction,0.54,,-0.823,51.814,7176
19498,Awaiting Construction,0.23,,-2.432,53.412,4028
19499,Application Submitted,,,-2.306,51.994,37000
19501,Awaiting Construction,0.23,,-0.736,52.004,4028
19502,Revised,,,-2.785,53.42,
19503,Awaiting Construction,0.24,,-0.798,53.08,4215
19504,Awaiting Construction,0.81,,-1.245,53.111,14896
19505,Awaiting Construction,,,1.214,52.027,
19512,Revised,,,-2.185,53.396,
19515,Awaiting Construction,0.22,,-2.279,53.495,3840
19520,Application Submitted,2.0,,-2.632,51.405,37195
19524,Awaiting Construction,0.33,,-2.608,56.572,6183
19526,Awaiting Construction,0.46,,-1.504,52.414,8337
19533,Awaiting Construction,0.28,,-0.028,51.018,4965
19536,Awaiting Construction,2.56,,-0.545,51.345,47689
19538,Awaiting Construction,0.41,,-1.141,51.355,7401
19539,Awaiting Construction,0.2,,-1.503,52.413,3465
19542,Application Submitted,49.9,,-0.779,53.593,851000
19543,Awaiting Construction,0.3,,-1.253,51.513,10000
19545,Awaiting Construction,0.3,,-1.411,52.433,5339
19546,Application Submitted,1.0,,-3.967,55.881,18456
19547,Awaiting Construction,0.3,,-2.46,52.93,5339
19548,Awaiting Construction,0.33,,-0.73,52.669,5901
19549,Awaiting Construction,0.86,,-3.511,52.515,15833
19551,Awaiting Construction,0.25,,-1.472,53.727,4402
19555,Application Submitted,0.5,,-4.379,53.29,9900
19557,Awaiting Construction,0.79,,0.867,51.159,14521
19558,Awaiting Construction,0.36,,-2.253,53.462,6464
19562,Application Submitted,49.9,,-0.033,52.664,804000
19564,Awaiting Construction,0.26,,-1.866,52.355,4590
19566,Awaiting Construction,0.18,,-1.477,53.757,3091
19567,Application Submitted,15.0,,-4.035,51.711,280797
19594,Awaiting Construction,0.27,,-0.304,51.539,4777
19595,Application Submitted,39.0,,-3.404,56.387,588500
19627,Operational,0.37,2025-03-31,-0.992,51.138,6651
19629,Awaiting Construction,0.15,,0.072,51.58,2528
19631,Awaiting Construction,0.66,,-3.498,58.522,12085
19632,Awaiting Construction,,,-1.489,53.692,
19638,Awaiting Construction,0.22,,1.332,51.973,3840
19643,Awaiting Construction,,,-4.306,51.851,8800
19647,Awaiting Construction,0.39,,-1.413,53.414,7026
19648,Application Submitted,49.9,,-0.74,53.614,991700
19652,Application Submitted,35.0,,-1.189,52.304,717000
19653,Application Submitted,23.5,,-1.637,54.357,325900
19654,Awaiting Construction,0.37,,-1.509,54.984,6651
19655,Awaiting Construction,,,-2.393,51.204,
19657,Application Submitted,16.0,,-1.568,52.873,230000
19658,Application Submitted,49.9,,-1.117,54.033,950000
19661,Awaiting Construction,0.44,,-0.172,51.127,7963
19663,Revised,,,-2.911,53.518,
19669,Application Submitted,0.27,,0.422,51.049,4168
19672,Awaiting Construction,1.88,,-0.826,52.453,34946
19677,Awaiting Construction,,,0.288,51.156,4752
19678,Awaiting Construction,0.52,,-0.294,52.21,9462
19679,Awaiting Construction,0.35,,-0.184,51.134,6276
19680,Awaiting Construction,,,-1.668,53.789,
19682,Awaiting Construction,0.44,,-5.068,50.261,7963
19687,Awaiting Construction,0.22,,0.394,52.294,3840
19688,Awaiting Construction,0.28,,-0.727,52.403,4965
19690,Awaiting Construction,0.2,,-1.331,52.648,3465
19695,Awaiting Construction,,,-1.461,54.977,
19698,Application Submitted,0.28,,0.062,51.866,4965
19699,Awaiting Construction,0.92,,-0.858,52.221,16957
19701,Awaiting Construction,0.4,,1.033,51.265,7213
19702,Awaiting Construction,0.39,,-0.023,51.424,7026
19703,Application Submitted,0.15,,-0.668,53.588,2528
19704,Awaiting Construction,0.23,,-1.779,53.644,3990
19705,Awaiting Construction,0.68,,-1.462,53.446,12460
19706,Awaiting Construction,1.27,,-2.041,52.552,23516
19707,Awaiting Construction,0.21,,0.447,52.089,3653
19708,Application Submitted,0.26,,-2.126,52.605,4590
19709,Awaiting Construction,1.0,,-0.086,51.391,18456
19711,Awaiting Construction,0.32,,-2.964,51.335,5714
19712,Awaiting Construction,0.26,,-1.79,51.044,4590
19716,Application Submitted,35.0,,-3.299,50.777,624800
19718,Awaiting Construction,0.3,,-2.165,53.533,5339
19720,Application Submitted,,,-2.584,51.403,11235
19722,Application Submitted,1.85,,-3.033,52.884,34384
19723,Application Submitted,25.0,,-1.453,52.444,510000
19724,Application Submitted,25.3,,-1.458,54.717,336000
19726,Awaiting Construction,1.0,,0.98,51.915,18300
19728,Awaiting Construction,0.3,,-1.167,53.713,5339
19729,Awaiting Construction,0.62,,-1.461,53.822,11336
19730,Awaiting Construction,,,0.11,52.204,4233
19731,Application Submitted,,,-2.42,50.638,8765
19733,Application Submitted,27.0,,-1.697,54.673,470000
19735,Awaiting Construction,0.29,,0.354,51.188,5152
19736,Application Submitted,,,0.265,51.135,6000
19737,Awaiting Construction,0.34,,-0.311,52.543,6089
19738,Awaiting Construction,0.33,,0.27,50.89,5901
19740,Awaiting Construction,0.21,,-1.535,54.792,3653
19741,Application Submitted,0.41,,-3.483,52.537,7600
19742,Revised,,,0.141,52.175,
19743,Awaiting Construction,0.2,,0.026,52.366,3465
19744,Awaiting Construction,0.25,,-1.509,54.972,4402
19745,Awaiting Construction,2.1,,-0.162,51.219,39069
19746,Awaiting Construction,0.32,,-1.427,54.982,5714
19748,Application Submitted,0.25,,-2.13,57.331,4402
19750,Awaiting Construction,1.5,,-2.66,53.412,27826
19757,Awaiting Construction,0.18,,-1.075,53.974,3091
19758,Awaiting Construction,0.21,,-2.621,53.678,3653
19759,Awaiting Construction,0.31,,-2.168,53.055,5527
19760,Awaiting Construction,0.2,,-1.42,54.996,3465
19761,Awaiting Construction,0.38,,-2.128,53.554,6838
19762,Awaiting Construction,0.49,,-3.077,53.375,8900
19769,Application Submitted,2.0,,-2.528,51.238,42500
19772,Awaiting Construction,0.38,,-0.825,52.058,6838
19774,Awaiting Construction,,,-2.127,52.488,
19777,Awaiting Construction,0.48,,-2.074,53.452,8712
19778,Awaiting Construction,0.18,,-2.111,51.915,3091
19780,Application Submitted,6.0,,-2.558,51.552,90000
19781,Awaiting Construction,,,-0.976,51.409,
19784,Awaiting Construction,0.28,,-0.105,50.938,6206
19786,Application Submitted,,,-1.124,51.857,70000
19787,Awaiting Construction,0.15,,0.003,51.65,2528
19789,Awaiting Construction,0.6,,-2.175,53.451,10961
19792,Application Submitted,,,-2.473,53.847,3450
19794,Application Submitted,25.0,,-1.454,52.445,510000
19798,Awaiting Construction,0.32,,-1.171,53.147,5714
19799,Awaiting Construction,0.15,,-2.117,52.786,2528
19800,Awaiting Construction,0.15,,-1.073,52.652,2528
19807,Awaiting Construction,1.2,,-3.668,56.011,22204
19815,Awaiting Construction,0.32,,-1.389,54.875,5714
19816,Awaiting Construction,0.33,,1.335,52.66,5901
19817,Awaiting Construction,0.36,,-1.598,54.538,6464
19821,Awaiting Construction,0.18,,0.122,51.412,3091
19823,Awaiting Construction,0.39,,-1.22,53.161,7026
19826,Awaiting Construction,0.2,,-2.136,52.618,3465
19828,Awaiting Construction,0.16,,-1.36,54.567,2716
19829,Awaiting Construction,0.25,,-3.285,51.016,5000
19830,Awaiting Construction,0.2,,-0.255,51.605,3465
19831,Awaiting Construction,0.25,,-1.746,53.669,4402
19835,Awaiting Construction,0.32,,-1.212,52.967,5714
19836,Awaiting Construction,0.34,,-4.111,50.382,6089
19837,Awaiting Construction,0.45,,-1.521,55.118,8150
19842,Awaiting Construction,0.59,,-0.23,52.587,10774
19845,Awaiting Construction,0.17,,0.495,51.233,2903
19846,Awaiting Construction,0.24,,-0.498,53.556,4215
19847,Awaiting Construction,0.49,,-1.537,55.2,8900
19851,Awaiting Construction,,,-2.058,52.453,
19852,Awaiting Construction,0.29,,-1.458,52.507,5152
19853,Awaiting Construction,0.16,,-2.761,53.542,2716
19856,Awaiting Construction,0.56,,-1.233,54.71,10211
19857,Awaiting Construction,0.43,,-1.559,53.76,7775
19858,Awaiting Construction,0.25,,-0.313,52.021,4402
19859,Awaiting Construction,0.18,,-2.906,53.161,3091
19860,Awaiting Construction,0.5,,-3.018,53.798,9087
19862,Awaiting Construction,0.19,,-1.354,54.759,3278
19863,Awaiting Construction,0.18,,-2.377,53.744,3091
19865,Application Submitted,0.22,,-2.785,53.42,3840
19867,Awaiting Construction,0.21,,-2.899,53.212,3653
19869,Awaiting Construction,0.17,,-4.253,55.865,2903
19870,Awaiting Construction,0.21,,-0.776,51.336,3653
19874,Awaiting Construction,0.3,,-1.209,52.46,5339
19876,Awaiting Construction,0.18,,-0.1,51.52,3091
19877,Awaiting Construction,0.99,,-2.33,53.467,18269
19878,Awaiting Construction,0.89,,-2.616,51.77,16395
19879,Application Submitted,0.24,,-5.195,51.751,4507
19880,Application Submitted,2.0,,-3.904,55.81,37195
19882,Awaiting Construction,0.16,,-3.021,53.645,2716
19883,Awaiting Construction,0.7,,-2.991,53.795,12835
19884,Awaiting Construction,0.3,,-1.173,53.546,5339
19885,Application Submitted,30.0,,1.689,52.539,511000
19886,Application Submitted,0.23,,-1.276,53.616,4028
19887,Awaiting Construction,,,-1.41,50.904,
19888,Application Submitted,,,-2.4,53.083,
19924,Awaiting Construction,0.19,,-2.963,54.924,3278
19925,Awaiting Construction,0.21,,-0.574,51.532,3653
19926,Awaiting Construction,0.61,,-1.547,55.122,11148
19929,Awaiting Construction,0.23,,-0.816,52.929,4028
19931,Awaiting Construction,0.28,,-0.688,51.409,4965
19933,Awaiting Construction,0.21,,-2.171,51.848,3653
19934,Awaiting Construction,0.45,,-3.303,55.939,8150
19937,Awaiting Construction,1.03,,-1.434,53.402,19019
19938,Awaiting Construction,1.59,,-0.574,51.532,29512
19940,Awaiting Construction,,,-0.339,53.775,
19941,Awaiting Construction,0.41,,-2.202,52.999,7401
19943,Application Submitted,1.5,,-1.1,51.385,27826
19947,Awaiting Construction,0.3,,-2.04,52.51,5339
19949,Awaiting Construction,0.33,,-0.647,51.746,5901
19952,Awaiting Construction,0.22,,-1.219,50.599,3840
19957,Awaiting Construction,3.8,,-2.423,52.706,70925
19959,Awaiting Construction,0.59,,0.622,52.452,10774
19962,Awaiting Construction,0.4,,-1.873,52.512,7213
19963,Application Submitted,25.0,,-4.705,55.933,468184
19965,Awaiting Construction,,,0.141,52.175,
19967,Application Submitted,0.22,,-2.083,52.514,3840
19971,Awaiting Construction,,,-2.253,53.456,
19972,Awaiting Construction,,,-0.725,51.989,
19978,Awaiting Construction,0.15,,-2.001,52.595,2528
19979,Awaiting Construction,0.15,,-1.504,53.663,2528
19980,Application Submitted,,,-0.172,51.438,
19981,Awaiting Construction,0.29,,1.435,51.354,5152
19983,Awaiting Construction,0.15,,-6.884,56.493,3000
19984,Awaiting Construction,0.56,,-2.203,51.864,10211
19985,Application Submitted,0.16,,-1.352,52.849,2716
19986,Awaiting Construction,0.58,,-1.624,55.013,10586
19987,Awaiting Construction,0.21,,-1.939,52.073,3653
19988,Awaiting Construction,0.22,,-1.512,53.8,3840
19989,Awaiting Construction,0.24,,-1.239,53.484,4215
19993,Awaiting Construction,0.15,,-1.892,52.521,2528
19995,Awaiting Construction,0.3,,0.024,53.732,5339
19996,Revised,0.94,,-1.539,53.784,17332
19998,Awaiting Construction,0.15,,-2.712,53.59,2528
19999,Awaiting Construction,0.35,,-0.746,52.03,6276
20001,Awaiting Construction,0.18,,-2.269,52.329,3091
20008,Application Submitted,0.51,,-2.185,53.396,9274
20009,Application Submitted,,,-2.911,53.518,
20018,Awaiting Construction,0.41,,-3.173,55.939,7900
20019,Awaiting Construction,0.16,,-1.994,52.555,2716
20026,Awaiting Construction,0.21,,-0.502,52.108,3653
20028,Awaiting Construction,0.52,,-0.667,52.48,9462
20029,Application Submitted,0.45,,-1.352,52.849,8150
20031,Revised,0.93,,-1.038,50.841,17145
20032,Awaiting Construction,0.24,,-2.588,53.408,4215
20034,Awaiting Construction,0.17,,0.55,51.392,2903
20037,Awaiting Construction,0.17,,-0.358,53.744,2903
20038,Application Submitted,,,0.503,52.343,4900
20040,Awaiting Construction,0.2,,-1.529,54.898,3465
20041,Awaiting Construction,0.28,,0.407,52.734,4965
20042,Awaiting Construction,0.33,,-4.399,58.025,5901
20043,Awaiting Construction,0.21,,-3.557,54.539,3653
20044,Awaiting Construction,1.6,,-1.524,52.455,29700
20045,Awaiting Construction,0.18,,-2.351,54.475,3091
20046,Awaiting Construction,0.2,,-1.971,52.505,3465
20051,Awaiting Construction,0.17,,-2.235,53.458,2903
20052,Awaiting Construction,,,-4.525,56.043,
20053,Awaiting Construction,0.29,,-1.197,52.464,5152
20054,Awaiting Construction,0.57,,-4.695,55.935,10399
20055,Awaiting Construction,,,0.146,51.456,
20059,Awaiting Construction,,,-0.308,51.731,1000
20063,Awaiting Construction,0.21,,-0.668,53.588,3653
20064,Awaiting Construction,0.18,,-0.617,53.565,3091
20065,Awaiting Construction,0.48,,-2.293,53.388,8712
20066,Application Submitted,0.87,,-1.07,50.85,16020
20069,Awaiting Construction,0.3,,-1.188,52.604,5339
20070,Awaiting Construction,0.41,,0.004,52.116,7401
20071,Awaiting Construction,0.16,,-1.751,54.965,2716
20077,Awaiting Construction,0.23,,-1.683,52.566,4028
20080,Awaiting Construction,0.3,,-1.249,51.402,5339
20081,Application Submitted,0.3,,-1.157,52.731,5339
20082,Application Submitted,0.21,,1.328,51.946,3653
20084,Application Submitted,0.33,,-0.668,53.588,5901
20085,Awaiting Construction,1.2,,-1.229,54.587,22204
20090,Application Submitted,,,-3.468,50.6,19725
20092,Awaiting Construction,0.46,,-0.409,51.865,8337
20093,Awaiting Construction,,,-2.445,53.732,
20094,Application Submitted,0.27,,1.269,51.278,4777
20095,Awaiting Construction,0.41,,-3.158,51.475,7401
20097,Awaiting Construction,0.25,,-4.043,51.714,4402
20098,Awaiting Construction,,,-1.901,53.326,
20099,Awaiting Construction,0.25,,-1.078,53.778,4402
20101,Application Submitted,0.38,,-0.186,51.168,6838
20102,Awaiting Construction,0.2,,-1.229,51.717,3465
20104,Application Submitted,,,-2.994,53.404,308
20105,Application Submitted,0.16,,-1.575,54.851,2716
20106,Awaiting Construction,0.21,,-1.564,54.53,3653
20108,Awaiting Construction,0.65,,-1.937,53.982,11898
20109,Application Submitted,0.97,,0.226,50.88,17894
20110,Application Submitted,0.76,,-0.317,53.774,13959
20112,Application Submitted,0.46,,-0.299,53.763,8337
20113,Awaiting Construction,0.22,,-4.213,56.237,2670
20114,Awaiting Construction,,,-1.887,52.493,
20116,Application Submitted,0.17,,0.342,50.806,2903
20117,Awaiting Construction,0.19,,1.151,51.095,3278
20118,Application Submitted,0.17,,-2.153,52.386,2903
20119,Awaiting Construction,0.26,,-1.777,52.525,4590
20126,Awaiting Construction,,,-1.298,51.072,
20127,Awaiting Construction,0.17,,-0.807,54.137,2903
20129,Awaiting Construction,0.17,,-2.43,53.554,2903
20130,Awaiting Construction,0.26,,-1.411,52.434,4590
20132,Awaiting Construction,0.27,,-0.008,53.763,4777
20136,Application Submitted,7.0,,-1.226,53.124,130888
20140,Awaiting Construction,0.16,,-1.758,51.583,2716
20141,Awaiting Construction,,,-1.516,53.777,
20142,Under Construction,,,0.107,50.975,
20146,Awaiting Construction,0.17,,-2.315,53.468,2903
20147,Awaiting Construction,0.48,,-0.435,54.282,8712
20148,Awaiting Construction,0.24,,1.4,51.224,4215
20150,Awaiting Construction,,,-2.228,53.462,11173
20151,Awaiting Construction,,,-1.126,53.533,
20152,Awaiting Construction,0.18,,-2.952,54.781,3091
20154,Awaiting Construction,0.28,,-1.339,54.572,4965
20155,Awaiting Construction,0.97,,-2.228,53.81,17894
20159,Awaiting Construction,0.17,,-1.476,53.304,2903
20160,Application Submitted,0.63,,-0.364,53.73,11523
20161,Application Submitted,0.46,,-1.064,50.8,8337
20163,Awaiting Construction,0.28,,-2.674,51.617,4965
20164,Awaiting Construction,0.4,,-1.594,54.789,7213
20165,Application Submitted,,,-1.19,52.738,
20167,Awaiting Construction,,,-0.176,51.427,
20172,Awaiting Construction,0.19,,-1.058,54.53,3278
20174,Awaiting Construction,0.16,,-1.172,52.931,2716
20175,Awaiting Construction,0.74,,-1.469,52.914,13584
20176,Awaiting Construction,0.81,,-0.096,53.545,14896
20180,Application Submitted,0.25,,-1.21,52.773,4402
20181,Application Submitted,0.71,,-2.512,53.504,13022
20183,Awaiting Construction,0.26,,-0.527,53.723,4590
20184,Application Submitted,0.27,,-0.286,52.119,4777
20186,Application Submitted,0.62,,-3.508,55.907,11336
20187,Awaiting Construction,,,-1.209,51.735,
20189,Application Submitted,0.19,,-1.22,54.687,3278
20190,Awaiting Construction,0.17,,-0.624,54.49,2903
20192,Awaiting Construction,0.16,,-2.273,53.578,2716
20193,Application Submitted,0.55,,-1.084,53.969,10024
20195,Awaiting Construction,0.32,,-1.513,54.129,5714
20198,Awaiting Construction,0.54,,-1.07,50.85,9837
20200,Application Submitted,0.19,,-1.725,54.087,3278
20201,Awaiting Construction,,,-1.798,52.395,
20227,Application Submitted,0.18,,-3.09,50.817,3091
20233,Application Submitted,,,-2.6,51.508,
20234,Application Submitted,,,-2.829,53.246,
20235,Awaiting Construction,0.94,,-1.209,54.673,17332
20236,Awaiting Construction,0.65,,-2.721,52.697,11898
20237,Application Submitted,2.5,,-2.117,57.108,46564
20268,Awaiting Construction,0.38,,-0.628,51.588,6838
20269,Awaiting Construction,0.33,,-0.046,51.551,5901
20272,Application Submitted,5.8,,-1.536,55.063,111000
20274,Awaiting Construction,0.16,,-1.413,53.405,2716
20275,Awaiting Construction,,,-1.656,52.818,
20278,Awaiting Construction,1.6,,-1.738,53.754,29700
20279,Awaiting Construction,0.47,,-2.899,53.419,8525
20280,Awaiting Construction,2.24,,-1.378,53.517,41692
20281,Awaiting Construction,0.15,,-1.811,52.693,2528
20282,Awaiting Construction,1.05,,0.276,51.489,19393
20283,Awaiting Construction,0.15,,-1.861,52.506,2528
20286,Awaiting Construction,0.24,,-2.19,53.022,4215
20287,Awaiting Construction,,,-1.045,53.952,
20288,Application Submitted,0.33,,-0.222,51.507,5901
20291,Application Submitted,0.21,,-1.425,52.935,3653
20294,Application Submitted,0.16,,-0.616,50.85,2716
20295,Awaiting Construction,,,-2.393,53.753,
20296,Application Submitted,1.15,,-1.478,54.924,21267
20297,Revised,0.18,,-2.356,53.479,3091
20298,Application Submitted,0.19,,-0.311,51.617,3278
20299,Awaiting Construction,0.46,,-2.227,53.497,8337
20300,Awaiting Construction,0.16,,-1.329,51.438,3850
20304,Application Submitted,0.16,,-2.188,53.463,2716
20305,Application Submitted,3.5,,0.76,51.366,65303
20309,Application Submitted,0.81,,0.805,52.569,14896
20312,Application Submitted,1.5,,-3.484,51.546,24000
20313,Awaiting Construction,0.16,,-3.338,51.769,2716
20314,Awaiting Construction,0.2,,-0.736,52.403,3465
20321,Awaiting Construction,0.52,,-1.445,54.976,9462
20322,Application Submitted,0.25,,-1.714,53.007,4402
20323,Application Submitted,0.15,,-0.474,51.739,2528
20324,Awaiting Construction,0.82,,-1.524,52.455,15083
20325,Application Submitted,0.32,,-3.533,50.725,5714
20326,Application Submitted,0.67,,-0.693,52.008,12273
20347,Application Submitted,0.53,,-2.067,52.584,9649
20348,Application Submitted,0.33,,-3.498,58.522,8000
20349,Application Submitted,0.21,,-0.75,51.297,4500
20351,Application Submitted,0.17,,-2.276,53.482,2903
20352,Application Submitted,0.41,,-2.139,52.622,7401
20355,Application Submitted,2.4,,-1.629,53.741,80000
20356,Application Submitted,0.71,,-2.242,53.054,13022
20359,Application Submitted,0.77,,0.035,51.523,14146
20360,Application Submitted,0.26,,-2.863,53.464,4590
20361,Application Submitted,7.0,,-2.646,51.541,87300
20365,Awaiting Construction,1.04,,-3.096,51.508,15100
20367,Application Submitted,0.2,,0.126,51.786,3465
20368,Application Submitted,0.3,,0.93,51.27,5339
20369,Application Submitted,0.77,,0.112,51.581,14146
20370,Application Submitted,0.49,,-1.637,52.601,8900
20371,Application Submitted,0.15,,-1.196,53.007,2528
20378,Awaiting Construction,0.94,,-1.539,53.784,17332
20388,Awaiting Construction,49.99,,0.131,51.937,715800
20389,Awaiting Construction,48.0,,1.095,52.354,900000
20391,Awaiting Construction,30.0,,-3.288,56.179,561877
20395,Application Submitted,0.25,,-1.228,53.377,4402
20403,Application Submitted,0.4,,-1.999,52.582,7213
20409,Application Submitted,0.41,,-4.429,55.861,7401
20410,Awaiting Construction,,,-4.108,51.771,
20411,Application Submitted,0.23,,-1.601,51.206,4028
20412,Application Submitted,0.47,,-2.321,53.465,8525
20414,Application Submitted,0.28,,-1.051,52.652,4965
20415,Application Submitted,0.28,,-1.115,52.659,4965
20417,Application Submitted,0.46,,-1.064,50.8,8337
20419,Application Submitted,0.21,,-1.512,54.92,3653
20420,Application Submitted,0.15,,0.29,50.797,2528
20421,Application Submitted,0.2,,-1.584,55.019,3465
20422,Application Submitted,0.34,,-2.595,53.397,6089
20423,Application Submitted,0.31,,-0.11,51.595,5527
20424,Application Submitted,0.59,,-2.137,51.999,10774
20426,Awaiting Construction,0.96,,0.75,51.346,17707
20427,Application Submitted,,,-1.061,50.831,
20428,Application Submitted,0.15,,-2.203,51.317,2528
20429,Application Submitted,0.21,,-2.657,53.476,3653
20430,Application Submitted,0.21,,-1.79,51.044,3653
20431,Application Submitted,0.16,,-1.369,53.254,2716
20434,Application Submitted,0.53,,0.081,51.446,9649
20440,Application Submitted,0.2,,0.323,50.898,3441
20443,Application Submitted,0.29,,-2.241,53.03,5152
20444,Application Submitted,0.18,,1.262,52.634,3091
20446,Application Submitted,1.8,,-1.168,52.31,33447
20449,Application Submitted,0.28,,1.303,51.125,4965
20450,Application Submitted,0.18,,-1.954,52.398,3091
20453,Application Submitted,0.77,,-1.58,53.783,14146
20455,Application Submitted,0.2,,-2.728,53.443,3465
20456,Application Submitted,0.41,,-0.736,52.387,7401
20457,Application Submitted,0.4,,-0.799,53.057,7213
20458,Application Submitted,0.18,,-1.816,53.655,3091
20459,Application Submitted,0.36,,-2.371,53.454,6464
20460,Application Submitted,0.15,,-1.416,55.0,2528
20461,Application Submitted,0.38,,-1.729,52.478,6838
20465,Application Submitted,0.55,,-4.16,55.823,9750
20467,Revised,0.25,,-0.232,51.316,4402
20468,Application Submitted,0.38,,-3.209,55.946,6838
20470,Application Submitted,1.2,,-0.808,52.456,16200
20472,Application Submitted,0.32,,0.422,52.747,5714
20474,Application Submitted,0.7,,-1.371,53.011,12835
20479,Application Submitted,1.7,,-0.537,53.711,31573
20480,Application Submitted,0.23,,-1.378,54.913,4028
20481,Application Submitted,,,0.02,53.335,
20482,Awaiting Construction,0.44,,-2.13,52.526,7963
20484,Application Submitted,1.54,,-0.527,53.472,25400
20486,Application Submitted,0.26,,-0.203,51.904,4590
20488,Application Submitted,0.15,,-1.193,52.961,2528
20489,Application Submitted,0.16,,-3.045,53.374,2716
20491,Application Submitted,0.17,,1.331,51.366,2903
20492,Application Submitted,0.19,,-1.486,53.432,3278
20493,Application Submitted,0.29,,0.019,51.608,5152
20494,Application Submitted,0.2,,0.92,51.91,3465
20496,Application Submitted,0.72,,-2.643,51.545,13210
20498,Application Submitted,0.31,,0.409,52.09,5527
20499,Application Submitted,0.36,,-1.919,51.441,6464
20500,Application Submitted,0.23,,-3.07,53.408,4028
20501,Application Submitted,0.58,,-2.446,52.675,10586
20503,Application Submitted,3.0,,-2.13,51.111,55934
20504,Application Submitted,,,1.62,52.203,3146
20505,Application Submitted,0.33,,-0.576,53.402,5901
20506,Application Submitted,0.37,,-1.712,55.185,6651
20507,Application Submitted,0.34,,-4.641,55.583,5370
20508,Application Submitted,0.23,,-1.633,55.006,4028
20509,Application Submitted,0.35,,-0.477,51.915,6276
20512,Application Submitted,0.25,,-0.491,51.897,4402
20513,Application Submitted,0.19,,-1.729,54.978,3278
20516,Application Submitted,0.27,,-2.884,54.875,4777
20517,Application Submitted,0.16,,-2.107,52.973,2716
20519,Application Submitted,0.25,,1.706,52.56,4402
20520,Application Submitted,0.6,,-0.283,51.717,10961
20521,Application Submitted,0.22,,-2.209,53.352,3840
20525,Application Submitted,0.34,,-0.182,52.331,6089
20532,Application Submitted,0.25,,-0.232,51.316,4402
20533,Application Submitted,4.3,,-2.292,53.356,80294
20535,Application Submitted,0.35,,-2.531,53.354,6276
20537,Application Submitted,0.77,,-0.79,51.415,14146
20541,Application Submitted,0.67,,-1.341,50.906,12273
20542,Application Submitted,0.23,,-0.017,51.556,4028
20543,Application Submitted,0.4,,0.066,51.521,7213
20544,Application Submitted,30.0,,-3.0,51.071,567400
20545,Application Submitted,0.3,,-0.677,53.609,5339
20548,Application Submitted,0.17,,-1.302,51.676,2903
20550,Application Submitted,0.18,,-2.356,53.479,3091
20552,Awaiting Construction,0.17,,-2.603,51.449,2903
20557,Application Submitted,,,-1.124,52.917,
20560,Application Submitted,0.37,,-1.624,53.689,6651
20567,Application Submitted,0.2,,-0.572,51.655,3465
20568,Application Submitted,0.65,,-0.332,51.063,11898
20569,Application Submitted,0.49,,-1.473,52.927,8900
20571,Application Submitted,0.38,,-1.339,53.025,6838
20572,Application Submitted,0.34,,1.178,52.631,6089
20574,Application Submitted,0.95,,-0.808,52.456,16900
20575,Application Submitted,0.24,,-0.668,53.588,4215
20576,Application Submitted,0.28,,1.443,52.302,4965
20578,Application Submitted,0.94,,-2.649,51.549,17332
20582,Application Submitted,0.37,,-2.11,53.54,6651
20583,Application Submitted,0.18,,-1.126,52.904,3091
20584,Application Submitted,,,-0.683,51.411,
20589,Application Submitted,,,0.02,50.928,5600
20591,Application Submitted,0.2,,-1.572,53.079,3465
20592,Application Submitted,0.21,,-1.864,52.489,3653
20595,Application Submitted,0.15,,-2.172,52.188,2528
20596,Application Submitted,2.08,,0.043,52.452,38694
20597,Application Submitted,0.72,,-1.905,53.869,13210
20599,Application Submitted,0.95,,-3.572,51.518,17519
20602,Application Submitted,,,-1.556,53.803,
20604,Application Submitted,0.89,,-1.038,50.841,16395
20606,Application Submitted,5.0,,-3.412,55.117,107000
20607,Application Submitted,10.0,,-3.199,54.175,193200
20608,Application Submitted,0.32,,1.247,52.274,5714
20609,Application Submitted,0.65,,-3.572,51.518,11898
20610,Application Submitted,,,-2.369,51.383,
20612,Application Submitted,0.67,,-2.463,56.728,12273
20615,Application Submitted,0.37,,0.131,51.532,6651
20617,Application Submitted,0.16,,-1.451,52.75,2716
20620,Application Submitted,0.32,,-2.125,57.12,5714
20621,Application Submitted,0.15,,-1.956,52.952,2528
20623,Application Submitted,,,-1.346,52.071,
20624,Application Submitted,0.47,,-1.146,52.923,8525
20626,Application Submitted,0.32,,0.703,51.584,5714
20630,Application Submitted,0.3,,-2.478,51.456,5339
20631,Application Submitted,1.27,,-1.66,54.458,17000
20632,Application Submitted,0.5,,-3.151,56.18,9087
20634,Application Submitted,0.27,,-1.92,52.438,4777
20635,Application Submitted,0.15,,-2.424,51.528,2528
20636,Application Submitted,0.23,,-0.774,52.969,4028
20637,Application Submitted,0.21,,-0.464,52.141,3653
20640,Application Submitted,3.5,,-3.929,55.822,77500
20643,Application Submitted,0.81,,-2.47,52.712,14896
20646,Application Submitted,0.94,,-4.263,53.225,17332
20648,Application Submitted,0.34,,-0.04,51.351,6089
20649,Application Submitted,,,-0.794,52.064,
20652,Application Submitted,0.22,,-0.992,52.14,3840
20653,Application Submitted,,,-0.571,52.263,
20656,Application Submitted,0.3,,-5.627,56.026,4500
20657,Application Submitted,0.18,,-2.272,51.814,3091
20658,Application Submitted,0.43,,-1.619,55.058,7775
20659,Application Submitted,0.33,,-0.481,52.148,5901
20660,Application Submitted,,,-1.83,54.311,
20661,Application Submitted,4.53,,-0.662,52.501,84604
20662,Application Submitted,0.32,,-0.136,51.633,5714
