STRUCTURE,STRUCTURE_ID,STRUCTURE_NAME,ACTION,REF_AREA,Reference area,MEASURE,Measure,UNIT_MEASURE,Unit of measure,PAY_PERIOD,Pay period,PRICE_BASE,Price base,AGGREGATION_OPERATION,Aggregation operation,SEX,Sex,TIME_PERIOD,Time period,OBS_VALUE,Observation value,BASE_PER,Base period,OBS_STATUS,Observation status,UNIT_MULT,Unit multiplier,DECIMALS,Decimals
DATAFLOW,OECD.ELS.SAE:DSD_EARNINGS@MIN2AVE(1.0),Minimum relative to average wages of full-time workers,I,FRA,France,MR_WG_FT,Minimum relative to average wages of full-time workers,PT_WG_A_SAL_FT,Percentage of average wage of full-time employees,_Z,Not applicable,_Z,Not applicable,MEAN,Mean,_Z,Not applicable,1960,,42.78944993,,_Z,,A,Normal value,0,Units,2,Two
DATAFLOW,OECD.ELS.SAE:DSD_EARNINGS@MIN2AVE(1.0),Minimum relative to average wages of full-time workers,I,FRA,France,MR_WG_FT,Minimum relative to average wages of full-time workers,PT_WG_A_SAL_FT,Percentage of average wage of full-time employees,_Z,Not applicable,_Z,Not applicable,MEAN,Mean,_Z,Not applicable,1961,,40.7667481,,_Z,,A,Normal value,0,Units,2,Two
DATAFLOW,OECD.ELS.SAE:DSD_EARNINGS@MIN2AVE(1.0),Minimum relative to average wages of full-time workers,I,FRA,France,MR_WG_FT,Minimum relative to average wages of full-time workers,PT_WG_A_SAL_FT,Percentage of average wage of full-time employees,_Z,Not applicable,_Z,Not applicable,MEAN,Mean,_Z,Not applicable,1962,,38.54223467,,_Z,,A,Normal value,0,Units,2,Two
DATAFLOW,OECD.ELS.SAE:DSD_EARNINGS@MIN2AVE(1.0),Minimum relative to average wages of full-time workers,I,FRA,France,MR_WG_FT,Minimum relative to average wages of full-time workers,PT_WG_A_SAL_FT,Percentage of average wage of full-time employees,_Z,Not applicable,_Z,Not applicable,MEAN,Mean,_Z,Not applicable,1963,,37.94818182,,_Z,,A,Normal value,0,Units,2,Two
DATAFLOW,OECD.ELS.SAE:DSD_EARNINGS@MIN2AVE(1.0),Minimum relative to average wages of full-time workers,I,FRA,France,MR_WG_FT,Minimum relative to average wages of full-time workers,PT_WG_A_SAL_FT,Percentage of average wage of full-time employees,_Z,Not applicable,_Z,Not applicable,MEAN,Mean,_Z,Not applicable,1964,,36.29201165,,_Z,,A,Normal value,0,Units,2,Two
DATAFLOW,OECD.ELS.SAE:DSD_EARNINGS@MIN2AVE(1.0),Minimum relative to average wages of full-time workers,I,FRA,France,MR_WG_FT,Minimum relative to average wages of full-time workers,PT_WG_A_SAL_FT,Percentage of average wage of full-time employees,_Z,Not applicable,_Z,Not applicable,MEAN,Mean,_Z,Not applicable,1965,,35.60586508,,_Z,,A,Normal value,0,Units,2,Two
DATAFLOW,OECD.ELS.SAE:DSD_EARNINGS@MIN2AVE(1.0),Minimum relative to average wages of full-time workers,I,FRA,France,MR_WG_FT,Minimum relative to average wages of full-time workers,PT_WG_A_SAL_FT,Percentage of average wage of full-time employees,_Z,Not applicable,_Z,Not applicable,MEAN,Mean,_Z,Not applicable,1966,,34.70168926,,_Z,,A,Normal value,0,Units,2,Two
DATAFLOW,OECD.ELS.SAE:DSD_EARNINGS@MIN2AVE(1.0),Minimum relative to average wages of full-time workers,I,FRA,France,MR_WG_FT,Minimum relative to average wages of full-time workers,PT_WG_A_SAL_FT,Percentage of average wage of full-time employees,_Z,Not applicable,_Z,Not applicable,MEAN,Mean,_Z,Not applicable,1967,,33.99267415,,_Z,,A,Normal value,0,Units,2,Two
DATAFLOW,OECD.ELS.SAE:DSD_EARNINGS@MIN2AVE(1.0),Minimum relative to average wages of full-time workers,I,FRA,France,MR_WG_FT,Minimum relative to average wages of full-time workers,PT_WG_A_SAL_FT,Percentage of average wage of full-time employees,_Z,Not applicable,_Z,Not applicable,MEAN,Mean,_Z,Not applicable,1968,,38.86637564,,_Z,,A,Normal value,0,Units,2,Two
DATAFLOW,OECD.ELS.SAE:DSD_EARNINGS@MIN2AVE(1.0),Minimum relative to average wages of full-time workers,I,FRA,France,MR_WG_FT,Minimum relative to average wages of full-time workers,PT_WG_A_SAL_FT,Percentage of average wage of full-time employees,_Z,Not applicable,_Z,Not applicable,MEAN,Mean,_Z,Not applicable,1969,,41.21305385,,_Z,,A,Normal value,0,Units,2,Two
DATAFLOW,OECD.ELS.SAE:DSD_EARNINGS@MIN2AVE(1.0),Minimum relative to average wages of full-time workers,I,FRA,France,MR_WG_FT,Minimum relative to average wages of full-time workers,PT_WG_A_SAL_FT,Percentage of average wage of full-time employees,_Z,Not applicable,_Z,Not applicable,MEAN,Mean,_Z,Not applicable,1970,,40.47062224,,_Z,,A,Normal value,0,Units,2,Two
DATAFLOW,OECD.ELS.SAE:DSD_EARNINGS@MIN2AVE(1.0),Minimum relative to average wages of full-time workers,I,FRA,France,MR_WG_FT,Minimum relative to average wages of full-time workers,PT_WG_A_SAL_FT,Percentage of average wage of full-time employees,_Z,Not applicable,_Z,Not applicable,MEAN,Mean,_Z,Not applicable,1971,,40.35578783,,_Z,,A,Normal value,0,Units,2,Two
DATAFLOW,OECD.ELS.SAE:DSD_EARNINGS@MIN2AVE(1.0),Minimum relative to average wages of full-time workers,I,FRA,France,MR_WG_FT,Minimum relative to average wages of full-time workers,PT_WG_A_SAL_FT,Percentage of average wage of full-time employees,_Z,Not applicable,_Z,Not applicable,MEAN,Mean,_Z,Not applicable,1972,,40.9126593,,_Z,,A,Normal value,0,Units,2,Two
DATAFLOW,OECD.ELS.SAE:DSD_EARNINGS@MIN2AVE(1.0),Minimum relative to average wages of full-time workers,I,FRA,France,MR_WG_FT,Minimum relative to average wages of full-time workers,PT_WG_A_SAL_FT,Percentage of average wage of full-time employees,_Z,Not applicable,_Z,Not applicable,MEAN,Mean,_Z,Not applicable,1973,,43.00862941,,_Z,,A,Normal value,0,Units,2,Two
DATAFLOW,OECD.ELS.SAE:DSD_EARNINGS@MIN2AVE(1.0),Minimum relative to average wages of full-time workers,I,FRA,France,MR_WG_FT,Minimum relative to average wages of full-time workers,PT_WG_A_SAL_FT,Percentage of average wage of full-time employees,_Z,Not applicable,_Z,Not applicable,MEAN,Mean,_Z,Not applicable,1974,,45.2073432,,_Z,,A,Normal value,0,Units,2,Two
DATAFLOW,OECD.ELS.SAE:DSD_EARNINGS@MIN2AVE(1.0),Minimum relative to average wages of full-time workers,I,FRA,France,MR_WG_FT,Minimum relative to average wages of full-time workers,PT_WG_A_SAL_FT,Percentage of average wage of full-time employees,_Z,Not applicable,_Z,Not applicable,MEAN,Mean,_Z,Not applicable,1975,,46.90455244,,_Z,,A,Normal value,0,Units,2,Two
DATAFLOW,OECD.ELS.SAE:DSD_EARNINGS@MIN2AVE(1.0),Minimum relative to average wages of full-time workers,I,FRA,France,MR_WG_FT,Minimum relative to average wages of full-time workers,PT_WG_A_SAL_FT,Percentage of average wage of full-time employees,_Z,Not applicable,_Z,Not applicable,MEAN,Mean,_Z,Not applicable,1976,,45.90308548,,_Z,,A,Normal value,0,Units,2,Two
DATAFLOW,OECD.ELS.SAE:DSD_EARNINGS@MIN2AVE(1.0),Minimum relative to average wages of full-time workers,I,FRA,France,MR_WG_FT,Minimum relative to average wages of full-time workers,PT_WG_A_SAL_FT,Percentage of average wage of full-time employees,_Z,Not applicable,_Z,Not applicable,MEAN,Mean,_Z,Not applicable,1977,,46.5772321,,_Z,,A,Normal value,0,Units,2,Two
DATAFLOW,OECD.ELS.SAE:DSD_EARNINGS@MIN2AVE(1.0),Minimum relative to average wages of full-time workers,I,FRA,France,MR_WG_FT,Minimum relative to average wages of full-time workers,PT_WG_A_SAL_FT,Percentage of average wage of full-time employees,_Z,Not applicable,_Z,Not applicable,MEAN,Mean,_Z,Not applicable,1978,,46.38796696,,_Z,,A,Normal value,0,Units,2,Two
DATAFLOW,OECD.ELS.SAE:DSD_EARNINGS@MIN2AVE(1.0),Minimum relative to average wages of full-time workers,I,FRA,France,MR_WG_FT,Minimum relative to average wages of full-time workers,PT_WG_A_SAL_FT,Percentage of average wage of full-time employees,_Z,Not applicable,_Z,Not applicable,MEAN,Mean,_Z,Not applicable,1979,,47.04504768,,_Z,,A,Normal value,0,Units,2,Two
DATAFLOW,OECD.ELS.SAE:DSD_EARNINGS@MIN2AVE(1.0),Minimum relative to average wages of full-time workers,I,FRA,France,MR_WG_FT,Minimum relative to average wages of full-time workers,PT_WG_A_SAL_FT,Percentage of average wage of full-time employees,_Z,Not applicable,_Z,Not applicable,MEAN,Mean,_Z,Not applicable,1980,,47.45589753,,_Z,,A,Normal value,0,Units,2,Two
DATAFLOW,OECD.ELS.SAE:DSD_EARNINGS@MIN2AVE(1.0),Minimum relative to average wages of full-time workers,I,FRA,France,MR_WG_FT,Minimum relative to average wages of full-time workers,PT_WG_A_SAL_FT,Percentage of average wage of full-time employees,_Z,Not applicable,_Z,Not applicable,MEAN,Mean,_Z,Not applicable,1981,,49.86320897,,_Z,,A,Normal value,0,Units,2,Two
DATAFLOW,OECD.ELS.SAE:DSD_EARNINGS@MIN2AVE(1.0),Minimum relative to average wages of full-time workers,I,FRA,France,MR_WG_FT,Minimum relative to average wages of full-time workers,PT_WG_A_SAL_FT,Percentage of average wage of full-time employees,_Z,Not applicable,_Z,Not applicable,MEAN,Mean,_Z,Not applicable,1982,,51.10833376,,_Z,,A,Normal value,0,Units,2,Two
DATAFLOW,OECD.ELS.SAE:DSD_EARNINGS@MIN2AVE(1.0),Minimum relative to average wages of full-time workers,I,FRA,France,MR_WG_FT,Minimum relative to average wages of full-time workers,PT_WG_A_SAL_FT,Percentage of average wage of full-time employees,_Z,Not applicable,_Z,Not applicable,MEAN,Mean,_Z,Not applicable,1983,,51.41056432,,_Z,,A,Normal value,0,Units,2,Two
DATAFLOW,OECD.ELS.SAE:DSD_EARNINGS@MIN2AVE(1.0),Minimum relative to average wages of full-time workers,I,FRA,France,MR_WG_FT,Minimum relative to average wages of full-time workers,PT_WG_A_SAL_FT,Percentage of average wage of full-time employees,_Z,Not applicable,_Z,Not applicable,MEAN,Mean,_Z,Not applicable,1984,,51.68889988,,_Z,,A,Normal value,0,Units,2,Two
DATAFLOW,OECD.ELS.SAE:DSD_EARNINGS@MIN2AVE(1.0),Minimum relative to average wages of full-time workers,I,FRA,France,MR_WG_FT,Minimum relative to average wages of full-time workers,PT_WG_A_SAL_FT,Percentage of average wage of full-time employees,_Z,Not applicable,_Z,Not applicable,MEAN,Mean,_Z,Not applicable,1985,,51.22195795,,_Z,,A,Normal value,0,Units,2,Two
DATAFLOW,OECD.ELS.SAE:DSD_EARNINGS@MIN2AVE(1.0),Minimum relative to average wages of full-time workers,I,FRA,France,MR_WG_FT,Minimum relative to average wages of full-time workers,PT_WG_A_SAL_FT,Percentage of average wage of full-time employees,_Z,Not applicable,_Z,Not applicable,MEAN,Mean,_Z,Not applicable,1986,,49.94121701,,_Z,,A,Normal value,0,Units,2,Two
DATAFLOW,OECD.ELS.SAE:DSD_EARNINGS@MIN2AVE(1.0),Minimum relative to average wages of full-time workers,I,FRA,France,MR_WG_FT,Minimum relative to average wages of full-time workers,PT_WG_A_SAL_FT,Percentage of average wage of full-time employees,_Z,Not applicable,_Z,Not applicable,MEAN,Mean,_Z,Not applicable,1987,,50.10341382,,_Z,,A,Normal value,0,Units,2,Two
DATAFLOW,OECD.ELS.SAE:DSD_EARNINGS@MIN2AVE(1.0),Minimum relative to average wages of full-time workers,I,FRA,France,MR_WG_FT,Minimum relative to average wages of full-time workers,PT_WG_A_SAL_FT,Percentage of average wage of full-time employees,_Z,Not applicable,_Z,Not applicable,MEAN,Mean,_Z,Not applicable,1988,,49.71732429,,_Z,,A,Normal value,0,Units,2,Two
DATAFLOW,OECD.ELS.SAE:DSD_EARNINGS@MIN2AVE(1.0),Minimum relative to average wages of full-time workers,I,FRA,France,MR_WG_FT,Minimum relative to average wages of full-time workers,PT_WG_A_SAL_FT,Percentage of average wage of full-time employees,_Z,Not applicable,_Z,Not applicable,MEAN,Mean,_Z,Not applicable,1989,,49.04896186,,_Z,,A,Normal value,0,Units,2,Two
DATAFLOW,OECD.ELS.SAE:DSD_EARNINGS@MIN2AVE(1.0),Minimum relative to average wages of full-time workers,I,FRA,France,MR_WG_FT,Minimum relative to average wages of full-time workers,PT_WG_A_SAL_FT,Percentage of average wage of full-time employees,_Z,Not applicable,_Z,Not applicable,MEAN,Mean,_Z,Not applicable,1990,,48.62645468,,_Z,,A,Normal value,0,Units,2,Two
DATAFLOW,OECD.ELS.SAE:DSD_EARNINGS@MIN2AVE(1.0),Minimum relative to average wages of full-time workers,I,FRA,France,MR_WG_FT,Minimum relative to average wages of full-time workers,PT_WG_A_SAL_FT,Percentage of average wage of full-time employees,_Z,Not applicable,_Z,Not applicable,MEAN,Mean,_Z,Not applicable,1991,,49.02103101,,_Z,,A,Normal value,0,Units,2,Two
DATAFLOW,OECD.ELS.SAE:DSD_EARNINGS@MIN2AVE(1.0),Minimum relative to average wages of full-time workers,I,FRA,France,MR_WG_FT,Minimum relative to average wages of full-time workers,PT_WG_A_SAL_FT,Percentage of average wage of full-time employees,_Z,Not applicable,_Z,Not applicable,MEAN,Mean,_Z,Not applicable,1992,,49.23680766,,_Z,,A,Normal value,0,Units,2,Two
DATAFLOW,OECD.ELS.SAE:DSD_EARNINGS@MIN2AVE(1.0),Minimum relative to average wages of full-time workers,I,FRA,France,MR_WG_FT,Minimum relative to average wages of full-time workers,PT_WG_A_SAL_FT,Percentage of average wage of full-time employees,_Z,Not applicable,_Z,Not applicable,MEAN,Mean,_Z,Not applicable,1993,,48.64037585,,_Z,,A,Normal value,0,Units,2,Two
DATAFLOW,OECD.ELS.SAE:DSD_EARNINGS@MIN2AVE(1.0),Minimum relative to average wages of full-time workers,I,FRA,France,MR_WG_FT,Minimum relative to average wages of full-time workers,PT_WG_A_SAL_FT,Percentage of average wage of full-time employees,_Z,Not applicable,_Z,Not applicable,MEAN,Mean,_Z,Not applicable,1994,,48.95077645,,_Z,,A,Normal value,0,Units,2,Two
DATAFLOW,OECD.ELS.SAE:DSD_EARNINGS@MIN2AVE(1.0),Minimum relative to average wages of full-time workers,I,FRA,France,MR_WG_FT,Minimum relative to average wages of full-time workers,PT_WG_A_SAL_FT,Percentage of average wage of full-time employees,_Z,Not applicable,_Z,Not applicable,MEAN,Mean,_Z,Not applicable,1995,,48.61157351,,_Z,,A,Normal value,0,Units,2,Two
DATAFLOW,OECD.ELS.SAE:DSD_EARNINGS@MIN2AVE(1.0),Minimum relative to average wages of full-time workers,I,FRA,France,MR_WG_FT,Minimum relative to average wages of full-time workers,PT_WG_A_SAL_FT,Percentage of average wage of full-time employees,_Z,Not applicable,_Z,Not applicable,MEAN,Mean,_Z,Not applicable,1996,,49.18047711,,_Z,,A,Normal value,0,Units,2,Two
DATAFLOW,OECD.ELS.SAE:DSD_EARNINGS@MIN2AVE(1.0),Minimum relative to average wages of full-time workers,I,FRA,France,MR_WG_FT,Minimum relative to average wages of full-time workers,PT_WG_A_SAL_FT,Percentage of average wage of full-time employees,_Z,Not applicable,_Z,Not applicable,MEAN,Mean,_Z,Not applicable,1997,,49.74053851,,_Z,,A,Normal value,0,Units,2,Two
DATAFLOW,OECD.ELS.SAE:DSD_EARNINGS@MIN2AVE(1.0),Minimum relative to average wages of full-time workers,I,FRA,France,MR_WG_FT,Minimum relative to average wages of full-time workers,PT_WG_A_SAL_FT,Percentage of average wage of full-time employees,_Z,Not applicable,_Z,Not applicable,MEAN,Mean,_Z,Not applicable,1998,,50.73832566,,_Z,,A,Normal value,0,Units,2,Two
DATAFLOW,OECD.ELS.SAE:DSD_EARNINGS@MIN2AVE(1.0),Minimum relative to average wages of full-time workers,I,FRA,France,MR_WG_FT,Minimum relative to average wages of full-time workers,PT_WG_A_SAL_FT,Percentage of average wage of full-time employees,_Z,Not applicable,_Z,Not applicable,MEAN,Mean,_Z,Not applicable,1999,,50.33018681,,_Z,,A,Normal value,0,Units,2,Two
DATAFLOW,OECD.ELS.SAE:DSD_EARNINGS@MIN2AVE(1.0),Minimum relative to average wages of full-time workers,I,FRA,France,MR_WG_FT,Minimum relative to average wages of full-time workers,PT_WG_A_SAL_FT,Percentage of average wage of full-time employees,_Z,Not applicable,_Z,Not applicable,MEAN,Mean,_Z,Not applicable,2000,,50.16306844,,_Z,,A,Normal value,0,Units,2,Two
DATAFLOW,OECD.ELS.SAE:DSD_EARNINGS@MIN2AVE(1.0),Minimum relative to average wages of full-time workers,I,FRA,France,MR_WG_FT,Minimum relative to average wages of full-time workers,PT_WG_A_SAL_FT,Percentage of average wage of full-time employees,_Z,Not applicable,_Z,Not applicable,MEAN,Mean,_Z,Not applicable,2001,,50.88319102,,_Z,,A,Normal value,0,Units,2,Two
DATAFLOW,OECD.ELS.SAE:DSD_EARNINGS@MIN2AVE(1.0),Minimum relative to average wages of full-time workers,I,FRA,France,MR_WG_FT,Minimum relative to average wages of full-time workers,PT_WG_A_SAL_FT,Percentage of average wage of full-time employees,_Z,Not applicable,_Z,Not applicable,MEAN,Mean,_Z,Not applicable,2002,,51.07929477,,_Z,,A,Normal value,0,Units,2,Two
DATAFLOW,OECD.ELS.SAE:DSD_EARNINGS@MIN2AVE(1.0),Minimum relative to average wages of full-time workers,I,FRA,France,MR_WG_FT,Minimum relative to average wages of full-time workers,PT_WG_A_SAL_FT,Percentage of average wage of full-time employees,_Z,Not applicable,_Z,Not applicable,MEAN,Mean,_Z,Not applicable,2003,,51.6966568,,_Z,,A,Normal value,0,Units,2,Two
DATAFLOW,OECD.ELS.SAE:DSD_EARNINGS@MIN2AVE(1.0),Minimum relative to average wages of full-time workers,I,FRA,France,MR_WG_FT,Minimum relative to average wages of full-time workers,PT_WG_A_SAL_FT,Percentage of average wage of full-time employees,_Z,Not applicable,_Z,Not applicable,MEAN,Mean,_Z,Not applicable,2004,,53.0376244,,_Z,,A,Normal value,0,Units,2,Two
DATAFLOW,OECD.ELS.SAE:DSD_EARNINGS@MIN2AVE(1.0),Minimum relative to average wages of full-time workers,I,FRA,France,MR_WG_FT,Minimum relative to average wages of full-time workers,PT_WG_A_SAL_FT,Percentage of average wage of full-time employees,_Z,Not applicable,_Z,Not applicable,MEAN,Mean,_Z,Not applicable,2005,,54.10726123,,_Z,,A,Normal value,0,Units,2,Two
DATAFLOW,OECD.ELS.SAE:DSD_EARNINGS@MIN2AVE(1.0),Minimum relative to average wages of full-time workers,I,FRA,France,MR_WG_FT,Minimum relative to average wages of full-time workers,PT_WG_A_SAL_FT,Percentage of average wage of full-time employees,_Z,Not applicable,_Z,Not applicable,MEAN,Mean,_Z,Not applicable,2006,,51.04946995,,_Z,,A,Normal value,0,Units,2,Two
DATAFLOW,OECD.ELS.SAE:DSD_EARNINGS@MIN2AVE(1.0),Minimum relative to average wages of full-time workers,I,FRA,France,MR_WG_FT,Minimum relative to average wages of full-time workers,PT_WG_A_SAL_FT,Percentage of average wage of full-time employees,_Z,Not applicable,_Z,Not applicable,MEAN,Mean,_Z,Not applicable,2007,,50.76240464,,_Z,,A,Normal value,0,Units,2,Two
DATAFLOW,OECD.ELS.SAE:DSD_EARNINGS@MIN2AVE(1.0),Minimum relative to average wages of full-time workers,I,FRA,France,MR_WG_FT,Minimum relative to average wages of full-time workers,PT_WG_A_SAL_FT,Percentage of average wage of full-time employees,_Z,Not applicable,_Z,Not applicable,MEAN,Mean,_Z,Not applicable,2008,,50.65521169,,_Z,,A,Normal value,0,Units,2,Two
DATAFLOW,OECD.ELS.SAE:DSD_EARNINGS@MIN2AVE(1.0),Minimum relative to average wages of full-time workers,I,FRA,France,MR_WG_FT,Minimum relative to average wages of full-time workers,PT_WG_A_SAL_FT,Percentage of average wage of full-time employees,_Z,Not applicable,_Z,Not applicable,MEAN,Mean,_Z,Not applicable,2009,,50.87692735,,_Z,,A,Normal value,0,Units,2,Two
DATAFLOW,OECD.ELS.SAE:DSD_EARNINGS@MIN2AVE(1.0),Minimum relative to average wages of full-time workers,I,FRA,France,MR_WG_FT,Minimum relative to average wages of full-time workers,PT_WG_A_SAL_FT,Percentage of average wage of full-time employees,_Z,Not applicable,_Z,Not applicable,MEAN,Mean,_Z,Not applicable,2010,,50.26516261,,_Z,,A,Normal value,0,Units,2,Two
DATAFLOW,OECD.ELS.SAE:DSD_EARNINGS@MIN2AVE(1.0),Minimum relative to average wages of full-time workers,I,FRA,France,MR_WG_FT,Minimum relative to average wages of full-time workers,PT_WG_A_SAL_FT,Percentage of average wage of full-time employees,_Z,Not applicable,_Z,Not applicable,MEAN,Mean,_Z,Not applicable,2011,,50.07766554,,_Z,,A,Normal value,0,Units,2,Two
DATAFLOW,OECD.ELS.SAE:DSD_EARNINGS@MIN2AVE(1.0),Minimum relative to average wages of full-time workers,I,FRA,France,MR_WG_FT,Minimum relative to average wages of full-time workers,PT_WG_A_SAL_FT,Percentage of average wage of full-time employees,_Z,Not applicable,_Z,Not applicable,MEAN,Mean,_Z,Not applicable,2012,,50.89946435,,_Z,,A,Normal value,0,Units,2,Two
DATAFLOW,OECD.ELS.SAE:DSD_EARNINGS@MIN2AVE(1.0),Minimum relative to average wages of full-time workers,I,FRA,France,MR_WG_FT,Minimum relative to average wages of full-time workers,PT_WG_A_SAL_FT,Percentage of average wage of full-time employees,_Z,Not applicable,_Z,Not applicable,MEAN,Mean,_Z,Not applicable,2013,,50.68415563,,_Z,,A,Normal value,0,Units,2,Two
DATAFLOW,OECD.ELS.SAE:DSD_EARNINGS@MIN2AVE(1.0),Minimum relative to average wages of full-time workers,I,FRA,France,MR_WG_FT,Minimum relative to average wages of full-time workers,PT_WG_A_SAL_FT,Percentage of average wage of full-time employees,_Z,Not applicable,_Z,Not applicable,MEAN,Mean,_Z,Not applicable,2014,,50.50662514,,_Z,,A,Normal value,0,Units,2,Two
DATAFLOW,OECD.ELS.SAE:DSD_EARNINGS@MIN2AVE(1.0),Minimum relative to average wages of full-time workers,I,FRA,France,MR_WG_FT,Minimum relative to average wages of full-time workers,PT_WG_A_SAL_FT,Percentage of average wage of full-time employees,_Z,Not applicable,_Z,Not applicable,MEAN,Mean,_Z,Not applicable,2015,,50.30807432,,_Z,,A,Normal value,0,Units,2,Two
DATAFLOW,OECD.ELS.SAE:DSD_EARNINGS@MIN2AVE(1.0),Minimum relative to average wages of full-time workers,I,FRA,France,MR_WG_FT,Minimum relative to average wages of full-time workers,PT_WG_A_SAL_FT,Percentage of average wage of full-time employees,_Z,Not applicable,_Z,Not applicable,MEAN,Mean,_Z,Not applicable,2016,,50.04363277,,_Z,,A,Normal value,0,Units,2,Two
DATAFLOW,OECD.ELS.SAE:DSD_EARNINGS@MIN2AVE(1.0),Minimum relative to average wages of full-time workers,I,FRA,France,MR_WG_FT,Minimum relative to average wages of full-time workers,PT_WG_A_SAL_FT,Percentage of average wage of full-time employees,_Z,Not applicable,_Z,Not applicable,MEAN,Mean,_Z,Not applicable,2017,,49.86282173,,_Z,,A,Normal value,0,Units,2,Two
DATAFLOW,OECD.ELS.SAE:DSD_EARNINGS@MIN2AVE(1.0),Minimum relative to average wages of full-time workers,I,FRA,France,MR_WG_FT,Minimum relative to average wages of full-time workers,PT_WG_A_SAL_FT,Percentage of average wage of full-time employees,_Z,Not applicable,_Z,Not applicable,MEAN,Mean,_Z,Not applicable,2018,,49.71729978,,_Z,,A,Normal value,0,Units,2,Two
DATAFLOW,OECD.ELS.SAE:DSD_EARNINGS@MIN2AVE(1.0),Minimum relative to average wages of full-time workers,I,FRA,France,MR_WG_FT,Minimum relative to average wages of full-time workers,PT_WG_A_SAL_FT,Percentage of average wage of full-time employees,_Z,Not applicable,_Z,Not applicable,MEAN,Mean,_Z,Not applicable,2019,,49.62843206,,_Z,,A,Normal value,0,Units,2,Two
DATAFLOW,OECD.ELS.SAE:DSD_EARNINGS@MIN2AVE(1.0),Minimum relative to average wages of full-time workers,I,FRA,France,MR_WG_FT,Minimum relative to average wages of full-time workers,PT_WG_A_SAL_FT,Percentage of average wage of full-time employees,_Z,Not applicable,_Z,Not applicable,MEAN,Mean,_Z,Not applicable,2020,,49.38268502,,_Z,,A,Normal value,0,Units,2,Two
DATAFLOW,OECD.ELS.SAE:DSD_EARNINGS@MIN2AVE(1.0),Minimum relative to average wages of full-time workers,I,FRA,France,MR_WG_FT,Minimum relative to average wages of full-time workers,PT_WG_A_SAL_FT,Percentage of average wage of full-time employees,_Z,Not applicable,_Z,Not applicable,MEAN,Mean,_Z,Not applicable,2021,,49.20252736,,_Z,,A,Normal value,0,Units,2,Two
DATAFLOW,OECD.ELS.SAE:DSD_EARNINGS@MIN2AVE(1.0),Minimum relative to average wages of full-time workers,I,FRA,France,MR_WG_FT,Minimum relative to average wages of full-time workers,PT_WG_A_SAL_FT,Percentage of average wage of full-time employees,_Z,Not applicable,_Z,Not applicable,MEAN,Mean,_Z,Not applicable,2022,,49.13530296,,_Z,,A,Normal value,0,Units,2,Two
DATAFLOW,OECD.ELS.SAE:DSD_EARNINGS@MIN2AVE(1.0),Minimum relative to average wages of full-time workers,I,FRA,France,MR_WG_FT,Minimum relative to average wages of full-time workers,PT_WG_A_SAL_FT,Percentage of average wage of full-time employees,_Z,Not applicable,_Z,Not applicable,MEAN,Mean,_Z,Not applicable,2023,,50.20953515,,_Z,,A,Normal value,0,Units,2,Two
DATAFLOW,OECD.ELS.SAE:DSD_EARNINGS@MIN2AVE(1.0),Minimum relative to average wages of full-time workers,I,FRA,France,MR_WG_FT,Minimum relative to average wages of full-time workers,PT_WG_A_SAL_FT,Percentage of average wage of full-time employees,_Z,Not applicable,_Z,Not applicable,MEAN,Mean,_Z,Not applicable,2024,,50.42007086,,_Z,,A,Normal value,0,Units,2,Two
DATAFLOW,OECD.ELS.SAE:DSD_EARNINGS@MIN2AVE(1.0),Minimum relative to average wages of full-time workers,I,LUX,Luxembourg,MR_WG_FT,Minimum relative to average wages of full-time workers,PT_WG_A_SAL_FT,Percentage of average wage of full-time employees,_Z,Not applicable,_Z,Not applicable,MEAN,Mean,_Z,Not applicable,1960,,45.00913588,,_Z,,A,Normal value,0,Units,2,Two
DATAFLOW,OECD.ELS.SAE:DSD_EARNINGS@MIN2AVE(1.0),Minimum relative to average wages of full-time workers,I,LUX,Luxembourg,MR_WG_FT,Minimum relative to average wages of full-time workers,PT_WG_A_SAL_FT,Percentage of average wage of full-time employees,_Z,Not applicable,_Z,Not applicable,MEAN,Mean,_Z,Not applicable,1961,,43.29354102,,_Z,,A,Normal value,0,Units,2,Two
DATAFLOW,OECD.ELS.SAE:DSD_EARNINGS@MIN2AVE(1.0),Minimum relative to average wages of full-time workers,I,LUX,Luxembourg,MR_WG_FT,Minimum relative to average wages of full-time workers,PT_WG_A_SAL_FT,Percentage of average wage of full-time employees,_Z,Not applicable,_Z,Not applicable,MEAN,Mean,_Z,Not applicable,1962,,39.89446135,,_Z,,A,Normal value,0,Units,2,Two
DATAFLOW,OECD.ELS.SAE:DSD_EARNINGS@MIN2AVE(1.0),Minimum relative to average wages of full-time workers,I,LUX,Luxembourg,MR_WG_FT,Minimum relative to average wages of full-time workers,PT_WG_A_SAL_FT,Percentage of average wage of full-time employees,_Z,Not applicable,_Z,Not applicable,MEAN,Mean,_Z,Not applicable,1963,,40.52198548,,_Z,,A,Normal value,0,Units,2,Two
DATAFLOW,OECD.ELS.SAE:DSD_EARNINGS@MIN2AVE(1.0),Minimum relative to average wages of full-time workers,I,LUX,Luxembourg,MR_WG_FT,Minimum relative to average wages of full-time workers,PT_WG_A_SAL_FT,Percentage of average wage of full-time employees,_Z,Not applicable,_Z,Not applicable,MEAN,Mean,_Z,Not applicable,1964,,40.54372914,,_Z,,A,Normal value,0,Units,2,Two
DATAFLOW,OECD.ELS.SAE:DSD_EARNINGS@MIN2AVE(1.0),Minimum relative to average wages of full-time workers,I,LUX,Luxembourg,MR_WG_FT,Minimum relative to average wages of full-time workers,PT_WG_A_SAL_FT,Percentage of average wage of full-time employees,_Z,Not applicable,_Z,Not applicable,MEAN,Mean,_Z,Not applicable,1965,,38.22731704,,_Z,,A,Normal value,0,Units,2,Two
DATAFLOW,OECD.ELS.SAE:DSD_EARNINGS@MIN2AVE(1.0),Minimum relative to average wages of full-time workers,I,LUX,Luxembourg,MR_WG_FT,Minimum relative to average wages of full-time workers,PT_WG_A_SAL_FT,Percentage of average wage of full-time employees,_Z,Not applicable,_Z,Not applicable,MEAN,Mean,_Z,Not applicable,1966,,37.70756958,,_Z,,A,Normal value,0,Units,2,Two
DATAFLOW,OECD.ELS.SAE:DSD_EARNINGS@MIN2AVE(1.0),Minimum relative to average wages of full-time workers,I,LUX,Luxembourg,MR_WG_FT,Minimum relative to average wages of full-time workers,PT_WG_A_SAL_FT,Percentage of average wage of full-time employees,_Z,Not applicable,_Z,Not applicable,MEAN,Mean,_Z,Not applicable,1967,,38.21074924,,_Z,,A,Normal value,0,Units,2,Two
DATAFLOW,OECD.ELS.SAE:DSD_EARNINGS@MIN2AVE(1.0),Minimum relative to average wages of full-time workers,I,LUX,Luxembourg,MR_WG_FT,Minimum relative to average wages of full-time workers,PT_WG_A_SAL_FT,Percentage of average wage of full-time employees,_Z,Not applicable,_Z,Not applicable,MEAN,Mean,_Z,Not applicable,1968,,37.57831904,,_Z,,A,Normal value,0,Units,2,Two
DATAFLOW,OECD.ELS.SAE:DSD_EARNINGS@MIN2AVE(1.0),Minimum relative to average wages of full-time workers,I,LUX,Luxembourg,MR_WG_FT,Minimum relative to average wages of full-time workers,PT_WG_A_SAL_FT,Percentage of average wage of full-time employees,_Z,Not applicable,_Z,Not applicable,MEAN,Mean,_Z,Not applicable,1969,,36.57808718,,_Z,,A,Normal value,0,Units,2,Two
DATAFLOW,OECD.ELS.SAE:DSD_EARNINGS@MIN2AVE(1.0),Minimum relative to average wages of full-time workers,I,LUX,Luxembourg,MR_WG_FT,Minimum relative to average wages of full-time workers,PT_WG_A_SAL_FT,Percentage of average wage of full-time employees,_Z,Not applicable,_Z,Not applicable,MEAN,Mean,_Z,Not applicable,1970,,35.21246377,,_Z,,A,Normal value,0,Units,2,Two
DATAFLOW,OECD.ELS.SAE:DSD_EARNINGS@MIN2AVE(1.0),Minimum relative to average wages of full-time workers,I,LUX,Luxembourg,MR_WG_FT,Minimum relative to average wages of full-time workers,PT_WG_A_SAL_FT,Percentage of average wage of full-time employees,_Z,Not applicable,_Z,Not applicable,MEAN,Mean,_Z,Not applicable,1971,,38.2358117,,_Z,,A,Normal value,0,Units,2,Two
DATAFLOW,OECD.ELS.SAE:DSD_EARNINGS@MIN2AVE(1.0),Minimum relative to average wages of full-time workers,I,LUX,Luxembourg,MR_WG_FT,Minimum relative to average wages of full-time workers,PT_WG_A_SAL_FT,Percentage of average wage of full-time employees,_Z,Not applicable,_Z,Not applicable,MEAN,Mean,_Z,Not applicable,1972,,35.29007321,,_Z,,A,Normal value,0,Units,2,Two
DATAFLOW,OECD.ELS.SAE:DSD_EARNINGS@MIN2AVE(1.0),Minimum relative to average wages of full-time workers,I,LUX,Luxembourg,MR_WG_FT,Minimum relative to average wages of full-time workers,PT_WG_A_SAL_FT,Percentage of average wage of full-time employees,_Z,Not applicable,_Z,Not applicable,MEAN,Mean,_Z,Not applicable,1973,,39.84463169,,_Z,,A,Normal value,0,Units,2,Two
DATAFLOW,OECD.ELS.SAE:DSD_EARNINGS@MIN2AVE(1.0),Minimum relative to average wages of full-time workers,I,LUX,Luxembourg,MR_WG_FT,Minimum relative to average wages of full-time workers,PT_WG_A_SAL_FT,Percentage of average wage of full-time employees,_Z,Not applicable,_Z,Not applicable,MEAN,Mean,_Z,Not applicable,1974,,34.38209684,,_Z,,A,Normal value,0,Units,2,Two
DATAFLOW,OECD.ELS.SAE:DSD_EARNINGS@MIN2AVE(1.0),Minimum relative to average wages of full-time workers,I,LUX,Luxembourg,MR_WG_FT,Minimum relative to average wages of full-time workers,PT_WG_A_SAL_FT,Percentage of average wage of full-time employees,_Z,Not applicable,_Z,Not applicable,MEAN,Mean,_Z,Not applicable,1975,,40.45688573,,_Z,,A,Normal value,0,Units,2,Two
DATAFLOW,OECD.ELS.SAE:DSD_EARNINGS@MIN2AVE(1.0),Minimum relative to average wages of full-time workers,I,LUX,Luxembourg,MR_WG_FT,Minimum relative to average wages of full-time workers,PT_WG_A_SAL_FT,Percentage of average wage of full-time employees,_Z,Not applicable,_Z,Not applicable,MEAN,Mean,_Z,Not applicable,1976,,38.45162708,,_Z,,A,Normal value,0,Units,2,Two
DATAFLOW,OECD.ELS.SAE:DSD_EARNINGS@MIN2AVE(1.0),Minimum relative to average wages of full-time workers,I,LUX,Luxembourg,MR_WG_FT,Minimum relative to average wages of full-time workers,PT_WG_A_SAL_FT,Percentage of average wage of full-time employees,_Z,Not applicable,_Z,Not applicable,MEAN,Mean,_Z,Not applicable,1977,,39.76298788,,_Z,,A,Normal value,0,Units,2,Two
DATAFLOW,OECD.ELS.SAE:DSD_EARNINGS@MIN2AVE(1.0),Minimum relative to average wages of full-time workers,I,LUX,Luxembourg,MR_WG_FT,Minimum relative to average wages of full-time workers,PT_WG_A_SAL_FT,Percentage of average wage of full-time employees,_Z,Not applicable,_Z,Not applicable,MEAN,Mean,_Z,Not applicable,1978,,40.53072625,,_Z,,A,Normal value,0,Units,2,Two
DATAFLOW,OECD.ELS.SAE:DSD_EARNINGS@MIN2AVE(1.0),Minimum relative to average wages of full-time workers,I,LUX,Luxembourg,MR_WG_FT,Minimum relative to average wages of full-time workers,PT_WG_A_SAL_FT,Percentage of average wage of full-time employees,_Z,Not applicable,_Z,Not applicable,MEAN,Mean,_Z,Not applicable,1979,,40.25883722,,_Z,,A,Normal value,0,Units,2,Two
DATAFLOW,OECD.ELS.SAE:DSD_EARNINGS@MIN2AVE(1.0),Minimum relative to average wages of full-time workers,I,LUX,Luxembourg,MR_WG_FT,Minimum relative to average wages of full-time workers,PT_WG_A_SAL_FT,Percentage of average wage of full-time employees,_Z,Not applicable,_Z,Not applicable,MEAN,Mean,_Z,Not applicable,1980,,39.7381187,,_Z,,A,Normal value,0,Units,2,Two
DATAFLOW,OECD.ELS.SAE:DSD_EARNINGS@MIN2AVE(1.0),Minimum relative to average wages of full-time workers,I,LUX,Luxembourg,MR_WG_FT,Minimum relative to average wages of full-time workers,PT_WG_A_SAL_FT,Percentage of average wage of full-time employees,_Z,Not applicable,_Z,Not applicable,MEAN,Mean,_Z,Not applicable,1981,,42.00171324,,_Z,,A,Normal value,0,Units,2,Two
DATAFLOW,OECD.ELS.SAE:DSD_EARNINGS@MIN2AVE(1.0),Minimum relative to average wages of full-time workers,I,LUX,Luxembourg,MR_WG_FT,Minimum relative to average wages of full-time workers,PT_WG_A_SAL_FT,Percentage of average wage of full-time employees,_Z,Not applicable,_Z,Not applicable,MEAN,Mean,_Z,Not applicable,1982,,42.36894108,,_Z,,A,Normal value,0,Units,2,Two
DATAFLOW,OECD.ELS.SAE:DSD_EARNINGS@MIN2AVE(1.0),Minimum relative to average wages of full-time workers,I,LUX,Luxembourg,MR_WG_FT,Minimum relative to average wages of full-time workers,PT_WG_A_SAL_FT,Percentage of average wage of full-time employees,_Z,Not applicable,_Z,Not applicable,MEAN,Mean,_Z,Not applicable,1983,,42.76936601,,_Z,,A,Normal value,0,Units,2,Two
DATAFLOW,OECD.ELS.SAE:DSD_EARNINGS@MIN2AVE(1.0),Minimum relative to average wages of full-time workers,I,LUX,Luxembourg,MR_WG_FT,Minimum relative to average wages of full-time workers,PT_WG_A_SAL_FT,Percentage of average wage of full-time employees,_Z,Not applicable,_Z,Not applicable,MEAN,Mean,_Z,Not applicable,1984,,43.85424912,,_Z,,A,Normal value,0,Units,2,Two
DATAFLOW,OECD.ELS.SAE:DSD_EARNINGS@MIN2AVE(1.0),Minimum relative to average wages of full-time workers,I,LUX,Luxembourg,MR_WG_FT,Minimum relative to average wages of full-time workers,PT_WG_A_SAL_FT,Percentage of average wage of full-time employees,_Z,Not applicable,_Z,Not applicable,MEAN,Mean,_Z,Not applicable,1985,,43.73821521,,_Z,,A,Normal value,0,Units,2,Two
DATAFLOW,OECD.ELS.SAE:DSD_EARNINGS@MIN2AVE(1.0),Minimum relative to average wages of full-time workers,I,LUX,Luxembourg,MR_WG_FT,Minimum relative to average wages of full-time workers,PT_WG_A_SAL_FT,Percentage of average wage of full-time employees,_Z,Not applicable,_Z,Not applicable,MEAN,Mean,_Z,Not applicable,1986,,43.92057524,,_Z,,A,Normal value,0,Units,2,Two
DATAFLOW,OECD.ELS.SAE:DSD_EARNINGS@MIN2AVE(1.0),Minimum relative to average wages of full-time workers,I,LUX,Luxembourg,MR_WG_FT,Minimum relative to average wages of full-time workers,PT_WG_A_SAL_FT,Percentage of average wage of full-time employees,_Z,Not applicable,_Z,Not applicable,MEAN,Mean,_Z,Not applicable,1987,,43.76251231,,_Z,,A,Normal value,0,Units,2,Two
DATAFLOW,OECD.ELS.SAE:DSD_EARNINGS@MIN2AVE(1.0),Minimum relative to average wages of full-time workers,I,LUX,Luxembourg,MR_WG_FT,Minimum relative to average wages of full-time workers,PT_WG_A_SAL_FT,Percentage of average wage of full-time employees,_Z,Not applicable,_Z,Not applicable,MEAN,Mean,_Z,Not applicable,1988,,41.64179335,,_Z,,A,Normal value,0,Units,2,Two
DATAFLOW,OECD.ELS.SAE:DSD_EARNINGS@MIN2AVE(1.0),Minimum relative to average wages of full-time workers,I,LUX,Luxembourg,MR_WG_FT,Minimum relative to average wages of full-time workers,PT_WG_A_SAL_FT,Percentage of average wage of full-time employees,_Z,Not applicable,_Z,Not applicable,MEAN,Mean,_Z,Not applicable,1989,,42.47132302,,_Z,,A,Normal value,0,Units,2,Two
DATAFLOW,OECD.ELS.SAE:DSD_EARNINGS@MIN2AVE(1.0),Minimum relative to average wages of full-time workers,I,LUX,Luxembourg,MR_WG_FT,Minimum relative to average wages of full-time workers,PT_WG_A_SAL_FT,Percentage of average wage of full-time employees,_Z,Not applicable,_Z,Not applicable,MEAN,Mean,_Z,Not applicable,1990,,43.28942867,,_Z,,A,Normal value,0,Units,2,Two
DATAFLOW,OECD.ELS.SAE:DSD_EARNINGS@MIN2AVE(1.0),Minimum relative to average wages of full-time workers,I,LUX,Luxembourg,MR_WG_FT,Minimum relative to average wages of full-time workers,PT_WG_A_SAL_FT,Percentage of average wage of full-time employees,_Z,Not applicable,_Z,Not applicable,MEAN,Mean,_Z,Not applicable,1991,,44.98189876,,_Z,,A,Normal value,0,Units,2,Two
DATAFLOW,OECD.ELS.SAE:DSD_EARNINGS@MIN2AVE(1.0),Minimum relative to average wages of full-time workers,I,LUX,Luxembourg,MR_WG_FT,Minimum relative to average wages of full-time workers,PT_WG_A_SAL_FT,Percentage of average wage of full-time employees,_Z,Not applicable,_Z,Not applicable,MEAN,Mean,_Z,Not applicable,1992,,44.43573937,,_Z,,A,Normal value,0,Units,2,Two
DATAFLOW,OECD.ELS.SAE:DSD_EARNINGS@MIN2AVE(1.0),Minimum relative to average wages of full-time workers,I,LUX,Luxembourg,MR_WG_FT,Minimum relative to average wages of full-time workers,PT_WG_A_SAL_FT,Percentage of average wage of full-time employees,_Z,Not applicable,_Z,Not applicable,MEAN,Mean,_Z,Not applicable,1993,,45.37105665,,_Z,,A,Normal value,0,Units,2,Two
DATAFLOW,OECD.ELS.SAE:DSD_EARNINGS@MIN2AVE(1.0),Minimum relative to average wages of full-time workers,I,LUX,Luxembourg,MR_WG_FT,Minimum relative to average wages of full-time workers,PT_WG_A_SAL_FT,Percentage of average wage of full-time employees,_Z,Not applicable,_Z,Not applicable,MEAN,Mean,_Z,Not applicable,1994,,44.74992765,,_Z,,A,Normal value,0,Units,2,Two
DATAFLOW,OECD.ELS.SAE:DSD_EARNINGS@MIN2AVE(1.0),Minimum relative to average wages of full-time workers,I,LUX,Luxembourg,MR_WG_FT,Minimum relative to average wages of full-time workers,PT_WG_A_SAL_FT,Percentage of average wage of full-time employees,_Z,Not applicable,_Z,Not applicable,MEAN,Mean,_Z,Not applicable,1995,,46.06637433,,_Z,,A,Normal value,0,Units,2,Two
DATAFLOW,OECD.ELS.SAE:DSD_EARNINGS@MIN2AVE(1.0),Minimum relative to average wages of full-time workers,I,LUX,Luxembourg,MR_WG_FT,Minimum relative to average wages of full-time workers,PT_WG_A_SAL_FT,Percentage of average wage of full-time employees,_Z,Not applicable,_Z,Not applicable,MEAN,Mean,_Z,Not applicable,1996,,46.74968606,,_Z,,A,Normal value,0,Units,2,Two
DATAFLOW,OECD.ELS.SAE:DSD_EARNINGS@MIN2AVE(1.0),Minimum relative to average wages of full-time workers,I,LUX,Luxembourg,MR_WG_FT,Minimum relative to average wages of full-time workers,PT_WG_A_SAL_FT,Percentage of average wage of full-time employees,_Z,Not applicable,_Z,Not applicable,MEAN,Mean,_Z,Not applicable,1997,,47.52677503,,_Z,,A,Normal value,0,Units,2,Two
DATAFLOW,OECD.ELS.SAE:DSD_EARNINGS@MIN2AVE(1.0),Minimum relative to average wages of full-time workers,I,LUX,Luxembourg,MR_WG_FT,Minimum relative to average wages of full-time workers,PT_WG_A_SAL_FT,Percentage of average wage of full-time employees,_Z,Not applicable,_Z,Not applicable,MEAN,Mean,_Z,Not applicable,1998,,45.86030017,,_Z,,A,Normal value,0,Units,2,Two
DATAFLOW,OECD.ELS.SAE:DSD_EARNINGS@MIN2AVE(1.0),Minimum relative to average wages of full-time workers,I,LUX,Luxembourg,MR_WG_FT,Minimum relative to average wages of full-time workers,PT_WG_A_SAL_FT,Percentage of average wage of full-time employees,_Z,Not applicable,_Z,Not applicable,MEAN,Mean,_Z,Not applicable,1999,,45.20374999,,_Z,,A,Normal value,0,Units,2,Two
DATAFLOW,OECD.ELS.SAE:DSD_EARNINGS@MIN2AVE(1.0),Minimum relative to average wages of full-time workers,I,LUX,Luxembourg,MR_WG_FT,Minimum relative to average wages of full-time workers,PT_WG_A_SAL_FT,Percentage of average wage of full-time employees,_Z,Not applicable,_Z,Not applicable,MEAN,Mean,_Z,Not applicable,2000,,44.71016007,,_Z,,A,Normal value,0,Units,2,Two
DATAFLOW,OECD.ELS.SAE:DSD_EARNINGS@MIN2AVE(1.0),Minimum relative to average wages of full-time workers,I,LUX,Luxembourg,MR_WG_FT,Minimum relative to average wages of full-time workers,PT_WG_A_SAL_FT,Percentage of average wage of full-time employees,_Z,Not applicable,_Z,Not applicable,MEAN,Mean,_Z,Not applicable,2001,,45.78017223,,_Z,,A,Normal value,0,Units,2,Two
DATAFLOW,OECD.ELS.SAE:DSD_EARNINGS@MIN2AVE(1.0),Minimum relative to average wages of full-time workers,I,LUX,Luxembourg,MR_WG_FT,Minimum relative to average wages of full-time workers,PT_WG_A_SAL_FT,Percentage of average wage of full-time employees,_Z,Not applicable,_Z,Not applicable,MEAN,Mean,_Z,Not applicable,2002,,44.90204604,,_Z,,A,Normal value,0,Units,2,Two
DATAFLOW,OECD.ELS.SAE:DSD_EARNINGS@MIN2AVE(1.0),Minimum relative to average wages of full-time workers,I,LUX,Luxembourg,MR_WG_FT,Minimum relative to average wages of full-time workers,PT_WG_A_SAL_FT,Percentage of average wage of full-time employees,_Z,Not applicable,_Z,Not applicable,MEAN,Mean,_Z,Not applicable,2003,,45.78509152,,_Z,,A,Normal value,0,Units,2,Two
DATAFLOW,OECD.ELS.SAE:DSD_EARNINGS@MIN2AVE(1.0),Minimum relative to average wages of full-time workers,I,LUX,Luxembourg,MR_WG_FT,Minimum relative to average wages of full-time workers,PT_WG_A_SAL_FT,Percentage of average wage of full-time employees,_Z,Not applicable,_Z,Not applicable,MEAN,Mean,_Z,Not applicable,2004,,45.00554283,,_Z,,A,Normal value,0,Units,2,Two
DATAFLOW,OECD.ELS.SAE:DSD_EARNINGS@MIN2AVE(1.0),Minimum relative to average wages of full-time workers,I,LUX,Luxembourg,MR_WG_FT,Minimum relative to average wages of full-time workers,PT_WG_A_SAL_FT,Percentage of average wage of full-time employees,_Z,Not applicable,_Z,Not applicable,MEAN,Mean,_Z,Not applicable,2005,,45.3126357,,_Z,,A,Normal value,0,Units,2,Two
DATAFLOW,OECD.ELS.SAE:DSD_EARNINGS@MIN2AVE(1.0),Minimum relative to average wages of full-time workers,I,LUX,Luxembourg,MR_WG_FT,Minimum relative to average wages of full-time workers,PT_WG_A_SAL_FT,Percentage of average wage of full-time employees,_Z,Not applicable,_Z,Not applicable,MEAN,Mean,_Z,Not applicable,2006,,44.97160545,,_Z,,A,Normal value,0,Units,2,Two
DATAFLOW,OECD.ELS.SAE:DSD_EARNINGS@MIN2AVE(1.0),Minimum relative to average wages of full-time workers,I,LUX,Luxembourg,MR_WG_FT,Minimum relative to average wages of full-time workers,PT_WG_A_SAL_FT,Percentage of average wage of full-time employees,_Z,Not applicable,_Z,Not applicable,MEAN,Mean,_Z,Not applicable,2007,,45.25745505,,_Z,,A,Normal value,0,Units,2,Two
DATAFLOW,OECD.ELS.SAE:DSD_EARNINGS@MIN2AVE(1.0),Minimum relative to average wages of full-time workers,I,LUX,Luxembourg,MR_WG_FT,Minimum relative to average wages of full-time workers,PT_WG_A_SAL_FT,Percentage of average wage of full-time employees,_Z,Not applicable,_Z,Not applicable,MEAN,Mean,_Z,Not applicable,2008,,44.58519967,,_Z,,A,Normal value,0,Units,2,Two
DATAFLOW,OECD.ELS.SAE:DSD_EARNINGS@MIN2AVE(1.0),Minimum relative to average wages of full-time workers,I,LUX,Luxembourg,MR_WG_FT,Minimum relative to average wages of full-time workers,PT_WG_A_SAL_FT,Percentage of average wage of full-time employees,_Z,Not applicable,_Z,Not applicable,MEAN,Mean,_Z,Not applicable,2009,,45.30978915,,_Z,,A,Normal value,0,Units,2,Two
DATAFLOW,OECD.ELS.SAE:DSD_EARNINGS@MIN2AVE(1.0),Minimum relative to average wages of full-time workers,I,LUX,Luxembourg,MR_WG_FT,Minimum relative to average wages of full-time workers,PT_WG_A_SAL_FT,Percentage of average wage of full-time employees,_Z,Not applicable,_Z,Not applicable,MEAN,Mean,_Z,Not applicable,2010,,45.64840134,,_Z,,A,Normal value,0,Units,2,Two
DATAFLOW,OECD.ELS.SAE:DSD_EARNINGS@MIN2AVE(1.0),Minimum relative to average wages of full-time workers,I,LUX,Luxembourg,MR_WG_FT,Minimum relative to average wages of full-time workers,PT_WG_A_SAL_FT,Percentage of average wage of full-time employees,_Z,Not applicable,_Z,Not applicable,MEAN,Mean,_Z,Not applicable,2011,,46.01797953,,_Z,,A,Normal value,0,Units,2,Two
DATAFLOW,OECD.ELS.SAE:DSD_EARNINGS@MIN2AVE(1.0),Minimum relative to average wages of full-time workers,I,LUX,Luxembourg,MR_WG_FT,Minimum relative to average wages of full-time workers,PT_WG_A_SAL_FT,Percentage of average wage of full-time employees,_Z,Not applicable,_Z,Not applicable,MEAN,Mean,_Z,Not applicable,2012,,45.72381453,,_Z,,A,Normal value,0,Units,2,Two
DATAFLOW,OECD.ELS.SAE:DSD_EARNINGS@MIN2AVE(1.0),Minimum relative to average wages of full-time workers,I,LUX,Luxembourg,MR_WG_FT,Minimum relative to average wages of full-time workers,PT_WG_A_SAL_FT,Percentage of average wage of full-time employees,_Z,Not applicable,_Z,Not applicable,MEAN,Mean,_Z,Not applicable,2013,,45.16653942,,_Z,,A,Normal value,0,Units,2,Two
DATAFLOW,OECD.ELS.SAE:DSD_EARNINGS@MIN2AVE(1.0),Minimum relative to average wages of full-time workers,I,LUX,Luxembourg,MR_WG_FT,Minimum relative to average wages of full-time workers,PT_WG_A_SAL_FT,Percentage of average wage of full-time employees,_Z,Not applicable,_Z,Not applicable,MEAN,Mean,_Z,Not applicable,2014,,44.64162621,,_Z,,A,Normal value,0,Units,2,Two
DATAFLOW,OECD.ELS.SAE:DSD_EARNINGS@MIN2AVE(1.0),Minimum relative to average wages of full-time workers,I,LUX,Luxembourg,MR_WG_FT,Minimum relative to average wages of full-time workers,PT_WG_A_SAL_FT,Percentage of average wage of full-time employees,_Z,Not applicable,_Z,Not applicable,MEAN,Mean,_Z,Not applicable,2015,,44.22609309,,_Z,,A,Normal value,0,Units,2,Two
DATAFLOW,OECD.ELS.SAE:DSD_EARNINGS@MIN2AVE(1.0),Minimum relative to average wages of full-time workers,I,LUX,Luxembourg,MR_WG_FT,Minimum relative to average wages of full-time workers,PT_WG_A_SAL_FT,Percentage of average wage of full-time employees,_Z,Not applicable,_Z,Not applicable,MEAN,Mean,_Z,Not applicable,2016,,43.88326694,,_Z,,A,Normal value,0,Units,2,Two
DATAFLOW,OECD.ELS.SAE:DSD_EARNINGS@MIN2AVE(1.0),Minimum relative to average wages of full-time workers,I,LUX,Luxembourg,MR_WG_FT,Minimum relative to average wages of full-time workers,PT_WG_A_SAL_FT,Percentage of average wage of full-time employees,_Z,Not applicable,_Z,Not applicable,MEAN,Mean,_Z,Not applicable,2017,,44.17278745,,_Z,,A,Normal value,0,Units,2,Two
DATAFLOW,OECD.ELS.SAE:DSD_EARNINGS@MIN2AVE(1.0),Minimum relative to average wages of full-time workers,I,LUX,Luxembourg,MR_WG_FT,Minimum relative to average wages of full-time workers,PT_WG_A_SAL_FT,Percentage of average wage of full-time employees,_Z,Not applicable,_Z,Not applicable,MEAN,Mean,_Z,Not applicable,2018,,43.30912077,,_Z,,A,Normal value,0,Units,2,Two
DATAFLOW,OECD.ELS.SAE:DSD_EARNINGS@MIN2AVE(1.0),Minimum relative to average wages of full-time workers,I,LUX,Luxembourg,MR_WG_FT,Minimum relative to average wages of full-time workers,PT_WG_A_SAL_FT,Percentage of average wage of full-time employees,_Z,Not applicable,_Z,Not applicable,MEAN,Mean,_Z,Not applicable,2019,,43.91079612,,_Z,,A,Normal value,0,Units,2,Two
DATAFLOW,OECD.ELS.SAE:DSD_EARNINGS@MIN2AVE(1.0),Minimum relative to average wages of full-time workers,I,LUX,Luxembourg,MR_WG_FT,Minimum relative to average wages of full-time workers,PT_WG_A_SAL_FT,Percentage of average wage of full-time employees,_Z,Not applicable,_Z,Not applicable,MEAN,Mean,_Z,Not applicable,2020,,42.62928511,,_Z,,A,Normal value,0,Units,2,Two
DATAFLOW,OECD.ELS.SAE:DSD_EARNINGS@MIN2AVE(1.0),Minimum relative to average wages of full-time workers,I,LUX,Luxembourg,MR_WG_FT,Minimum relative to average wages of full-time workers,PT_WG_A_SAL_FT,Percentage of average wage of full-time employees,_Z,Not applicable,_Z,Not applicable,MEAN,Mean,_Z,Not applicable,2021,,43.41692828,,_Z,,A,Normal value,0,Units,2,Two
DATAFLOW,OECD.ELS.SAE:DSD_EARNINGS@MIN2AVE(1.0),Minimum relative to average wages of full-time workers,I,LUX,Luxembourg,MR_WG_FT,Minimum relative to average wages of full-time workers,PT_WG_A_SAL_FT,Percentage of average wage of full-time employees,_Z,Not applicable,_Z,Not applicable,MEAN,Mean,_Z,Not applicable,2022,,42.23411502,,_Z,,A,Normal value,0,Units,2,Two
DATAFLOW,OECD.ELS.SAE:DSD_EARNINGS@MIN2AVE(1.0),Minimum relative to average wages of full-time workers,I,LUX,Luxembourg,MR_WG_FT,Minimum relative to average wages of full-time workers,PT_WG_A_SAL_FT,Percentage of average wage of full-time employees,_Z,Not applicable,_Z,Not applicable,MEAN,Mean,_Z,Not applicable,2023,,43.03259631,,_Z,,A,Normal value,0,Units,2,Two
DATAFLOW,OECD.ELS.SAE:DSD_EARNINGS@MIN2AVE(1.0),Minimum relative to average wages of full-time workers,I,LUX,Luxembourg,MR_WG_FT,Minimum relative to average wages of full-time workers,PT_WG_A_SAL_FT,Percentage of average wage of full-time employees,_Z,Not applicable,_Z,Not applicable,MEAN,Mean,_Z,Not applicable,2024,,42.82672176,,_Z,,A,Normal value,0,Units,2,Two
DATAFLOW,OECD.ELS.SAE:DSD_EARNINGS@MIN2AVE(1.0),Minimum relative to average wages of full-time workers,I,NLD,Netherlands,MR_WG_FT,Minimum relative to average wages of full-time workers,PT_WG_A_SAL_FT,Percentage of average wage of full-time employees,_Z,Not applicable,_Z,Not applicable,MEAN,Mean,_Z,Not applicable,1960,,68.5509839,,_Z,,A,Normal value,0,Units,2,Two
DATAFLOW,OECD.ELS.SAE:DSD_EARNINGS@MIN2AVE(1.0),Minimum relative to average wages of full-time workers,I,NLD,Netherlands,MR_WG_FT,Minimum relative to average wages of full-time workers,PT_WG_A_SAL_FT,Percentage of average wage of full-time employees,_Z,Not applicable,_Z,Not applicable,MEAN,Mean,_Z,Not applicable,1961,,66.10850636,,_Z,,A,Normal value,0,Units,2,Two
DATAFLOW,OECD.ELS.SAE:DSD_EARNINGS@MIN2AVE(1.0),Minimum relative to average wages of full-time workers,I,NLD,Netherlands,MR_WG_FT,Minimum relative to average wages of full-time workers,PT_WG_A_SAL_FT,Percentage of average wage of full-time employees,_Z,Not applicable,_Z,Not applicable,MEAN,Mean,_Z,Not applicable,1962,,63.34883721,,_Z,,A,Normal value,0,Units,2,Two
DATAFLOW,OECD.ELS.SAE:DSD_EARNINGS@MIN2AVE(1.0),Minimum relative to average wages of full-time workers,I,NLD,Netherlands,MR_WG_FT,Minimum relative to average wages of full-time workers,PT_WG_A_SAL_FT,Percentage of average wage of full-time employees,_Z,Not applicable,_Z,Not applicable,MEAN,Mean,_Z,Not applicable,1963,,67.59392028,,_Z,,A,Normal value,0,Units,2,Two
DATAFLOW,OECD.ELS.SAE:DSD_EARNINGS@MIN2AVE(1.0),Minimum relative to average wages of full-time workers,I,NLD,Netherlands,MR_WG_FT,Minimum relative to average wages of full-time workers,PT_WG_A_SAL_FT,Percentage of average wage of full-time employees,_Z,Not applicable,_Z,Not applicable,MEAN,Mean,_Z,Not applicable,1964,,62.32245203,,_Z,,A,Normal value,0,Units,2,Two
DATAFLOW,OECD.ELS.SAE:DSD_EARNINGS@MIN2AVE(1.0),Minimum relative to average wages of full-time workers,I,NLD,Netherlands,MR_WG_FT,Minimum relative to average wages of full-time workers,PT_WG_A_SAL_FT,Percentage of average wage of full-time employees,_Z,Not applicable,_Z,Not applicable,MEAN,Mean,_Z,Not applicable,1965,,62.96042096,,_Z,,A,Normal value,0,Units,2,Two
DATAFLOW,OECD.ELS.SAE:DSD_EARNINGS@MIN2AVE(1.0),Minimum relative to average wages of full-time workers,I,NLD,Netherlands,MR_WG_FT,Minimum relative to average wages of full-time workers,PT_WG_A_SAL_FT,Percentage of average wage of full-time employees,_Z,Not applicable,_Z,Not applicable,MEAN,Mean,_Z,Not applicable,1966,,61.30283847,,_Z,,A,Normal value,0,Units,2,Two
DATAFLOW,OECD.ELS.SAE:DSD_EARNINGS@MIN2AVE(1.0),Minimum relative to average wages of full-time workers,I,NLD,Netherlands,MR_WG_FT,Minimum relative to average wages of full-time workers,PT_WG_A_SAL_FT,Percentage of average wage of full-time employees,_Z,Not applicable,_Z,Not applicable,MEAN,Mean,_Z,Not applicable,1967,,61.01401959,,_Z,,A,Normal value,0,Units,2,Two
DATAFLOW,OECD.ELS.SAE:DSD_EARNINGS@MIN2AVE(1.0),Minimum relative to average wages of full-time workers,I,NLD,Netherlands,MR_WG_FT,Minimum relative to average wages of full-time workers,PT_WG_A_SAL_FT,Percentage of average wage of full-time employees,_Z,Not applicable,_Z,Not applicable,MEAN,Mean,_Z,Not applicable,1968,,59.5097513,,_Z,,A,Normal value,0,Units,2,Two
DATAFLOW,OECD.ELS.SAE:DSD_EARNINGS@MIN2AVE(1.0),Minimum relative to average wages of full-time workers,I,NLD,Netherlands,MR_WG_FT,Minimum relative to average wages of full-time workers,PT_WG_A_SAL_FT,Percentage of average wage of full-time employees,_Z,Not applicable,_Z,Not applicable,MEAN,Mean,_Z,Not applicable,1969,,58.72444808,,_Z,,A,Normal value,0,Units,2,Two
DATAFLOW,OECD.ELS.SAE:DSD_EARNINGS@MIN2AVE(1.0),Minimum relative to average wages of full-time workers,I,NLD,Netherlands,MR_WG_FT,Minimum relative to average wages of full-time workers,PT_WG_A_SAL_FT,Percentage of average wage of full-time employees,_Z,Not applicable,_Z,Not applicable,MEAN,Mean,_Z,Not applicable,1970,,55.52627727,,_Z,,A,Normal value,0,Units,2,Two
DATAFLOW,OECD.ELS.SAE:DSD_EARNINGS@MIN2AVE(1.0),Minimum relative to average wages of full-time workers,I,NLD,Netherlands,MR_WG_FT,Minimum relative to average wages of full-time workers,PT_WG_A_SAL_FT,Percentage of average wage of full-time employees,_Z,Not applicable,_Z,Not applicable,MEAN,Mean,_Z,Not applicable,1971,,54.71961431,,_Z,,A,Normal value,0,Units,2,Two
DATAFLOW,OECD.ELS.SAE:DSD_EARNINGS@MIN2AVE(1.0),Minimum relative to average wages of full-time workers,I,NLD,Netherlands,MR_WG_FT,Minimum relative to average wages of full-time workers,PT_WG_A_SAL_FT,Percentage of average wage of full-time employees,_Z,Not applicable,_Z,Not applicable,MEAN,Mean,_Z,Not applicable,1972,,56.20420979,,_Z,,A,Normal value,0,Units,2,Two
DATAFLOW,OECD.ELS.SAE:DSD_EARNINGS@MIN2AVE(1.0),Minimum relative to average wages of full-time workers,I,NLD,Netherlands,MR_WG_FT,Minimum relative to average wages of full-time workers,PT_WG_A_SAL_FT,Percentage of average wage of full-time employees,_Z,Not applicable,_Z,Not applicable,MEAN,Mean,_Z,Not applicable,1973,,57.08855558,,_Z,,A,Normal value,0,Units,2,Two
DATAFLOW,OECD.ELS.SAE:DSD_EARNINGS@MIN2AVE(1.0),Minimum relative to average wages of full-time workers,I,NLD,Netherlands,MR_WG_FT,Minimum relative to average wages of full-time workers,PT_WG_A_SAL_FT,Percentage of average wage of full-time employees,_Z,Not applicable,_Z,Not applicable,MEAN,Mean,_Z,Not applicable,1974,,57.89287295,,_Z,,A,Normal value,0,Units,2,Two
DATAFLOW,OECD.ELS.SAE:DSD_EARNINGS@MIN2AVE(1.0),Minimum relative to average wages of full-time workers,I,NLD,Netherlands,MR_WG_FT,Minimum relative to average wages of full-time workers,PT_WG_A_SAL_FT,Percentage of average wage of full-time employees,_Z,Not applicable,_Z,Not applicable,MEAN,Mean,_Z,Not applicable,1975,,59.71403881,,_Z,,A,Normal value,0,Units,2,Two
DATAFLOW,OECD.ELS.SAE:DSD_EARNINGS@MIN2AVE(1.0),Minimum relative to average wages of full-time workers,I,NLD,Netherlands,MR_WG_FT,Minimum relative to average wages of full-time workers,PT_WG_A_SAL_FT,Percentage of average wage of full-time employees,_Z,Not applicable,_Z,Not applicable,MEAN,Mean,_Z,Not applicable,1976,,61.69071268,,_Z,,A,Normal value,0,Units,2,Two
DATAFLOW,OECD.ELS.SAE:DSD_EARNINGS@MIN2AVE(1.0),Minimum relative to average wages of full-time workers,I,NLD,Netherlands,MR_WG_FT,Minimum relative to average wages of full-time workers,PT_WG_A_SAL_FT,Percentage of average wage of full-time employees,_Z,Not applicable,_Z,Not applicable,MEAN,Mean,_Z,Not applicable,1977,,59.26407489,,_Z,,A,Normal value,0,Units,2,Two
DATAFLOW,OECD.ELS.SAE:DSD_EARNINGS@MIN2AVE(1.0),Minimum relative to average wages of full-time workers,I,NLD,Netherlands,MR_WG_FT,Minimum relative to average wages of full-time workers,PT_WG_A_SAL_FT,Percentage of average wage of full-time employees,_Z,Not applicable,_Z,Not applicable,MEAN,Mean,_Z,Not applicable,1978,,60.51263229,,_Z,,A,Normal value,0,Units,2,Two
DATAFLOW,OECD.ELS.SAE:DSD_EARNINGS@MIN2AVE(1.0),Minimum relative to average wages of full-time workers,I,NLD,Netherlands,MR_WG_FT,Minimum relative to average wages of full-time workers,PT_WG_A_SAL_FT,Percentage of average wage of full-time employees,_Z,Not applicable,_Z,Not applicable,MEAN,Mean,_Z,Not applicable,1979,,59.25564298,,_Z,,A,Normal value,0,Units,2,Two
DATAFLOW,OECD.ELS.SAE:DSD_EARNINGS@MIN2AVE(1.0),Minimum relative to average wages of full-time workers,I,NLD,Netherlands,MR_WG_FT,Minimum relative to average wages of full-time workers,PT_WG_A_SAL_FT,Percentage of average wage of full-time employees,_Z,Not applicable,_Z,Not applicable,MEAN,Mean,_Z,Not applicable,1980,,59.2055589,,_Z,,A,Normal value,0,Units,2,Two
DATAFLOW,OECD.ELS.SAE:DSD_EARNINGS@MIN2AVE(1.0),Minimum relative to average wages of full-time workers,I,NLD,Netherlands,MR_WG_FT,Minimum relative to average wages of full-time workers,PT_WG_A_SAL_FT,Percentage of average wage of full-time employees,_Z,Not applicable,_Z,Not applicable,MEAN,Mean,_Z,Not applicable,1981,,57.87806398,,_Z,,A,Normal value,0,Units,2,Two
DATAFLOW,OECD.ELS.SAE:DSD_EARNINGS@MIN2AVE(1.0),Minimum relative to average wages of full-time workers,I,NLD,Netherlands,MR_WG_FT,Minimum relative to average wages of full-time workers,PT_WG_A_SAL_FT,Percentage of average wage of full-time employees,_Z,Not applicable,_Z,Not applicable,MEAN,Mean,_Z,Not applicable,1982,,57.12755077,,_Z,,A,Normal value,0,Units,2,Two
DATAFLOW,OECD.ELS.SAE:DSD_EARNINGS@MIN2AVE(1.0),Minimum relative to average wages of full-time workers,I,NLD,Netherlands,MR_WG_FT,Minimum relative to average wages of full-time workers,PT_WG_A_SAL_FT,Percentage of average wage of full-time employees,_Z,Not applicable,_Z,Not applicable,MEAN,Mean,_Z,Not applicable,1983,,57.53418086,,_Z,,A,Normal value,0,Units,2,Two
DATAFLOW,OECD.ELS.SAE:DSD_EARNINGS@MIN2AVE(1.0),Minimum relative to average wages of full-time workers,I,NLD,Netherlands,MR_WG_FT,Minimum relative to average wages of full-time workers,PT_WG_A_SAL_FT,Percentage of average wage of full-time employees,_Z,Not applicable,_Z,Not applicable,MEAN,Mean,_Z,Not applicable,1984,,55.2936704,,_Z,,A,Normal value,0,Units,2,Two
DATAFLOW,OECD.ELS.SAE:DSD_EARNINGS@MIN2AVE(1.0),Minimum relative to average wages of full-time workers,I,NLD,Netherlands,MR_WG_FT,Minimum relative to average wages of full-time workers,PT_WG_A_SAL_FT,Percentage of average wage of full-time employees,_Z,Not applicable,_Z,Not applicable,MEAN,Mean,_Z,Not applicable,1985,,55.15737581,,_Z,,A,Normal value,0,Units,2,Two
DATAFLOW,OECD.ELS.SAE:DSD_EARNINGS@MIN2AVE(1.0),Minimum relative to average wages of full-time workers,I,NLD,Netherlands,MR_WG_FT,Minimum relative to average wages of full-time workers,PT_WG_A_SAL_FT,Percentage of average wage of full-time employees,_Z,Not applicable,_Z,Not applicable,MEAN,Mean,_Z,Not applicable,1986,,54.22686178,,_Z,,A,Normal value,0,Units,2,Two
DATAFLOW,OECD.ELS.SAE:DSD_EARNINGS@MIN2AVE(1.0),Minimum relative to average wages of full-time workers,I,NLD,Netherlands,MR_WG_FT,Minimum relative to average wages of full-time workers,PT_WG_A_SAL_FT,Percentage of average wage of full-time employees,_Z,Not applicable,_Z,Not applicable,MEAN,Mean,_Z,Not applicable,1987,,53.61999265,,_Z,,A,Normal value,0,Units,2,Two
DATAFLOW,OECD.ELS.SAE:DSD_EARNINGS@MIN2AVE(1.0),Minimum relative to average wages of full-time workers,I,NLD,Netherlands,MR_WG_FT,Minimum relative to average wages of full-time workers,PT_WG_A_SAL_FT,Percentage of average wage of full-time employees,_Z,Not applicable,_Z,Not applicable,MEAN,Mean,_Z,Not applicable,1988,,52.94863665,,_Z,,A,Normal value,0,Units,2,Two
DATAFLOW,OECD.ELS.SAE:DSD_EARNINGS@MIN2AVE(1.0),Minimum relative to average wages of full-time workers,I,NLD,Netherlands,MR_WG_FT,Minimum relative to average wages of full-time workers,PT_WG_A_SAL_FT,Percentage of average wage of full-time employees,_Z,Not applicable,_Z,Not applicable,MEAN,Mean,_Z,Not applicable,1989,,51.85645211,,_Z,,A,Normal value,0,Units,2,Two
DATAFLOW,OECD.ELS.SAE:DSD_EARNINGS@MIN2AVE(1.0),Minimum relative to average wages of full-time workers,I,NLD,Netherlands,MR_WG_FT,Minimum relative to average wages of full-time workers,PT_WG_A_SAL_FT,Percentage of average wage of full-time employees,_Z,Not applicable,_Z,Not applicable,MEAN,Mean,_Z,Not applicable,1990,,50.56533197,,_Z,,A,Normal value,0,Units,2,Two
DATAFLOW,OECD.ELS.SAE:DSD_EARNINGS@MIN2AVE(1.0),Minimum relative to average wages of full-time workers,I,NLD,Netherlands,MR_WG_FT,Minimum relative to average wages of full-time workers,PT_WG_A_SAL_FT,Percentage of average wage of full-time employees,_Z,Not applicable,_Z,Not applicable,MEAN,Mean,_Z,Not applicable,1991,,50.44648368,,_Z,,A,Normal value,0,Units,2,Two
DATAFLOW,OECD.ELS.SAE:DSD_EARNINGS@MIN2AVE(1.0),Minimum relative to average wages of full-time workers,I,NLD,Netherlands,MR_WG_FT,Minimum relative to average wages of full-time workers,PT_WG_A_SAL_FT,Percentage of average wage of full-time employees,_Z,Not applicable,_Z,Not applicable,MEAN,Mean,_Z,Not applicable,1992,,49.76562808,,_Z,,A,Normal value,0,Units,2,Two
DATAFLOW,OECD.ELS.SAE:DSD_EARNINGS@MIN2AVE(1.0),Minimum relative to average wages of full-time workers,I,NLD,Netherlands,MR_WG_FT,Minimum relative to average wages of full-time workers,PT_WG_A_SAL_FT,Percentage of average wage of full-time employees,_Z,Not applicable,_Z,Not applicable,MEAN,Mean,_Z,Not applicable,1993,,48.62209991,,_Z,,A,Normal value,0,Units,2,Two
DATAFLOW,OECD.ELS.SAE:DSD_EARNINGS@MIN2AVE(1.0),Minimum relative to average wages of full-time workers,I,NLD,Netherlands,MR_WG_FT,Minimum relative to average wages of full-time workers,PT_WG_A_SAL_FT,Percentage of average wage of full-time employees,_Z,Not applicable,_Z,Not applicable,MEAN,Mean,_Z,Not applicable,1994,,47.77302088,,_Z,,A,Normal value,0,Units,2,Two
DATAFLOW,OECD.ELS.SAE:DSD_EARNINGS@MIN2AVE(1.0),Minimum relative to average wages of full-time workers,I,NLD,Netherlands,MR_WG_FT,Minimum relative to average wages of full-time workers,PT_WG_A_SAL_FT,Percentage of average wage of full-time employees,_Z,Not applicable,_Z,Not applicable,MEAN,Mean,_Z,Not applicable,1995,,47.07623982,,_Z,,A,Normal value,0,Units,2,Two
DATAFLOW,OECD.ELS.SAE:DSD_EARNINGS@MIN2AVE(1.0),Minimum relative to average wages of full-time workers,I,NLD,Netherlands,MR_WG_FT,Minimum relative to average wages of full-time workers,PT_WG_A_SAL_FT,Percentage of average wage of full-time employees,_Z,Not applicable,_Z,Not applicable,MEAN,Mean,_Z,Not applicable,1996,,47.01722396,,_Z,,A,Normal value,0,Units,2,Two
DATAFLOW,OECD.ELS.SAE:DSD_EARNINGS@MIN2AVE(1.0),Minimum relative to average wages of full-time workers,I,NLD,Netherlands,MR_WG_FT,Minimum relative to average wages of full-time workers,PT_WG_A_SAL_FT,Percentage of average wage of full-time employees,_Z,Not applicable,_Z,Not applicable,MEAN,Mean,_Z,Not applicable,1997,,46.40234873,,_Z,,A,Normal value,0,Units,2,Two
DATAFLOW,OECD.ELS.SAE:DSD_EARNINGS@MIN2AVE(1.0),Minimum relative to average wages of full-time workers,I,NLD,Netherlands,MR_WG_FT,Minimum relative to average wages of full-time workers,PT_WG_A_SAL_FT,Percentage of average wage of full-time employees,_Z,Not applicable,_Z,Not applicable,MEAN,Mean,_Z,Not applicable,1998,,48.9078752,,_Z,,A,Normal value,0,Units,2,Two
DATAFLOW,OECD.ELS.SAE:DSD_EARNINGS@MIN2AVE(1.0),Minimum relative to average wages of full-time workers,I,NLD,Netherlands,MR_WG_FT,Minimum relative to average wages of full-time workers,PT_WG_A_SAL_FT,Percentage of average wage of full-time employees,_Z,Not applicable,_Z,Not applicable,MEAN,Mean,_Z,Not applicable,1999,,48.32850856,,_Z,,A,Normal value,0,Units,2,Two
DATAFLOW,OECD.ELS.SAE:DSD_EARNINGS@MIN2AVE(1.0),Minimum relative to average wages of full-time workers,I,NLD,Netherlands,MR_WG_FT,Minimum relative to average wages of full-time workers,PT_WG_A_SAL_FT,Percentage of average wage of full-time employees,_Z,Not applicable,_Z,Not applicable,MEAN,Mean,_Z,Not applicable,2000,,47.37663254,,_Z,,A,Normal value,0,Units,2,Two
DATAFLOW,OECD.ELS.SAE:DSD_EARNINGS@MIN2AVE(1.0),Minimum relative to average wages of full-time workers,I,NLD,Netherlands,MR_WG_FT,Minimum relative to average wages of full-time workers,PT_WG_A_SAL_FT,Percentage of average wage of full-time employees,_Z,Not applicable,_Z,Not applicable,MEAN,Mean,_Z,Not applicable,2001,,47.87914915,,_Z,,A,Normal value,0,Units,2,Two
DATAFLOW,OECD.ELS.SAE:DSD_EARNINGS@MIN2AVE(1.0),Minimum relative to average wages of full-time workers,I,NLD,Netherlands,MR_WG_FT,Minimum relative to average wages of full-time workers,PT_WG_A_SAL_FT,Percentage of average wage of full-time employees,_Z,Not applicable,_Z,Not applicable,MEAN,Mean,_Z,Not applicable,2002,,42.39546533,,_Z,,A,Normal value,0,Units,2,Two
DATAFLOW,OECD.ELS.SAE:DSD_EARNINGS@MIN2AVE(1.0),Minimum relative to average wages of full-time workers,I,NLD,Netherlands,MR_WG_FT,Minimum relative to average wages of full-time workers,PT_WG_A_SAL_FT,Percentage of average wage of full-time employees,_Z,Not applicable,_Z,Not applicable,MEAN,Mean,_Z,Not applicable,2003,,42.28222526,,_Z,,A,Normal value,0,Units,2,Two
DATAFLOW,OECD.ELS.SAE:DSD_EARNINGS@MIN2AVE(1.0),Minimum relative to average wages of full-time workers,I,NLD,Netherlands,MR_WG_FT,Minimum relative to average wages of full-time workers,PT_WG_A_SAL_FT,Percentage of average wage of full-time employees,_Z,Not applicable,_Z,Not applicable,MEAN,Mean,_Z,Not applicable,2004,,41.59516653,,_Z,,A,Normal value,0,Units,2,Two
DATAFLOW,OECD.ELS.SAE:DSD_EARNINGS@MIN2AVE(1.0),Minimum relative to average wages of full-time workers,I,NLD,Netherlands,MR_WG_FT,Minimum relative to average wages of full-time workers,PT_WG_A_SAL_FT,Percentage of average wage of full-time employees,_Z,Not applicable,_Z,Not applicable,MEAN,Mean,_Z,Not applicable,2005,,40.77106739,,_Z,,A,Normal value,0,Units,2,Two
DATAFLOW,OECD.ELS.SAE:DSD_EARNINGS@MIN2AVE(1.0),Minimum relative to average wages of full-time workers,I,NLD,Netherlands,MR_WG_FT,Minimum relative to average wages of full-time workers,PT_WG_A_SAL_FT,Percentage of average wage of full-time employees,_Z,Not applicable,_Z,Not applicable,MEAN,Mean,_Z,Not applicable,2006,,42.48120136,,_Z,,A,Normal value,0,Units,2,Two
DATAFLOW,OECD.ELS.SAE:DSD_EARNINGS@MIN2AVE(1.0),Minimum relative to average wages of full-time workers,I,NLD,Netherlands,MR_WG_FT,Minimum relative to average wages of full-time workers,PT_WG_A_SAL_FT,Percentage of average wage of full-time employees,_Z,Not applicable,_Z,Not applicable,MEAN,Mean,_Z,Not applicable,2007,,42.03017513,,_Z,,A,Normal value,0,Units,2,Two
DATAFLOW,OECD.ELS.SAE:DSD_EARNINGS@MIN2AVE(1.0),Minimum relative to average wages of full-time workers,I,NLD,Netherlands,MR_WG_FT,Minimum relative to average wages of full-time workers,PT_WG_A_SAL_FT,Percentage of average wage of full-time employees,_Z,Not applicable,_Z,Not applicable,MEAN,Mean,_Z,Not applicable,2008,,42.05306638,,_Z,,A,Normal value,0,Units,2,Two
DATAFLOW,OECD.ELS.SAE:DSD_EARNINGS@MIN2AVE(1.0),Minimum relative to average wages of full-time workers,I,NLD,Netherlands,MR_WG_FT,Minimum relative to average wages of full-time workers,PT_WG_A_SAL_FT,Percentage of average wage of full-time employees,_Z,Not applicable,_Z,Not applicable,MEAN,Mean,_Z,Not applicable,2009,,42.27646301,,_Z,,A,Normal value,0,Units,2,Two
DATAFLOW,OECD.ELS.SAE:DSD_EARNINGS@MIN2AVE(1.0),Minimum relative to average wages of full-time workers,I,NLD,Netherlands,MR_WG_FT,Minimum relative to average wages of full-time workers,PT_WG_A_SAL_FT,Percentage of average wage of full-time employees,_Z,Not applicable,_Z,Not applicable,MEAN,Mean,_Z,Not applicable,2010,,40.65961035,,_Z,,A,Normal value,0,Units,2,Two
DATAFLOW,OECD.ELS.SAE:DSD_EARNINGS@MIN2AVE(1.0),Minimum relative to average wages of full-time workers,I,NLD,Netherlands,MR_WG_FT,Minimum relative to average wages of full-time workers,PT_WG_A_SAL_FT,Percentage of average wage of full-time employees,_Z,Not applicable,_Z,Not applicable,MEAN,Mean,_Z,Not applicable,2011,,40.34962768,,_Z,,A,Normal value,0,Units,2,Two
DATAFLOW,OECD.ELS.SAE:DSD_EARNINGS@MIN2AVE(1.0),Minimum relative to average wages of full-time workers,I,NLD,Netherlands,MR_WG_FT,Minimum relative to average wages of full-time workers,PT_WG_A_SAL_FT,Percentage of average wage of full-time employees,_Z,Not applicable,_Z,Not applicable,MEAN,Mean,_Z,Not applicable,2012,,40.33562079,,_Z,,A,Normal value,0,Units,2,Two
DATAFLOW,OECD.ELS.SAE:DSD_EARNINGS@MIN2AVE(1.0),Minimum relative to average wages of full-time workers,I,NLD,Netherlands,MR_WG_FT,Minimum relative to average wages of full-time workers,PT_WG_A_SAL_FT,Percentage of average wage of full-time employees,_Z,Not applicable,_Z,Not applicable,MEAN,Mean,_Z,Not applicable,2013,,40.03244584,,_Z,,A,Normal value,0,Units,2,Two
DATAFLOW,OECD.ELS.SAE:DSD_EARNINGS@MIN2AVE(1.0),Minimum relative to average wages of full-time workers,I,NLD,Netherlands,MR_WG_FT,Minimum relative to average wages of full-time workers,PT_WG_A_SAL_FT,Percentage of average wage of full-time employees,_Z,Not applicable,_Z,Not applicable,MEAN,Mean,_Z,Not applicable,2014,,39.5245638,,_Z,,A,Normal value,0,Units,2,Two
DATAFLOW,OECD.ELS.SAE:DSD_EARNINGS@MIN2AVE(1.0),Minimum relative to average wages of full-time workers,I,NLD,Netherlands,MR_WG_FT,Minimum relative to average wages of full-time workers,PT_WG_A_SAL_FT,Percentage of average wage of full-time employees,_Z,Not applicable,_Z,Not applicable,MEAN,Mean,_Z,Not applicable,2015,,39.28986721,,_Z,,A,Normal value,0,Units,2,Two
DATAFLOW,OECD.ELS.SAE:DSD_EARNINGS@MIN2AVE(1.0),Minimum relative to average wages of full-time workers,I,NLD,Netherlands,MR_WG_FT,Minimum relative to average wages of full-time workers,PT_WG_A_SAL_FT,Percentage of average wage of full-time employees,_Z,Not applicable,_Z,Not applicable,MEAN,Mean,_Z,Not applicable,2016,,39.56922254,,_Z,,A,Normal value,0,Units,2,Two
DATAFLOW,OECD.ELS.SAE:DSD_EARNINGS@MIN2AVE(1.0),Minimum relative to average wages of full-time workers,I,NLD,Netherlands,MR_WG_FT,Minimum relative to average wages of full-time workers,PT_WG_A_SAL_FT,Percentage of average wage of full-time employees,_Z,Not applicable,_Z,Not applicable,MEAN,Mean,_Z,Not applicable,2017,,39.87953909,,_Z,,A,Normal value,0,Units,2,Two
DATAFLOW,OECD.ELS.SAE:DSD_EARNINGS@MIN2AVE(1.0),Minimum relative to average wages of full-time workers,I,NLD,Netherlands,MR_WG_FT,Minimum relative to average wages of full-time workers,PT_WG_A_SAL_FT,Percentage of average wage of full-time employees,_Z,Not applicable,_Z,Not applicable,MEAN,Mean,_Z,Not applicable,2018,,39.64640791,,_Z,,A,Normal value,0,Units,2,Two
DATAFLOW,OECD.ELS.SAE:DSD_EARNINGS@MIN2AVE(1.0),Minimum relative to average wages of full-time workers,I,NLD,Netherlands,MR_WG_FT,Minimum relative to average wages of full-time workers,PT_WG_A_SAL_FT,Percentage of average wage of full-time employees,_Z,Not applicable,_Z,Not applicable,MEAN,Mean,_Z,Not applicable,2019,,39.69272874,,_Z,,A,Normal value,0,Units,2,Two
DATAFLOW,OECD.ELS.SAE:DSD_EARNINGS@MIN2AVE(1.0),Minimum relative to average wages of full-time workers,I,NLD,Netherlands,MR_WG_FT,Minimum relative to average wages of full-time workers,PT_WG_A_SAL_FT,Percentage of average wage of full-time employees,_Z,Not applicable,_Z,Not applicable,MEAN,Mean,_Z,Not applicable,2020,,39.22360827,,_Z,,A,Normal value,0,Units,2,Two
DATAFLOW,OECD.ELS.SAE:DSD_EARNINGS@MIN2AVE(1.0),Minimum relative to average wages of full-time workers,I,NLD,Netherlands,MR_WG_FT,Minimum relative to average wages of full-time workers,PT_WG_A_SAL_FT,Percentage of average wage of full-time employees,_Z,Not applicable,_Z,Not applicable,MEAN,Mean,_Z,Not applicable,2021,,39.04309502,,_Z,,A,Normal value,0,Units,2,Two
DATAFLOW,OECD.ELS.SAE:DSD_EARNINGS@MIN2AVE(1.0),Minimum relative to average wages of full-time workers,I,NLD,Netherlands,MR_WG_FT,Minimum relative to average wages of full-time workers,PT_WG_A_SAL_FT,Percentage of average wage of full-time employees,_Z,Not applicable,_Z,Not applicable,MEAN,Mean,_Z,Not applicable,2022,,37.65884143,,_Z,,A,Normal value,0,Units,2,Two
DATAFLOW,OECD.ELS.SAE:DSD_EARNINGS@MIN2AVE(1.0),Minimum relative to average wages of full-time workers,I,NLD,Netherlands,MR_WG_FT,Minimum relative to average wages of full-time workers,PT_WG_A_SAL_FT,Percentage of average wage of full-time employees,_Z,Not applicable,_Z,Not applicable,MEAN,Mean,_Z,Not applicable,2023,,39.93204365,,_Z,,A,Normal value,0,Units,2,Two
DATAFLOW,OECD.ELS.SAE:DSD_EARNINGS@MIN2AVE(1.0),Minimum relative to average wages of full-time workers,I,NLD,Netherlands,MR_WG_FT,Minimum relative to average wages of full-time workers,PT_WG_A_SAL_FT,Percentage of average wage of full-time employees,_Z,Not applicable,_Z,Not applicable,MEAN,Mean,_Z,Not applicable,2024,,40.6158012,,_Z,,A,Normal value,0,Units,2,Two
DATAFLOW,OECD.ELS.SAE:DSD_EARNINGS@MIN2AVE(1.0),Minimum relative to average wages of full-time workers,I,NZL,New Zealand,MR_WG_FT,Minimum relative to average wages of full-time workers,PT_WG_A_SAL_FT,Percentage of average wage of full-time employees,_Z,Not applicable,_Z,Not applicable,MEAN,Mean,_Z,Not applicable,1960,,70.53571429,,_Z,,A,Normal value,0,Units,2,Two
DATAFLOW,OECD.ELS.SAE:DSD_EARNINGS@MIN2AVE(1.0),Minimum relative to average wages of full-time workers,I,NZL,New Zealand,MR_WG_FT,Minimum relative to average wages of full-time workers,PT_WG_A_SAL_FT,Percentage of average wage of full-time employees,_Z,Not applicable,_Z,Not applicable,MEAN,Mean,_Z,Not applicable,1961,,66.72297297,,_Z,,A,Normal value,0,Units,2,Two
DATAFLOW,OECD.ELS.SAE:DSD_EARNINGS@MIN2AVE(1.0),Minimum relative to average wages of full-time workers,I,NZL,New Zealand,MR_WG_FT,Minimum relative to average wages of full-time workers,PT_WG_A_SAL_FT,Percentage of average wage of full-time employees,_Z,Not applicable,_Z,Not applicable,MEAN,Mean,_Z,Not applicable,1962,,66.875,,_Z,,A,Normal value,0,Units,2,Two
DATAFLOW,OECD.ELS.SAE:DSD_EARNINGS@MIN2AVE(1.0),Minimum relative to average wages of full-time workers,I,NZL,New Zealand,MR_WG_FT,Minimum relative to average wages of full-time workers,PT_WG_A_SAL_FT,Percentage of average wage of full-time employees,_Z,Not applicable,_Z,Not applicable,MEAN,Mean,_Z,Not applicable,1963,,64.33544304,,_Z,,A,Normal value,0,Units,2,Two
DATAFLOW,OECD.ELS.SAE:DSD_EARNINGS@MIN2AVE(1.0),Minimum relative to average wages of full-time workers,I,NZL,New Zealand,MR_WG_FT,Minimum relative to average wages of full-time workers,PT_WG_A_SAL_FT,Percentage of average wage of full-time employees,_Z,Not applicable,_Z,Not applicable,MEAN,Mean,_Z,Not applicable,1964,,65.27108434,,_Z,,A,Normal value,0,Units,2,Two
DATAFLOW,OECD.ELS.SAE:DSD_EARNINGS@MIN2AVE(1.0),Minimum relative to average wages of full-time workers,I,NZL,New Zealand,MR_WG_FT,Minimum relative to average wages of full-time workers,PT_WG_A_SAL_FT,Percentage of average wage of full-time employees,_Z,Not applicable,_Z,Not applicable,MEAN,Mean,_Z,Not applicable,1965,,60.87078652,,_Z,,A,Normal value,0,Units,2,Two
DATAFLOW,OECD.ELS.SAE:DSD_EARNINGS@MIN2AVE(1.0),Minimum relative to average wages of full-time workers,I,NZL,New Zealand,MR_WG_FT,Minimum relative to average wages of full-time workers,PT_WG_A_SAL_FT,Percentage of average wage of full-time employees,_Z,Not applicable,_Z,Not applicable,MEAN,Mean,_Z,Not applicable,1966,,58.88586957,,_Z,,A,Normal value,0,Units,2,Two
DATAFLOW,OECD.ELS.SAE:DSD_EARNINGS@MIN2AVE(1.0),Minimum relative to average wages of full-time workers,I,NZL,New Zealand,MR_WG_FT,Minimum relative to average wages of full-time workers,PT_WG_A_SAL_FT,Percentage of average wage of full-time employees,_Z,Not applicable,_Z,Not applicable,MEAN,Mean,_Z,Not applicable,1967,,57.94270833,,_Z,,A,Normal value,0,Units,2,Two
DATAFLOW,OECD.ELS.SAE:DSD_EARNINGS@MIN2AVE(1.0),Minimum relative to average wages of full-time workers,I,NZL,New Zealand,MR_WG_FT,Minimum relative to average wages of full-time workers,PT_WG_A_SAL_FT,Percentage of average wage of full-time employees,_Z,Not applicable,_Z,Not applicable,MEAN,Mean,_Z,Not applicable,1968,,58.75,,_Z,,A,Normal value,0,Units,2,Two
DATAFLOW,OECD.ELS.SAE:DSD_EARNINGS@MIN2AVE(1.0),Minimum relative to average wages of full-time workers,I,NZL,New Zealand,MR_WG_FT,Minimum relative to average wages of full-time workers,PT_WG_A_SAL_FT,Percentage of average wage of full-time employees,_Z,Not applicable,_Z,Not applicable,MEAN,Mean,_Z,Not applicable,1969,,60.18518519,,_Z,,A,Normal value,0,Units,2,Two
DATAFLOW,OECD.ELS.SAE:DSD_EARNINGS@MIN2AVE(1.0),Minimum relative to average wages of full-time workers,I,NZL,New Zealand,MR_WG_FT,Minimum relative to average wages of full-time workers,PT_WG_A_SAL_FT,Percentage of average wage of full-time employees,_Z,Not applicable,_Z,Not applicable,MEAN,Mean,_Z,Not applicable,1970,,54.16666667,,_Z,,A,Normal value,0,Units,2,Two
DATAFLOW,OECD.ELS.SAE:DSD_EARNINGS@MIN2AVE(1.0),Minimum relative to average wages of full-time workers,I,NZL,New Zealand,MR_WG_FT,Minimum relative to average wages of full-time workers,PT_WG_A_SAL_FT,Percentage of average wage of full-time employees,_Z,Not applicable,_Z,Not applicable,MEAN,Mean,_Z,Not applicable,1971,,47.87234043,,_Z,,A,Normal value,0,Units,2,Two
DATAFLOW,OECD.ELS.SAE:DSD_EARNINGS@MIN2AVE(1.0),Minimum relative to average wages of full-time workers,I,NZL,New Zealand,MR_WG_FT,Minimum relative to average wages of full-time workers,PT_WG_A_SAL_FT,Percentage of average wage of full-time employees,_Z,Not applicable,_Z,Not applicable,MEAN,Mean,_Z,Not applicable,1972,,42.99363057,,_Z,,A,Normal value,0,Units,2,Two
DATAFLOW,OECD.ELS.SAE:DSD_EARNINGS@MIN2AVE(1.0),Minimum relative to average wages of full-time workers,I,NZL,New Zealand,MR_WG_FT,Minimum relative to average wages of full-time workers,PT_WG_A_SAL_FT,Percentage of average wage of full-time employees,_Z,Not applicable,_Z,Not applicable,MEAN,Mean,_Z,Not applicable,1973,,62.84916201,,_Z,,A,Normal value,0,Units,2,Two
DATAFLOW,OECD.ELS.SAE:DSD_EARNINGS@MIN2AVE(1.0),Minimum relative to average wages of full-time workers,I,NZL,New Zealand,MR_WG_FT,Minimum relative to average wages of full-time workers,PT_WG_A_SAL_FT,Percentage of average wage of full-time employees,_Z,Not applicable,_Z,Not applicable,MEAN,Mean,_Z,Not applicable,1974,,58.17307692,,_Z,,A,Normal value,0,Units,2,Two
DATAFLOW,OECD.ELS.SAE:DSD_EARNINGS@MIN2AVE(1.0),Minimum relative to average wages of full-time workers,I,NZL,New Zealand,MR_WG_FT,Minimum relative to average wages of full-time workers,PT_WG_A_SAL_FT,Percentage of average wage of full-time employees,_Z,Not applicable,_Z,Not applicable,MEAN,Mean,_Z,Not applicable,1975,,58.38297872,,_Z,,A,Normal value,0,Units,2,Two
DATAFLOW,OECD.ELS.SAE:DSD_EARNINGS@MIN2AVE(1.0),Minimum relative to average wages of full-time workers,I,NZL,New Zealand,MR_WG_FT,Minimum relative to average wages of full-time workers,PT_WG_A_SAL_FT,Percentage of average wage of full-time employees,_Z,Not applicable,_Z,Not applicable,MEAN,Mean,_Z,Not applicable,1976,,57.32075472,,_Z,,A,Normal value,0,Units,2,Two
DATAFLOW,OECD.ELS.SAE:DSD_EARNINGS@MIN2AVE(1.0),Minimum relative to average wages of full-time workers,I,NZL,New Zealand,MR_WG_FT,Minimum relative to average wages of full-time workers,PT_WG_A_SAL_FT,Percentage of average wage of full-time employees,_Z,Not applicable,_Z,Not applicable,MEAN,Mean,_Z,Not applicable,1977,,53.49667774,,_Z,,A,Normal value,0,Units,2,Two
DATAFLOW,OECD.ELS.SAE:DSD_EARNINGS@MIN2AVE(1.0),Minimum relative to average wages of full-time workers,I,NZL,New Zealand,MR_WG_FT,Minimum relative to average wages of full-time workers,PT_WG_A_SAL_FT,Percentage of average wage of full-time employees,_Z,Not applicable,_Z,Not applicable,MEAN,Mean,_Z,Not applicable,1978,,54.71068249,,_Z,,A,Normal value,0,Units,2,Two
DATAFLOW,OECD.ELS.SAE:DSD_EARNINGS@MIN2AVE(1.0),Minimum relative to average wages of full-time workers,I,NZL,New Zealand,MR_WG_FT,Minimum relative to average wages of full-time workers,PT_WG_A_SAL_FT,Percentage of average wage of full-time employees,_Z,Not applicable,_Z,Not applicable,MEAN,Mean,_Z,Not applicable,1979,,48.77848101,,_Z,,A,Normal value,0,Units,2,Two
DATAFLOW,OECD.ELS.SAE:DSD_EARNINGS@MIN2AVE(1.0),Minimum relative to average wages of full-time workers,I,NZL,New Zealand,MR_WG_FT,Minimum relative to average wages of full-time workers,PT_WG_A_SAL_FT,Percentage of average wage of full-time employees,_Z,Not applicable,_Z,Not applicable,MEAN,Mean,_Z,Not applicable,1980,,42.91220557,,_Z,,A,Normal value,0,Units,2,Two
DATAFLOW,OECD.ELS.SAE:DSD_EARNINGS@MIN2AVE(1.0),Minimum relative to average wages of full-time workers,I,NZL,New Zealand,MR_WG_FT,Minimum relative to average wages of full-time workers,PT_WG_A_SAL_FT,Percentage of average wage of full-time employees,_Z,Not applicable,_Z,Not applicable,MEAN,Mean,_Z,Not applicable,1981,,36.39575972,,_Z,,A,Normal value,0,Units,2,Two
DATAFLOW,OECD.ELS.SAE:DSD_EARNINGS@MIN2AVE(1.0),Minimum relative to average wages of full-time workers,I,NZL,New Zealand,MR_WG_FT,Minimum relative to average wages of full-time workers,PT_WG_A_SAL_FT,Percentage of average wage of full-time employees,_Z,Not applicable,_Z,Not applicable,MEAN,Mean,_Z,Not applicable,1982,,32.50773994,,_Z,,A,Normal value,0,Units,2,Two
DATAFLOW,OECD.ELS.SAE:DSD_EARNINGS@MIN2AVE(1.0),Minimum relative to average wages of full-time workers,I,NZL,New Zealand,MR_WG_FT,Minimum relative to average wages of full-time workers,PT_WG_A_SAL_FT,Percentage of average wage of full-time employees,_Z,Not applicable,_Z,Not applicable,MEAN,Mean,_Z,Not applicable,1983,,31.25,,_Z,,A,Normal value,0,Units,2,Two
DATAFLOW,OECD.ELS.SAE:DSD_EARNINGS@MIN2AVE(1.0),Minimum relative to average wages of full-time workers,I,NZL,New Zealand,MR_WG_FT,Minimum relative to average wages of full-time workers,PT_WG_A_SAL_FT,Percentage of average wage of full-time employees,_Z,Not applicable,_Z,Not applicable,MEAN,Mean,_Z,Not applicable,1984,,29.91452991,,_Z,,A,Normal value,0,Units,2,Two
DATAFLOW,OECD.ELS.SAE:DSD_EARNINGS@MIN2AVE(1.0),Minimum relative to average wages of full-time workers,I,NZL,New Zealand,MR_WG_FT,Minimum relative to average wages of full-time workers,PT_WG_A_SAL_FT,Percentage of average wage of full-time employees,_Z,Not applicable,_Z,Not applicable,MEAN,Mean,_Z,Not applicable,1985,,40.18445323,,_Z,,A,Normal value,0,Units,2,Two
DATAFLOW,OECD.ELS.SAE:DSD_EARNINGS@MIN2AVE(1.0),Minimum relative to average wages of full-time workers,I,NZL,New Zealand,MR_WG_FT,Minimum relative to average wages of full-time workers,PT_WG_A_SAL_FT,Percentage of average wage of full-time employees,_Z,Not applicable,_Z,Not applicable,MEAN,Mean,_Z,Not applicable,1986,,47.86036036,,_Z,,A,Normal value,0,Units,2,Two
DATAFLOW,OECD.ELS.SAE:DSD_EARNINGS@MIN2AVE(1.0),Minimum relative to average wages of full-time workers,I,NZL,New Zealand,MR_WG_FT,Minimum relative to average wages of full-time workers,PT_WG_A_SAL_FT,Percentage of average wage of full-time employees,_Z,Not applicable,_Z,Not applicable,MEAN,Mean,_Z,Not applicable,1987,,51.04063429,,_Z,,A,Normal value,0,Units,2,Two
DATAFLOW,OECD.ELS.SAE:DSD_EARNINGS@MIN2AVE(1.0),Minimum relative to average wages of full-time workers,I,NZL,New Zealand,MR_WG_FT,Minimum relative to average wages of full-time workers,PT_WG_A_SAL_FT,Percentage of average wage of full-time employees,_Z,Not applicable,_Z,Not applicable,MEAN,Mean,_Z,Not applicable,1988,,49.25110132,,_Z,,A,Normal value,0,Units,2,Two
DATAFLOW,OECD.ELS.SAE:DSD_EARNINGS@MIN2AVE(1.0),Minimum relative to average wages of full-time workers,I,NZL,New Zealand,MR_WG_FT,Minimum relative to average wages of full-time workers,PT_WG_A_SAL_FT,Percentage of average wage of full-time employees,_Z,Not applicable,_Z,Not applicable,MEAN,Mean,_Z,Not applicable,1989,,47.76859504,,_Z,,A,Normal value,0,Units,2,Two
DATAFLOW,OECD.ELS.SAE:DSD_EARNINGS@MIN2AVE(1.0),Minimum relative to average wages of full-time workers,I,NZL,New Zealand,MR_WG_FT,Minimum relative to average wages of full-time workers,PT_WG_A_SAL_FT,Percentage of average wage of full-time employees,_Z,Not applicable,_Z,Not applicable,MEAN,Mean,_Z,Not applicable,1990,,46.375682,,_Z,,A,Normal value,0,Units,2,Two
DATAFLOW,OECD.ELS.SAE:DSD_EARNINGS@MIN2AVE(1.0),Minimum relative to average wages of full-time workers,I,NZL,New Zealand,MR_WG_FT,Minimum relative to average wages of full-time workers,PT_WG_A_SAL_FT,Percentage of average wage of full-time employees,_Z,Not applicable,_Z,Not applicable,MEAN,Mean,_Z,Not applicable,1991,,46.72256098,,_Z,,A,Normal value,0,Units,2,Two
DATAFLOW,OECD.ELS.SAE:DSD_EARNINGS@MIN2AVE(1.0),Minimum relative to average wages of full-time workers,I,NZL,New Zealand,MR_WG_FT,Minimum relative to average wages of full-time workers,PT_WG_A_SAL_FT,Percentage of average wage of full-time employees,_Z,Not applicable,_Z,Not applicable,MEAN,Mean,_Z,Not applicable,1992,,45.98649662,,_Z,,A,Normal value,0,Units,2,Two
DATAFLOW,OECD.ELS.SAE:DSD_EARNINGS@MIN2AVE(1.0),Minimum relative to average wages of full-time workers,I,NZL,New Zealand,MR_WG_FT,Minimum relative to average wages of full-time workers,PT_WG_A_SAL_FT,Percentage of average wage of full-time employees,_Z,Not applicable,_Z,Not applicable,MEAN,Mean,_Z,Not applicable,1993,,46.0555973,,_Z,,A,Normal value,0,Units,2,Two
DATAFLOW,OECD.ELS.SAE:DSD_EARNINGS@MIN2AVE(1.0),Minimum relative to average wages of full-time workers,I,NZL,New Zealand,MR_WG_FT,Minimum relative to average wages of full-time workers,PT_WG_A_SAL_FT,Percentage of average wage of full-time employees,_Z,Not applicable,_Z,Not applicable,MEAN,Mean,_Z,Not applicable,1994,,45.37379719,,_Z,,A,Normal value,0,Units,2,Two
DATAFLOW,OECD.ELS.SAE:DSD_EARNINGS@MIN2AVE(1.0),Minimum relative to average wages of full-time workers,I,NZL,New Zealand,MR_WG_FT,Minimum relative to average wages of full-time workers,PT_WG_A_SAL_FT,Percentage of average wage of full-time employees,_Z,Not applicable,_Z,Not applicable,MEAN,Mean,_Z,Not applicable,1995,,44.78041757,,_Z,,A,Normal value,0,Units,2,Two
DATAFLOW,OECD.ELS.SAE:DSD_EARNINGS@MIN2AVE(1.0),Minimum relative to average wages of full-time workers,I,NZL,New Zealand,MR_WG_FT,Minimum relative to average wages of full-time workers,PT_WG_A_SAL_FT,Percentage of average wage of full-time employees,_Z,Not applicable,_Z,Not applicable,MEAN,Mean,_Z,Not applicable,1996,,43.05084746,,_Z,,A,Normal value,0,Units,2,Two
DATAFLOW,OECD.ELS.SAE:DSD_EARNINGS@MIN2AVE(1.0),Minimum relative to average wages of full-time workers,I,NZL,New Zealand,MR_WG_FT,Minimum relative to average wages of full-time workers,PT_WG_A_SAL_FT,Percentage of average wage of full-time employees,_Z,Not applicable,_Z,Not applicable,MEAN,Mean,_Z,Not applicable,1997,,45.93874834,,_Z,,A,Normal value,0,Units,2,Two
DATAFLOW,OECD.ELS.SAE:DSD_EARNINGS@MIN2AVE(1.0),Minimum relative to average wages of full-time workers,I,NZL,New Zealand,MR_WG_FT,Minimum relative to average wages of full-time workers,PT_WG_A_SAL_FT,Percentage of average wage of full-time employees,_Z,Not applicable,_Z,Not applicable,MEAN,Mean,_Z,Not applicable,1998,,44.50095359,,_Z,,A,Normal value,0,Units,2,Two
DATAFLOW,OECD.ELS.SAE:DSD_EARNINGS@MIN2AVE(1.0),Minimum relative to average wages of full-time workers,I,NZL,New Zealand,MR_WG_FT,Minimum relative to average wages of full-time workers,PT_WG_A_SAL_FT,Percentage of average wage of full-time employees,_Z,Not applicable,_Z,Not applicable,MEAN,Mean,_Z,Not applicable,1999,,43.15659679,,_Z,,A,Normal value,0,Units,2,Two
DATAFLOW,OECD.ELS.SAE:DSD_EARNINGS@MIN2AVE(1.0),Minimum relative to average wages of full-time workers,I,NZL,New Zealand,MR_WG_FT,Minimum relative to average wages of full-time workers,PT_WG_A_SAL_FT,Percentage of average wage of full-time employees,_Z,Not applicable,_Z,Not applicable,MEAN,Mean,_Z,Not applicable,2000,,45.1788963,,_Z,,A,Normal value,0,Units,2,Two
DATAFLOW,OECD.ELS.SAE:DSD_EARNINGS@MIN2AVE(1.0),Minimum relative to average wages of full-time workers,I,NZL,New Zealand,MR_WG_FT,Minimum relative to average wages of full-time workers,PT_WG_A_SAL_FT,Percentage of average wage of full-time employees,_Z,Not applicable,_Z,Not applicable,MEAN,Mean,_Z,Not applicable,2001,,44.90632319,,_Z,,A,Normal value,0,Units,2,Two
DATAFLOW,OECD.ELS.SAE:DSD_EARNINGS@MIN2AVE(1.0),Minimum relative to average wages of full-time workers,I,NZL,New Zealand,MR_WG_FT,Minimum relative to average wages of full-time workers,PT_WG_A_SAL_FT,Percentage of average wage of full-time employees,_Z,Not applicable,_Z,Not applicable,MEAN,Mean,_Z,Not applicable,2002,,45.68469505,,_Z,,A,Normal value,0,Units,2,Two
DATAFLOW,OECD.ELS.SAE:DSD_EARNINGS@MIN2AVE(1.0),Minimum relative to average wages of full-time workers,I,NZL,New Zealand,MR_WG_FT,Minimum relative to average wages of full-time workers,PT_WG_A_SAL_FT,Percentage of average wage of full-time employees,_Z,Not applicable,_Z,Not applicable,MEAN,Mean,_Z,Not applicable,2003,,46.07358594,,_Z,,A,Normal value,0,Units,2,Two
DATAFLOW,OECD.ELS.SAE:DSD_EARNINGS@MIN2AVE(1.0),Minimum relative to average wages of full-time workers,I,NZL,New Zealand,MR_WG_FT,Minimum relative to average wages of full-time workers,PT_WG_A_SAL_FT,Percentage of average wage of full-time employees,_Z,Not applicable,_Z,Not applicable,MEAN,Mean,_Z,Not applicable,2004,,46.7614534,,_Z,,A,Normal value,0,Units,2,Two
DATAFLOW,OECD.ELS.SAE:DSD_EARNINGS@MIN2AVE(1.0),Minimum relative to average wages of full-time workers,I,NZL,New Zealand,MR_WG_FT,Minimum relative to average wages of full-time workers,PT_WG_A_SAL_FT,Percentage of average wage of full-time employees,_Z,Not applicable,_Z,Not applicable,MEAN,Mean,_Z,Not applicable,2005,,47.28096677,,_Z,,A,Normal value,0,Units,2,Two
DATAFLOW,OECD.ELS.SAE:DSD_EARNINGS@MIN2AVE(1.0),Minimum relative to average wages of full-time workers,I,NZL,New Zealand,MR_WG_FT,Minimum relative to average wages of full-time workers,PT_WG_A_SAL_FT,Percentage of average wage of full-time employees,_Z,Not applicable,_Z,Not applicable,MEAN,Mean,_Z,Not applicable,2006,,49.17073171,,_Z,,A,Normal value,0,Units,2,Two
DATAFLOW,OECD.ELS.SAE:DSD_EARNINGS@MIN2AVE(1.0),Minimum relative to average wages of full-time workers,I,NZL,New Zealand,MR_WG_FT,Minimum relative to average wages of full-time workers,PT_WG_A_SAL_FT,Percentage of average wage of full-time employees,_Z,Not applicable,_Z,Not applicable,MEAN,Mean,_Z,Not applicable,2007,,49.37163375,,_Z,,A,Normal value,0,Units,2,Two
DATAFLOW,OECD.ELS.SAE:DSD_EARNINGS@MIN2AVE(1.0),Minimum relative to average wages of full-time workers,I,NZL,New Zealand,MR_WG_FT,Minimum relative to average wages of full-time workers,PT_WG_A_SAL_FT,Percentage of average wage of full-time employees,_Z,Not applicable,_Z,Not applicable,MEAN,Mean,_Z,Not applicable,2008,,50.5132592,,_Z,,A,Normal value,0,Units,2,Two
DATAFLOW,OECD.ELS.SAE:DSD_EARNINGS@MIN2AVE(1.0),Minimum relative to average wages of full-time workers,I,NZL,New Zealand,MR_WG_FT,Minimum relative to average wages of full-time workers,PT_WG_A_SAL_FT,Percentage of average wage of full-time employees,_Z,Not applicable,_Z,Not applicable,MEAN,Mean,_Z,Not applicable,2009,,51.43331948,,_Z,,A,Normal value,0,Units,2,Two
DATAFLOW,OECD.ELS.SAE:DSD_EARNINGS@MIN2AVE(1.0),Minimum relative to average wages of full-time workers,I,NZL,New Zealand,MR_WG_FT,Minimum relative to average wages of full-time workers,PT_WG_A_SAL_FT,Percentage of average wage of full-time employees,_Z,Not applicable,_Z,Not applicable,MEAN,Mean,_Z,Not applicable,2010,,50.65868263,,_Z,,A,Normal value,0,Units,2,Two
DATAFLOW,OECD.ELS.SAE:DSD_EARNINGS@MIN2AVE(1.0),Minimum relative to average wages of full-time workers,I,NZL,New Zealand,MR_WG_FT,Minimum relative to average wages of full-time workers,PT_WG_A_SAL_FT,Percentage of average wage of full-time employees,_Z,Not applicable,_Z,Not applicable,MEAN,Mean,_Z,Not applicable,2011,,50.36979369,,_Z,,A,Normal value,0,Units,2,Two
DATAFLOW,OECD.ELS.SAE:DSD_EARNINGS@MIN2AVE(1.0),Minimum relative to average wages of full-time workers,I,NZL,New Zealand,MR_WG_FT,Minimum relative to average wages of full-time workers,PT_WG_A_SAL_FT,Percentage of average wage of full-time employees,_Z,Not applicable,_Z,Not applicable,MEAN,Mean,_Z,Not applicable,2012,,51.01029356,,_Z,,A,Normal value,0,Units,2,Two
DATAFLOW,OECD.ELS.SAE:DSD_EARNINGS@MIN2AVE(1.0),Minimum relative to average wages of full-time workers,I,NZL,New Zealand,MR_WG_FT,Minimum relative to average wages of full-time workers,PT_WG_A_SAL_FT,Percentage of average wage of full-time employees,_Z,Not applicable,_Z,Not applicable,MEAN,Mean,_Z,Not applicable,2013,,50.51660517,,_Z,,A,Normal value,0,Units,2,Two
DATAFLOW,OECD.ELS.SAE:DSD_EARNINGS@MIN2AVE(1.0),Minimum relative to average wages of full-time workers,I,NZL,New Zealand,MR_WG_FT,Minimum relative to average wages of full-time workers,PT_WG_A_SAL_FT,Percentage of average wage of full-time employees,_Z,Not applicable,_Z,Not applicable,MEAN,Mean,_Z,Not applicable,2014,,50.84990958,,_Z,,A,Normal value,0,Units,2,Two
DATAFLOW,OECD.ELS.SAE:DSD_EARNINGS@MIN2AVE(1.0),Minimum relative to average wages of full-time workers,I,NZL,New Zealand,MR_WG_FT,Minimum relative to average wages of full-time workers,PT_WG_A_SAL_FT,Percentage of average wage of full-time employees,_Z,Not applicable,_Z,Not applicable,MEAN,Mean,_Z,Not applicable,2015,,51.0111576,,_Z,,A,Normal value,0,Units,2,Two
DATAFLOW,OECD.ELS.SAE:DSD_EARNINGS@MIN2AVE(1.0),Minimum relative to average wages of full-time workers,I,NZL,New Zealand,MR_WG_FT,Minimum relative to average wages of full-time workers,PT_WG_A_SAL_FT,Percentage of average wage of full-time employees,_Z,Not applicable,_Z,Not applicable,MEAN,Mean,_Z,Not applicable,2016,,51.39266304,,_Z,,A,Normal value,0,Units,2,Two
DATAFLOW,OECD.ELS.SAE:DSD_EARNINGS@MIN2AVE(1.0),Minimum relative to average wages of full-time workers,I,NZL,New Zealand,MR_WG_FT,Minimum relative to average wages of full-time workers,PT_WG_A_SAL_FT,Percentage of average wage of full-time employees,_Z,Not applicable,_Z,Not applicable,MEAN,Mean,_Z,Not applicable,2017,,51.84079602,,_Z,,A,Normal value,0,Units,2,Two
DATAFLOW,OECD.ELS.SAE:DSD_EARNINGS@MIN2AVE(1.0),Minimum relative to average wages of full-time workers,I,NZL,New Zealand,MR_WG_FT,Minimum relative to average wages of full-time workers,PT_WG_A_SAL_FT,Percentage of average wage of full-time employees,_Z,Not applicable,_Z,Not applicable,MEAN,Mean,_Z,Not applicable,2018,,52.31288209,,_Z,,A,Normal value,0,Units,2,Two
DATAFLOW,OECD.ELS.SAE:DSD_EARNINGS@MIN2AVE(1.0),Minimum relative to average wages of full-time workers,I,NZL,New Zealand,MR_WG_FT,Minimum relative to average wages of full-time workers,PT_WG_A_SAL_FT,Percentage of average wage of full-time employees,_Z,Not applicable,_Z,Not applicable,MEAN,Mean,_Z,Not applicable,2019,,54.99367889,,_Z,,A,Normal value,0,Units,2,Two
DATAFLOW,OECD.ELS.SAE:DSD_EARNINGS@MIN2AVE(1.0),Minimum relative to average wages of full-time workers,I,NZL,New Zealand,MR_WG_FT,Minimum relative to average wages of full-time workers,PT_WG_A_SAL_FT,Percentage of average wage of full-time employees,_Z,Not applicable,_Z,Not applicable,MEAN,Mean,_Z,Not applicable,2020,,55.57215417,,_Z,,A,Normal value,0,Units,2,Two
DATAFLOW,OECD.ELS.SAE:DSD_EARNINGS@MIN2AVE(1.0),Minimum relative to average wages of full-time workers,I,NZL,New Zealand,MR_WG_FT,Minimum relative to average wages of full-time workers,PT_WG_A_SAL_FT,Percentage of average wage of full-time employees,_Z,Not applicable,_Z,Not applicable,MEAN,Mean,_Z,Not applicable,2021,,57.1884058,,_Z,,A,Normal value,0,Units,2,Two
DATAFLOW,OECD.ELS.SAE:DSD_EARNINGS@MIN2AVE(1.0),Minimum relative to average wages of full-time workers,I,NZL,New Zealand,MR_WG_FT,Minimum relative to average wages of full-time workers,PT_WG_A_SAL_FT,Percentage of average wage of full-time employees,_Z,Not applicable,_Z,Not applicable,MEAN,Mean,_Z,Not applicable,2022,,57.19759168,,_Z,,A,Normal value,0,Units,2,Two
DATAFLOW,OECD.ELS.SAE:DSD_EARNINGS@MIN2AVE(1.0),Minimum relative to average wages of full-time workers,I,NZL,New Zealand,MR_WG_FT,Minimum relative to average wages of full-time workers,PT_WG_A_SAL_FT,Percentage of average wage of full-time employees,_Z,Not applicable,_Z,Not applicable,MEAN,Mean,_Z,Not applicable,2023,,56.81933842,,_Z,,A,Normal value,0,Units,2,Two
DATAFLOW,OECD.ELS.SAE:DSD_EARNINGS@MIN2AVE(1.0),Minimum relative to average wages of full-time workers,I,NZL,New Zealand,MR_WG_FT,Minimum relative to average wages of full-time workers,PT_WG_A_SAL_FT,Percentage of average wage of full-time employees,_Z,Not applicable,_Z,Not applicable,MEAN,Mean,_Z,Not applicable,2024,,57.52866446,,_Z,,A,Normal value,0,Units,2,Two
DATAFLOW,OECD.ELS.SAE:DSD_EARNINGS@MIN2AVE(1.0),Minimum relative to average wages of full-time workers,I,ROU,Romania,MR_WG_FT,Minimum relative to average wages of full-time workers,PT_WG_A_SAL_FT,Percentage of average wage of full-time employees,_Z,Not applicable,_Z,Not applicable,MEAN,Mean,_Z,Not applicable,1960,,31.82610422,,_Z,,A,Normal value,0,Units,2,Two
DATAFLOW,OECD.ELS.SAE:DSD_EARNINGS@MIN2AVE(1.0),Minimum relative to average wages of full-time workers,I,ROU,Romania,MR_WG_FT,Minimum relative to average wages of full-time workers,PT_WG_A_SAL_FT,Percentage of average wage of full-time employees,_Z,Not applicable,_Z,Not applicable,MEAN,Mean,_Z,Not applicable,1961,,31.0233634,,_Z,,A,Normal value,0,Units,2,Two
DATAFLOW,OECD.ELS.SAE:DSD_EARNINGS@MIN2AVE(1.0),Minimum relative to average wages of full-time workers,I,ROU,Romania,MR_WG_FT,Minimum relative to average wages of full-time workers,PT_WG_A_SAL_FT,Percentage of average wage of full-time employees,_Z,Not applicable,_Z,Not applicable,MEAN,Mean,_Z,Not applicable,1962,,34.44075143,,_Z,,A,Normal value,0,Units,2,Two
DATAFLOW,OECD.ELS.SAE:DSD_EARNINGS@MIN2AVE(1.0),Minimum relative to average wages of full-time workers,I,ROU,Romania,MR_WG_FT,Minimum relative to average wages of full-time workers,PT_WG_A_SAL_FT,Percentage of average wage of full-time employees,_Z,Not applicable,_Z,Not applicable,MEAN,Mean,_Z,Not applicable,1963,,32.45312598,,_Z,,A,Normal value,0,Units,2,Two
DATAFLOW,OECD.ELS.SAE:DSD_EARNINGS@MIN2AVE(1.0),Minimum relative to average wages of full-time workers,I,ROU,Romania,MR_WG_FT,Minimum relative to average wages of full-time workers,PT_WG_A_SAL_FT,Percentage of average wage of full-time employees,_Z,Not applicable,_Z,Not applicable,MEAN,Mean,_Z,Not applicable,1964,,31.18106272,,_Z,,A,Normal value,0,Units,2,Two
DATAFLOW,OECD.ELS.SAE:DSD_EARNINGS@MIN2AVE(1.0),Minimum relative to average wages of full-time workers,I,ROU,Romania,MR_WG_FT,Minimum relative to average wages of full-time workers,PT_WG_A_SAL_FT,Percentage of average wage of full-time employees,_Z,Not applicable,_Z,Not applicable,MEAN,Mean,_Z,Not applicable,1965,,30.47028364,,_Z,,A,Normal value,0,Units,2,Two
DATAFLOW,OECD.ELS.SAE:DSD_EARNINGS@MIN2AVE(1.0),Minimum relative to average wages of full-time workers,I,ROU,Romania,MR_WG_FT,Minimum relative to average wages of full-time workers,PT_WG_A_SAL_FT,Percentage of average wage of full-time employees,_Z,Not applicable,_Z,Not applicable,MEAN,Mean,_Z,Not applicable,1966,,31.697882,,_Z,,A,Normal value,0,Units,2,Two
DATAFLOW,OECD.ELS.SAE:DSD_EARNINGS@MIN2AVE(1.0),Minimum relative to average wages of full-time workers,I,ROU,Romania,MR_WG_FT,Minimum relative to average wages of full-time workers,PT_WG_A_SAL_FT,Percentage of average wage of full-time employees,_Z,Not applicable,_Z,Not applicable,MEAN,Mean,_Z,Not applicable,1967,,34.25514614,,_Z,,A,Normal value,0,Units,2,Two
DATAFLOW,OECD.ELS.SAE:DSD_EARNINGS@MIN2AVE(1.0),Minimum relative to average wages of full-time workers,I,ROU,Romania,MR_WG_FT,Minimum relative to average wages of full-time workers,PT_WG_A_SAL_FT,Percentage of average wage of full-time employees,_Z,Not applicable,_Z,Not applicable,MEAN,Mean,_Z,Not applicable,1968,,38.11226984,,_Z,,A,Normal value,0,Units,2,Two
DATAFLOW,OECD.ELS.SAE:DSD_EARNINGS@MIN2AVE(1.0),Minimum relative to average wages of full-time workers,I,ROU,Romania,MR_WG_FT,Minimum relative to average wages of full-time workers,PT_WG_A_SAL_FT,Percentage of average wage of full-time employees,_Z,Not applicable,_Z,Not applicable,MEAN,Mean,_Z,Not applicable,1969,,36.67240768,,_Z,,A,Normal value,0,Units,2,Two
DATAFLOW,OECD.ELS.SAE:DSD_EARNINGS@MIN2AVE(1.0),Minimum relative to average wages of full-time workers,I,ROU,Romania,MR_WG_FT,Minimum relative to average wages of full-time workers,PT_WG_A_SAL_FT,Percentage of average wage of full-time employees,_Z,Not applicable,_Z,Not applicable,MEAN,Mean,_Z,Not applicable,1970,,36.95956162,,_Z,,A,Normal value,0,Units,2,Two
DATAFLOW,OECD.ELS.SAE:DSD_EARNINGS@MIN2AVE(1.0),Minimum relative to average wages of full-time workers,I,ROU,Romania,MR_WG_FT,Minimum relative to average wages of full-time workers,PT_WG_A_SAL_FT,Percentage of average wage of full-time employees,_Z,Not applicable,_Z,Not applicable,MEAN,Mean,_Z,Not applicable,1971,,36.95376343,,_Z,,A,Normal value,0,Units,2,Two
DATAFLOW,OECD.ELS.SAE:DSD_EARNINGS@MIN2AVE(1.0),Minimum relative to average wages of full-time workers,I,ROU,Romania,MR_WG_FT,Minimum relative to average wages of full-time workers,PT_WG_A_SAL_FT,Percentage of average wage of full-time employees,_Z,Not applicable,_Z,Not applicable,MEAN,Mean,_Z,Not applicable,1972,,39.91647838,,_Z,,A,Normal value,0,Units,2,Two
DATAFLOW,OECD.ELS.SAE:DSD_EARNINGS@MIN2AVE(1.0),Minimum relative to average wages of full-time workers,I,ROU,Romania,MR_WG_FT,Minimum relative to average wages of full-time workers,PT_WG_A_SAL_FT,Percentage of average wage of full-time employees,_Z,Not applicable,_Z,Not applicable,MEAN,Mean,_Z,Not applicable,1973,,43.47327736,,_Z,,A,Normal value,0,Units,2,Two
DATAFLOW,OECD.ELS.SAE:DSD_EARNINGS@MIN2AVE(1.0),Minimum relative to average wages of full-time workers,I,ROU,Romania,MR_WG_FT,Minimum relative to average wages of full-time workers,PT_WG_A_SAL_FT,Percentage of average wage of full-time employees,_Z,Not applicable,_Z,Not applicable,MEAN,Mean,_Z,Not applicable,1974,,43.31067737,,_Z,,A,Normal value,0,Units,2,Two
DATAFLOW,OECD.ELS.SAE:DSD_EARNINGS@MIN2AVE(1.0),Minimum relative to average wages of full-time workers,I,ROU,Romania,MR_WG_FT,Minimum relative to average wages of full-time workers,PT_WG_A_SAL_FT,Percentage of average wage of full-time employees,_Z,Not applicable,_Z,Not applicable,MEAN,Mean,_Z,Not applicable,1975,,43.84998182,,_Z,,A,Normal value,0,Units,2,Two
DATAFLOW,OECD.ELS.SAE:DSD_EARNINGS@MIN2AVE(1.0),Minimum relative to average wages of full-time workers,I,ROU,Romania,MR_WG_FT,Minimum relative to average wages of full-time workers,PT_WG_A_SAL_FT,Percentage of average wage of full-time employees,_Z,Not applicable,_Z,Not applicable,MEAN,Mean,_Z,Not applicable,1976,,41.51653718,,_Z,,A,Normal value,0,Units,2,Two
DATAFLOW,OECD.ELS.SAE:DSD_EARNINGS@MIN2AVE(1.0),Minimum relative to average wages of full-time workers,I,ROU,Romania,MR_WG_FT,Minimum relative to average wages of full-time workers,PT_WG_A_SAL_FT,Percentage of average wage of full-time employees,_Z,Not applicable,_Z,Not applicable,MEAN,Mean,_Z,Not applicable,1977,,38.79090343,,_Z,,A,Normal value,0,Units,2,Two
DATAFLOW,OECD.ELS.SAE:DSD_EARNINGS@MIN2AVE(1.0),Minimum relative to average wages of full-time workers,I,ROU,Romania,MR_WG_FT,Minimum relative to average wages of full-time workers,PT_WG_A_SAL_FT,Percentage of average wage of full-time employees,_Z,Not applicable,_Z,Not applicable,MEAN,Mean,_Z,Not applicable,1978,,34.78604054,,_Z,,A,Normal value,0,Units,2,Two
DATAFLOW,OECD.ELS.SAE:DSD_EARNINGS@MIN2AVE(1.0),Minimum relative to average wages of full-time workers,I,ROU,Romania,MR_WG_FT,Minimum relative to average wages of full-time workers,PT_WG_A_SAL_FT,Percentage of average wage of full-time employees,_Z,Not applicable,_Z,Not applicable,MEAN,Mean,_Z,Not applicable,1979,,35.67515871,,_Z,,A,Normal value,0,Units,2,Two
DATAFLOW,OECD.ELS.SAE:DSD_EARNINGS@MIN2AVE(1.0),Minimum relative to average wages of full-time workers,I,ROU,Romania,MR_WG_FT,Minimum relative to average wages of full-time workers,PT_WG_A_SAL_FT,Percentage of average wage of full-time employees,_Z,Not applicable,_Z,Not applicable,MEAN,Mean,_Z,Not applicable,1980,,37.34307744,,_Z,,A,Normal value,0,Units,2,Two
DATAFLOW,OECD.ELS.SAE:DSD_EARNINGS@MIN2AVE(1.0),Minimum relative to average wages of full-time workers,I,ROU,Romania,MR_WG_FT,Minimum relative to average wages of full-time workers,PT_WG_A_SAL_FT,Percentage of average wage of full-time employees,_Z,Not applicable,_Z,Not applicable,MEAN,Mean,_Z,Not applicable,1981,,35.70991823,,_Z,,A,Normal value,0,Units,2,Two
DATAFLOW,OECD.ELS.SAE:DSD_EARNINGS@MIN2AVE(1.0),Minimum relative to average wages of full-time workers,I,ROU,Romania,MR_WG_FT,Minimum relative to average wages of full-time workers,PT_WG_A_SAL_FT,Percentage of average wage of full-time employees,_Z,Not applicable,_Z,Not applicable,MEAN,Mean,_Z,Not applicable,1982,,33.09492081,,_Z,,A,Normal value,0,Units,2,Two
DATAFLOW,OECD.ELS.SAE:DSD_EARNINGS@MIN2AVE(1.0),Minimum relative to average wages of full-time workers,I,ROU,Romania,MR_WG_FT,Minimum relative to average wages of full-time workers,PT_WG_A_SAL_FT,Percentage of average wage of full-time employees,_Z,Not applicable,_Z,Not applicable,MEAN,Mean,_Z,Not applicable,1983,,32.58123748,,_Z,,A,Normal value,0,Units,2,Two
DATAFLOW,OECD.ELS.SAE:DSD_EARNINGS@MIN2AVE(1.0),Minimum relative to average wages of full-time workers,I,ROU,Romania,MR_WG_FT,Minimum relative to average wages of full-time workers,PT_WG_A_SAL_FT,Percentage of average wage of full-time employees,_Z,Not applicable,_Z,Not applicable,MEAN,Mean,_Z,Not applicable,1984,,31.61386438,,_Z,,A,Normal value,0,Units,2,Two
DATAFLOW,OECD.ELS.SAE:DSD_EARNINGS@MIN2AVE(1.0),Minimum relative to average wages of full-time workers,I,ROU,Romania,MR_WG_FT,Minimum relative to average wages of full-time workers,PT_WG_A_SAL_FT,Percentage of average wage of full-time employees,_Z,Not applicable,_Z,Not applicable,MEAN,Mean,_Z,Not applicable,1985,,31.0268185,,_Z,,A,Normal value,0,Units,2,Two
DATAFLOW,OECD.ELS.SAE:DSD_EARNINGS@MIN2AVE(1.0),Minimum relative to average wages of full-time workers,I,ROU,Romania,MR_WG_FT,Minimum relative to average wages of full-time workers,PT_WG_A_SAL_FT,Percentage of average wage of full-time employees,_Z,Not applicable,_Z,Not applicable,MEAN,Mean,_Z,Not applicable,1986,,30.72749435,,_Z,,A,Normal value,0,Units,2,Two
DATAFLOW,OECD.ELS.SAE:DSD_EARNINGS@MIN2AVE(1.0),Minimum relative to average wages of full-time workers,I,ROU,Romania,MR_WG_FT,Minimum relative to average wages of full-time workers,PT_WG_A_SAL_FT,Percentage of average wage of full-time employees,_Z,Not applicable,_Z,Not applicable,MEAN,Mean,_Z,Not applicable,1987,,30.54333197,,_Z,,A,Normal value,0,Units,2,Two
DATAFLOW,OECD.ELS.SAE:DSD_EARNINGS@MIN2AVE(1.0),Minimum relative to average wages of full-time workers,I,ROU,Romania,MR_WG_FT,Minimum relative to average wages of full-time workers,PT_WG_A_SAL_FT,Percentage of average wage of full-time employees,_Z,Not applicable,_Z,Not applicable,MEAN,Mean,_Z,Not applicable,1988,,34.74876736,,_Z,,A,Normal value,0,Units,2,Two
DATAFLOW,OECD.ELS.SAE:DSD_EARNINGS@MIN2AVE(1.0),Minimum relative to average wages of full-time workers,I,ROU,Romania,MR_WG_FT,Minimum relative to average wages of full-time workers,PT_WG_A_SAL_FT,Percentage of average wage of full-time employees,_Z,Not applicable,_Z,Not applicable,MEAN,Mean,_Z,Not applicable,1989,,38.41081544,,_Z,,A,Normal value,0,Units,2,Two
DATAFLOW,OECD.ELS.SAE:DSD_EARNINGS@MIN2AVE(1.0),Minimum relative to average wages of full-time workers,I,ROU,Romania,MR_WG_FT,Minimum relative to average wages of full-time workers,PT_WG_A_SAL_FT,Percentage of average wage of full-time employees,_Z,Not applicable,_Z,Not applicable,MEAN,Mean,_Z,Not applicable,1990,,33.88964215,,_Z,,A,Normal value,0,Units,2,Two
DATAFLOW,OECD.ELS.SAE:DSD_EARNINGS@MIN2AVE(1.0),Minimum relative to average wages of full-time workers,I,ROU,Romania,MR_WG_FT,Minimum relative to average wages of full-time workers,PT_WG_A_SAL_FT,Percentage of average wage of full-time employees,_Z,Not applicable,_Z,Not applicable,MEAN,Mean,_Z,Not applicable,1991,,38.8932139,,_Z,,A,Normal value,0,Units,2,Two
DATAFLOW,OECD.ELS.SAE:DSD_EARNINGS@MIN2AVE(1.0),Minimum relative to average wages of full-time workers,I,ROU,Romania,MR_WG_FT,Minimum relative to average wages of full-time workers,PT_WG_A_SAL_FT,Percentage of average wage of full-time employees,_Z,Not applicable,_Z,Not applicable,MEAN,Mean,_Z,Not applicable,1992,,30.48327942,,_Z,,A,Normal value,0,Units,2,Two
DATAFLOW,OECD.ELS.SAE:DSD_EARNINGS@MIN2AVE(1.0),Minimum relative to average wages of full-time workers,I,ROU,Romania,MR_WG_FT,Minimum relative to average wages of full-time workers,PT_WG_A_SAL_FT,Percentage of average wage of full-time employees,_Z,Not applicable,_Z,Not applicable,MEAN,Mean,_Z,Not applicable,1993,,25.46344355,,_Z,,A,Normal value,0,Units,2,Two
DATAFLOW,OECD.ELS.SAE:DSD_EARNINGS@MIN2AVE(1.0),Minimum relative to average wages of full-time workers,I,ROU,Romania,MR_WG_FT,Minimum relative to average wages of full-time workers,PT_WG_A_SAL_FT,Percentage of average wage of full-time employees,_Z,Not applicable,_Z,Not applicable,MEAN,Mean,_Z,Not applicable,1994,,22.07095075,,_Z,,A,Normal value,0,Units,2,Two
DATAFLOW,OECD.ELS.SAE:DSD_EARNINGS@MIN2AVE(1.0),Minimum relative to average wages of full-time workers,I,ROU,Romania,MR_WG_FT,Minimum relative to average wages of full-time workers,PT_WG_A_SAL_FT,Percentage of average wage of full-time employees,_Z,Not applicable,_Z,Not applicable,MEAN,Mean,_Z,Not applicable,1995,,17.86017622,,_Z,,A,Normal value,0,Units,2,Two
DATAFLOW,OECD.ELS.SAE:DSD_EARNINGS@MIN2AVE(1.0),Minimum relative to average wages of full-time workers,I,ROU,Romania,MR_WG_FT,Minimum relative to average wages of full-time workers,PT_WG_A_SAL_FT,Percentage of average wage of full-time employees,_Z,Not applicable,_Z,Not applicable,MEAN,Mean,_Z,Not applicable,1996,,13.42425984,,_Z,,A,Normal value,0,Units,2,Two
DATAFLOW,OECD.ELS.SAE:DSD_EARNINGS@MIN2AVE(1.0),Minimum relative to average wages of full-time workers,I,ROU,Romania,MR_WG_FT,Minimum relative to average wages of full-time workers,PT_WG_A_SAL_FT,Percentage of average wage of full-time employees,_Z,Not applicable,_Z,Not applicable,MEAN,Mean,_Z,Not applicable,1997,,20.14331891,,_Z,,A,Normal value,0,Units,2,Two
DATAFLOW,OECD.ELS.SAE:DSD_EARNINGS@MIN2AVE(1.0),Minimum relative to average wages of full-time workers,I,ROU,Romania,MR_WG_FT,Minimum relative to average wages of full-time workers,PT_WG_A_SAL_FT,Percentage of average wage of full-time employees,_Z,Not applicable,_Z,Not applicable,MEAN,Mean,_Z,Not applicable,1998,,19.86306404,,_Z,,A,Normal value,0,Units,2,Two
DATAFLOW,OECD.ELS.SAE:DSD_EARNINGS@MIN2AVE(1.0),Minimum relative to average wages of full-time workers,I,ROU,Romania,MR_WG_FT,Minimum relative to average wages of full-time workers,PT_WG_A_SAL_FT,Percentage of average wage of full-time employees,_Z,Not applicable,_Z,Not applicable,MEAN,Mean,_Z,Not applicable,1999,,18.70634329,,_Z,,A,Normal value,0,Units,2,Two
DATAFLOW,OECD.ELS.SAE:DSD_EARNINGS@MIN2AVE(1.0),Minimum relative to average wages of full-time workers,I,ROU,Romania,MR_WG_FT,Minimum relative to average wages of full-time workers,PT_WG_A_SAL_FT,Percentage of average wage of full-time employees,_Z,Not applicable,_Z,Not applicable,MEAN,Mean,_Z,Not applicable,2000,,19.52352448,,_Z,,A,Normal value,0,Units,2,Two
DATAFLOW,OECD.ELS.SAE:DSD_EARNINGS@MIN2AVE(1.0),Minimum relative to average wages of full-time workers,I,ROU,Romania,MR_WG_FT,Minimum relative to average wages of full-time workers,PT_WG_A_SAL_FT,Percentage of average wage of full-time employees,_Z,Not applicable,_Z,Not applicable,MEAN,Mean,_Z,Not applicable,2001,,28.64266287,,_Z,,A,Normal value,0,Units,2,Two
DATAFLOW,OECD.ELS.SAE:DSD_EARNINGS@MIN2AVE(1.0),Minimum relative to average wages of full-time workers,I,ROU,Romania,MR_WG_FT,Minimum relative to average wages of full-time workers,PT_WG_A_SAL_FT,Percentage of average wage of full-time employees,_Z,Not applicable,_Z,Not applicable,MEAN,Mean,_Z,Not applicable,2002,,28.55315455,,_Z,,A,Normal value,0,Units,2,Two
DATAFLOW,OECD.ELS.SAE:DSD_EARNINGS@MIN2AVE(1.0),Minimum relative to average wages of full-time workers,I,ROU,Romania,MR_WG_FT,Minimum relative to average wages of full-time workers,PT_WG_A_SAL_FT,Percentage of average wage of full-time employees,_Z,Not applicable,_Z,Not applicable,MEAN,Mean,_Z,Not applicable,2003,,34.91368532,,_Z,,A,Normal value,0,Units,2,Two
DATAFLOW,OECD.ELS.SAE:DSD_EARNINGS@MIN2AVE(1.0),Minimum relative to average wages of full-time workers,I,ROU,Romania,MR_WG_FT,Minimum relative to average wages of full-time workers,PT_WG_A_SAL_FT,Percentage of average wage of full-time employees,_Z,Not applicable,_Z,Not applicable,MEAN,Mean,_Z,Not applicable,2004,,33.41809199,,_Z,,A,Normal value,0,Units,2,Two
DATAFLOW,OECD.ELS.SAE:DSD_EARNINGS@MIN2AVE(1.0),Minimum relative to average wages of full-time workers,I,ROU,Romania,MR_WG_FT,Minimum relative to average wages of full-time workers,PT_WG_A_SAL_FT,Percentage of average wage of full-time employees,_Z,Not applicable,_Z,Not applicable,MEAN,Mean,_Z,Not applicable,2005,,31.66496425,,_Z,,A,Normal value,0,Units,2,Two
DATAFLOW,OECD.ELS.SAE:DSD_EARNINGS@MIN2AVE(1.0),Minimum relative to average wages of full-time workers,I,ROU,Romania,MR_WG_FT,Minimum relative to average wages of full-time workers,PT_WG_A_SAL_FT,Percentage of average wage of full-time employees,_Z,Not applicable,_Z,Not applicable,MEAN,Mean,_Z,Not applicable,2006,,27.93903871,,_Z,,A,Normal value,0,Units,2,Two
DATAFLOW,OECD.ELS.SAE:DSD_EARNINGS@MIN2AVE(1.0),Minimum relative to average wages of full-time workers,I,ROU,Romania,MR_WG_FT,Minimum relative to average wages of full-time workers,PT_WG_A_SAL_FT,Percentage of average wage of full-time employees,_Z,Not applicable,_Z,Not applicable,MEAN,Mean,_Z,Not applicable,2007,,26.28032345,,_Z,,A,Normal value,0,Units,2,Two
DATAFLOW,OECD.ELS.SAE:DSD_EARNINGS@MIN2AVE(1.0),Minimum relative to average wages of full-time workers,I,ROU,Romania,MR_WG_FT,Minimum relative to average wages of full-time workers,PT_WG_A_SAL_FT,Percentage of average wage of full-time employees,_Z,Not applicable,_Z,Not applicable,MEAN,Mean,_Z,Not applicable,2008,,28.23920266,,_Z,,A,Normal value,0,Units,2,Two
DATAFLOW,OECD.ELS.SAE:DSD_EARNINGS@MIN2AVE(1.0),Minimum relative to average wages of full-time workers,I,ROU,Romania,MR_WG_FT,Minimum relative to average wages of full-time workers,PT_WG_A_SAL_FT,Percentage of average wage of full-time employees,_Z,Not applicable,_Z,Not applicable,MEAN,Mean,_Z,Not applicable,2009,,31.71247357,,_Z,,A,Normal value,0,Units,2,Two
DATAFLOW,OECD.ELS.SAE:DSD_EARNINGS@MIN2AVE(1.0),Minimum relative to average wages of full-time workers,I,ROU,Romania,MR_WG_FT,Minimum relative to average wages of full-time workers,PT_WG_A_SAL_FT,Percentage of average wage of full-time employees,_Z,Not applicable,_Z,Not applicable,MEAN,Mean,_Z,Not applicable,2010,,31.51402185,,_Z,,A,Normal value,0,Units,2,Two
DATAFLOW,OECD.ELS.SAE:DSD_EARNINGS@MIN2AVE(1.0),Minimum relative to average wages of full-time workers,I,ROU,Romania,MR_WG_FT,Minimum relative to average wages of full-time workers,PT_WG_A_SAL_FT,Percentage of average wage of full-time employees,_Z,Not applicable,_Z,Not applicable,MEAN,Mean,_Z,Not applicable,2011,,33.11913,,_Z,,A,Normal value,0,Units,2,Two
DATAFLOW,OECD.ELS.SAE:DSD_EARNINGS@MIN2AVE(1.0),Minimum relative to average wages of full-time workers,I,ROU,Romania,MR_WG_FT,Minimum relative to average wages of full-time workers,PT_WG_A_SAL_FT,Percentage of average wage of full-time employees,_Z,Not applicable,_Z,Not applicable,MEAN,Mean,_Z,Not applicable,2012,,32.54300325,,_Z,,A,Normal value,0,Units,2,Two
DATAFLOW,OECD.ELS.SAE:DSD_EARNINGS@MIN2AVE(1.0),Minimum relative to average wages of full-time workers,I,ROU,Romania,MR_WG_FT,Minimum relative to average wages of full-time workers,PT_WG_A_SAL_FT,Percentage of average wage of full-time employees,_Z,Not applicable,_Z,Not applicable,MEAN,Mean,_Z,Not applicable,2013,,34.85369309,,_Z,,A,Normal value,0,Units,2,Two
DATAFLOW,OECD.ELS.SAE:DSD_EARNINGS@MIN2AVE(1.0),Minimum relative to average wages of full-time workers,I,ROU,Romania,MR_WG_FT,Minimum relative to average wages of full-time workers,PT_WG_A_SAL_FT,Percentage of average wage of full-time employees,_Z,Not applicable,_Z,Not applicable,MEAN,Mean,_Z,Not applicable,2014,,37.54188124,,_Z,,A,Normal value,0,Units,2,Two
DATAFLOW,OECD.ELS.SAE:DSD_EARNINGS@MIN2AVE(1.0),Minimum relative to average wages of full-time workers,I,ROU,Romania,MR_WG_FT,Minimum relative to average wages of full-time workers,PT_WG_A_SAL_FT,Percentage of average wage of full-time employees,_Z,Not applicable,_Z,Not applicable,MEAN,Mean,_Z,Not applicable,2015,,40.11152227,,_Z,,A,Normal value,0,Units,2,Two
DATAFLOW,OECD.ELS.SAE:DSD_EARNINGS@MIN2AVE(1.0),Minimum relative to average wages of full-time workers,I,ROU,Romania,MR_WG_FT,Minimum relative to average wages of full-time workers,PT_WG_A_SAL_FT,Percentage of average wage of full-time employees,_Z,Not applicable,_Z,Not applicable,MEAN,Mean,_Z,Not applicable,2016,,40.72577169,,_Z,,A,Normal value,0,Units,2,Two
DATAFLOW,OECD.ELS.SAE:DSD_EARNINGS@MIN2AVE(1.0),Minimum relative to average wages of full-time workers,I,ROU,Romania,MR_WG_FT,Minimum relative to average wages of full-time workers,PT_WG_A_SAL_FT,Percentage of average wage of full-time employees,_Z,Not applicable,_Z,Not applicable,MEAN,Mean,_Z,Not applicable,2017,,43.58752133,,_Z,,A,Normal value,0,Units,2,Two
DATAFLOW,OECD.ELS.SAE:DSD_EARNINGS@MIN2AVE(1.0),Minimum relative to average wages of full-time workers,I,ROU,Romania,MR_WG_FT,Minimum relative to average wages of full-time workers,PT_WG_A_SAL_FT,Percentage of average wage of full-time employees,_Z,Not applicable,_Z,Not applicable,MEAN,Mean,_Z,Not applicable,2018,,42.65963064,,_Z,,A,Normal value,0,Units,2,Two
DATAFLOW,OECD.ELS.SAE:DSD_EARNINGS@MIN2AVE(1.0),Minimum relative to average wages of full-time workers,I,ROU,Romania,MR_WG_FT,Minimum relative to average wages of full-time workers,PT_WG_A_SAL_FT,Percentage of average wage of full-time employees,_Z,Not applicable,_Z,Not applicable,MEAN,Mean,_Z,Not applicable,2019,,41.31679197,,_Z,,A,Normal value,0,Units,2,Two
DATAFLOW,OECD.ELS.SAE:DSD_EARNINGS@MIN2AVE(1.0),Minimum relative to average wages of full-time workers,I,ROU,Romania,MR_WG_FT,Minimum relative to average wages of full-time workers,PT_WG_A_SAL_FT,Percentage of average wage of full-time employees,_Z,Not applicable,_Z,Not applicable,MEAN,Mean,_Z,Not applicable,2020,,41.64627518,,_Z,,A,Normal value,0,Units,2,Two
DATAFLOW,OECD.ELS.SAE:DSD_EARNINGS@MIN2AVE(1.0),Minimum relative to average wages of full-time workers,I,ROU,Romania,MR_WG_FT,Minimum relative to average wages of full-time workers,PT_WG_A_SAL_FT,Percentage of average wage of full-time employees,_Z,Not applicable,_Z,Not applicable,MEAN,Mean,_Z,Not applicable,2021,,40.10518151,,_Z,,A,Normal value,0,Units,2,Two
DATAFLOW,OECD.ELS.SAE:DSD_EARNINGS@MIN2AVE(1.0),Minimum relative to average wages of full-time workers,I,ROU,Romania,MR_WG_FT,Minimum relative to average wages of full-time workers,PT_WG_A_SAL_FT,Percentage of average wage of full-time employees,_Z,Not applicable,_Z,Not applicable,MEAN,Mean,_Z,Not applicable,2022,,39.96452053,,_Z,,A,Normal value,0,Units,2,Two
DATAFLOW,OECD.ELS.SAE:DSD_EARNINGS@MIN2AVE(1.0),Minimum relative to average wages of full-time workers,I,ROU,Romania,MR_WG_FT,Minimum relative to average wages of full-time workers,PT_WG_A_SAL_FT,Percentage of average wage of full-time employees,_Z,Not applicable,_Z,Not applicable,MEAN,Mean,_Z,Not applicable,2023,,41.05342428,,_Z,,A,Normal value,0,Units,2,Two
DATAFLOW,OECD.ELS.SAE:DSD_EARNINGS@MIN2AVE(1.0),Minimum relative to average wages of full-time workers,I,ROU,Romania,MR_WG_FT,Minimum relative to average wages of full-time workers,PT_WG_A_SAL_FT,Percentage of average wage of full-time employees,_Z,Not applicable,_Z,Not applicable,MEAN,Mean,_Z,Not applicable,2024,,41.45571961,,_Z,,A,Normal value,0,Units,2,Two
DATAFLOW,OECD.ELS.SAE:DSD_EARNINGS@MIN2AVE(1.0),Minimum relative to average wages of full-time workers,I,AUS,Australia,MR_WG_FT,Minimum relative to average wages of full-time workers,PT_WG_A_SAL_FT,Percentage of average wage of full-time employees,_Z,Not applicable,_Z,Not applicable,MEAN,Mean,_Z,Not applicable,1985,,58.97808219,,_Z,,A,Normal value,0,Units,2,Two
DATAFLOW,OECD.ELS.SAE:DSD_EARNINGS@MIN2AVE(1.0),Minimum relative to average wages of full-time workers,I,AUS,Australia,MR_WG_FT,Minimum relative to average wages of full-time workers,PT_WG_A_SAL_FT,Percentage of average wage of full-time employees,_Z,Not applicable,_Z,Not applicable,MEAN,Mean,_Z,Not applicable,1986,,57.15089514,,_Z,,A,Normal value,0,Units,2,Two
DATAFLOW,OECD.ELS.SAE:DSD_EARNINGS@MIN2AVE(1.0),Minimum relative to average wages of full-time workers,I,AUS,Australia,MR_WG_FT,Minimum relative to average wages of full-time workers,PT_WG_A_SAL_FT,Percentage of average wage of full-time employees,_Z,Not applicable,_Z,Not applicable,MEAN,Mean,_Z,Not applicable,1987,,57.49156627,,_Z,,A,Normal value,0,Units,2,Two
DATAFLOW,OECD.ELS.SAE:DSD_EARNINGS@MIN2AVE(1.0),Minimum relative to average wages of full-time workers,I,AUS,Australia,MR_WG_FT,Minimum relative to average wages of full-time workers,PT_WG_A_SAL_FT,Percentage of average wage of full-time employees,_Z,Not applicable,_Z,Not applicable,MEAN,Mean,_Z,Not applicable,1988,,57.23873874,,_Z,,A,Normal value,0,Units,2,Two
DATAFLOW,OECD.ELS.SAE:DSD_EARNINGS@MIN2AVE(1.0),Minimum relative to average wages of full-time workers,I,AUS,Australia,MR_WG_FT,Minimum relative to average wages of full-time workers,PT_WG_A_SAL_FT,Percentage of average wage of full-time employees,_Z,Not applicable,_Z,Not applicable,MEAN,Mean,_Z,Not applicable,1989,,56.14876033,,_Z,,A,Normal value,0,Units,2,Two
DATAFLOW,OECD.ELS.SAE:DSD_EARNINGS@MIN2AVE(1.0),Minimum relative to average wages of full-time workers,I,AUS,Australia,MR_WG_FT,Minimum relative to average wages of full-time workers,PT_WG_A_SAL_FT,Percentage of average wage of full-time employees,_Z,Not applicable,_Z,Not applicable,MEAN,Mean,_Z,Not applicable,1990,,57.54635108,,_Z,,A,Normal value,0,Units,2,Two
DATAFLOW,OECD.ELS.SAE:DSD_EARNINGS@MIN2AVE(1.0),Minimum relative to average wages of full-time workers,I,AUS,Australia,MR_WG_FT,Minimum relative to average wages of full-time workers,PT_WG_A_SAL_FT,Percentage of average wage of full-time employees,_Z,Not applicable,_Z,Not applicable,MEAN,Mean,_Z,Not applicable,1991,,58.98686679,,_Z,,A,Normal value,0,Units,2,Two
DATAFLOW,OECD.ELS.SAE:DSD_EARNINGS@MIN2AVE(1.0),Minimum relative to average wages of full-time workers,I,AUS,Australia,MR_WG_FT,Minimum relative to average wages of full-time workers,PT_WG_A_SAL_FT,Percentage of average wage of full-time employees,_Z,Not applicable,_Z,Not applicable,MEAN,Mean,_Z,Not applicable,1992,,58.63063063,,_Z,,A,Normal value,0,Units,2,Two
DATAFLOW,OECD.ELS.SAE:DSD_EARNINGS@MIN2AVE(1.0),Minimum relative to average wages of full-time workers,I,AUS,Australia,MR_WG_FT,Minimum relative to average wages of full-time workers,PT_WG_A_SAL_FT,Percentage of average wage of full-time employees,_Z,Not applicable,_Z,Not applicable,MEAN,Mean,_Z,Not applicable,1993,,55.43441227,,_Z,,A,Normal value,0,Units,2,Two
DATAFLOW,OECD.ELS.SAE:DSD_EARNINGS@MIN2AVE(1.0),Minimum relative to average wages of full-time workers,I,AUS,Australia,MR_WG_FT,Minimum relative to average wages of full-time workers,PT_WG_A_SAL_FT,Percentage of average wage of full-time employees,_Z,Not applicable,_Z,Not applicable,MEAN,Mean,_Z,Not applicable,1994,,54.6557377,,_Z,,A,Normal value,0,Units,2,Two
DATAFLOW,OECD.ELS.SAE:DSD_EARNINGS@MIN2AVE(1.0),Minimum relative to average wages of full-time workers,I,AUS,Australia,MR_WG_FT,Minimum relative to average wages of full-time workers,PT_WG_A_SAL_FT,Percentage of average wage of full-time employees,_Z,Not applicable,_Z,Not applicable,MEAN,Mean,_Z,Not applicable,1995,,54.19047619,,_Z,,A,Normal value,0,Units,2,Two
DATAFLOW,OECD.ELS.SAE:DSD_EARNINGS@MIN2AVE(1.0),Minimum relative to average wages of full-time workers,I,AUS,Australia,MR_WG_FT,Minimum relative to average wages of full-time workers,PT_WG_A_SAL_FT,Percentage of average wage of full-time employees,_Z,Not applicable,_Z,Not applicable,MEAN,Mean,_Z,Not applicable,1996,,52.50187829,,_Z,,A,Normal value,0,Units,2,Two
DATAFLOW,OECD.ELS.SAE:DSD_EARNINGS@MIN2AVE(1.0),Minimum relative to average wages of full-time workers,I,AUS,Australia,MR_WG_FT,Minimum relative to average wages of full-time workers,PT_WG_A_SAL_FT,Percentage of average wage of full-time employees,_Z,Not applicable,_Z,Not applicable,MEAN,Mean,_Z,Not applicable,1997,,51.26961484,,_Z,,A,Normal value,0,Units,2,Two
DATAFLOW,OECD.ELS.SAE:DSD_EARNINGS@MIN2AVE(1.0),Minimum relative to average wages of full-time workers,I,AUS,Australia,MR_WG_FT,Minimum relative to average wages of full-time workers,PT_WG_A_SAL_FT,Percentage of average wage of full-time employees,_Z,Not applicable,_Z,Not applicable,MEAN,Mean,_Z,Not applicable,1998,,52.15083799,,_Z,,A,Normal value,0,Units,2,Two
DATAFLOW,OECD.ELS.SAE:DSD_EARNINGS@MIN2AVE(1.0),Minimum relative to average wages of full-time workers,I,AUS,Australia,MR_WG_FT,Minimum relative to average wages of full-time workers,PT_WG_A_SAL_FT,Percentage of average wage of full-time employees,_Z,Not applicable,_Z,Not applicable,MEAN,Mean,_Z,Not applicable,1999,,50.90839923,,_Z,,A,Normal value,0,Units,2,Two
DATAFLOW,OECD.ELS.SAE:DSD_EARNINGS@MIN2AVE(1.0),Minimum relative to average wages of full-time workers,I,AUS,Australia,MR_WG_FT,Minimum relative to average wages of full-time workers,PT_WG_A_SAL_FT,Percentage of average wage of full-time employees,_Z,Not applicable,_Z,Not applicable,MEAN,Mean,_Z,Not applicable,2000,,49.96250317,,_Z,,A,Normal value,0,Units,2,Two
DATAFLOW,OECD.ELS.SAE:DSD_EARNINGS@MIN2AVE(1.0),Minimum relative to average wages of full-time workers,I,AUS,Australia,MR_WG_FT,Minimum relative to average wages of full-time workers,PT_WG_A_SAL_FT,Percentage of average wage of full-time employees,_Z,Not applicable,_Z,Not applicable,MEAN,Mean,_Z,Not applicable,2001,,49.50898204,,_Z,,A,Normal value,0,Units,2,Two
DATAFLOW,OECD.ELS.SAE:DSD_EARNINGS@MIN2AVE(1.0),Minimum relative to average wages of full-time workers,I,AUS,Australia,MR_WG_FT,Minimum relative to average wages of full-time workers,PT_WG_A_SAL_FT,Percentage of average wage of full-time employees,_Z,Not applicable,_Z,Not applicable,MEAN,Mean,_Z,Not applicable,2002,,50.04379122,,_Z,,A,Normal value,0,Units,2,Two
DATAFLOW,OECD.ELS.SAE:DSD_EARNINGS@MIN2AVE(1.0),Minimum relative to average wages of full-time workers,I,AUS,Australia,MR_WG_FT,Minimum relative to average wages of full-time workers,PT_WG_A_SAL_FT,Percentage of average wage of full-time employees,_Z,Not applicable,_Z,Not applicable,MEAN,Mean,_Z,Not applicable,2003,,49.81812607,,_Z,,A,Normal value,0,Units,2,Two
DATAFLOW,OECD.ELS.SAE:DSD_EARNINGS@MIN2AVE(1.0),Minimum relative to average wages of full-time workers,I,AUS,Australia,MR_WG_FT,Minimum relative to average wages of full-time workers,PT_WG_A_SAL_FT,Percentage of average wage of full-time employees,_Z,Not applicable,_Z,Not applicable,MEAN,Mean,_Z,Not applicable,2004,,50.25806452,,_Z,,A,Normal value,0,Units,2,Two
DATAFLOW,OECD.ELS.SAE:DSD_EARNINGS@MIN2AVE(1.0),Minimum relative to average wages of full-time workers,I,AUS,Australia,MR_WG_FT,Minimum relative to average wages of full-time workers,PT_WG_A_SAL_FT,Percentage of average wage of full-time employees,_Z,Not applicable,_Z,Not applicable,MEAN,Mean,_Z,Not applicable,2005,,49.47906027,,_Z,,A,Normal value,0,Units,2,Two
DATAFLOW,OECD.ELS.SAE:DSD_EARNINGS@MIN2AVE(1.0),Minimum relative to average wages of full-time workers,I,AUS,Australia,MR_WG_FT,Minimum relative to average wages of full-time workers,PT_WG_A_SAL_FT,Percentage of average wage of full-time employees,_Z,Not applicable,_Z,Not applicable,MEAN,Mean,_Z,Not applicable,2006,,46.35406699,,_Z,,A,Normal value,0,Units,2,Two
DATAFLOW,OECD.ELS.SAE:DSD_EARNINGS@MIN2AVE(1.0),Minimum relative to average wages of full-time workers,I,AUS,Australia,MR_WG_FT,Minimum relative to average wages of full-time workers,PT_WG_A_SAL_FT,Percentage of average wage of full-time employees,_Z,Not applicable,_Z,Not applicable,MEAN,Mean,_Z,Not applicable,2007,,45.47335702,,_Z,,A,Normal value,0,Units,2,Two
DATAFLOW,OECD.ELS.SAE:DSD_EARNINGS@MIN2AVE(1.0),Minimum relative to average wages of full-time workers,I,AUS,Australia,MR_WG_FT,Minimum relative to average wages of full-time workers,PT_WG_A_SAL_FT,Percentage of average wage of full-time employees,_Z,Not applicable,_Z,Not applicable,MEAN,Mean,_Z,Not applicable,2008,,45.01034483,,_Z,,A,Normal value,0,Units,2,Two
DATAFLOW,OECD.ELS.SAE:DSD_EARNINGS@MIN2AVE(1.0),Minimum relative to average wages of full-time workers,I,AUS,Australia,MR_WG_FT,Minimum relative to average wages of full-time workers,PT_WG_A_SAL_FT,Percentage of average wage of full-time employees,_Z,Not applicable,_Z,Not applicable,MEAN,Mean,_Z,Not applicable,2009,,44.60869565,,_Z,,A,Normal value,0,Units,2,Two
DATAFLOW,OECD.ELS.SAE:DSD_EARNINGS@MIN2AVE(1.0),Minimum relative to average wages of full-time workers,I,AUS,Australia,MR_WG_FT,Minimum relative to average wages of full-time workers,PT_WG_A_SAL_FT,Percentage of average wage of full-time employees,_Z,Not applicable,_Z,Not applicable,MEAN,Mean,_Z,Not applicable,2010,,45.12272367,,_Z,,A,Normal value,0,Units,2,Two
DATAFLOW,OECD.ELS.SAE:DSD_EARNINGS@MIN2AVE(1.0),Minimum relative to average wages of full-time workers,I,AUS,Australia,MR_WG_FT,Minimum relative to average wages of full-time workers,PT_WG_A_SAL_FT,Percentage of average wage of full-time employees,_Z,Not applicable,_Z,Not applicable,MEAN,Mean,_Z,Not applicable,2011,,45.15708812,,_Z,,A,Normal value,0,Units,2,Two
DATAFLOW,OECD.ELS.SAE:DSD_EARNINGS@MIN2AVE(1.0),Minimum relative to average wages of full-time workers,I,AUS,Australia,MR_WG_FT,Minimum relative to average wages of full-time workers,PT_WG_A_SAL_FT,Percentage of average wage of full-time employees,_Z,Not applicable,_Z,Not applicable,MEAN,Mean,_Z,Not applicable,2012,,44.03776325,,_Z,,A,Normal value,0,Units,2,Two
DATAFLOW,OECD.ELS.SAE:DSD_EARNINGS@MIN2AVE(1.0),Minimum relative to average wages of full-time workers,I,AUS,Australia,MR_WG_FT,Minimum relative to average wages of full-time workers,PT_WG_A_SAL_FT,Percentage of average wage of full-time employees,_Z,Not applicable,_Z,Not applicable,MEAN,Mean,_Z,Not applicable,2013,,43.78606615,,_Z,,A,Normal value,0,Units,2,Two
DATAFLOW,OECD.ELS.SAE:DSD_EARNINGS@MIN2AVE(1.0),Minimum relative to average wages of full-time workers,I,AUS,Australia,MR_WG_FT,Minimum relative to average wages of full-time workers,PT_WG_A_SAL_FT,Percentage of average wage of full-time employees,_Z,Not applicable,_Z,Not applicable,MEAN,Mean,_Z,Not applicable,2014,,43.67588933,,_Z,,A,Normal value,0,Units,2,Two
DATAFLOW,OECD.ELS.SAE:DSD_EARNINGS@MIN2AVE(1.0),Minimum relative to average wages of full-time workers,I,AUS,Australia,MR_WG_FT,Minimum relative to average wages of full-time workers,PT_WG_A_SAL_FT,Percentage of average wage of full-time employees,_Z,Not applicable,_Z,Not applicable,MEAN,Mean,_Z,Not applicable,2015,,44.2923606,,_Z,,A,Normal value,0,Units,2,Two
DATAFLOW,OECD.ELS.SAE:DSD_EARNINGS@MIN2AVE(1.0),Minimum relative to average wages of full-time workers,I,AUS,Australia,MR_WG_FT,Minimum relative to average wages of full-time workers,PT_WG_A_SAL_FT,Percentage of average wage of full-time employees,_Z,Not applicable,_Z,Not applicable,MEAN,Mean,_Z,Not applicable,2016,,44.69173532,,_Z,,A,Normal value,0,Units,2,Two
DATAFLOW,OECD.ELS.SAE:DSD_EARNINGS@MIN2AVE(1.0),Minimum relative to average wages of full-time workers,I,AUS,Australia,MR_WG_FT,Minimum relative to average wages of full-time workers,PT_WG_A_SAL_FT,Percentage of average wage of full-time employees,_Z,Not applicable,_Z,Not applicable,MEAN,Mean,_Z,Not applicable,2017,,44.78025519,,_Z,,A,Normal value,0,Units,2,Two
DATAFLOW,OECD.ELS.SAE:DSD_EARNINGS@MIN2AVE(1.0),Minimum relative to average wages of full-time workers,I,AUS,Australia,MR_WG_FT,Minimum relative to average wages of full-time workers,PT_WG_A_SAL_FT,Percentage of average wage of full-time employees,_Z,Not applicable,_Z,Not applicable,MEAN,Mean,_Z,Not applicable,2018,,44.779279,,_Z,,A,Normal value,0,Units,2,Two
DATAFLOW,OECD.ELS.SAE:DSD_EARNINGS@MIN2AVE(1.0),Minimum relative to average wages of full-time workers,I,AUS,Australia,MR_WG_FT,Minimum relative to average wages of full-time workers,PT_WG_A_SAL_FT,Percentage of average wage of full-time employees,_Z,Not applicable,_Z,Not applicable,MEAN,Mean,_Z,Not applicable,2019,,44.57012213,,_Z,,A,Normal value,0,Units,2,Two
DATAFLOW,OECD.ELS.SAE:DSD_EARNINGS@MIN2AVE(1.0),Minimum relative to average wages of full-time workers,I,AUS,Australia,MR_WG_FT,Minimum relative to average wages of full-time workers,PT_WG_A_SAL_FT,Percentage of average wage of full-time employees,_Z,Not applicable,_Z,Not applicable,MEAN,Mean,_Z,Not applicable,2020,,44.81303133,,_Z,,A,Normal value,0,Units,2,Two
DATAFLOW,OECD.ELS.SAE:DSD_EARNINGS@MIN2AVE(1.0),Minimum relative to average wages of full-time workers,I,AUS,Australia,MR_WG_FT,Minimum relative to average wages of full-time workers,PT_WG_A_SAL_FT,Percentage of average wage of full-time employees,_Z,Not applicable,_Z,Not applicable,MEAN,Mean,_Z,Not applicable,2021,,43.56603135,,_Z,,A,Normal value,0,Units,2,Two
DATAFLOW,OECD.ELS.SAE:DSD_EARNINGS@MIN2AVE(1.0),Minimum relative to average wages of full-time workers,I,AUS,Australia,MR_WG_FT,Minimum relative to average wages of full-time workers,PT_WG_A_SAL_FT,Percentage of average wage of full-time employees,_Z,Not applicable,_Z,Not applicable,MEAN,Mean,_Z,Not applicable,2022,,44.32589295,,_Z,,A,Normal value,0,Units,2,Two
DATAFLOW,OECD.ELS.SAE:DSD_EARNINGS@MIN2AVE(1.0),Minimum relative to average wages of full-time workers,I,AUS,Australia,MR_WG_FT,Minimum relative to average wages of full-time workers,PT_WG_A_SAL_FT,Percentage of average wage of full-time employees,_Z,Not applicable,_Z,Not applicable,MEAN,Mean,_Z,Not applicable,2023,,46.55676149,,_Z,,A,Normal value,0,Units,2,Two
DATAFLOW,OECD.ELS.SAE:DSD_EARNINGS@MIN2AVE(1.0),Minimum relative to average wages of full-time workers,I,AUS,Australia,MR_WG_FT,Minimum relative to average wages of full-time workers,PT_WG_A_SAL_FT,Percentage of average wage of full-time employees,_Z,Not applicable,_Z,Not applicable,MEAN,Mean,_Z,Not applicable,2024,,44.5496155,,_Z,,A,Normal value,0,Units,2,Two
DATAFLOW,OECD.ELS.SAE:DSD_EARNINGS@MIN2AVE(1.0),Minimum relative to average wages of full-time workers,I,BEL,Belgium,MR_WG_FT,Minimum relative to average wages of full-time workers,PT_WG_A_SAL_FT,Percentage of average wage of full-time employees,_Z,Not applicable,_Z,Not applicable,MEAN,Mean,_Z,Not applicable,1975,,46.47027855,,_Z,,A,Normal value,0,Units,2,Two
DATAFLOW,OECD.ELS.SAE:DSD_EARNINGS@MIN2AVE(1.0),Minimum relative to average wages of full-time workers,I,BEL,Belgium,MR_WG_FT,Minimum relative to average wages of full-time workers,PT_WG_A_SAL_FT,Percentage of average wage of full-time employees,_Z,Not applicable,_Z,Not applicable,MEAN,Mean,_Z,Not applicable,1976,,45.64743645,,_Z,,A,Normal value,0,Units,2,Two
DATAFLOW,OECD.ELS.SAE:DSD_EARNINGS@MIN2AVE(1.0),Minimum relative to average wages of full-time workers,I,BEL,Belgium,MR_WG_FT,Minimum relative to average wages of full-time workers,PT_WG_A_SAL_FT,Percentage of average wage of full-time employees,_Z,Not applicable,_Z,Not applicable,MEAN,Mean,_Z,Not applicable,1977,,45.22606089,,_Z,,A,Normal value,0,Units,2,Two
DATAFLOW,OECD.ELS.SAE:DSD_EARNINGS@MIN2AVE(1.0),Minimum relative to average wages of full-time workers,I,BEL,Belgium,MR_WG_FT,Minimum relative to average wages of full-time workers,PT_WG_A_SAL_FT,Percentage of average wage of full-time employees,_Z,Not applicable,_Z,Not applicable,MEAN,Mean,_Z,Not applicable,1978,,44.41423182,,_Z,,A,Normal value,0,Units,2,Two
DATAFLOW,OECD.ELS.SAE:DSD_EARNINGS@MIN2AVE(1.0),Minimum relative to average wages of full-time workers,I,BEL,Belgium,MR_WG_FT,Minimum relative to average wages of full-time workers,PT_WG_A_SAL_FT,Percentage of average wage of full-time employees,_Z,Not applicable,_Z,Not applicable,MEAN,Mean,_Z,Not applicable,1979,,43.73837981,,_Z,,A,Normal value,0,Units,2,Two
DATAFLOW,OECD.ELS.SAE:DSD_EARNINGS@MIN2AVE(1.0),Minimum relative to average wages of full-time workers,I,BEL,Belgium,MR_WG_FT,Minimum relative to average wages of full-time workers,PT_WG_A_SAL_FT,Percentage of average wage of full-time employees,_Z,Not applicable,_Z,Not applicable,MEAN,Mean,_Z,Not applicable,1980,,43.43633277,,_Z,,A,Normal value,0,Units,2,Two
DATAFLOW,OECD.ELS.SAE:DSD_EARNINGS@MIN2AVE(1.0),Minimum relative to average wages of full-time workers,I,BEL,Belgium,MR_WG_FT,Minimum relative to average wages of full-time workers,PT_WG_A_SAL_FT,Percentage of average wage of full-time employees,_Z,Not applicable,_Z,Not applicable,MEAN,Mean,_Z,Not applicable,1981,,44.96276113,,_Z,,A,Normal value,0,Units,2,Two
DATAFLOW,OECD.ELS.SAE:DSD_EARNINGS@MIN2AVE(1.0),Minimum relative to average wages of full-time workers,I,BEL,Belgium,MR_WG_FT,Minimum relative to average wages of full-time workers,PT_WG_A_SAL_FT,Percentage of average wage of full-time employees,_Z,Not applicable,_Z,Not applicable,MEAN,Mean,_Z,Not applicable,1982,,47.25336348,,_Z,,A,Normal value,0,Units,2,Two
DATAFLOW,OECD.ELS.SAE:DSD_EARNINGS@MIN2AVE(1.0),Minimum relative to average wages of full-time workers,I,BEL,Belgium,MR_WG_FT,Minimum relative to average wages of full-time workers,PT_WG_A_SAL_FT,Percentage of average wage of full-time employees,_Z,Not applicable,_Z,Not applicable,MEAN,Mean,_Z,Not applicable,1983,,48.17253559,,_Z,,A,Normal value,0,Units,2,Two
DATAFLOW,OECD.ELS.SAE:DSD_EARNINGS@MIN2AVE(1.0),Minimum relative to average wages of full-time workers,I,BEL,Belgium,MR_WG_FT,Minimum relative to average wages of full-time workers,PT_WG_A_SAL_FT,Percentage of average wage of full-time employees,_Z,Not applicable,_Z,Not applicable,MEAN,Mean,_Z,Not applicable,1984,,48.16909398,,_Z,,A,Normal value,0,Units,2,Two
DATAFLOW,OECD.ELS.SAE:DSD_EARNINGS@MIN2AVE(1.0),Minimum relative to average wages of full-time workers,I,BEL,Belgium,MR_WG_FT,Minimum relative to average wages of full-time workers,PT_WG_A_SAL_FT,Percentage of average wage of full-time employees,_Z,Not applicable,_Z,Not applicable,MEAN,Mean,_Z,Not applicable,1985,,48.08819007,,_Z,,A,Normal value,0,Units,2,Two
DATAFLOW,OECD.ELS.SAE:DSD_EARNINGS@MIN2AVE(1.0),Minimum relative to average wages of full-time workers,I,BEL,Belgium,MR_WG_FT,Minimum relative to average wages of full-time workers,PT_WG_A_SAL_FT,Percentage of average wage of full-time employees,_Z,Not applicable,_Z,Not applicable,MEAN,Mean,_Z,Not applicable,1986,,48.49628471,,_Z,,A,Normal value,0,Units,2,Two
DATAFLOW,OECD.ELS.SAE:DSD_EARNINGS@MIN2AVE(1.0),Minimum relative to average wages of full-time workers,I,BEL,Belgium,MR_WG_FT,Minimum relative to average wages of full-time workers,PT_WG_A_SAL_FT,Percentage of average wage of full-time employees,_Z,Not applicable,_Z,Not applicable,MEAN,Mean,_Z,Not applicable,1987,,48.23924143,,_Z,,A,Normal value,0,Units,2,Two
DATAFLOW,OECD.ELS.SAE:DSD_EARNINGS@MIN2AVE(1.0),Minimum relative to average wages of full-time workers,I,BEL,Belgium,MR_WG_FT,Minimum relative to average wages of full-time workers,PT_WG_A_SAL_FT,Percentage of average wage of full-time employees,_Z,Not applicable,_Z,Not applicable,MEAN,Mean,_Z,Not applicable,1988,,48.34822112,,_Z,,A,Normal value,0,Units,2,Two
DATAFLOW,OECD.ELS.SAE:DSD_EARNINGS@MIN2AVE(1.0),Minimum relative to average wages of full-time workers,I,BEL,Belgium,MR_WG_FT,Minimum relative to average wages of full-time workers,PT_WG_A_SAL_FT,Percentage of average wage of full-time employees,_Z,Not applicable,_Z,Not applicable,MEAN,Mean,_Z,Not applicable,1989,,47.87092179,,_Z,,A,Normal value,0,Units,2,Two
DATAFLOW,OECD.ELS.SAE:DSD_EARNINGS@MIN2AVE(1.0),Minimum relative to average wages of full-time workers,I,BEL,Belgium,MR_WG_FT,Minimum relative to average wages of full-time workers,PT_WG_A_SAL_FT,Percentage of average wage of full-time employees,_Z,Not applicable,_Z,Not applicable,MEAN,Mean,_Z,Not applicable,1990,,47.02865755,,_Z,,A,Normal value,0,Units,2,Two
DATAFLOW,OECD.ELS.SAE:DSD_EARNINGS@MIN2AVE(1.0),Minimum relative to average wages of full-time workers,I,BEL,Belgium,MR_WG_FT,Minimum relative to average wages of full-time workers,PT_WG_A_SAL_FT,Percentage of average wage of full-time employees,_Z,Not applicable,_Z,Not applicable,MEAN,Mean,_Z,Not applicable,1991,,47.1105536,,_Z,,A,Normal value,0,Units,2,Two
DATAFLOW,OECD.ELS.SAE:DSD_EARNINGS@MIN2AVE(1.0),Minimum relative to average wages of full-time workers,I,BEL,Belgium,MR_WG_FT,Minimum relative to average wages of full-time workers,PT_WG_A_SAL_FT,Percentage of average wage of full-time employees,_Z,Not applicable,_Z,Not applicable,MEAN,Mean,_Z,Not applicable,1992,,48.02381048,,_Z,,A,Normal value,0,Units,2,Two
DATAFLOW,OECD.ELS.SAE:DSD_EARNINGS@MIN2AVE(1.0),Minimum relative to average wages of full-time workers,I,BEL,Belgium,MR_WG_FT,Minimum relative to average wages of full-time workers,PT_WG_A_SAL_FT,Percentage of average wage of full-time employees,_Z,Not applicable,_Z,Not applicable,MEAN,Mean,_Z,Not applicable,1993,,47.96444719,,_Z,,A,Normal value,0,Units,2,Two
DATAFLOW,OECD.ELS.SAE:DSD_EARNINGS@MIN2AVE(1.0),Minimum relative to average wages of full-time workers,I,BEL,Belgium,MR_WG_FT,Minimum relative to average wages of full-time workers,PT_WG_A_SAL_FT,Percentage of average wage of full-time employees,_Z,Not applicable,_Z,Not applicable,MEAN,Mean,_Z,Not applicable,1994,,47.60518396,,_Z,,A,Normal value,0,Units,2,Two
DATAFLOW,OECD.ELS.SAE:DSD_EARNINGS@MIN2AVE(1.0),Minimum relative to average wages of full-time workers,I,BEL,Belgium,MR_WG_FT,Minimum relative to average wages of full-time workers,PT_WG_A_SAL_FT,Percentage of average wage of full-time employees,_Z,Not applicable,_Z,Not applicable,MEAN,Mean,_Z,Not applicable,1995,,47.65870257,,_Z,,A,Normal value,0,Units,2,Two
DATAFLOW,OECD.ELS.SAE:DSD_EARNINGS@MIN2AVE(1.0),Minimum relative to average wages of full-time workers,I,BEL,Belgium,MR_WG_FT,Minimum relative to average wages of full-time workers,PT_WG_A_SAL_FT,Percentage of average wage of full-time employees,_Z,Not applicable,_Z,Not applicable,MEAN,Mean,_Z,Not applicable,1996,,47.0993005,,_Z,,A,Normal value,0,Units,2,Two
DATAFLOW,OECD.ELS.SAE:DSD_EARNINGS@MIN2AVE(1.0),Minimum relative to average wages of full-time workers,I,BEL,Belgium,MR_WG_FT,Minimum relative to average wages of full-time workers,PT_WG_A_SAL_FT,Percentage of average wage of full-time employees,_Z,Not applicable,_Z,Not applicable,MEAN,Mean,_Z,Not applicable,1997,,46.30237307,,_Z,,A,Normal value,0,Units,2,Two
DATAFLOW,OECD.ELS.SAE:DSD_EARNINGS@MIN2AVE(1.0),Minimum relative to average wages of full-time workers,I,BEL,Belgium,MR_WG_FT,Minimum relative to average wages of full-time workers,PT_WG_A_SAL_FT,Percentage of average wage of full-time employees,_Z,Not applicable,_Z,Not applicable,MEAN,Mean,_Z,Not applicable,1998,,45.12197633,,_Z,,A,Normal value,0,Units,2,Two
DATAFLOW,OECD.ELS.SAE:DSD_EARNINGS@MIN2AVE(1.0),Minimum relative to average wages of full-time workers,I,BEL,Belgium,MR_WG_FT,Minimum relative to average wages of full-time workers,PT_WG_A_SAL_FT,Percentage of average wage of full-time employees,_Z,Not applicable,_Z,Not applicable,MEAN,Mean,_Z,Not applicable,1999,,44.16132174,,_Z,,A,Normal value,0,Units,2,Two
DATAFLOW,OECD.ELS.SAE:DSD_EARNINGS@MIN2AVE(1.0),Minimum relative to average wages of full-time workers,I,BEL,Belgium,MR_WG_FT,Minimum relative to average wages of full-time workers,PT_WG_A_SAL_FT,Percentage of average wage of full-time employees,_Z,Not applicable,_Z,Not applicable,MEAN,Mean,_Z,Not applicable,2000,,42.88537421,,_Z,,A,Normal value,0,Units,2,Two
DATAFLOW,OECD.ELS.SAE:DSD_EARNINGS@MIN2AVE(1.0),Minimum relative to average wages of full-time workers,I,BEL,Belgium,MR_WG_FT,Minimum relative to average wages of full-time workers,PT_WG_A_SAL_FT,Percentage of average wage of full-time employees,_Z,Not applicable,_Z,Not applicable,MEAN,Mean,_Z,Not applicable,2001,,42.18813638,,_Z,,A,Normal value,0,Units,2,Two
DATAFLOW,OECD.ELS.SAE:DSD_EARNINGS@MIN2AVE(1.0),Minimum relative to average wages of full-time workers,I,BEL,Belgium,MR_WG_FT,Minimum relative to average wages of full-time workers,PT_WG_A_SAL_FT,Percentage of average wage of full-time employees,_Z,Not applicable,_Z,Not applicable,MEAN,Mean,_Z,Not applicable,2002,,42.59626419,,_Z,,A,Normal value,0,Units,2,Two
DATAFLOW,OECD.ELS.SAE:DSD_EARNINGS@MIN2AVE(1.0),Minimum relative to average wages of full-time workers,I,BEL,Belgium,MR_WG_FT,Minimum relative to average wages of full-time workers,PT_WG_A_SAL_FT,Percentage of average wage of full-time employees,_Z,Not applicable,_Z,Not applicable,MEAN,Mean,_Z,Not applicable,2003,,42.13037241,,_Z,,A,Normal value,0,Units,2,Two
DATAFLOW,OECD.ELS.SAE:DSD_EARNINGS@MIN2AVE(1.0),Minimum relative to average wages of full-time workers,I,BEL,Belgium,MR_WG_FT,Minimum relative to average wages of full-time workers,PT_WG_A_SAL_FT,Percentage of average wage of full-time employees,_Z,Not applicable,_Z,Not applicable,MEAN,Mean,_Z,Not applicable,2004,,41.10449571,,_Z,,A,Normal value,0,Units,2,Two
DATAFLOW,OECD.ELS.SAE:DSD_EARNINGS@MIN2AVE(1.0),Minimum relative to average wages of full-time workers,I,BEL,Belgium,MR_WG_FT,Minimum relative to average wages of full-time workers,PT_WG_A_SAL_FT,Percentage of average wage of full-time employees,_Z,Not applicable,_Z,Not applicable,MEAN,Mean,_Z,Not applicable,2005,,41.187984,,_Z,,A,Normal value,0,Units,2,Two
DATAFLOW,OECD.ELS.SAE:DSD_EARNINGS@MIN2AVE(1.0),Minimum relative to average wages of full-time workers,I,BEL,Belgium,MR_WG_FT,Minimum relative to average wages of full-time workers,PT_WG_A_SAL_FT,Percentage of average wage of full-time employees,_Z,Not applicable,_Z,Not applicable,MEAN,Mean,_Z,Not applicable,2006,,40.41043554,,_Z,,A,Normal value,0,Units,2,Two
DATAFLOW,OECD.ELS.SAE:DSD_EARNINGS@MIN2AVE(1.0),Minimum relative to average wages of full-time workers,I,BEL,Belgium,MR_WG_FT,Minimum relative to average wages of full-time workers,PT_WG_A_SAL_FT,Percentage of average wage of full-time employees,_Z,Not applicable,_Z,Not applicable,MEAN,Mean,_Z,Not applicable,2007,,40.52933673,,_Z,,A,Normal value,0,Units,2,Two
DATAFLOW,OECD.ELS.SAE:DSD_EARNINGS@MIN2AVE(1.0),Minimum relative to average wages of full-time workers,I,BEL,Belgium,MR_WG_FT,Minimum relative to average wages of full-time workers,PT_WG_A_SAL_FT,Percentage of average wage of full-time employees,_Z,Not applicable,_Z,Not applicable,MEAN,Mean,_Z,Not applicable,2008,,40.95257753,,_Z,,A,Normal value,0,Units,2,Two
DATAFLOW,OECD.ELS.SAE:DSD_EARNINGS@MIN2AVE(1.0),Minimum relative to average wages of full-time workers,I,BEL,Belgium,MR_WG_FT,Minimum relative to average wages of full-time workers,PT_WG_A_SAL_FT,Percentage of average wage of full-time employees,_Z,Not applicable,_Z,Not applicable,MEAN,Mean,_Z,Not applicable,2009,,41.47878727,,_Z,,A,Normal value,0,Units,2,Two
DATAFLOW,OECD.ELS.SAE:DSD_EARNINGS@MIN2AVE(1.0),Minimum relative to average wages of full-time workers,I,BEL,Belgium,MR_WG_FT,Minimum relative to average wages of full-time workers,PT_WG_A_SAL_FT,Percentage of average wage of full-time employees,_Z,Not applicable,_Z,Not applicable,MEAN,Mean,_Z,Not applicable,2010,,40.56721,,_Z,,A,Normal value,0,Units,2,Two
DATAFLOW,OECD.ELS.SAE:DSD_EARNINGS@MIN2AVE(1.0),Minimum relative to average wages of full-time workers,I,BEL,Belgium,MR_WG_FT,Minimum relative to average wages of full-time workers,PT_WG_A_SAL_FT,Percentage of average wage of full-time employees,_Z,Not applicable,_Z,Not applicable,MEAN,Mean,_Z,Not applicable,2011,,40.66832634,,_Z,,A,Normal value,0,Units,2,Two
DATAFLOW,OECD.ELS.SAE:DSD_EARNINGS@MIN2AVE(1.0),Minimum relative to average wages of full-time workers,I,BEL,Belgium,MR_WG_FT,Minimum relative to average wages of full-time workers,PT_WG_A_SAL_FT,Percentage of average wage of full-time employees,_Z,Not applicable,_Z,Not applicable,MEAN,Mean,_Z,Not applicable,2012,,40.63678172,,_Z,,A,Normal value,0,Units,2,Two
DATAFLOW,OECD.ELS.SAE:DSD_EARNINGS@MIN2AVE(1.0),Minimum relative to average wages of full-time workers,I,BEL,Belgium,MR_WG_FT,Minimum relative to average wages of full-time workers,PT_WG_A_SAL_FT,Percentage of average wage of full-time employees,_Z,Not applicable,_Z,Not applicable,MEAN,Mean,_Z,Not applicable,2013,,41.2635146,,_Z,,A,Normal value,0,Units,2,Two
DATAFLOW,OECD.ELS.SAE:DSD_EARNINGS@MIN2AVE(1.0),Minimum relative to average wages of full-time workers,I,BEL,Belgium,MR_WG_FT,Minimum relative to average wages of full-time workers,PT_WG_A_SAL_FT,Percentage of average wage of full-time employees,_Z,Not applicable,_Z,Not applicable,MEAN,Mean,_Z,Not applicable,2014,,39.80088339,,_Z,,A,Normal value,0,Units,2,Two
DATAFLOW,OECD.ELS.SAE:DSD_EARNINGS@MIN2AVE(1.0),Minimum relative to average wages of full-time workers,I,BEL,Belgium,MR_WG_FT,Minimum relative to average wages of full-time workers,PT_WG_A_SAL_FT,Percentage of average wage of full-time employees,_Z,Not applicable,_Z,Not applicable,MEAN,Mean,_Z,Not applicable,2015,,39.54412604,,_Z,,A,Normal value,0,Units,2,Two
DATAFLOW,OECD.ELS.SAE:DSD_EARNINGS@MIN2AVE(1.0),Minimum relative to average wages of full-time workers,I,BEL,Belgium,MR_WG_FT,Minimum relative to average wages of full-time workers,PT_WG_A_SAL_FT,Percentage of average wage of full-time employees,_Z,Not applicable,_Z,Not applicable,MEAN,Mean,_Z,Not applicable,2016,,39.43007538,,_Z,,A,Normal value,0,Units,2,Two
DATAFLOW,OECD.ELS.SAE:DSD_EARNINGS@MIN2AVE(1.0),Minimum relative to average wages of full-time workers,I,BEL,Belgium,MR_WG_FT,Minimum relative to average wages of full-time workers,PT_WG_A_SAL_FT,Percentage of average wage of full-time employees,_Z,Not applicable,_Z,Not applicable,MEAN,Mean,_Z,Not applicable,2017,,39.44408566,,_Z,,A,Normal value,0,Units,2,Two
DATAFLOW,OECD.ELS.SAE:DSD_EARNINGS@MIN2AVE(1.0),Minimum relative to average wages of full-time workers,I,BEL,Belgium,MR_WG_FT,Minimum relative to average wages of full-time workers,PT_WG_A_SAL_FT,Percentage of average wage of full-time employees,_Z,Not applicable,_Z,Not applicable,MEAN,Mean,_Z,Not applicable,2018,,39.12751706,,_Z,,A,Normal value,0,Units,2,Two
DATAFLOW,OECD.ELS.SAE:DSD_EARNINGS@MIN2AVE(1.0),Minimum relative to average wages of full-time workers,I,BEL,Belgium,MR_WG_FT,Minimum relative to average wages of full-time workers,PT_WG_A_SAL_FT,Percentage of average wage of full-time employees,_Z,Not applicable,_Z,Not applicable,MEAN,Mean,_Z,Not applicable,2019,,38.51807514,,_Z,,A,Normal value,0,Units,2,Two
DATAFLOW,OECD.ELS.SAE:DSD_EARNINGS@MIN2AVE(1.0),Minimum relative to average wages of full-time workers,I,BEL,Belgium,MR_WG_FT,Minimum relative to average wages of full-time workers,PT_WG_A_SAL_FT,Percentage of average wage of full-time employees,_Z,Not applicable,_Z,Not applicable,MEAN,Mean,_Z,Not applicable,2020,,38.15239314,,_Z,,A,Normal value,0,Units,2,Two
DATAFLOW,OECD.ELS.SAE:DSD_EARNINGS@MIN2AVE(1.0),Minimum relative to average wages of full-time workers,I,BEL,Belgium,MR_WG_FT,Minimum relative to average wages of full-time workers,PT_WG_A_SAL_FT,Percentage of average wage of full-time employees,_Z,Not applicable,_Z,Not applicable,MEAN,Mean,_Z,Not applicable,2021,,37.59920774,,_Z,,A,Normal value,0,Units,2,Two
DATAFLOW,OECD.ELS.SAE:DSD_EARNINGS@MIN2AVE(1.0),Minimum relative to average wages of full-time workers,I,BEL,Belgium,MR_WG_FT,Minimum relative to average wages of full-time workers,PT_WG_A_SAL_FT,Percentage of average wage of full-time employees,_Z,Not applicable,_Z,Not applicable,MEAN,Mean,_Z,Not applicable,2022,,42.26404336,,_Z,,A,Normal value,0,Units,2,Two
DATAFLOW,OECD.ELS.SAE:DSD_EARNINGS@MIN2AVE(1.0),Minimum relative to average wages of full-time workers,I,BEL,Belgium,MR_WG_FT,Minimum relative to average wages of full-time workers,PT_WG_A_SAL_FT,Percentage of average wage of full-time employees,_Z,Not applicable,_Z,Not applicable,MEAN,Mean,_Z,Not applicable,2023,,44.65174129,,_Z,,A,Normal value,0,Units,2,Two
DATAFLOW,OECD.ELS.SAE:DSD_EARNINGS@MIN2AVE(1.0),Minimum relative to average wages of full-time workers,I,BEL,Belgium,MR_WG_FT,Minimum relative to average wages of full-time workers,PT_WG_A_SAL_FT,Percentage of average wage of full-time employees,_Z,Not applicable,_Z,Not applicable,MEAN,Mean,_Z,Not applicable,2024,,45.37704255,,_Z,,A,Normal value,0,Units,2,Two
DATAFLOW,OECD.ELS.SAE:DSD_EARNINGS@MIN2AVE(1.0),Minimum relative to average wages of full-time workers,I,CAN,Canada,MR_WG_FT,Minimum relative to average wages of full-time workers,PT_WG_A_SAL_FT,Percentage of average wage of full-time employees,_Z,Not applicable,_Z,Not applicable,MEAN,Mean,_Z,Not applicable,1965,,45.58823529,,_Z,,A,Normal value,0,Units,2,Two
DATAFLOW,OECD.ELS.SAE:DSD_EARNINGS@MIN2AVE(1.0),Minimum relative to average wages of full-time workers,I,CAN,Canada,MR_WG_FT,Minimum relative to average wages of full-time workers,PT_WG_A_SAL_FT,Percentage of average wage of full-time employees,_Z,Not applicable,_Z,Not applicable,MEAN,Mean,_Z,Not applicable,1966,,43.77880184,,_Z,,A,Normal value,0,Units,2,Two
DATAFLOW,OECD.ELS.SAE:DSD_EARNINGS@MIN2AVE(1.0),Minimum relative to average wages of full-time workers,I,CAN,Canada,MR_WG_FT,Minimum relative to average wages of full-time workers,PT_WG_A_SAL_FT,Percentage of average wage of full-time employees,_Z,Not applicable,_Z,Not applicable,MEAN,Mean,_Z,Not applicable,1967,,44.15584416,,_Z,,A,Normal value,0,Units,2,Two
DATAFLOW,OECD.ELS.SAE:DSD_EARNINGS@MIN2AVE(1.0),Minimum relative to average wages of full-time workers,I,CAN,Canada,MR_WG_FT,Minimum relative to average wages of full-time workers,PT_WG_A_SAL_FT,Percentage of average wage of full-time employees,_Z,Not applicable,_Z,Not applicable,MEAN,Mean,_Z,Not applicable,1968,,43.37349398,,_Z,,A,Normal value,0,Units,2,Two
DATAFLOW,OECD.ELS.SAE:DSD_EARNINGS@MIN2AVE(1.0),Minimum relative to average wages of full-time workers,I,CAN,Canada,MR_WG_FT,Minimum relative to average wages of full-time workers,PT_WG_A_SAL_FT,Percentage of average wage of full-time employees,_Z,Not applicable,_Z,Not applicable,MEAN,Mean,_Z,Not applicable,1969,,46.2962963,,_Z,,A,Normal value,0,Units,2,Two
DATAFLOW,OECD.ELS.SAE:DSD_EARNINGS@MIN2AVE(1.0),Minimum relative to average wages of full-time workers,I,CAN,Canada,MR_WG_FT,Minimum relative to average wages of full-time workers,PT_WG_A_SAL_FT,Percentage of average wage of full-time employees,_Z,Not applicable,_Z,Not applicable,MEAN,Mean,_Z,Not applicable,1970,,46.04810997,,_Z,,A,Normal value,0,Units,2,Two
DATAFLOW,OECD.ELS.SAE:DSD_EARNINGS@MIN2AVE(1.0),Minimum relative to average wages of full-time workers,I,CAN,Canada,MR_WG_FT,Minimum relative to average wages of full-time workers,PT_WG_A_SAL_FT,Percentage of average wage of full-time employees,_Z,Not applicable,_Z,Not applicable,MEAN,Mean,_Z,Not applicable,1971,,47.6340694,,_Z,,A,Normal value,0,Units,2,Two
DATAFLOW,OECD.ELS.SAE:DSD_EARNINGS@MIN2AVE(1.0),Minimum relative to average wages of full-time workers,I,CAN,Canada,MR_WG_FT,Minimum relative to average wages of full-time workers,PT_WG_A_SAL_FT,Percentage of average wage of full-time employees,_Z,Not applicable,_Z,Not applicable,MEAN,Mean,_Z,Not applicable,1972,,46.49122807,,_Z,,A,Normal value,0,Units,2,Two
DATAFLOW,OECD.ELS.SAE:DSD_EARNINGS@MIN2AVE(1.0),Minimum relative to average wages of full-time workers,I,CAN,Canada,MR_WG_FT,Minimum relative to average wages of full-time workers,PT_WG_A_SAL_FT,Percentage of average wage of full-time employees,_Z,Not applicable,_Z,Not applicable,MEAN,Mean,_Z,Not applicable,1973,,47.70889488,,_Z,,A,Normal value,0,Units,2,Two
DATAFLOW,OECD.ELS.SAE:DSD_EARNINGS@MIN2AVE(1.0),Minimum relative to average wages of full-time workers,I,CAN,Canada,MR_WG_FT,Minimum relative to average wages of full-time workers,PT_WG_A_SAL_FT,Percentage of average wage of full-time employees,_Z,Not applicable,_Z,Not applicable,MEAN,Mean,_Z,Not applicable,1974,,49.0521327,,_Z,,A,Normal value,0,Units,2,Two
DATAFLOW,OECD.ELS.SAE:DSD_EARNINGS@MIN2AVE(1.0),Minimum relative to average wages of full-time workers,I,CAN,Canada,MR_WG_FT,Minimum relative to average wages of full-time workers,PT_WG_A_SAL_FT,Percentage of average wage of full-time employees,_Z,Not applicable,_Z,Not applicable,MEAN,Mean,_Z,Not applicable,1975,,49.0797546,,_Z,,A,Normal value,0,Units,2,Two
DATAFLOW,OECD.ELS.SAE:DSD_EARNINGS@MIN2AVE(1.0),Minimum relative to average wages of full-time workers,I,CAN,Canada,MR_WG_FT,Minimum relative to average wages of full-time workers,PT_WG_A_SAL_FT,Percentage of average wage of full-time employees,_Z,Not applicable,_Z,Not applicable,MEAN,Mean,_Z,Not applicable,1976,,48.92086331,,_Z,,A,Normal value,0,Units,2,Two
DATAFLOW,OECD.ELS.SAE:DSD_EARNINGS@MIN2AVE(1.0),Minimum relative to average wages of full-time workers,I,CAN,Canada,MR_WG_FT,Minimum relative to average wages of full-time workers,PT_WG_A_SAL_FT,Percentage of average wage of full-time employees,_Z,Not applicable,_Z,Not applicable,MEAN,Mean,_Z,Not applicable,1977,,46.42857143,,_Z,,A,Normal value,0,Units,2,Two
DATAFLOW,OECD.ELS.SAE:DSD_EARNINGS@MIN2AVE(1.0),Minimum relative to average wages of full-time workers,I,CAN,Canada,MR_WG_FT,Minimum relative to average wages of full-time workers,PT_WG_A_SAL_FT,Percentage of average wage of full-time employees,_Z,Not applicable,_Z,Not applicable,MEAN,Mean,_Z,Not applicable,1978,,44.84848485,,_Z,,A,Normal value,0,Units,2,Two
DATAFLOW,OECD.ELS.SAE:DSD_EARNINGS@MIN2AVE(1.0),Minimum relative to average wages of full-time workers,I,CAN,Canada,MR_WG_FT,Minimum relative to average wages of full-time workers,PT_WG_A_SAL_FT,Percentage of average wage of full-time employees,_Z,Not applicable,_Z,Not applicable,MEAN,Mean,_Z,Not applicable,1979,,43.31476323,,_Z,,A,Normal value,0,Units,2,Two
DATAFLOW,OECD.ELS.SAE:DSD_EARNINGS@MIN2AVE(1.0),Minimum relative to average wages of full-time workers,I,CAN,Canada,MR_WG_FT,Minimum relative to average wages of full-time workers,PT_WG_A_SAL_FT,Percentage of average wage of full-time employees,_Z,Not applicable,_Z,Not applicable,MEAN,Mean,_Z,Not applicable,1980,,41.01265823,,_Z,,A,Normal value,0,Units,2,Two
DATAFLOW,OECD.ELS.SAE:DSD_EARNINGS@MIN2AVE(1.0),Minimum relative to average wages of full-time workers,I,CAN,Canada,MR_WG_FT,Minimum relative to average wages of full-time workers,PT_WG_A_SAL_FT,Percentage of average wage of full-time employees,_Z,Not applicable,_Z,Not applicable,MEAN,Mean,_Z,Not applicable,1981,,39.88700565,,_Z,,A,Normal value,0,Units,2,Two
DATAFLOW,OECD.ELS.SAE:DSD_EARNINGS@MIN2AVE(1.0),Minimum relative to average wages of full-time workers,I,CAN,Canada,MR_WG_FT,Minimum relative to average wages of full-time workers,PT_WG_A_SAL_FT,Percentage of average wage of full-time employees,_Z,Not applicable,_Z,Not applicable,MEAN,Mean,_Z,Not applicable,1982,,37.51263903,,_Z,,A,Normal value,0,Units,2,Two
DATAFLOW,OECD.ELS.SAE:DSD_EARNINGS@MIN2AVE(1.0),Minimum relative to average wages of full-time workers,I,CAN,Canada,MR_WG_FT,Minimum relative to average wages of full-time workers,PT_WG_A_SAL_FT,Percentage of average wage of full-time employees,_Z,Not applicable,_Z,Not applicable,MEAN,Mean,_Z,Not applicable,1983,,34.03093722,,_Z,,A,Normal value,0,Units,2,Two
DATAFLOW,OECD.ELS.SAE:DSD_EARNINGS@MIN2AVE(1.0),Minimum relative to average wages of full-time workers,I,CAN,Canada,MR_WG_FT,Minimum relative to average wages of full-time workers,PT_WG_A_SAL_FT,Percentage of average wage of full-time employees,_Z,Not applicable,_Z,Not applicable,MEAN,Mean,_Z,Not applicable,1984,,33.97887324,,_Z,,A,Normal value,0,Units,2,Two
DATAFLOW,OECD.ELS.SAE:DSD_EARNINGS@MIN2AVE(1.0),Minimum relative to average wages of full-time workers,I,CAN,Canada,MR_WG_FT,Minimum relative to average wages of full-time workers,PT_WG_A_SAL_FT,Percentage of average wage of full-time employees,_Z,Not applicable,_Z,Not applicable,MEAN,Mean,_Z,Not applicable,1985,,33.81725021,,_Z,,A,Normal value,0,Units,2,Two
DATAFLOW,OECD.ELS.SAE:DSD_EARNINGS@MIN2AVE(1.0),Minimum relative to average wages of full-time workers,I,CAN,Canada,MR_WG_FT,Minimum relative to average wages of full-time workers,PT_WG_A_SAL_FT,Percentage of average wage of full-time employees,_Z,Not applicable,_Z,Not applicable,MEAN,Mean,_Z,Not applicable,1986,,33.55537052,,_Z,,A,Normal value,0,Units,2,Two
DATAFLOW,OECD.ELS.SAE:DSD_EARNINGS@MIN2AVE(1.0),Minimum relative to average wages of full-time workers,I,CAN,Canada,MR_WG_FT,Minimum relative to average wages of full-time workers,PT_WG_A_SAL_FT,Percentage of average wage of full-time employees,_Z,Not applicable,_Z,Not applicable,MEAN,Mean,_Z,Not applicable,1987,,34.14043584,,_Z,,A,Normal value,0,Units,2,Two
DATAFLOW,OECD.ELS.SAE:DSD_EARNINGS@MIN2AVE(1.0),Minimum relative to average wages of full-time workers,I,CAN,Canada,MR_WG_FT,Minimum relative to average wages of full-time workers,PT_WG_A_SAL_FT,Percentage of average wage of full-time employees,_Z,Not applicable,_Z,Not applicable,MEAN,Mean,_Z,Not applicable,1988,,34.52566096,,_Z,,A,Normal value,0,Units,2,Two
DATAFLOW,OECD.ELS.SAE:DSD_EARNINGS@MIN2AVE(1.0),Minimum relative to average wages of full-time workers,I,CAN,Canada,MR_WG_FT,Minimum relative to average wages of full-time workers,PT_WG_A_SAL_FT,Percentage of average wage of full-time employees,_Z,Not applicable,_Z,Not applicable,MEAN,Mean,_Z,Not applicable,1989,,34.73451327,,_Z,,A,Normal value,0,Units,2,Two
DATAFLOW,OECD.ELS.SAE:DSD_EARNINGS@MIN2AVE(1.0),Minimum relative to average wages of full-time workers,I,CAN,Canada,MR_WG_FT,Minimum relative to average wages of full-time workers,PT_WG_A_SAL_FT,Percentage of average wage of full-time employees,_Z,Not applicable,_Z,Not applicable,MEAN,Mean,_Z,Not applicable,1990,,35.00707214,,_Z,,A,Normal value,0,Units,2,Two
DATAFLOW,OECD.ELS.SAE:DSD_EARNINGS@MIN2AVE(1.0),Minimum relative to average wages of full-time workers,I,CAN,Canada,MR_WG_FT,Minimum relative to average wages of full-time workers,PT_WG_A_SAL_FT,Percentage of average wage of full-time employees,_Z,Not applicable,_Z,Not applicable,MEAN,Mean,_Z,Not applicable,1991,,34.96973773,,_Z,,A,Normal value,0,Units,2,Two
DATAFLOW,OECD.ELS.SAE:DSD_EARNINGS@MIN2AVE(1.0),Minimum relative to average wages of full-time workers,I,CAN,Canada,MR_WG_FT,Minimum relative to average wages of full-time workers,PT_WG_A_SAL_FT,Percentage of average wage of full-time employees,_Z,Not applicable,_Z,Not applicable,MEAN,Mean,_Z,Not applicable,1992,,36.46444879,,_Z,,A,Normal value,0,Units,2,Two
DATAFLOW,OECD.ELS.SAE:DSD_EARNINGS@MIN2AVE(1.0),Minimum relative to average wages of full-time workers,I,CAN,Canada,MR_WG_FT,Minimum relative to average wages of full-time workers,PT_WG_A_SAL_FT,Percentage of average wage of full-time employees,_Z,Not applicable,_Z,Not applicable,MEAN,Mean,_Z,Not applicable,1993,,37.28379244,,_Z,,A,Normal value,0,Units,2,Two
DATAFLOW,OECD.ELS.SAE:DSD_EARNINGS@MIN2AVE(1.0),Minimum relative to average wages of full-time workers,I,CAN,Canada,MR_WG_FT,Minimum relative to average wages of full-time workers,PT_WG_A_SAL_FT,Percentage of average wage of full-time employees,_Z,Not applicable,_Z,Not applicable,MEAN,Mean,_Z,Not applicable,1994,,38.01391524,,_Z,,A,Normal value,0,Units,2,Two
DATAFLOW,OECD.ELS.SAE:DSD_EARNINGS@MIN2AVE(1.0),Minimum relative to average wages of full-time workers,I,CAN,Canada,MR_WG_FT,Minimum relative to average wages of full-time workers,PT_WG_A_SAL_FT,Percentage of average wage of full-time employees,_Z,Not applicable,_Z,Not applicable,MEAN,Mean,_Z,Not applicable,1995,,38.7359199,,_Z,,A,Normal value,0,Units,2,Two
DATAFLOW,OECD.ELS.SAE:DSD_EARNINGS@MIN2AVE(1.0),Minimum relative to average wages of full-time workers,I,CAN,Canada,MR_WG_FT,Minimum relative to average wages of full-time workers,PT_WG_A_SAL_FT,Percentage of average wage of full-time employees,_Z,Not applicable,_Z,Not applicable,MEAN,Mean,_Z,Not applicable,1996,,38.84146341,,_Z,,A,Normal value,0,Units,2,Two
DATAFLOW,OECD.ELS.SAE:DSD_EARNINGS@MIN2AVE(1.0),Minimum relative to average wages of full-time workers,I,CAN,Canada,MR_WG_FT,Minimum relative to average wages of full-time workers,PT_WG_A_SAL_FT,Percentage of average wage of full-time employees,_Z,Not applicable,_Z,Not applicable,MEAN,Mean,_Z,Not applicable,1997,,38.99637243,,_Z,,A,Normal value,0,Units,2,Two
DATAFLOW,OECD.ELS.SAE:DSD_EARNINGS@MIN2AVE(1.0),Minimum relative to average wages of full-time workers,I,CAN,Canada,MR_WG_FT,Minimum relative to average wages of full-time workers,PT_WG_A_SAL_FT,Percentage of average wage of full-time employees,_Z,Not applicable,_Z,Not applicable,MEAN,Mean,_Z,Not applicable,1998,,38.78281623,,_Z,,A,Normal value,0,Units,2,Two
DATAFLOW,OECD.ELS.SAE:DSD_EARNINGS@MIN2AVE(1.0),Minimum relative to average wages of full-time workers,I,CAN,Canada,MR_WG_FT,Minimum relative to average wages of full-time workers,PT_WG_A_SAL_FT,Percentage of average wage of full-time employees,_Z,Not applicable,_Z,Not applicable,MEAN,Mean,_Z,Not applicable,1999,,38.51076207,,_Z,,A,Normal value,0,Units,2,Two
DATAFLOW,OECD.ELS.SAE:DSD_EARNINGS@MIN2AVE(1.0),Minimum relative to average wages of full-time workers,I,CAN,Canada,MR_WG_FT,Minimum relative to average wages of full-time workers,PT_WG_A_SAL_FT,Percentage of average wage of full-time employees,_Z,Not applicable,_Z,Not applicable,MEAN,Mean,_Z,Not applicable,2000,,37.64108352,,_Z,,A,Normal value,0,Units,2,Two
DATAFLOW,OECD.ELS.SAE:DSD_EARNINGS@MIN2AVE(1.0),Minimum relative to average wages of full-time workers,I,CAN,Canada,MR_WG_FT,Minimum relative to average wages of full-time workers,PT_WG_A_SAL_FT,Percentage of average wage of full-time employees,_Z,Not applicable,_Z,Not applicable,MEAN,Mean,_Z,Not applicable,2001,,36.96008748,,_Z,,A,Normal value,0,Units,2,Two
DATAFLOW,OECD.ELS.SAE:DSD_EARNINGS@MIN2AVE(1.0),Minimum relative to average wages of full-time workers,I,CAN,Canada,MR_WG_FT,Minimum relative to average wages of full-time workers,PT_WG_A_SAL_FT,Percentage of average wage of full-time employees,_Z,Not applicable,_Z,Not applicable,MEAN,Mean,_Z,Not applicable,2002,,36.32501328,,_Z,,A,Normal value,0,Units,2,Two
DATAFLOW,OECD.ELS.SAE:DSD_EARNINGS@MIN2AVE(1.0),Minimum relative to average wages of full-time workers,I,CAN,Canada,MR_WG_FT,Minimum relative to average wages of full-time workers,PT_WG_A_SAL_FT,Percentage of average wage of full-time employees,_Z,Not applicable,_Z,Not applicable,MEAN,Mean,_Z,Not applicable,2003,,36.01871102,,_Z,,A,Normal value,0,Units,2,Two
DATAFLOW,OECD.ELS.SAE:DSD_EARNINGS@MIN2AVE(1.0),Minimum relative to average wages of full-time workers,I,CAN,Canada,MR_WG_FT,Minimum relative to average wages of full-time workers,PT_WG_A_SAL_FT,Percentage of average wage of full-time employees,_Z,Not applicable,_Z,Not applicable,MEAN,Mean,_Z,Not applicable,2004,,35.87011669,,_Z,,A,Normal value,0,Units,2,Two
DATAFLOW,OECD.ELS.SAE:DSD_EARNINGS@MIN2AVE(1.0),Minimum relative to average wages of full-time workers,I,CAN,Canada,MR_WG_FT,Minimum relative to average wages of full-time workers,PT_WG_A_SAL_FT,Percentage of average wage of full-time employees,_Z,Not applicable,_Z,Not applicable,MEAN,Mean,_Z,Not applicable,2005,,35.92519685,,_Z,,A,Normal value,0,Units,2,Two
DATAFLOW,OECD.ELS.SAE:DSD_EARNINGS@MIN2AVE(1.0),Minimum relative to average wages of full-time workers,I,CAN,Canada,MR_WG_FT,Minimum relative to average wages of full-time workers,PT_WG_A_SAL_FT,Percentage of average wage of full-time employees,_Z,Not applicable,_Z,Not applicable,MEAN,Mean,_Z,Not applicable,2006,,35.44776119,,_Z,,A,Normal value,0,Units,2,Two
DATAFLOW,OECD.ELS.SAE:DSD_EARNINGS@MIN2AVE(1.0),Minimum relative to average wages of full-time workers,I,CAN,Canada,MR_WG_FT,Minimum relative to average wages of full-time workers,PT_WG_A_SAL_FT,Percentage of average wage of full-time employees,_Z,Not applicable,_Z,Not applicable,MEAN,Mean,_Z,Not applicable,2007,,35.10971787,,_Z,,A,Normal value,0,Units,2,Two
DATAFLOW,OECD.ELS.SAE:DSD_EARNINGS@MIN2AVE(1.0),Minimum relative to average wages of full-time workers,I,CAN,Canada,MR_WG_FT,Minimum relative to average wages of full-time workers,PT_WG_A_SAL_FT,Percentage of average wage of full-time employees,_Z,Not applicable,_Z,Not applicable,MEAN,Mean,_Z,Not applicable,2008,,35.89853826,,_Z,,A,Normal value,0,Units,2,Two
DATAFLOW,OECD.ELS.SAE:DSD_EARNINGS@MIN2AVE(1.0),Minimum relative to average wages of full-time workers,I,CAN,Canada,MR_WG_FT,Minimum relative to average wages of full-time workers,PT_WG_A_SAL_FT,Percentage of average wage of full-time employees,_Z,Not applicable,_Z,Not applicable,MEAN,Mean,_Z,Not applicable,2009,,36.72877847,,_Z,,A,Normal value,0,Units,2,Two
DATAFLOW,OECD.ELS.SAE:DSD_EARNINGS@MIN2AVE(1.0),Minimum relative to average wages of full-time workers,I,CAN,Canada,MR_WG_FT,Minimum relative to average wages of full-time workers,PT_WG_A_SAL_FT,Percentage of average wage of full-time employees,_Z,Not applicable,_Z,Not applicable,MEAN,Mean,_Z,Not applicable,2010,,37.91565288,,_Z,,A,Normal value,0,Units,2,Two
DATAFLOW,OECD.ELS.SAE:DSD_EARNINGS@MIN2AVE(1.0),Minimum relative to average wages of full-time workers,I,CAN,Canada,MR_WG_FT,Minimum relative to average wages of full-time workers,PT_WG_A_SAL_FT,Percentage of average wage of full-time employees,_Z,Not applicable,_Z,Not applicable,MEAN,Mean,_Z,Not applicable,2011,,38.354531,,_Z,,A,Normal value,0,Units,2,Two
DATAFLOW,OECD.ELS.SAE:DSD_EARNINGS@MIN2AVE(1.0),Minimum relative to average wages of full-time workers,I,CAN,Canada,MR_WG_FT,Minimum relative to average wages of full-time workers,PT_WG_A_SAL_FT,Percentage of average wage of full-time employees,_Z,Not applicable,_Z,Not applicable,MEAN,Mean,_Z,Not applicable,2012,,38.62229102,,_Z,,A,Normal value,0,Units,2,Two
DATAFLOW,OECD.ELS.SAE:DSD_EARNINGS@MIN2AVE(1.0),Minimum relative to average wages of full-time workers,I,CAN,Canada,MR_WG_FT,Minimum relative to average wages of full-time workers,PT_WG_A_SAL_FT,Percentage of average wage of full-time employees,_Z,Not applicable,_Z,Not applicable,MEAN,Mean,_Z,Not applicable,2013,,38.38001514,,_Z,,A,Normal value,0,Units,2,Two
DATAFLOW,OECD.ELS.SAE:DSD_EARNINGS@MIN2AVE(1.0),Minimum relative to average wages of full-time workers,I,CAN,Canada,MR_WG_FT,Minimum relative to average wages of full-time workers,PT_WG_A_SAL_FT,Percentage of average wage of full-time employees,_Z,Not applicable,_Z,Not applicable,MEAN,Mean,_Z,Not applicable,2014,,38.647343,,_Z,,A,Normal value,0,Units,2,Two
DATAFLOW,OECD.ELS.SAE:DSD_EARNINGS@MIN2AVE(1.0),Minimum relative to average wages of full-time workers,I,CAN,Canada,MR_WG_FT,Minimum relative to average wages of full-time workers,PT_WG_A_SAL_FT,Percentage of average wage of full-time employees,_Z,Not applicable,_Z,Not applicable,MEAN,Mean,_Z,Not applicable,2015,,38.69565217,,_Z,,A,Normal value,0,Units,2,Two
DATAFLOW,OECD.ELS.SAE:DSD_EARNINGS@MIN2AVE(1.0),Minimum relative to average wages of full-time workers,I,CAN,Canada,MR_WG_FT,Minimum relative to average wages of full-time workers,PT_WG_A_SAL_FT,Percentage of average wage of full-time employees,_Z,Not applicable,_Z,Not applicable,MEAN,Mean,_Z,Not applicable,2016,,38.9932648,,_Z,,A,Normal value,0,Units,2,Two
DATAFLOW,OECD.ELS.SAE:DSD_EARNINGS@MIN2AVE(1.0),Minimum relative to average wages of full-time workers,I,CAN,Canada,MR_WG_FT,Minimum relative to average wages of full-time workers,PT_WG_A_SAL_FT,Percentage of average wage of full-time employees,_Z,Not applicable,_Z,Not applicable,MEAN,Mean,_Z,Not applicable,2017,,39.71358715,,_Z,,A,Normal value,0,Units,2,Two
DATAFLOW,OECD.ELS.SAE:DSD_EARNINGS@MIN2AVE(1.0),Minimum relative to average wages of full-time workers,I,CAN,Canada,MR_WG_FT,Minimum relative to average wages of full-time workers,PT_WG_A_SAL_FT,Percentage of average wage of full-time employees,_Z,Not applicable,_Z,Not applicable,MEAN,Mean,_Z,Not applicable,2018,,43.85665529,,_Z,,A,Normal value,0,Units,2,Two
DATAFLOW,OECD.ELS.SAE:DSD_EARNINGS@MIN2AVE(1.0),Minimum relative to average wages of full-time workers,I,CAN,Canada,MR_WG_FT,Minimum relative to average wages of full-time workers,PT_WG_A_SAL_FT,Percentage of average wage of full-time employees,_Z,Not applicable,_Z,Not applicable,MEAN,Mean,_Z,Not applicable,2019,,44.2671984,,_Z,,A,Normal value,0,Units,2,Two
DATAFLOW,OECD.ELS.SAE:DSD_EARNINGS@MIN2AVE(1.0),Minimum relative to average wages of full-time workers,I,CAN,Canada,MR_WG_FT,Minimum relative to average wages of full-time workers,PT_WG_A_SAL_FT,Percentage of average wage of full-time employees,_Z,Not applicable,_Z,Not applicable,MEAN,Mean,_Z,Not applicable,2020,,42.98300818,,_Z,,A,Normal value,0,Units,2,Two
DATAFLOW,OECD.ELS.SAE:DSD_EARNINGS@MIN2AVE(1.0),Minimum relative to average wages of full-time workers,I,CAN,Canada,MR_WG_FT,Minimum relative to average wages of full-time workers,PT_WG_A_SAL_FT,Percentage of average wage of full-time employees,_Z,Not applicable,_Z,Not applicable,MEAN,Mean,_Z,Not applicable,2021,,43.00215318,,_Z,,A,Normal value,0,Units,2,Two
DATAFLOW,OECD.ELS.SAE:DSD_EARNINGS@MIN2AVE(1.0),Minimum relative to average wages of full-time workers,I,CAN,Canada,MR_WG_FT,Minimum relative to average wages of full-time workers,PT_WG_A_SAL_FT,Percentage of average wage of full-time employees,_Z,Not applicable,_Z,Not applicable,MEAN,Mean,_Z,Not applicable,2022,,43.05104751,,_Z,,A,Normal value,0,Units,2,Two
DATAFLOW,OECD.ELS.SAE:DSD_EARNINGS@MIN2AVE(1.0),Minimum relative to average wages of full-time workers,I,CAN,Canada,MR_WG_FT,Minimum relative to average wages of full-time workers,PT_WG_A_SAL_FT,Percentage of average wage of full-time employees,_Z,Not applicable,_Z,Not applicable,MEAN,Mean,_Z,Not applicable,2023,,43.12622997,,_Z,,A,Normal value,0,Units,2,Two
DATAFLOW,OECD.ELS.SAE:DSD_EARNINGS@MIN2AVE(1.0),Minimum relative to average wages of full-time workers,I,CAN,Canada,MR_WG_FT,Minimum relative to average wages of full-time workers,PT_WG_A_SAL_FT,Percentage of average wage of full-time employees,_Z,Not applicable,_Z,Not applicable,MEAN,Mean,_Z,Not applicable,2024,,43.13698178,,_Z,,A,Normal value,0,Units,2,Two
DATAFLOW,OECD.ELS.SAE:DSD_EARNINGS@MIN2AVE(1.0),Minimum relative to average wages of full-time workers,I,CHL,Chile,MR_WG_FT,Minimum relative to average wages of full-time workers,PT_WG_A_SAL_FT,Percentage of average wage of full-time employees,_Z,Not applicable,_Z,Not applicable,MEAN,Mean,_Z,Not applicable,2000,,39.15259275,,_Z,,A,Normal value,0,Units,2,Two
DATAFLOW,OECD.ELS.SAE:DSD_EARNINGS@MIN2AVE(1.0),Minimum relative to average wages of full-time workers,I,CHL,Chile,MR_WG_FT,Minimum relative to average wages of full-time workers,PT_WG_A_SAL_FT,Percentage of average wage of full-time employees,_Z,Not applicable,_Z,Not applicable,MEAN,Mean,_Z,Not applicable,2003,,43.71217501,,_Z,,A,Normal value,0,Units,2,Two
DATAFLOW,OECD.ELS.SAE:DSD_EARNINGS@MIN2AVE(1.0),Minimum relative to average wages of full-time workers,I,CHL,Chile,MR_WG_FT,Minimum relative to average wages of full-time workers,PT_WG_A_SAL_FT,Percentage of average wage of full-time employees,_Z,Not applicable,_Z,Not applicable,MEAN,Mean,_Z,Not applicable,2006,,41.32814694,,_Z,,A,Normal value,0,Units,2,Two
DATAFLOW,OECD.ELS.SAE:DSD_EARNINGS@MIN2AVE(1.0),Minimum relative to average wages of full-time workers,I,CHL,Chile,MR_WG_FT,Minimum relative to average wages of full-time workers,PT_WG_A_SAL_FT,Percentage of average wage of full-time employees,_Z,Not applicable,_Z,Not applicable,MEAN,Mean,_Z,Not applicable,2009,,43.90733086,,_Z,,A,Normal value,0,Units,2,Two
DATAFLOW,OECD.ELS.SAE:DSD_EARNINGS@MIN2AVE(1.0),Minimum relative to average wages of full-time workers,I,CHL,Chile,MR_WG_FT,Minimum relative to average wages of full-time workers,PT_WG_A_SAL_FT,Percentage of average wage of full-time employees,_Z,Not applicable,_Z,Not applicable,MEAN,Mean,_Z,Not applicable,2010,,44.07322667,,_Z,,A,Normal value,0,Units,2,Two
DATAFLOW,OECD.ELS.SAE:DSD_EARNINGS@MIN2AVE(1.0),Minimum relative to average wages of full-time workers,I,CHL,Chile,MR_WG_FT,Minimum relative to average wages of full-time workers,PT_WG_A_SAL_FT,Percentage of average wage of full-time employees,_Z,Not applicable,_Z,Not applicable,MEAN,Mean,_Z,Not applicable,2011,,42.9929601,,_Z,,A,Normal value,0,Units,2,Two
DATAFLOW,OECD.ELS.SAE:DSD_EARNINGS@MIN2AVE(1.0),Minimum relative to average wages of full-time workers,I,CHL,Chile,MR_WG_FT,Minimum relative to average wages of full-time workers,PT_WG_A_SAL_FT,Percentage of average wage of full-time employees,_Z,Not applicable,_Z,Not applicable,MEAN,Mean,_Z,Not applicable,2012,,42.82307623,,_Z,,A,Normal value,0,Units,2,Two
DATAFLOW,OECD.ELS.SAE:DSD_EARNINGS@MIN2AVE(1.0),Minimum relative to average wages of full-time workers,I,CHL,Chile,MR_WG_FT,Minimum relative to average wages of full-time workers,PT_WG_A_SAL_FT,Percentage of average wage of full-time employees,_Z,Not applicable,_Z,Not applicable,MEAN,Mean,_Z,Not applicable,2013,,44.67466161,,_Z,,A,Normal value,0,Units,2,Two
DATAFLOW,OECD.ELS.SAE:DSD_EARNINGS@MIN2AVE(1.0),Minimum relative to average wages of full-time workers,I,CHL,Chile,MR_WG_FT,Minimum relative to average wages of full-time workers,PT_WG_A_SAL_FT,Percentage of average wage of full-time employees,_Z,Not applicable,_Z,Not applicable,MEAN,Mean,_Z,Not applicable,2014,,44.9917209,,_Z,,A,Normal value,0,Units,2,Two
DATAFLOW,OECD.ELS.SAE:DSD_EARNINGS@MIN2AVE(1.0),Minimum relative to average wages of full-time workers,I,CHL,Chile,MR_WG_FT,Minimum relative to average wages of full-time workers,PT_WG_A_SAL_FT,Percentage of average wage of full-time employees,_Z,Not applicable,_Z,Not applicable,MEAN,Mean,_Z,Not applicable,2015,,46.29923393,,_Z,,A,Normal value,0,Units,2,Two
DATAFLOW,OECD.ELS.SAE:DSD_EARNINGS@MIN2AVE(1.0),Minimum relative to average wages of full-time workers,I,CHL,Chile,MR_WG_FT,Minimum relative to average wages of full-time workers,PT_WG_A_SAL_FT,Percentage of average wage of full-time employees,_Z,Not applicable,_Z,Not applicable,MEAN,Mean,_Z,Not applicable,2016,,48.1709175,,_Z,,A,Normal value,0,Units,2,Two
DATAFLOW,OECD.ELS.SAE:DSD_EARNINGS@MIN2AVE(1.0),Minimum relative to average wages of full-time workers,I,CHL,Chile,MR_WG_FT,Minimum relative to average wages of full-time workers,PT_WG_A_SAL_FT,Percentage of average wage of full-time employees,_Z,Not applicable,_Z,Not applicable,MEAN,Mean,_Z,Not applicable,2017,,47.27693739,,_Z,,A,Normal value,0,Units,2,Two
DATAFLOW,OECD.ELS.SAE:DSD_EARNINGS@MIN2AVE(1.0),Minimum relative to average wages of full-time workers,I,CHL,Chile,MR_WG_FT,Minimum relative to average wages of full-time workers,PT_WG_A_SAL_FT,Percentage of average wage of full-time employees,_Z,Not applicable,_Z,Not applicable,MEAN,Mean,_Z,Not applicable,2018,,46.10595283,,_Z,,A,Normal value,0,Units,2,Two
DATAFLOW,OECD.ELS.SAE:DSD_EARNINGS@MIN2AVE(1.0),Minimum relative to average wages of full-time workers,I,CHL,Chile,MR_WG_FT,Minimum relative to average wages of full-time workers,PT_WG_A_SAL_FT,Percentage of average wage of full-time employees,_Z,Not applicable,_Z,Not applicable,MEAN,Mean,_Z,Not applicable,2019,,45.76025348,,_Z,,A,Normal value,0,Units,2,Two
DATAFLOW,OECD.ELS.SAE:DSD_EARNINGS@MIN2AVE(1.0),Minimum relative to average wages of full-time workers,I,CHL,Chile,MR_WG_FT,Minimum relative to average wages of full-time workers,PT_WG_A_SAL_FT,Percentage of average wage of full-time employees,_Z,Not applicable,_Z,Not applicable,MEAN,Mean,_Z,Not applicable,2020,,45.46232782,,_Z,,A,Normal value,0,Units,2,Two
DATAFLOW,OECD.ELS.SAE:DSD_EARNINGS@MIN2AVE(1.0),Minimum relative to average wages of full-time workers,I,CHL,Chile,MR_WG_FT,Minimum relative to average wages of full-time workers,PT_WG_A_SAL_FT,Percentage of average wage of full-time employees,_Z,Not applicable,_Z,Not applicable,MEAN,Mean,_Z,Not applicable,2021,,44.61944161,,_Z,,A,Normal value,0,Units,2,Two
DATAFLOW,OECD.ELS.SAE:DSD_EARNINGS@MIN2AVE(1.0),Minimum relative to average wages of full-time workers,I,CHL,Chile,MR_WG_FT,Minimum relative to average wages of full-time workers,PT_WG_A_SAL_FT,Percentage of average wage of full-time employees,_Z,Not applicable,_Z,Not applicable,MEAN,Mean,_Z,Not applicable,2022,,45.13021512,,_Z,,A,Normal value,0,Units,2,Two
DATAFLOW,OECD.ELS.SAE:DSD_EARNINGS@MIN2AVE(1.0),Minimum relative to average wages of full-time workers,I,CHL,Chile,MR_WG_FT,Minimum relative to average wages of full-time workers,PT_WG_A_SAL_FT,Percentage of average wage of full-time employees,_Z,Not applicable,_Z,Not applicable,MEAN,Mean,_Z,Not applicable,2023,,46.15945559,,_Z,,A,Normal value,0,Units,2,Two
DATAFLOW,OECD.ELS.SAE:DSD_EARNINGS@MIN2AVE(1.0),Minimum relative to average wages of full-time workers,I,CHL,Chile,MR_WG_FT,Minimum relative to average wages of full-time workers,PT_WG_A_SAL_FT,Percentage of average wage of full-time employees,_Z,Not applicable,_Z,Not applicable,MEAN,Mean,_Z,Not applicable,2024,,49.17172022,,_Z,,A,Normal value,0,Units,2,Two
DATAFLOW,OECD.ELS.SAE:DSD_EARNINGS@MIN2AVE(1.0),Minimum relative to average wages of full-time workers,I,COL,Colombia,MR_WG_FT,Minimum relative to average wages of full-time workers,PT_WG_A_SAL_FT,Percentage of average wage of full-time employees,_Z,Not applicable,_Z,Not applicable,MEAN,Mean,_Z,Not applicable,2007,,52.21407004,,_Z,,A,Normal value,0,Units,2,Two
DATAFLOW,OECD.ELS.SAE:DSD_EARNINGS@MIN2AVE(1.0),Minimum relative to average wages of full-time workers,I,COL,Colombia,MR_WG_FT,Minimum relative to average wages of full-time workers,PT_WG_A_SAL_FT,Percentage of average wage of full-time employees,_Z,Not applicable,_Z,Not applicable,MEAN,Mean,_Z,Not applicable,2008,,52.82946444,,_Z,,A,Normal value,0,Units,2,Two
DATAFLOW,OECD.ELS.SAE:DSD_EARNINGS@MIN2AVE(1.0),Minimum relative to average wages of full-time workers,I,COL,Colombia,MR_WG_FT,Minimum relative to average wages of full-time workers,PT_WG_A_SAL_FT,Percentage of average wage of full-time employees,_Z,Not applicable,_Z,Not applicable,MEAN,Mean,_Z,Not applicable,2009,,54.88763448,,_Z,,A,Normal value,0,Units,2,Two
DATAFLOW,OECD.ELS.SAE:DSD_EARNINGS@MIN2AVE(1.0),Minimum relative to average wages of full-time workers,I,COL,Colombia,MR_WG_FT,Minimum relative to average wages of full-time workers,PT_WG_A_SAL_FT,Percentage of average wage of full-time employees,_Z,Not applicable,_Z,Not applicable,MEAN,Mean,_Z,Not applicable,2010,,52.32652966,,_Z,,A,Normal value,0,Units,2,Two
DATAFLOW,OECD.ELS.SAE:DSD_EARNINGS@MIN2AVE(1.0),Minimum relative to average wages of full-time workers,I,COL,Colombia,MR_WG_FT,Minimum relative to average wages of full-time workers,PT_WG_A_SAL_FT,Percentage of average wage of full-time employees,_Z,Not applicable,_Z,Not applicable,MEAN,Mean,_Z,Not applicable,2011,,52.88368295,,_Z,,A,Normal value,0,Units,2,Two
DATAFLOW,OECD.ELS.SAE:DSD_EARNINGS@MIN2AVE(1.0),Minimum relative to average wages of full-time workers,I,COL,Colombia,MR_WG_FT,Minimum relative to average wages of full-time workers,PT_WG_A_SAL_FT,Percentage of average wage of full-time employees,_Z,Not applicable,_Z,Not applicable,MEAN,Mean,_Z,Not applicable,2012,,54.52499052,,_Z,,A,Normal value,0,Units,2,Two
DATAFLOW,OECD.ELS.SAE:DSD_EARNINGS@MIN2AVE(1.0),Minimum relative to average wages of full-time workers,I,COL,Colombia,MR_WG_FT,Minimum relative to average wages of full-time workers,PT_WG_A_SAL_FT,Percentage of average wage of full-time employees,_Z,Not applicable,_Z,Not applicable,MEAN,Mean,_Z,Not applicable,2013,,53.18250746,,_Z,,A,Normal value,0,Units,2,Two
DATAFLOW,OECD.ELS.SAE:DSD_EARNINGS@MIN2AVE(1.0),Minimum relative to average wages of full-time workers,I,COL,Colombia,MR_WG_FT,Minimum relative to average wages of full-time workers,PT_WG_A_SAL_FT,Percentage of average wage of full-time employees,_Z,Not applicable,_Z,Not applicable,MEAN,Mean,_Z,Not applicable,2014,,51.99291838,,_Z,,A,Normal value,0,Units,2,Two
DATAFLOW,OECD.ELS.SAE:DSD_EARNINGS@MIN2AVE(1.0),Minimum relative to average wages of full-time workers,I,COL,Colombia,MR_WG_FT,Minimum relative to average wages of full-time workers,PT_WG_A_SAL_FT,Percentage of average wage of full-time employees,_Z,Not applicable,_Z,Not applicable,MEAN,Mean,_Z,Not applicable,2015,,54.50788748,,_Z,,A,Normal value,0,Units,2,Two
DATAFLOW,OECD.ELS.SAE:DSD_EARNINGS@MIN2AVE(1.0),Minimum relative to average wages of full-time workers,I,COL,Colombia,MR_WG_FT,Minimum relative to average wages of full-time workers,PT_WG_A_SAL_FT,Percentage of average wage of full-time employees,_Z,Not applicable,_Z,Not applicable,MEAN,Mean,_Z,Not applicable,2016,,55.15305458,,_Z,,A,Normal value,0,Units,2,Two
DATAFLOW,OECD.ELS.SAE:DSD_EARNINGS@MIN2AVE(1.0),Minimum relative to average wages of full-time workers,I,COL,Colombia,MR_WG_FT,Minimum relative to average wages of full-time workers,PT_WG_A_SAL_FT,Percentage of average wage of full-time employees,_Z,Not applicable,_Z,Not applicable,MEAN,Mean,_Z,Not applicable,2017,,55.91433242,,_Z,,A,Normal value,0,Units,2,Two
DATAFLOW,OECD.ELS.SAE:DSD_EARNINGS@MIN2AVE(1.0),Minimum relative to average wages of full-time workers,I,COL,Colombia,MR_WG_FT,Minimum relative to average wages of full-time workers,PT_WG_A_SAL_FT,Percentage of average wage of full-time employees,_Z,Not applicable,_Z,Not applicable,MEAN,Mean,_Z,Not applicable,2018,,56.15715514,,_Z,,A,Normal value,0,Units,2,Two
DATAFLOW,OECD.ELS.SAE:DSD_EARNINGS@MIN2AVE(1.0),Minimum relative to average wages of full-time workers,I,COL,Colombia,MR_WG_FT,Minimum relative to average wages of full-time workers,PT_WG_A_SAL_FT,Percentage of average wage of full-time employees,_Z,Not applicable,_Z,Not applicable,MEAN,Mean,_Z,Not applicable,2019,,55.80136581,,_Z,,A,Normal value,0,Units,2,Two
DATAFLOW,OECD.ELS.SAE:DSD_EARNINGS@MIN2AVE(1.0),Minimum relative to average wages of full-time workers,I,COL,Colombia,MR_WG_FT,Minimum relative to average wages of full-time workers,PT_WG_A_SAL_FT,Percentage of average wage of full-time employees,_Z,Not applicable,_Z,Not applicable,MEAN,Mean,_Z,Not applicable,2020,,58.32712308,,_Z,,A,Normal value,0,Units,2,Two
DATAFLOW,OECD.ELS.SAE:DSD_EARNINGS@MIN2AVE(1.0),Minimum relative to average wages of full-time workers,I,COL,Colombia,MR_WG_FT,Minimum relative to average wages of full-time workers,PT_WG_A_SAL_FT,Percentage of average wage of full-time employees,_Z,Not applicable,_Z,Not applicable,MEAN,Mean,_Z,Not applicable,2021,,58.35504018,,_Z,,A,Normal value,0,Units,2,Two
DATAFLOW,OECD.ELS.SAE:DSD_EARNINGS@MIN2AVE(1.0),Minimum relative to average wages of full-time workers,I,COL,Colombia,MR_WG_FT,Minimum relative to average wages of full-time workers,PT_WG_A_SAL_FT,Percentage of average wage of full-time employees,_Z,Not applicable,_Z,Not applicable,MEAN,Mean,_Z,Not applicable,2022,,53.6833307,,_Z,,A,Normal value,0,Units,2,Two
DATAFLOW,OECD.ELS.SAE:DSD_EARNINGS@MIN2AVE(1.0),Minimum relative to average wages of full-time workers,I,COL,Colombia,MR_WG_FT,Minimum relative to average wages of full-time workers,PT_WG_A_SAL_FT,Percentage of average wage of full-time employees,_Z,Not applicable,_Z,Not applicable,MEAN,Mean,_Z,Not applicable,2023,,55.20104936,,_Z,,A,Normal value,0,Units,2,Two
DATAFLOW,OECD.ELS.SAE:DSD_EARNINGS@MIN2AVE(1.0),Minimum relative to average wages of full-time workers,I,COL,Colombia,MR_WG_FT,Minimum relative to average wages of full-time workers,PT_WG_A_SAL_FT,Percentage of average wage of full-time employees,_Z,Not applicable,_Z,Not applicable,MEAN,Mean,_Z,Not applicable,2024,,56.97161212,,_Z,,A,Normal value,0,Units,2,Two
DATAFLOW,OECD.ELS.SAE:DSD_EARNINGS@MIN2AVE(1.0),Minimum relative to average wages of full-time workers,I,CRI,Costa Rica,MR_WG_FT,Minimum relative to average wages of full-time workers,PT_WG_A_SAL_FT,Percentage of average wage of full-time employees,_Z,Not applicable,_Z,Not applicable,MEAN,Mean,_Z,Not applicable,2010,,61.12233957,,_Z,,A,Normal value,0,Units,2,Two
DATAFLOW,OECD.ELS.SAE:DSD_EARNINGS@MIN2AVE(1.0),Minimum relative to average wages of full-time workers,I,CRI,Costa Rica,MR_WG_FT,Minimum relative to average wages of full-time workers,PT_WG_A_SAL_FT,Percentage of average wage of full-time employees,_Z,Not applicable,_Z,Not applicable,MEAN,Mean,_Z,Not applicable,2011,,60.31641518,,_Z,,A,Normal value,0,Units,2,Two
DATAFLOW,OECD.ELS.SAE:DSD_EARNINGS@MIN2AVE(1.0),Minimum relative to average wages of full-time workers,I,CRI,Costa Rica,MR_WG_FT,Minimum relative to average wages of full-time workers,PT_WG_A_SAL_FT,Percentage of average wage of full-time employees,_Z,Not applicable,_Z,Not applicable,MEAN,Mean,_Z,Not applicable,2012,,63.7513118,,_Z,,A,Normal value,0,Units,2,Two
DATAFLOW,OECD.ELS.SAE:DSD_EARNINGS@MIN2AVE(1.0),Minimum relative to average wages of full-time workers,I,CRI,Costa Rica,MR_WG_FT,Minimum relative to average wages of full-time workers,PT_WG_A_SAL_FT,Percentage of average wage of full-time employees,_Z,Not applicable,_Z,Not applicable,MEAN,Mean,_Z,Not applicable,2013,,64.34681876,,_Z,,A,Normal value,0,Units,2,Two
DATAFLOW,OECD.ELS.SAE:DSD_EARNINGS@MIN2AVE(1.0),Minimum relative to average wages of full-time workers,I,CRI,Costa Rica,MR_WG_FT,Minimum relative to average wages of full-time workers,PT_WG_A_SAL_FT,Percentage of average wage of full-time employees,_Z,Not applicable,_Z,Not applicable,MEAN,Mean,_Z,Not applicable,2014,,60.24853066,,_Z,,A,Normal value,0,Units,2,Two
DATAFLOW,OECD.ELS.SAE:DSD_EARNINGS@MIN2AVE(1.0),Minimum relative to average wages of full-time workers,I,CRI,Costa Rica,MR_WG_FT,Minimum relative to average wages of full-time workers,PT_WG_A_SAL_FT,Percentage of average wage of full-time employees,_Z,Not applicable,_Z,Not applicable,MEAN,Mean,_Z,Not applicable,2015,,61.90332723,,_Z,,A,Normal value,0,Units,2,Two
DATAFLOW,OECD.ELS.SAE:DSD_EARNINGS@MIN2AVE(1.0),Minimum relative to average wages of full-time workers,I,CRI,Costa Rica,MR_WG_FT,Minimum relative to average wages of full-time workers,PT_WG_A_SAL_FT,Percentage of average wage of full-time employees,_Z,Not applicable,_Z,Not applicable,MEAN,Mean,_Z,Not applicable,2016,,61.40004719,,_Z,,A,Normal value,0,Units,2,Two
DATAFLOW,OECD.ELS.SAE:DSD_EARNINGS@MIN2AVE(1.0),Minimum relative to average wages of full-time workers,I,CRI,Costa Rica,MR_WG_FT,Minimum relative to average wages of full-time workers,PT_WG_A_SAL_FT,Percentage of average wage of full-time employees,_Z,Not applicable,_Z,Not applicable,MEAN,Mean,_Z,Not applicable,2017,,62.15088199,,_Z,,A,Normal value,0,Units,2,Two
DATAFLOW,OECD.ELS.SAE:DSD_EARNINGS@MIN2AVE(1.0),Minimum relative to average wages of full-time workers,I,CRI,Costa Rica,MR_WG_FT,Minimum relative to average wages of full-time workers,PT_WG_A_SAL_FT,Percentage of average wage of full-time employees,_Z,Not applicable,_Z,Not applicable,MEAN,Mean,_Z,Not applicable,2018,,62.13349261,,_Z,,A,Normal value,0,Units,2,Two
DATAFLOW,OECD.ELS.SAE:DSD_EARNINGS@MIN2AVE(1.0),Minimum relative to average wages of full-time workers,I,CRI,Costa Rica,MR_WG_FT,Minimum relative to average wages of full-time workers,PT_WG_A_SAL_FT,Percentage of average wage of full-time employees,_Z,Not applicable,_Z,Not applicable,MEAN,Mean,_Z,Not applicable,2019,,61.25849359,,_Z,,A,Normal value,0,Units,2,Two
DATAFLOW,OECD.ELS.SAE:DSD_EARNINGS@MIN2AVE(1.0),Minimum relative to average wages of full-time workers,I,CRI,Costa Rica,MR_WG_FT,Minimum relative to average wages of full-time workers,PT_WG_A_SAL_FT,Percentage of average wage of full-time employees,_Z,Not applicable,_Z,Not applicable,MEAN,Mean,_Z,Not applicable,2020,,65.02790023,,_Z,,A,Normal value,0,Units,2,Two
DATAFLOW,OECD.ELS.SAE:DSD_EARNINGS@MIN2AVE(1.0),Minimum relative to average wages of full-time workers,I,CRI,Costa Rica,MR_WG_FT,Minimum relative to average wages of full-time workers,PT_WG_A_SAL_FT,Percentage of average wage of full-time employees,_Z,Not applicable,_Z,Not applicable,MEAN,Mean,_Z,Not applicable,2021,,69.02555005,,_Z,,A,Normal value,0,Units,2,Two
DATAFLOW,OECD.ELS.SAE:DSD_EARNINGS@MIN2AVE(1.0),Minimum relative to average wages of full-time workers,I,CRI,Costa Rica,MR_WG_FT,Minimum relative to average wages of full-time workers,PT_WG_A_SAL_FT,Percentage of average wage of full-time employees,_Z,Not applicable,_Z,Not applicable,MEAN,Mean,_Z,Not applicable,2022,,69.38136703,,_Z,,A,Normal value,0,Units,2,Two
DATAFLOW,OECD.ELS.SAE:DSD_EARNINGS@MIN2AVE(1.0),Minimum relative to average wages of full-time workers,I,CRI,Costa Rica,MR_WG_FT,Minimum relative to average wages of full-time workers,PT_WG_A_SAL_FT,Percentage of average wage of full-time employees,_Z,Not applicable,_Z,Not applicable,MEAN,Mean,_Z,Not applicable,2023,,71.59624852,,_Z,,A,Normal value,0,Units,2,Two
DATAFLOW,OECD.ELS.SAE:DSD_EARNINGS@MIN2AVE(1.0),Minimum relative to average wages of full-time workers,I,CRI,Costa Rica,MR_WG_FT,Minimum relative to average wages of full-time workers,PT_WG_A_SAL_FT,Percentage of average wage of full-time employees,_Z,Not applicable,_Z,Not applicable,MEAN,Mean,_Z,Not applicable,2024,,70.17173111,,_Z,,A,Normal value,0,Units,2,Two
DATAFLOW,OECD.ELS.SAE:DSD_EARNINGS@MIN2AVE(1.0),Minimum relative to average wages of full-time workers,I,CZE,Czechia,MR_WG_FT,Minimum relative to average wages of full-time workers,PT_WG_A_SAL_FT,Percentage of average wage of full-time employees,_Z,Not applicable,_Z,Not applicable,MEAN,Mean,_Z,Not applicable,1991,,48.80429478,,_Z,,A,Normal value,0,Units,2,Two
DATAFLOW,OECD.ELS.SAE:DSD_EARNINGS@MIN2AVE(1.0),Minimum relative to average wages of full-time workers,I,CZE,Czechia,MR_WG_FT,Minimum relative to average wages of full-time workers,PT_WG_A_SAL_FT,Percentage of average wage of full-time employees,_Z,Not applicable,_Z,Not applicable,MEAN,Mean,_Z,Not applicable,1992,,43.83343295,,_Z,,A,Normal value,0,Units,2,Two
DATAFLOW,OECD.ELS.SAE:DSD_EARNINGS@MIN2AVE(1.0),Minimum relative to average wages of full-time workers,I,CZE,Czechia,MR_WG_FT,Minimum relative to average wages of full-time workers,PT_WG_A_SAL_FT,Percentage of average wage of full-time employees,_Z,Not applicable,_Z,Not applicable,MEAN,Mean,_Z,Not applicable,1993,,34.99284237,,_Z,,A,Normal value,0,Units,2,Two
DATAFLOW,OECD.ELS.SAE:DSD_EARNINGS@MIN2AVE(1.0),Minimum relative to average wages of full-time workers,I,CZE,Czechia,MR_WG_FT,Minimum relative to average wages of full-time workers,PT_WG_A_SAL_FT,Percentage of average wage of full-time employees,_Z,Not applicable,_Z,Not applicable,MEAN,Mean,_Z,Not applicable,1994,,29.51831477,,_Z,,A,Normal value,0,Units,2,Two
DATAFLOW,OECD.ELS.SAE:DSD_EARNINGS@MIN2AVE(1.0),Minimum relative to average wages of full-time workers,I,CZE,Czechia,MR_WG_FT,Minimum relative to average wages of full-time workers,PT_WG_A_SAL_FT,Percentage of average wage of full-time employees,_Z,Not applicable,_Z,Not applicable,MEAN,Mean,_Z,Not applicable,1995,,24.88406289,,_Z,,A,Normal value,0,Units,2,Two
DATAFLOW,OECD.ELS.SAE:DSD_EARNINGS@MIN2AVE(1.0),Minimum relative to average wages of full-time workers,I,CZE,Czechia,MR_WG_FT,Minimum relative to average wages of full-time workers,PT_WG_A_SAL_FT,Percentage of average wage of full-time employees,_Z,Not applicable,_Z,Not applicable,MEAN,Mean,_Z,Not applicable,1996,,22.58559942,,_Z,,A,Normal value,0,Units,2,Two
DATAFLOW,OECD.ELS.SAE:DSD_EARNINGS@MIN2AVE(1.0),Minimum relative to average wages of full-time workers,I,CZE,Czechia,MR_WG_FT,Minimum relative to average wages of full-time workers,PT_WG_A_SAL_FT,Percentage of average wage of full-time employees,_Z,Not applicable,_Z,Not applicable,MEAN,Mean,_Z,Not applicable,1997,,19.88545975,,_Z,,A,Normal value,0,Units,2,Two
DATAFLOW,OECD.ELS.SAE:DSD_EARNINGS@MIN2AVE(1.0),Minimum relative to average wages of full-time workers,I,CZE,Czechia,MR_WG_FT,Minimum relative to average wages of full-time workers,PT_WG_A_SAL_FT,Percentage of average wage of full-time employees,_Z,Not applicable,_Z,Not applicable,MEAN,Mean,_Z,Not applicable,1998,,19.83384477,,_Z,,A,Normal value,0,Units,2,Two
DATAFLOW,OECD.ELS.SAE:DSD_EARNINGS@MIN2AVE(1.0),Minimum relative to average wages of full-time workers,I,CZE,Czechia,MR_WG_FT,Minimum relative to average wages of full-time workers,PT_WG_A_SAL_FT,Percentage of average wage of full-time employees,_Z,Not applicable,_Z,Not applicable,MEAN,Mean,_Z,Not applicable,1999,,24.29594949,,_Z,,A,Normal value,0,Units,2,Two
DATAFLOW,OECD.ELS.SAE:DSD_EARNINGS@MIN2AVE(1.0),Minimum relative to average wages of full-time workers,I,CZE,Czechia,MR_WG_FT,Minimum relative to average wages of full-time workers,PT_WG_A_SAL_FT,Percentage of average wage of full-time employees,_Z,Not applicable,_Z,Not applicable,MEAN,Mean,_Z,Not applicable,2000,,27.98446039,,_Z,,A,Normal value,0,Units,2,Two
DATAFLOW,OECD.ELS.SAE:DSD_EARNINGS@MIN2AVE(1.0),Minimum relative to average wages of full-time workers,I,CZE,Czechia,MR_WG_FT,Minimum relative to average wages of full-time workers,PT_WG_A_SAL_FT,Percentage of average wage of full-time employees,_Z,Not applicable,_Z,Not applicable,MEAN,Mean,_Z,Not applicable,2001,,30.57542958,,_Z,,A,Normal value,0,Units,2,Two
DATAFLOW,OECD.ELS.SAE:DSD_EARNINGS@MIN2AVE(1.0),Minimum relative to average wages of full-time workers,I,CZE,Czechia,MR_WG_FT,Minimum relative to average wages of full-time workers,PT_WG_A_SAL_FT,Percentage of average wage of full-time employees,_Z,Not applicable,_Z,Not applicable,MEAN,Mean,_Z,Not applicable,2002,,33.77293229,,_Z,,A,Normal value,0,Units,2,Two
DATAFLOW,OECD.ELS.SAE:DSD_EARNINGS@MIN2AVE(1.0),Minimum relative to average wages of full-time workers,I,CZE,Czechia,MR_WG_FT,Minimum relative to average wages of full-time workers,PT_WG_A_SAL_FT,Percentage of average wage of full-time employees,_Z,Not applicable,_Z,Not applicable,MEAN,Mean,_Z,Not applicable,2003,,34.14271047,,_Z,,A,Normal value,0,Units,2,Two
DATAFLOW,OECD.ELS.SAE:DSD_EARNINGS@MIN2AVE(1.0),Minimum relative to average wages of full-time workers,I,CZE,Czechia,MR_WG_FT,Minimum relative to average wages of full-time workers,PT_WG_A_SAL_FT,Percentage of average wage of full-time employees,_Z,Not applicable,_Z,Not applicable,MEAN,Mean,_Z,Not applicable,2004,,35.03681945,,_Z,,A,Normal value,0,Units,2,Two
DATAFLOW,OECD.ELS.SAE:DSD_EARNINGS@MIN2AVE(1.0),Minimum relative to average wages of full-time workers,I,CZE,Czechia,MR_WG_FT,Minimum relative to average wages of full-time workers,PT_WG_A_SAL_FT,Percentage of average wage of full-time employees,_Z,Not applicable,_Z,Not applicable,MEAN,Mean,_Z,Not applicable,2005,,35.61659835,,_Z,,A,Normal value,0,Units,2,Two
DATAFLOW,OECD.ELS.SAE:DSD_EARNINGS@MIN2AVE(1.0),Minimum relative to average wages of full-time workers,I,CZE,Czechia,MR_WG_FT,Minimum relative to average wages of full-time workers,PT_WG_A_SAL_FT,Percentage of average wage of full-time employees,_Z,Not applicable,_Z,Not applicable,MEAN,Mean,_Z,Not applicable,2006,,36.40600466,,_Z,,A,Normal value,0,Units,2,Two
DATAFLOW,OECD.ELS.SAE:DSD_EARNINGS@MIN2AVE(1.0),Minimum relative to average wages of full-time workers,I,CZE,Czechia,MR_WG_FT,Minimum relative to average wages of full-time workers,PT_WG_A_SAL_FT,Percentage of average wage of full-time employees,_Z,Not applicable,_Z,Not applicable,MEAN,Mean,_Z,Not applicable,2007,,34.9334949,,_Z,,A,Normal value,0,Units,2,Two
DATAFLOW,OECD.ELS.SAE:DSD_EARNINGS@MIN2AVE(1.0),Minimum relative to average wages of full-time workers,I,CZE,Czechia,MR_WG_FT,Minimum relative to average wages of full-time workers,PT_WG_A_SAL_FT,Percentage of average wage of full-time employees,_Z,Not applicable,_Z,Not applicable,MEAN,Mean,_Z,Not applicable,2008,,32.61997877,,_Z,,A,Normal value,0,Units,2,Two
DATAFLOW,OECD.ELS.SAE:DSD_EARNINGS@MIN2AVE(1.0),Minimum relative to average wages of full-time workers,I,CZE,Czechia,MR_WG_FT,Minimum relative to average wages of full-time workers,PT_WG_A_SAL_FT,Percentage of average wage of full-time employees,_Z,Not applicable,_Z,Not applicable,MEAN,Mean,_Z,Not applicable,2009,,32.21946889,,_Z,,A,Normal value,0,Units,2,Two
DATAFLOW,OECD.ELS.SAE:DSD_EARNINGS@MIN2AVE(1.0),Minimum relative to average wages of full-time workers,I,CZE,Czechia,MR_WG_FT,Minimum relative to average wages of full-time workers,PT_WG_A_SAL_FT,Percentage of average wage of full-time employees,_Z,Not applicable,_Z,Not applicable,MEAN,Mean,_Z,Not applicable,2010,,31.97455895,,_Z,,A,Normal value,0,Units,2,Two
DATAFLOW,OECD.ELS.SAE:DSD_EARNINGS@MIN2AVE(1.0),Minimum relative to average wages of full-time workers,I,CZE,Czechia,MR_WG_FT,Minimum relative to average wages of full-time workers,PT_WG_A_SAL_FT,Percentage of average wage of full-time employees,_Z,Not applicable,_Z,Not applicable,MEAN,Mean,_Z,Not applicable,2011,,31.33943503,,_Z,,A,Normal value,0,Units,2,Two
DATAFLOW,OECD.ELS.SAE:DSD_EARNINGS@MIN2AVE(1.0),Minimum relative to average wages of full-time workers,I,CZE,Czechia,MR_WG_FT,Minimum relative to average wages of full-time workers,PT_WG_A_SAL_FT,Percentage of average wage of full-time employees,_Z,Not applicable,_Z,Not applicable,MEAN,Mean,_Z,Not applicable,2012,,30.73022702,,_Z,,A,Normal value,0,Units,2,Two
DATAFLOW,OECD.ELS.SAE:DSD_EARNINGS@MIN2AVE(1.0),Minimum relative to average wages of full-time workers,I,CZE,Czechia,MR_WG_FT,Minimum relative to average wages of full-time workers,PT_WG_A_SAL_FT,Percentage of average wage of full-time employees,_Z,Not applicable,_Z,Not applicable,MEAN,Mean,_Z,Not applicable,2013,,31.31624127,,_Z,,A,Normal value,0,Units,2,Two
DATAFLOW,OECD.ELS.SAE:DSD_EARNINGS@MIN2AVE(1.0),Minimum relative to average wages of full-time workers,I,CZE,Czechia,MR_WG_FT,Minimum relative to average wages of full-time workers,PT_WG_A_SAL_FT,Percentage of average wage of full-time employees,_Z,Not applicable,_Z,Not applicable,MEAN,Mean,_Z,Not applicable,2014,,31.71405119,,_Z,,A,Normal value,0,Units,2,Two
DATAFLOW,OECD.ELS.SAE:DSD_EARNINGS@MIN2AVE(1.0),Minimum relative to average wages of full-time workers,I,CZE,Czechia,MR_WG_FT,Minimum relative to average wages of full-time workers,PT_WG_A_SAL_FT,Percentage of average wage of full-time employees,_Z,Not applicable,_Z,Not applicable,MEAN,Mean,_Z,Not applicable,2015,,33.0804358,,_Z,,A,Normal value,0,Units,2,Two
DATAFLOW,OECD.ELS.SAE:DSD_EARNINGS@MIN2AVE(1.0),Minimum relative to average wages of full-time workers,I,CZE,Czechia,MR_WG_FT,Minimum relative to average wages of full-time workers,PT_WG_A_SAL_FT,Percentage of average wage of full-time employees,_Z,Not applicable,_Z,Not applicable,MEAN,Mean,_Z,Not applicable,2016,,34.07213656,,_Z,,A,Normal value,0,Units,2,Two
DATAFLOW,OECD.ELS.SAE:DSD_EARNINGS@MIN2AVE(1.0),Minimum relative to average wages of full-time workers,I,CZE,Czechia,MR_WG_FT,Minimum relative to average wages of full-time workers,PT_WG_A_SAL_FT,Percentage of average wage of full-time employees,_Z,Not applicable,_Z,Not applicable,MEAN,Mean,_Z,Not applicable,2017,,35.35954225,,_Z,,A,Normal value,0,Units,2,Two
DATAFLOW,OECD.ELS.SAE:DSD_EARNINGS@MIN2AVE(1.0),Minimum relative to average wages of full-time workers,I,CZE,Czechia,MR_WG_FT,Minimum relative to average wages of full-time workers,PT_WG_A_SAL_FT,Percentage of average wage of full-time employees,_Z,Not applicable,_Z,Not applicable,MEAN,Mean,_Z,Not applicable,2018,,36.21897637,,_Z,,A,Normal value,0,Units,2,Two
DATAFLOW,OECD.ELS.SAE:DSD_EARNINGS@MIN2AVE(1.0),Minimum relative to average wages of full-time workers,I,CZE,Czechia,MR_WG_FT,Minimum relative to average wages of full-time workers,PT_WG_A_SAL_FT,Percentage of average wage of full-time employees,_Z,Not applicable,_Z,Not applicable,MEAN,Mean,_Z,Not applicable,2019,,37.15323646,,_Z,,A,Normal value,0,Units,2,Two
DATAFLOW,OECD.ELS.SAE:DSD_EARNINGS@MIN2AVE(1.0),Minimum relative to average wages of full-time workers,I,CZE,Czechia,MR_WG_FT,Minimum relative to average wages of full-time workers,PT_WG_A_SAL_FT,Percentage of average wage of full-time employees,_Z,Not applicable,_Z,Not applicable,MEAN,Mean,_Z,Not applicable,2020,,37.89550186,,_Z,,A,Normal value,0,Units,2,Two
DATAFLOW,OECD.ELS.SAE:DSD_EARNINGS@MIN2AVE(1.0),Minimum relative to average wages of full-time workers,I,CZE,Czechia,MR_WG_FT,Minimum relative to average wages of full-time workers,PT_WG_A_SAL_FT,Percentage of average wage of full-time employees,_Z,Not applicable,_Z,Not applicable,MEAN,Mean,_Z,Not applicable,2021,,37.27591534,,_Z,,A,Normal value,0,Units,2,Two
DATAFLOW,OECD.ELS.SAE:DSD_EARNINGS@MIN2AVE(1.0),Minimum relative to average wages of full-time workers,I,CZE,Czechia,MR_WG_FT,Minimum relative to average wages of full-time workers,PT_WG_A_SAL_FT,Percentage of average wage of full-time employees,_Z,Not applicable,_Z,Not applicable,MEAN,Mean,_Z,Not applicable,2022,,37.31601133,,_Z,,A,Normal value,0,Units,2,Two
DATAFLOW,OECD.ELS.SAE:DSD_EARNINGS@MIN2AVE(1.0),Minimum relative to average wages of full-time workers,I,CZE,Czechia,MR_WG_FT,Minimum relative to average wages of full-time workers,PT_WG_A_SAL_FT,Percentage of average wage of full-time employees,_Z,Not applicable,_Z,Not applicable,MEAN,Mean,_Z,Not applicable,2023,,37.66847388,,_Z,,A,Normal value,0,Units,2,Two
DATAFLOW,OECD.ELS.SAE:DSD_EARNINGS@MIN2AVE(1.0),Minimum relative to average wages of full-time workers,I,CZE,Czechia,MR_WG_FT,Minimum relative to average wages of full-time workers,PT_WG_A_SAL_FT,Percentage of average wage of full-time employees,_Z,Not applicable,_Z,Not applicable,MEAN,Mean,_Z,Not applicable,2024,,38.62187347,,_Z,,A,Normal value,0,Units,2,Two
DATAFLOW,OECD.ELS.SAE:DSD_EARNINGS@MIN2AVE(1.0),Minimum relative to average wages of full-time workers,I,EST,Estonia,MR_WG_FT,Minimum relative to average wages of full-time workers,PT_WG_A_SAL_FT,Percentage of average wage of full-time employees,_Z,Not applicable,_Z,Not applicable,MEAN,Mean,_Z,Not applicable,1999,,27.0505079,,_Z,,A,Normal value,0,Units,2,Two
DATAFLOW,OECD.ELS.SAE:DSD_EARNINGS@MIN2AVE(1.0),Minimum relative to average wages of full-time workers,I,EST,Estonia,MR_WG_FT,Minimum relative to average wages of full-time workers,PT_WG_A_SAL_FT,Percentage of average wage of full-time employees,_Z,Not applicable,_Z,Not applicable,MEAN,Mean,_Z,Not applicable,2000,,27.53834316,,_Z,,A,Normal value,0,Units,2,Two
DATAFLOW,OECD.ELS.SAE:DSD_EARNINGS@MIN2AVE(1.0),Minimum relative to average wages of full-time workers,I,EST,Estonia,MR_WG_FT,Minimum relative to average wages of full-time workers,PT_WG_A_SAL_FT,Percentage of average wage of full-time employees,_Z,Not applicable,_Z,Not applicable,MEAN,Mean,_Z,Not applicable,2001,,28.11869844,,_Z,,A,Normal value,0,Units,2,Two
DATAFLOW,OECD.ELS.SAE:DSD_EARNINGS@MIN2AVE(1.0),Minimum relative to average wages of full-time workers,I,EST,Estonia,MR_WG_FT,Minimum relative to average wages of full-time workers,PT_WG_A_SAL_FT,Percentage of average wage of full-time employees,_Z,Not applicable,_Z,Not applicable,MEAN,Mean,_Z,Not applicable,2002,,29.70148629,,_Z,,A,Normal value,0,Units,2,Two
DATAFLOW,OECD.ELS.SAE:DSD_EARNINGS@MIN2AVE(1.0),Minimum relative to average wages of full-time workers,I,EST,Estonia,MR_WG_FT,Minimum relative to average wages of full-time workers,PT_WG_A_SAL_FT,Percentage of average wage of full-time employees,_Z,Not applicable,_Z,Not applicable,MEAN,Mean,_Z,Not applicable,2003,,31.68687835,,_Z,,A,Normal value,0,Units,2,Two
DATAFLOW,OECD.ELS.SAE:DSD_EARNINGS@MIN2AVE(1.0),Minimum relative to average wages of full-time workers,I,EST,Estonia,MR_WG_FT,Minimum relative to average wages of full-time workers,PT_WG_A_SAL_FT,Percentage of average wage of full-time employees,_Z,Not applicable,_Z,Not applicable,MEAN,Mean,_Z,Not applicable,2004,,33.6519816,,_Z,,A,Normal value,0,Units,2,Two
DATAFLOW,OECD.ELS.SAE:DSD_EARNINGS@MIN2AVE(1.0),Minimum relative to average wages of full-time workers,I,EST,Estonia,MR_WG_FT,Minimum relative to average wages of full-time workers,PT_WG_A_SAL_FT,Percentage of average wage of full-time employees,_Z,Not applicable,_Z,Not applicable,MEAN,Mean,_Z,Not applicable,2005,,32.36188235,,_Z,,A,Normal value,0,Units,2,Two
DATAFLOW,OECD.ELS.SAE:DSD_EARNINGS@MIN2AVE(1.0),Minimum relative to average wages of full-time workers,I,EST,Estonia,MR_WG_FT,Minimum relative to average wages of full-time workers,PT_WG_A_SAL_FT,Percentage of average wage of full-time employees,_Z,Not applicable,_Z,Not applicable,MEAN,Mean,_Z,Not applicable,2006,,30.24688437,,_Z,,A,Normal value,0,Units,2,Two
DATAFLOW,OECD.ELS.SAE:DSD_EARNINGS@MIN2AVE(1.0),Minimum relative to average wages of full-time workers,I,EST,Estonia,MR_WG_FT,Minimum relative to average wages of full-time workers,PT_WG_A_SAL_FT,Percentage of average wage of full-time employees,_Z,Not applicable,_Z,Not applicable,MEAN,Mean,_Z,Not applicable,2007,,29.76322916,,_Z,,A,Normal value,0,Units,2,Two
DATAFLOW,OECD.ELS.SAE:DSD_EARNINGS@MIN2AVE(1.0),Minimum relative to average wages of full-time workers,I,EST,Estonia,MR_WG_FT,Minimum relative to average wages of full-time workers,PT_WG_A_SAL_FT,Percentage of average wage of full-time employees,_Z,Not applicable,_Z,Not applicable,MEAN,Mean,_Z,Not applicable,2008,,32.41448931,,_Z,,A,Normal value,0,Units,2,Two
DATAFLOW,OECD.ELS.SAE:DSD_EARNINGS@MIN2AVE(1.0),Minimum relative to average wages of full-time workers,I,EST,Estonia,MR_WG_FT,Minimum relative to average wages of full-time workers,PT_WG_A_SAL_FT,Percentage of average wage of full-time employees,_Z,Not applicable,_Z,Not applicable,MEAN,Mean,_Z,Not applicable,2009,,34.12741482,,_Z,,A,Normal value,0,Units,2,Two
DATAFLOW,OECD.ELS.SAE:DSD_EARNINGS@MIN2AVE(1.0),Minimum relative to average wages of full-time workers,I,EST,Estonia,MR_WG_FT,Minimum relative to average wages of full-time workers,PT_WG_A_SAL_FT,Percentage of average wage of full-time employees,_Z,Not applicable,_Z,Not applicable,MEAN,Mean,_Z,Not applicable,2010,,33.9457672,,_Z,,A,Normal value,0,Units,2,Two
DATAFLOW,OECD.ELS.SAE:DSD_EARNINGS@MIN2AVE(1.0),Minimum relative to average wages of full-time workers,I,EST,Estonia,MR_WG_FT,Minimum relative to average wages of full-time workers,PT_WG_A_SAL_FT,Percentage of average wage of full-time employees,_Z,Not applicable,_Z,Not applicable,MEAN,Mean,_Z,Not applicable,2011,,32.05669941,,_Z,,A,Normal value,0,Units,2,Two
DATAFLOW,OECD.ELS.SAE:DSD_EARNINGS@MIN2AVE(1.0),Minimum relative to average wages of full-time workers,I,EST,Estonia,MR_WG_FT,Minimum relative to average wages of full-time workers,PT_WG_A_SAL_FT,Percentage of average wage of full-time employees,_Z,Not applicable,_Z,Not applicable,MEAN,Mean,_Z,Not applicable,2012,,31.63237395,,_Z,,A,Normal value,0,Units,2,Two
DATAFLOW,OECD.ELS.SAE:DSD_EARNINGS@MIN2AVE(1.0),Minimum relative to average wages of full-time workers,I,EST,Estonia,MR_WG_FT,Minimum relative to average wages of full-time workers,PT_WG_A_SAL_FT,Percentage of average wage of full-time employees,_Z,Not applicable,_Z,Not applicable,MEAN,Mean,_Z,Not applicable,2013,,32.62142424,,_Z,,A,Normal value,0,Units,2,Two
DATAFLOW,OECD.ELS.SAE:DSD_EARNINGS@MIN2AVE(1.0),Minimum relative to average wages of full-time workers,I,EST,Estonia,MR_WG_FT,Minimum relative to average wages of full-time workers,PT_WG_A_SAL_FT,Percentage of average wage of full-time employees,_Z,Not applicable,_Z,Not applicable,MEAN,Mean,_Z,Not applicable,2014,,34.03922979,,_Z,,A,Normal value,0,Units,2,Two
DATAFLOW,OECD.ELS.SAE:DSD_EARNINGS@MIN2AVE(1.0),Minimum relative to average wages of full-time workers,I,EST,Estonia,MR_WG_FT,Minimum relative to average wages of full-time workers,PT_WG_A_SAL_FT,Percentage of average wage of full-time employees,_Z,Not applicable,_Z,Not applicable,MEAN,Mean,_Z,Not applicable,2015,,35.28455858,,_Z,,A,Normal value,0,Units,2,Two
DATAFLOW,OECD.ELS.SAE:DSD_EARNINGS@MIN2AVE(1.0),Minimum relative to average wages of full-time workers,I,EST,Estonia,MR_WG_FT,Minimum relative to average wages of full-time workers,PT_WG_A_SAL_FT,Percentage of average wage of full-time employees,_Z,Not applicable,_Z,Not applicable,MEAN,Mean,_Z,Not applicable,2016,,36.15455881,,_Z,,A,Normal value,0,Units,2,Two
DATAFLOW,OECD.ELS.SAE:DSD_EARNINGS@MIN2AVE(1.0),Minimum relative to average wages of full-time workers,I,EST,Estonia,MR_WG_FT,Minimum relative to average wages of full-time workers,PT_WG_A_SAL_FT,Percentage of average wage of full-time employees,_Z,Not applicable,_Z,Not applicable,MEAN,Mean,_Z,Not applicable,2017,,37.09113367,,_Z,,A,Normal value,0,Units,2,Two
DATAFLOW,OECD.ELS.SAE:DSD_EARNINGS@MIN2AVE(1.0),Minimum relative to average wages of full-time workers,I,EST,Estonia,MR_WG_FT,Minimum relative to average wages of full-time workers,PT_WG_A_SAL_FT,Percentage of average wage of full-time employees,_Z,Not applicable,_Z,Not applicable,MEAN,Mean,_Z,Not applicable,2018,,36.77735247,,_Z,,A,Normal value,0,Units,2,Two
DATAFLOW,OECD.ELS.SAE:DSD_EARNINGS@MIN2AVE(1.0),Minimum relative to average wages of full-time workers,I,EST,Estonia,MR_WG_FT,Minimum relative to average wages of full-time workers,PT_WG_A_SAL_FT,Percentage of average wage of full-time employees,_Z,Not applicable,_Z,Not applicable,MEAN,Mean,_Z,Not applicable,2019,,36.98123545,,_Z,,A,Normal value,0,Units,2,Two
DATAFLOW,OECD.ELS.SAE:DSD_EARNINGS@MIN2AVE(1.0),Minimum relative to average wages of full-time workers,I,EST,Estonia,MR_WG_FT,Minimum relative to average wages of full-time workers,PT_WG_A_SAL_FT,Percentage of average wage of full-time employees,_Z,Not applicable,_Z,Not applicable,MEAN,Mean,_Z,Not applicable,2020,,38.86207974,,_Z,,A,Normal value,0,Units,2,Two
DATAFLOW,OECD.ELS.SAE:DSD_EARNINGS@MIN2AVE(1.0),Minimum relative to average wages of full-time workers,I,EST,Estonia,MR_WG_FT,Minimum relative to average wages of full-time workers,PT_WG_A_SAL_FT,Percentage of average wage of full-time employees,_Z,Not applicable,_Z,Not applicable,MEAN,Mean,_Z,Not applicable,2021,,36.35160947,,_Z,,A,Normal value,0,Units,2,Two
DATAFLOW,OECD.ELS.SAE:DSD_EARNINGS@MIN2AVE(1.0),Minimum relative to average wages of full-time workers,I,EST,Estonia,MR_WG_FT,Minimum relative to average wages of full-time workers,PT_WG_A_SAL_FT,Percentage of average wage of full-time employees,_Z,Not applicable,_Z,Not applicable,MEAN,Mean,_Z,Not applicable,2022,,34.33309084,,_Z,,A,Normal value,0,Units,2,Two
DATAFLOW,OECD.ELS.SAE:DSD_EARNINGS@MIN2AVE(1.0),Minimum relative to average wages of full-time workers,I,EST,Estonia,MR_WG_FT,Minimum relative to average wages of full-time workers,PT_WG_A_SAL_FT,Percentage of average wage of full-time employees,_Z,Not applicable,_Z,Not applicable,MEAN,Mean,_Z,Not applicable,2023,,34.17539901,,_Z,,A,Normal value,0,Units,2,Two
DATAFLOW,OECD.ELS.SAE:DSD_EARNINGS@MIN2AVE(1.0),Minimum relative to average wages of full-time workers,I,EST,Estonia,MR_WG_FT,Minimum relative to average wages of full-time workers,PT_WG_A_SAL_FT,Percentage of average wage of full-time employees,_Z,Not applicable,_Z,Not applicable,MEAN,Mean,_Z,Not applicable,2024,,35.74624547,,_Z,,A,Normal value,0,Units,2,Two
DATAFLOW,OECD.ELS.SAE:DSD_EARNINGS@MIN2AVE(1.0),Minimum relative to average wages of full-time workers,I,DEU,Germany,MR_WG_FT,Minimum relative to average wages of full-time workers,PT_WG_A_SAL_FT,Percentage of average wage of full-time employees,_Z,Not applicable,_Z,Not applicable,MEAN,Mean,_Z,Not applicable,2015,,42.55411049,,_Z,,A,Normal value,0,Units,2,Two
DATAFLOW,OECD.ELS.SAE:DSD_EARNINGS@MIN2AVE(1.0),Minimum relative to average wages of full-time workers,I,DEU,Germany,MR_WG_FT,Minimum relative to average wages of full-time workers,PT_WG_A_SAL_FT,Percentage of average wage of full-time employees,_Z,Not applicable,_Z,Not applicable,MEAN,Mean,_Z,Not applicable,2016,,41.88193294,,_Z,,A,Normal value,0,Units,2,Two
DATAFLOW,OECD.ELS.SAE:DSD_EARNINGS@MIN2AVE(1.0),Minimum relative to average wages of full-time workers,I,DEU,Germany,MR_WG_FT,Minimum relative to average wages of full-time workers,PT_WG_A_SAL_FT,Percentage of average wage of full-time employees,_Z,Not applicable,_Z,Not applicable,MEAN,Mean,_Z,Not applicable,2017,,42.80460446,,_Z,,A,Normal value,0,Units,2,Two
DATAFLOW,OECD.ELS.SAE:DSD_EARNINGS@MIN2AVE(1.0),Minimum relative to average wages of full-time workers,I,DEU,Germany,MR_WG_FT,Minimum relative to average wages of full-time workers,PT_WG_A_SAL_FT,Percentage of average wage of full-time employees,_Z,Not applicable,_Z,Not applicable,MEAN,Mean,_Z,Not applicable,2018,,41.23910473,,_Z,,A,Normal value,0,Units,2,Two
DATAFLOW,OECD.ELS.SAE:DSD_EARNINGS@MIN2AVE(1.0),Minimum relative to average wages of full-time workers,I,DEU,Germany,MR_WG_FT,Minimum relative to average wages of full-time workers,PT_WG_A_SAL_FT,Percentage of average wage of full-time employees,_Z,Not applicable,_Z,Not applicable,MEAN,Mean,_Z,Not applicable,2019,,41.79811257,,_Z,,A,Normal value,0,Units,2,Two
DATAFLOW,OECD.ELS.SAE:DSD_EARNINGS@MIN2AVE(1.0),Minimum relative to average wages of full-time workers,I,DEU,Germany,MR_WG_FT,Minimum relative to average wages of full-time workers,PT_WG_A_SAL_FT,Percentage of average wage of full-time employees,_Z,Not applicable,_Z,Not applicable,MEAN,Mean,_Z,Not applicable,2020,,41.15578165,,_Z,,A,Normal value,0,Units,2,Two
DATAFLOW,OECD.ELS.SAE:DSD_EARNINGS@MIN2AVE(1.0),Minimum relative to average wages of full-time workers,I,DEU,Germany,MR_WG_FT,Minimum relative to average wages of full-time workers,PT_WG_A_SAL_FT,Percentage of average wage of full-time employees,_Z,Not applicable,_Z,Not applicable,MEAN,Mean,_Z,Not applicable,2021,,39.49386698,,_Z,,A,Normal value,0,Units,2,Two
DATAFLOW,OECD.ELS.SAE:DSD_EARNINGS@MIN2AVE(1.0),Minimum relative to average wages of full-time workers,I,DEU,Germany,MR_WG_FT,Minimum relative to average wages of full-time workers,PT_WG_A_SAL_FT,Percentage of average wage of full-time employees,_Z,Not applicable,_Z,Not applicable,MEAN,Mean,_Z,Not applicable,2022,,42.11531207,,_Z,,A,Normal value,0,Units,2,Two
DATAFLOW,OECD.ELS.SAE:DSD_EARNINGS@MIN2AVE(1.0),Minimum relative to average wages of full-time workers,I,DEU,Germany,MR_WG_FT,Minimum relative to average wages of full-time workers,PT_WG_A_SAL_FT,Percentage of average wage of full-time employees,_Z,Not applicable,_Z,Not applicable,MEAN,Mean,_Z,Not applicable,2023,,45.13221451,,_Z,,A,Normal value,0,Units,2,Two
DATAFLOW,OECD.ELS.SAE:DSD_EARNINGS@MIN2AVE(1.0),Minimum relative to average wages of full-time workers,I,DEU,Germany,MR_WG_FT,Minimum relative to average wages of full-time workers,PT_WG_A_SAL_FT,Percentage of average wage of full-time employees,_Z,Not applicable,_Z,Not applicable,MEAN,Mean,_Z,Not applicable,2024,,46.81500796,,_Z,,A,Normal value,0,Units,2,Two
DATAFLOW,OECD.ELS.SAE:DSD_EARNINGS@MIN2AVE(1.0),Minimum relative to average wages of full-time workers,I,GRC,Greece,MR_WG_FT,Minimum relative to average wages of full-time workers,PT_WG_A_SAL_FT,Percentage of average wage of full-time employees,_Z,Not applicable,_Z,Not applicable,MEAN,Mean,_Z,Not applicable,1962,,54.33333333,,_Z,,A,Normal value,0,Units,2,Two
DATAFLOW,OECD.ELS.SAE:DSD_EARNINGS@MIN2AVE(1.0),Minimum relative to average wages of full-time workers,I,GRC,Greece,MR_WG_FT,Minimum relative to average wages of full-time workers,PT_WG_A_SAL_FT,Percentage of average wage of full-time employees,_Z,Not applicable,_Z,Not applicable,MEAN,Mean,_Z,Not applicable,1963,,56.33333333,,_Z,,A,Normal value,0,Units,2,Two
DATAFLOW,OECD.ELS.SAE:DSD_EARNINGS@MIN2AVE(1.0),Minimum relative to average wages of full-time workers,I,GRC,Greece,MR_WG_FT,Minimum relative to average wages of full-time workers,PT_WG_A_SAL_FT,Percentage of average wage of full-time employees,_Z,Not applicable,_Z,Not applicable,MEAN,Mean,_Z,Not applicable,1964,,53.85714286,,_Z,,A,Normal value,0,Units,2,Two
DATAFLOW,OECD.ELS.SAE:DSD_EARNINGS@MIN2AVE(1.0),Minimum relative to average wages of full-time workers,I,GRC,Greece,MR_WG_FT,Minimum relative to average wages of full-time workers,PT_WG_A_SAL_FT,Percentage of average wage of full-time employees,_Z,Not applicable,_Z,Not applicable,MEAN,Mean,_Z,Not applicable,1965,,47.125,,_Z,,A,Normal value,0,Units,2,Two
DATAFLOW,OECD.ELS.SAE:DSD_EARNINGS@MIN2AVE(1.0),Minimum relative to average wages of full-time workers,I,GRC,Greece,MR_WG_FT,Minimum relative to average wages of full-time workers,PT_WG_A_SAL_FT,Percentage of average wage of full-time employees,_Z,Not applicable,_Z,Not applicable,MEAN,Mean,_Z,Not applicable,1966,,49.44444444,,_Z,,A,Normal value,0,Units,2,Two
DATAFLOW,OECD.ELS.SAE:DSD_EARNINGS@MIN2AVE(1.0),Minimum relative to average wages of full-time workers,I,GRC,Greece,MR_WG_FT,Minimum relative to average wages of full-time workers,PT_WG_A_SAL_FT,Percentage of average wage of full-time employees,_Z,Not applicable,_Z,Not applicable,MEAN,Mean,_Z,Not applicable,1967,,49.6,,_Z,,A,Normal value,0,Units,2,Two
DATAFLOW,OECD.ELS.SAE:DSD_EARNINGS@MIN2AVE(1.0),Minimum relative to average wages of full-time workers,I,GRC,Greece,MR_WG_FT,Minimum relative to average wages of full-time workers,PT_WG_A_SAL_FT,Percentage of average wage of full-time employees,_Z,Not applicable,_Z,Not applicable,MEAN,Mean,_Z,Not applicable,1968,,59.9,,_Z,,A,Normal value,0,Units,2,Two
DATAFLOW,OECD.ELS.SAE:DSD_EARNINGS@MIN2AVE(1.0),Minimum relative to average wages of full-time workers,I,GRC,Greece,MR_WG_FT,Minimum relative to average wages of full-time workers,PT_WG_A_SAL_FT,Percentage of average wage of full-time employees,_Z,Not applicable,_Z,Not applicable,MEAN,Mean,_Z,Not applicable,1969,,51.66666667,,_Z,,A,Normal value,0,Units,2,Two
DATAFLOW,OECD.ELS.SAE:DSD_EARNINGS@MIN2AVE(1.0),Minimum relative to average wages of full-time workers,I,GRC,Greece,MR_WG_FT,Minimum relative to average wages of full-time workers,PT_WG_A_SAL_FT,Percentage of average wage of full-time employees,_Z,Not applicable,_Z,Not applicable,MEAN,Mean,_Z,Not applicable,1970,,61,,_Z,,A,Normal value,0,Units,2,Two
DATAFLOW,OECD.ELS.SAE:DSD_EARNINGS@MIN2AVE(1.0),Minimum relative to average wages of full-time workers,I,GRC,Greece,MR_WG_FT,Minimum relative to average wages of full-time workers,PT_WG_A_SAL_FT,Percentage of average wage of full-time employees,_Z,Not applicable,_Z,Not applicable,MEAN,Mean,_Z,Not applicable,1971,,58.61538462,,_Z,,A,Normal value,0,Units,2,Two
DATAFLOW,OECD.ELS.SAE:DSD_EARNINGS@MIN2AVE(1.0),Minimum relative to average wages of full-time workers,I,GRC,Greece,MR_WG_FT,Minimum relative to average wages of full-time workers,PT_WG_A_SAL_FT,Percentage of average wage of full-time employees,_Z,Not applicable,_Z,Not applicable,MEAN,Mean,_Z,Not applicable,1972,,53.66666667,,_Z,,A,Normal value,0,Units,2,Two
DATAFLOW,OECD.ELS.SAE:DSD_EARNINGS@MIN2AVE(1.0),Minimum relative to average wages of full-time workers,I,GRC,Greece,MR_WG_FT,Minimum relative to average wages of full-time workers,PT_WG_A_SAL_FT,Percentage of average wage of full-time employees,_Z,Not applicable,_Z,Not applicable,MEAN,Mean,_Z,Not applicable,1973,,53.64705882,,_Z,,A,Normal value,0,Units,2,Two
DATAFLOW,OECD.ELS.SAE:DSD_EARNINGS@MIN2AVE(1.0),Minimum relative to average wages of full-time workers,I,GRC,Greece,MR_WG_FT,Minimum relative to average wages of full-time workers,PT_WG_A_SAL_FT,Percentage of average wage of full-time employees,_Z,Not applicable,_Z,Not applicable,MEAN,Mean,_Z,Not applicable,1974,,57.61904762,,_Z,,A,Normal value,0,Units,2,Two
DATAFLOW,OECD.ELS.SAE:DSD_EARNINGS@MIN2AVE(1.0),Minimum relative to average wages of full-time workers,I,GRC,Greece,MR_WG_FT,Minimum relative to average wages of full-time workers,PT_WG_A_SAL_FT,Percentage of average wage of full-time employees,_Z,Not applicable,_Z,Not applicable,MEAN,Mean,_Z,Not applicable,1975,,54.44444444,,_Z,,A,Normal value,0,Units,2,Two
DATAFLOW,OECD.ELS.SAE:DSD_EARNINGS@MIN2AVE(1.0),Minimum relative to average wages of full-time workers,I,GRC,Greece,MR_WG_FT,Minimum relative to average wages of full-time workers,PT_WG_A_SAL_FT,Percentage of average wage of full-time employees,_Z,Not applicable,_Z,Not applicable,MEAN,Mean,_Z,Not applicable,1976,,51.44117647,,_Z,,A,Normal value,0,Units,2,Two
DATAFLOW,OECD.ELS.SAE:DSD_EARNINGS@MIN2AVE(1.0),Minimum relative to average wages of full-time workers,I,GRC,Greece,MR_WG_FT,Minimum relative to average wages of full-time workers,PT_WG_A_SAL_FT,Percentage of average wage of full-time employees,_Z,Not applicable,_Z,Not applicable,MEAN,Mean,_Z,Not applicable,1977,,49.46341463,,_Z,,A,Normal value,0,Units,2,Two
DATAFLOW,OECD.ELS.SAE:DSD_EARNINGS@MIN2AVE(1.0),Minimum relative to average wages of full-time workers,I,GRC,Greece,MR_WG_FT,Minimum relative to average wages of full-time workers,PT_WG_A_SAL_FT,Percentage of average wage of full-time employees,_Z,Not applicable,_Z,Not applicable,MEAN,Mean,_Z,Not applicable,1978,,49.01960784,,_Z,,A,Normal value,0,Units,2,Two
DATAFLOW,OECD.ELS.SAE:DSD_EARNINGS@MIN2AVE(1.0),Minimum relative to average wages of full-time workers,I,GRC,Greece,MR_WG_FT,Minimum relative to average wages of full-time workers,PT_WG_A_SAL_FT,Percentage of average wage of full-time employees,_Z,Not applicable,_Z,Not applicable,MEAN,Mean,_Z,Not applicable,1979,,46.85483871,,_Z,,A,Normal value,0,Units,2,Two
DATAFLOW,OECD.ELS.SAE:DSD_EARNINGS@MIN2AVE(1.0),Minimum relative to average wages of full-time workers,I,GRC,Greece,MR_WG_FT,Minimum relative to average wages of full-time workers,PT_WG_A_SAL_FT,Percentage of average wage of full-time employees,_Z,Not applicable,_Z,Not applicable,MEAN,Mean,_Z,Not applicable,1980,,44.94871795,,_Z,,A,Normal value,0,Units,2,Two
DATAFLOW,OECD.ELS.SAE:DSD_EARNINGS@MIN2AVE(1.0),Minimum relative to average wages of full-time workers,I,GRC,Greece,MR_WG_FT,Minimum relative to average wages of full-time workers,PT_WG_A_SAL_FT,Percentage of average wage of full-time employees,_Z,Not applicable,_Z,Not applicable,MEAN,Mean,_Z,Not applicable,1981,,43.64,,_Z,,A,Normal value,0,Units,2,Two
DATAFLOW,OECD.ELS.SAE:DSD_EARNINGS@MIN2AVE(1.0),Minimum relative to average wages of full-time workers,I,GRC,Greece,MR_WG_FT,Minimum relative to average wages of full-time workers,PT_WG_A_SAL_FT,Percentage of average wage of full-time employees,_Z,Not applicable,_Z,Not applicable,MEAN,Mean,_Z,Not applicable,1982,,50.5037594,,_Z,,A,Normal value,0,Units,2,Two
DATAFLOW,OECD.ELS.SAE:DSD_EARNINGS@MIN2AVE(1.0),Minimum relative to average wages of full-time workers,I,GRC,Greece,MR_WG_FT,Minimum relative to average wages of full-time workers,PT_WG_A_SAL_FT,Percentage of average wage of full-time employees,_Z,Not applicable,_Z,Not applicable,MEAN,Mean,_Z,Not applicable,1983,,48.62264151,,_Z,,A,Normal value,0,Units,2,Two
DATAFLOW,OECD.ELS.SAE:DSD_EARNINGS@MIN2AVE(1.0),Minimum relative to average wages of full-time workers,I,GRC,Greece,MR_WG_FT,Minimum relative to average wages of full-time workers,PT_WG_A_SAL_FT,Percentage of average wage of full-time employees,_Z,Not applicable,_Z,Not applicable,MEAN,Mean,_Z,Not applicable,1984,,48.48756219,,_Z,,A,Normal value,0,Units,2,Two
DATAFLOW,OECD.ELS.SAE:DSD_EARNINGS@MIN2AVE(1.0),Minimum relative to average wages of full-time workers,I,GRC,Greece,MR_WG_FT,Minimum relative to average wages of full-time workers,PT_WG_A_SAL_FT,Percentage of average wage of full-time employees,_Z,Not applicable,_Z,Not applicable,MEAN,Mean,_Z,Not applicable,1985,,47.70124481,,_Z,,A,Normal value,0,Units,2,Two
DATAFLOW,OECD.ELS.SAE:DSD_EARNINGS@MIN2AVE(1.0),Minimum relative to average wages of full-time workers,I,GRC,Greece,MR_WG_FT,Minimum relative to average wages of full-time workers,PT_WG_A_SAL_FT,Percentage of average wage of full-time employees,_Z,Not applicable,_Z,Not applicable,MEAN,Mean,_Z,Not applicable,1986,,46.89667897,,_Z,,A,Normal value,0,Units,2,Two
DATAFLOW,OECD.ELS.SAE:DSD_EARNINGS@MIN2AVE(1.0),Minimum relative to average wages of full-time workers,I,GRC,Greece,MR_WG_FT,Minimum relative to average wages of full-time workers,PT_WG_A_SAL_FT,Percentage of average wage of full-time employees,_Z,Not applicable,_Z,Not applicable,MEAN,Mean,_Z,Not applicable,1987,,47.23569024,,_Z,,A,Normal value,0,Units,2,Two
DATAFLOW,OECD.ELS.SAE:DSD_EARNINGS@MIN2AVE(1.0),Minimum relative to average wages of full-time workers,I,GRC,Greece,MR_WG_FT,Minimum relative to average wages of full-time workers,PT_WG_A_SAL_FT,Percentage of average wage of full-time employees,_Z,Not applicable,_Z,Not applicable,MEAN,Mean,_Z,Not applicable,1988,,46.62215909,,_Z,,A,Normal value,0,Units,2,Two
DATAFLOW,OECD.ELS.SAE:DSD_EARNINGS@MIN2AVE(1.0),Minimum relative to average wages of full-time workers,I,GRC,Greece,MR_WG_FT,Minimum relative to average wages of full-time workers,PT_WG_A_SAL_FT,Percentage of average wage of full-time employees,_Z,Not applicable,_Z,Not applicable,MEAN,Mean,_Z,Not applicable,1989,,45.84235294,,_Z,,A,Normal value,0,Units,2,Two
DATAFLOW,OECD.ELS.SAE:DSD_EARNINGS@MIN2AVE(1.0),Minimum relative to average wages of full-time workers,I,GRC,Greece,MR_WG_FT,Minimum relative to average wages of full-time workers,PT_WG_A_SAL_FT,Percentage of average wage of full-time employees,_Z,Not applicable,_Z,Not applicable,MEAN,Mean,_Z,Not applicable,1990,,45.52662722,,_Z,,A,Normal value,0,Units,2,Two
DATAFLOW,OECD.ELS.SAE:DSD_EARNINGS@MIN2AVE(1.0),Minimum relative to average wages of full-time workers,I,GRC,Greece,MR_WG_FT,Minimum relative to average wages of full-time workers,PT_WG_A_SAL_FT,Percentage of average wage of full-time employees,_Z,Not applicable,_Z,Not applicable,MEAN,Mean,_Z,Not applicable,1991,,44.14382403,,_Z,,A,Normal value,0,Units,2,Two
DATAFLOW,OECD.ELS.SAE:DSD_EARNINGS@MIN2AVE(1.0),Minimum relative to average wages of full-time workers,I,GRC,Greece,MR_WG_FT,Minimum relative to average wages of full-time workers,PT_WG_A_SAL_FT,Percentage of average wage of full-time employees,_Z,Not applicable,_Z,Not applicable,MEAN,Mean,_Z,Not applicable,1992,,43.15304606,,_Z,,A,Normal value,0,Units,2,Two
DATAFLOW,OECD.ELS.SAE:DSD_EARNINGS@MIN2AVE(1.0),Minimum relative to average wages of full-time workers,I,GRC,Greece,MR_WG_FT,Minimum relative to average wages of full-time workers,PT_WG_A_SAL_FT,Percentage of average wage of full-time employees,_Z,Not applicable,_Z,Not applicable,MEAN,Mean,_Z,Not applicable,1993,,43.66666667,,_Z,,A,Normal value,0,Units,2,Two
DATAFLOW,OECD.ELS.SAE:DSD_EARNINGS@MIN2AVE(1.0),Minimum relative to average wages of full-time workers,I,GRC,Greece,MR_WG_FT,Minimum relative to average wages of full-time workers,PT_WG_A_SAL_FT,Percentage of average wage of full-time employees,_Z,Not applicable,_Z,Not applicable,MEAN,Mean,_Z,Not applicable,1994,,43.50535077,,_Z,,A,Normal value,0,Units,2,Two
DATAFLOW,OECD.ELS.SAE:DSD_EARNINGS@MIN2AVE(1.0),Minimum relative to average wages of full-time workers,I,GRC,Greece,MR_WG_FT,Minimum relative to average wages of full-time workers,PT_WG_A_SAL_FT,Percentage of average wage of full-time employees,_Z,Not applicable,_Z,Not applicable,MEAN,Mean,_Z,Not applicable,1995,,42.05252101,,_Z,,A,Normal value,0,Units,2,Two
DATAFLOW,OECD.ELS.SAE:DSD_EARNINGS@MIN2AVE(1.0),Minimum relative to average wages of full-time workers,I,GRC,Greece,MR_WG_FT,Minimum relative to average wages of full-time workers,PT_WG_A_SAL_FT,Percentage of average wage of full-time employees,_Z,Not applicable,_Z,Not applicable,MEAN,Mean,_Z,Not applicable,1996,,42.4159292,,_Z,,A,Normal value,0,Units,2,Two
DATAFLOW,OECD.ELS.SAE:DSD_EARNINGS@MIN2AVE(1.0),Minimum relative to average wages of full-time workers,I,GRC,Greece,MR_WG_FT,Minimum relative to average wages of full-time workers,PT_WG_A_SAL_FT,Percentage of average wage of full-time employees,_Z,Not applicable,_Z,Not applicable,MEAN,Mean,_Z,Not applicable,1997,,42.60694698,,_Z,,A,Normal value,0,Units,2,Two
DATAFLOW,OECD.ELS.SAE:DSD_EARNINGS@MIN2AVE(1.0),Minimum relative to average wages of full-time workers,I,GRC,Greece,MR_WG_FT,Minimum relative to average wages of full-time workers,PT_WG_A_SAL_FT,Percentage of average wage of full-time employees,_Z,Not applicable,_Z,Not applicable,MEAN,Mean,_Z,Not applicable,1998,,39.90658002,,_Z,,A,Normal value,0,Units,2,Two
DATAFLOW,OECD.ELS.SAE:DSD_EARNINGS@MIN2AVE(1.0),Minimum relative to average wages of full-time workers,I,GRC,Greece,MR_WG_FT,Minimum relative to average wages of full-time workers,PT_WG_A_SAL_FT,Percentage of average wage of full-time employees,_Z,Not applicable,_Z,Not applicable,MEAN,Mean,_Z,Not applicable,1999,,39.58054475,,_Z,,A,Normal value,0,Units,2,Two
DATAFLOW,OECD.ELS.SAE:DSD_EARNINGS@MIN2AVE(1.0),Minimum relative to average wages of full-time workers,I,GRC,Greece,MR_WG_FT,Minimum relative to average wages of full-time workers,PT_WG_A_SAL_FT,Percentage of average wage of full-time employees,_Z,Not applicable,_Z,Not applicable,MEAN,Mean,_Z,Not applicable,2000,,37.64204545,,_Z,,A,Normal value,0,Units,2,Two
DATAFLOW,OECD.ELS.SAE:DSD_EARNINGS@MIN2AVE(1.0),Minimum relative to average wages of full-time workers,I,GRC,Greece,MR_WG_FT,Minimum relative to average wages of full-time workers,PT_WG_A_SAL_FT,Percentage of average wage of full-time employees,_Z,Not applicable,_Z,Not applicable,MEAN,Mean,_Z,Not applicable,2001,,36.48434377,,_Z,,A,Normal value,0,Units,2,Two
DATAFLOW,OECD.ELS.SAE:DSD_EARNINGS@MIN2AVE(1.0),Minimum relative to average wages of full-time workers,I,GRC,Greece,MR_WG_FT,Minimum relative to average wages of full-time workers,PT_WG_A_SAL_FT,Percentage of average wage of full-time employees,_Z,Not applicable,_Z,Not applicable,MEAN,Mean,_Z,Not applicable,2002,,36.48966601,,_Z,,A,Normal value,0,Units,2,Two
DATAFLOW,OECD.ELS.SAE:DSD_EARNINGS@MIN2AVE(1.0),Minimum relative to average wages of full-time workers,I,GRC,Greece,MR_WG_FT,Minimum relative to average wages of full-time workers,PT_WG_A_SAL_FT,Percentage of average wage of full-time employees,_Z,Not applicable,_Z,Not applicable,MEAN,Mean,_Z,Not applicable,2003,,32.60654004,,_Z,,A,Normal value,0,Units,2,Two
DATAFLOW,OECD.ELS.SAE:DSD_EARNINGS@MIN2AVE(1.0),Minimum relative to average wages of full-time workers,I,GRC,Greece,MR_WG_FT,Minimum relative to average wages of full-time workers,PT_WG_A_SAL_FT,Percentage of average wage of full-time employees,_Z,Not applicable,_Z,Not applicable,MEAN,Mean,_Z,Not applicable,2004,,32.6949202,,_Z,,A,Normal value,0,Units,2,Two
DATAFLOW,OECD.ELS.SAE:DSD_EARNINGS@MIN2AVE(1.0),Minimum relative to average wages of full-time workers,I,GRC,Greece,MR_WG_FT,Minimum relative to average wages of full-time workers,PT_WG_A_SAL_FT,Percentage of average wage of full-time employees,_Z,Not applicable,_Z,Not applicable,MEAN,Mean,_Z,Not applicable,2005,,34.07929189,,_Z,,A,Normal value,0,Units,2,Two
DATAFLOW,OECD.ELS.SAE:DSD_EARNINGS@MIN2AVE(1.0),Minimum relative to average wages of full-time workers,I,GRC,Greece,MR_WG_FT,Minimum relative to average wages of full-time workers,PT_WG_A_SAL_FT,Percentage of average wage of full-time employees,_Z,Not applicable,_Z,Not applicable,MEAN,Mean,_Z,Not applicable,2006,,31.92510233,,_Z,,A,Normal value,0,Units,2,Two
DATAFLOW,OECD.ELS.SAE:DSD_EARNINGS@MIN2AVE(1.0),Minimum relative to average wages of full-time workers,I,GRC,Greece,MR_WG_FT,Minimum relative to average wages of full-time workers,PT_WG_A_SAL_FT,Percentage of average wage of full-time employees,_Z,Not applicable,_Z,Not applicable,MEAN,Mean,_Z,Not applicable,2007,,32.54364801,,_Z,,A,Normal value,0,Units,2,Two
DATAFLOW,OECD.ELS.SAE:DSD_EARNINGS@MIN2AVE(1.0),Minimum relative to average wages of full-time workers,I,GRC,Greece,MR_WG_FT,Minimum relative to average wages of full-time workers,PT_WG_A_SAL_FT,Percentage of average wage of full-time employees,_Z,Not applicable,_Z,Not applicable,MEAN,Mean,_Z,Not applicable,2008,,33.7554024,,_Z,,A,Normal value,0,Units,2,Two
DATAFLOW,OECD.ELS.SAE:DSD_EARNINGS@MIN2AVE(1.0),Minimum relative to average wages of full-time workers,I,GRC,Greece,MR_WG_FT,Minimum relative to average wages of full-time workers,PT_WG_A_SAL_FT,Percentage of average wage of full-time employees,_Z,Not applicable,_Z,Not applicable,MEAN,Mean,_Z,Not applicable,2009,,33.88711368,,_Z,,A,Normal value,0,Units,2,Two
DATAFLOW,OECD.ELS.SAE:DSD_EARNINGS@MIN2AVE(1.0),Minimum relative to average wages of full-time workers,I,GRC,Greece,MR_WG_FT,Minimum relative to average wages of full-time workers,PT_WG_A_SAL_FT,Percentage of average wage of full-time employees,_Z,Not applicable,_Z,Not applicable,MEAN,Mean,_Z,Not applicable,2010,,39.65206498,,_Z,,A,Normal value,0,Units,2,Two
DATAFLOW,OECD.ELS.SAE:DSD_EARNINGS@MIN2AVE(1.0),Minimum relative to average wages of full-time workers,I,GRC,Greece,MR_WG_FT,Minimum relative to average wages of full-time workers,PT_WG_A_SAL_FT,Percentage of average wage of full-time employees,_Z,Not applicable,_Z,Not applicable,MEAN,Mean,_Z,Not applicable,2011,,41.39555588,,_Z,,A,Normal value,0,Units,2,Two
DATAFLOW,OECD.ELS.SAE:DSD_EARNINGS@MIN2AVE(1.0),Minimum relative to average wages of full-time workers,I,GRC,Greece,MR_WG_FT,Minimum relative to average wages of full-time workers,PT_WG_A_SAL_FT,Percentage of average wage of full-time employees,_Z,Not applicable,_Z,Not applicable,MEAN,Mean,_Z,Not applicable,2012,,35.00049882,,_Z,,A,Normal value,0,Units,2,Two
DATAFLOW,OECD.ELS.SAE:DSD_EARNINGS@MIN2AVE(1.0),Minimum relative to average wages of full-time workers,I,GRC,Greece,MR_WG_FT,Minimum relative to average wages of full-time workers,PT_WG_A_SAL_FT,Percentage of average wage of full-time employees,_Z,Not applicable,_Z,Not applicable,MEAN,Mean,_Z,Not applicable,2013,,36.91903084,,_Z,,A,Normal value,0,Units,2,Two
DATAFLOW,OECD.ELS.SAE:DSD_EARNINGS@MIN2AVE(1.0),Minimum relative to average wages of full-time workers,I,GRC,Greece,MR_WG_FT,Minimum relative to average wages of full-time workers,PT_WG_A_SAL_FT,Percentage of average wage of full-time employees,_Z,Not applicable,_Z,Not applicable,MEAN,Mean,_Z,Not applicable,2014,,35.73501066,,_Z,,A,Normal value,0,Units,2,Two
DATAFLOW,OECD.ELS.SAE:DSD_EARNINGS@MIN2AVE(1.0),Minimum relative to average wages of full-time workers,I,GRC,Greece,MR_WG_FT,Minimum relative to average wages of full-time workers,PT_WG_A_SAL_FT,Percentage of average wage of full-time employees,_Z,Not applicable,_Z,Not applicable,MEAN,Mean,_Z,Not applicable,2015,,35.96580235,,_Z,,A,Normal value,0,Units,2,Two
DATAFLOW,OECD.ELS.SAE:DSD_EARNINGS@MIN2AVE(1.0),Minimum relative to average wages of full-time workers,I,GRC,Greece,MR_WG_FT,Minimum relative to average wages of full-time workers,PT_WG_A_SAL_FT,Percentage of average wage of full-time employees,_Z,Not applicable,_Z,Not applicable,MEAN,Mean,_Z,Not applicable,2016,,37.33469016,,_Z,,A,Normal value,0,Units,2,Two
DATAFLOW,OECD.ELS.SAE:DSD_EARNINGS@MIN2AVE(1.0),Minimum relative to average wages of full-time workers,I,GRC,Greece,MR_WG_FT,Minimum relative to average wages of full-time workers,PT_WG_A_SAL_FT,Percentage of average wage of full-time employees,_Z,Not applicable,_Z,Not applicable,MEAN,Mean,_Z,Not applicable,2017,,36.95892655,,_Z,,A,Normal value,0,Units,2,Two
DATAFLOW,OECD.ELS.SAE:DSD_EARNINGS@MIN2AVE(1.0),Minimum relative to average wages of full-time workers,I,GRC,Greece,MR_WG_FT,Minimum relative to average wages of full-time workers,PT_WG_A_SAL_FT,Percentage of average wage of full-time employees,_Z,Not applicable,_Z,Not applicable,MEAN,Mean,_Z,Not applicable,2018,,36.38375691,,_Z,,A,Normal value,0,Units,2,Two
DATAFLOW,OECD.ELS.SAE:DSD_EARNINGS@MIN2AVE(1.0),Minimum relative to average wages of full-time workers,I,GRC,Greece,MR_WG_FT,Minimum relative to average wages of full-time workers,PT_WG_A_SAL_FT,Percentage of average wage of full-time employees,_Z,Not applicable,_Z,Not applicable,MEAN,Mean,_Z,Not applicable,2019,,40.10340768,,_Z,,A,Normal value,0,Units,2,Two
DATAFLOW,OECD.ELS.SAE:DSD_EARNINGS@MIN2AVE(1.0),Minimum relative to average wages of full-time workers,I,GRC,Greece,MR_WG_FT,Minimum relative to average wages of full-time workers,PT_WG_A_SAL_FT,Percentage of average wage of full-time employees,_Z,Not applicable,_Z,Not applicable,MEAN,Mean,_Z,Not applicable,2020,,40.61881931,,_Z,,A,Normal value,0,Units,2,Two
DATAFLOW,OECD.ELS.SAE:DSD_EARNINGS@MIN2AVE(1.0),Minimum relative to average wages of full-time workers,I,GRC,Greece,MR_WG_FT,Minimum relative to average wages of full-time workers,PT_WG_A_SAL_FT,Percentage of average wage of full-time employees,_Z,Not applicable,_Z,Not applicable,MEAN,Mean,_Z,Not applicable,2021,,39.97267914,,_Z,,A,Normal value,0,Units,2,Two
DATAFLOW,OECD.ELS.SAE:DSD_EARNINGS@MIN2AVE(1.0),Minimum relative to average wages of full-time workers,I,GRC,Greece,MR_WG_FT,Minimum relative to average wages of full-time workers,PT_WG_A_SAL_FT,Percentage of average wage of full-time employees,_Z,Not applicable,_Z,Not applicable,MEAN,Mean,_Z,Not applicable,2022,,36.31663535,,_Z,,A,Normal value,0,Units,2,Two
DATAFLOW,OECD.ELS.SAE:DSD_EARNINGS@MIN2AVE(1.0),Minimum relative to average wages of full-time workers,I,GRC,Greece,MR_WG_FT,Minimum relative to average wages of full-time workers,PT_WG_A_SAL_FT,Percentage of average wage of full-time employees,_Z,Not applicable,_Z,Not applicable,MEAN,Mean,_Z,Not applicable,2023,,37.67652783,,_Z,,A,Normal value,0,Units,2,Two
DATAFLOW,OECD.ELS.SAE:DSD_EARNINGS@MIN2AVE(1.0),Minimum relative to average wages of full-time workers,I,GRC,Greece,MR_WG_FT,Minimum relative to average wages of full-time workers,PT_WG_A_SAL_FT,Percentage of average wage of full-time employees,_Z,Not applicable,_Z,Not applicable,MEAN,Mean,_Z,Not applicable,2024,,38.89230489,,_Z,,A,Normal value,0,Units,2,Two
DATAFLOW,OECD.ELS.SAE:DSD_EARNINGS@MIN2AVE(1.0),Minimum relative to average wages of full-time workers,I,HUN,Hungary,MR_WG_FT,Minimum relative to average wages of full-time workers,PT_WG_A_SAL_FT,Percentage of average wage of full-time employees,_Z,Not applicable,_Z,Not applicable,MEAN,Mean,_Z,Not applicable,1988,,32.40790753,,_Z,,A,Normal value,0,Units,2,Two
DATAFLOW,OECD.ELS.SAE:DSD_EARNINGS@MIN2AVE(1.0),Minimum relative to average wages of full-time workers,I,HUN,Hungary,MR_WG_FT,Minimum relative to average wages of full-time workers,PT_WG_A_SAL_FT,Percentage of average wage of full-time employees,_Z,Not applicable,_Z,Not applicable,MEAN,Mean,_Z,Not applicable,1989,,33.80151543,,_Z,,A,Normal value,0,Units,2,Two
DATAFLOW,OECD.ELS.SAE:DSD_EARNINGS@MIN2AVE(1.0),Minimum relative to average wages of full-time workers,I,HUN,Hungary,MR_WG_FT,Minimum relative to average wages of full-time workers,PT_WG_A_SAL_FT,Percentage of average wage of full-time employees,_Z,Not applicable,_Z,Not applicable,MEAN,Mean,_Z,Not applicable,1990,,36.73842999,,_Z,,A,Normal value,0,Units,2,Two
DATAFLOW,OECD.ELS.SAE:DSD_EARNINGS@MIN2AVE(1.0),Minimum relative to average wages of full-time workers,I,HUN,Hungary,MR_WG_FT,Minimum relative to average wages of full-time workers,PT_WG_A_SAL_FT,Percentage of average wage of full-time employees,_Z,Not applicable,_Z,Not applicable,MEAN,Mean,_Z,Not applicable,1991,,37.07802988,,_Z,,A,Normal value,0,Units,2,Two
DATAFLOW,OECD.ELS.SAE:DSD_EARNINGS@MIN2AVE(1.0),Minimum relative to average wages of full-time workers,I,HUN,Hungary,MR_WG_FT,Minimum relative to average wages of full-time workers,PT_WG_A_SAL_FT,Percentage of average wage of full-time employees,_Z,Not applicable,_Z,Not applicable,MEAN,Mean,_Z,Not applicable,1992,,35.61095037,,_Z,,A,Normal value,0,Units,2,Two
DATAFLOW,OECD.ELS.SAE:DSD_EARNINGS@MIN2AVE(1.0),Minimum relative to average wages of full-time workers,I,HUN,Hungary,MR_WG_FT,Minimum relative to average wages of full-time workers,PT_WG_A_SAL_FT,Percentage of average wage of full-time employees,_Z,Not applicable,_Z,Not applicable,MEAN,Mean,_Z,Not applicable,1993,,33.09211015,,_Z,,A,Normal value,0,Units,2,Two
DATAFLOW,OECD.ELS.SAE:DSD_EARNINGS@MIN2AVE(1.0),Minimum relative to average wages of full-time workers,I,HUN,Hungary,MR_WG_FT,Minimum relative to average wages of full-time workers,PT_WG_A_SAL_FT,Percentage of average wage of full-time employees,_Z,Not applicable,_Z,Not applicable,MEAN,Mean,_Z,Not applicable,1994,,29.126895,,_Z,,A,Normal value,0,Units,2,Two
DATAFLOW,OECD.ELS.SAE:DSD_EARNINGS@MIN2AVE(1.0),Minimum relative to average wages of full-time workers,I,HUN,Hungary,MR_WG_FT,Minimum relative to average wages of full-time workers,PT_WG_A_SAL_FT,Percentage of average wage of full-time employees,_Z,Not applicable,_Z,Not applicable,MEAN,Mean,_Z,Not applicable,1995,,29.65165464,,_Z,,A,Normal value,0,Units,2,Two
DATAFLOW,OECD.ELS.SAE:DSD_EARNINGS@MIN2AVE(1.0),Minimum relative to average wages of full-time workers,I,HUN,Hungary,MR_WG_FT,Minimum relative to average wages of full-time workers,PT_WG_A_SAL_FT,Percentage of average wage of full-time employees,_Z,Not applicable,_Z,Not applicable,MEAN,Mean,_Z,Not applicable,1996,,30.03799887,,_Z,,A,Normal value,0,Units,2,Two
DATAFLOW,OECD.ELS.SAE:DSD_EARNINGS@MIN2AVE(1.0),Minimum relative to average wages of full-time workers,I,HUN,Hungary,MR_WG_FT,Minimum relative to average wages of full-time workers,PT_WG_A_SAL_FT,Percentage of average wage of full-time employees,_Z,Not applicable,_Z,Not applicable,MEAN,Mean,_Z,Not applicable,1997,,32.56205945,,_Z,,A,Normal value,0,Units,2,Two
DATAFLOW,OECD.ELS.SAE:DSD_EARNINGS@MIN2AVE(1.0),Minimum relative to average wages of full-time workers,I,HUN,Hungary,MR_WG_FT,Minimum relative to average wages of full-time workers,PT_WG_A_SAL_FT,Percentage of average wage of full-time employees,_Z,Not applicable,_Z,Not applicable,MEAN,Mean,_Z,Not applicable,1998,,28.09191097,,_Z,,A,Normal value,0,Units,2,Two
DATAFLOW,OECD.ELS.SAE:DSD_EARNINGS@MIN2AVE(1.0),Minimum relative to average wages of full-time workers,I,HUN,Hungary,MR_WG_FT,Minimum relative to average wages of full-time workers,PT_WG_A_SAL_FT,Percentage of average wage of full-time employees,_Z,Not applicable,_Z,Not applicable,MEAN,Mean,_Z,Not applicable,1999,,27.75482009,,_Z,,A,Normal value,0,Units,2,Two
DATAFLOW,OECD.ELS.SAE:DSD_EARNINGS@MIN2AVE(1.0),Minimum relative to average wages of full-time workers,I,HUN,Hungary,MR_WG_FT,Minimum relative to average wages of full-time workers,PT_WG_A_SAL_FT,Percentage of average wage of full-time employees,_Z,Not applicable,_Z,Not applicable,MEAN,Mean,_Z,Not applicable,2000,,27.86337114,,_Z,,A,Normal value,0,Units,2,Two
DATAFLOW,OECD.ELS.SAE:DSD_EARNINGS@MIN2AVE(1.0),Minimum relative to average wages of full-time workers,I,HUN,Hungary,MR_WG_FT,Minimum relative to average wages of full-time workers,PT_WG_A_SAL_FT,Percentage of average wage of full-time employees,_Z,Not applicable,_Z,Not applicable,MEAN,Mean,_Z,Not applicable,2001,,38.28960342,,_Z,,A,Normal value,0,Units,2,Two
DATAFLOW,OECD.ELS.SAE:DSD_EARNINGS@MIN2AVE(1.0),Minimum relative to average wages of full-time workers,I,HUN,Hungary,MR_WG_FT,Minimum relative to average wages of full-time workers,PT_WG_A_SAL_FT,Percentage of average wage of full-time employees,_Z,Not applicable,_Z,Not applicable,MEAN,Mean,_Z,Not applicable,2002,,42.73723439,,_Z,,A,Normal value,0,Units,2,Two
DATAFLOW,OECD.ELS.SAE:DSD_EARNINGS@MIN2AVE(1.0),Minimum relative to average wages of full-time workers,I,HUN,Hungary,MR_WG_FT,Minimum relative to average wages of full-time workers,PT_WG_A_SAL_FT,Percentage of average wage of full-time employees,_Z,Not applicable,_Z,Not applicable,MEAN,Mean,_Z,Not applicable,2003,,35.90638487,,_Z,,A,Normal value,0,Units,2,Two
DATAFLOW,OECD.ELS.SAE:DSD_EARNINGS@MIN2AVE(1.0),Minimum relative to average wages of full-time workers,I,HUN,Hungary,MR_WG_FT,Minimum relative to average wages of full-time workers,PT_WG_A_SAL_FT,Percentage of average wage of full-time employees,_Z,Not applicable,_Z,Not applicable,MEAN,Mean,_Z,Not applicable,2004,,35.59531485,,_Z,,A,Normal value,0,Units,2,Two
DATAFLOW,OECD.ELS.SAE:DSD_EARNINGS@MIN2AVE(1.0),Minimum relative to average wages of full-time workers,I,HUN,Hungary,MR_WG_FT,Minimum relative to average wages of full-time workers,PT_WG_A_SAL_FT,Percentage of average wage of full-time employees,_Z,Not applicable,_Z,Not applicable,MEAN,Mean,_Z,Not applicable,2005,,35.15046867,,_Z,,A,Normal value,0,Units,2,Two
DATAFLOW,OECD.ELS.SAE:DSD_EARNINGS@MIN2AVE(1.0),Minimum relative to average wages of full-time workers,I,HUN,Hungary,MR_WG_FT,Minimum relative to average wages of full-time workers,PT_WG_A_SAL_FT,Percentage of average wage of full-time employees,_Z,Not applicable,_Z,Not applicable,MEAN,Mean,_Z,Not applicable,2006,,35.61700042,,_Z,,A,Normal value,0,Units,2,Two
DATAFLOW,OECD.ELS.SAE:DSD_EARNINGS@MIN2AVE(1.0),Minimum relative to average wages of full-time workers,I,HUN,Hungary,MR_WG_FT,Minimum relative to average wages of full-time workers,PT_WG_A_SAL_FT,Percentage of average wage of full-time employees,_Z,Not applicable,_Z,Not applicable,MEAN,Mean,_Z,Not applicable,2007,,34.38681226,,_Z,,A,Normal value,0,Units,2,Two
DATAFLOW,OECD.ELS.SAE:DSD_EARNINGS@MIN2AVE(1.0),Minimum relative to average wages of full-time workers,I,HUN,Hungary,MR_WG_FT,Minimum relative to average wages of full-time workers,PT_WG_A_SAL_FT,Percentage of average wage of full-time employees,_Z,Not applicable,_Z,Not applicable,MEAN,Mean,_Z,Not applicable,2008,,34.17279548,,_Z,,A,Normal value,0,Units,2,Two
DATAFLOW,OECD.ELS.SAE:DSD_EARNINGS@MIN2AVE(1.0),Minimum relative to average wages of full-time workers,I,HUN,Hungary,MR_WG_FT,Minimum relative to average wages of full-time workers,PT_WG_A_SAL_FT,Percentage of average wage of full-time employees,_Z,Not applicable,_Z,Not applicable,MEAN,Mean,_Z,Not applicable,2009,,34.20381648,,_Z,,A,Normal value,0,Units,2,Two
DATAFLOW,OECD.ELS.SAE:DSD_EARNINGS@MIN2AVE(1.0),Minimum relative to average wages of full-time workers,I,HUN,Hungary,MR_WG_FT,Minimum relative to average wages of full-time workers,PT_WG_A_SAL_FT,Percentage of average wage of full-time employees,_Z,Not applicable,_Z,Not applicable,MEAN,Mean,_Z,Not applicable,2010,,34.71041596,,_Z,,A,Normal value,0,Units,2,Two
DATAFLOW,OECD.ELS.SAE:DSD_EARNINGS@MIN2AVE(1.0),Minimum relative to average wages of full-time workers,I,HUN,Hungary,MR_WG_FT,Minimum relative to average wages of full-time workers,PT_WG_A_SAL_FT,Percentage of average wage of full-time employees,_Z,Not applicable,_Z,Not applicable,MEAN,Mean,_Z,Not applicable,2011,,36.28632703,,_Z,,A,Normal value,0,Units,2,Two
DATAFLOW,OECD.ELS.SAE:DSD_EARNINGS@MIN2AVE(1.0),Minimum relative to average wages of full-time workers,I,HUN,Hungary,MR_WG_FT,Minimum relative to average wages of full-time workers,PT_WG_A_SAL_FT,Percentage of average wage of full-time employees,_Z,Not applicable,_Z,Not applicable,MEAN,Mean,_Z,Not applicable,2012,,39.64718271,,_Z,,A,Normal value,0,Units,2,Two
DATAFLOW,OECD.ELS.SAE:DSD_EARNINGS@MIN2AVE(1.0),Minimum relative to average wages of full-time workers,I,HUN,Hungary,MR_WG_FT,Minimum relative to average wages of full-time workers,PT_WG_A_SAL_FT,Percentage of average wage of full-time employees,_Z,Not applicable,_Z,Not applicable,MEAN,Mean,_Z,Not applicable,2013,,40.15126374,,_Z,,A,Normal value,0,Units,2,Two
DATAFLOW,OECD.ELS.SAE:DSD_EARNINGS@MIN2AVE(1.0),Minimum relative to average wages of full-time workers,I,HUN,Hungary,MR_WG_FT,Minimum relative to average wages of full-time workers,PT_WG_A_SAL_FT,Percentage of average wage of full-time employees,_Z,Not applicable,_Z,Not applicable,MEAN,Mean,_Z,Not applicable,2014,,40.20725553,,_Z,,A,Normal value,0,Units,2,Two
DATAFLOW,OECD.ELS.SAE:DSD_EARNINGS@MIN2AVE(1.0),Minimum relative to average wages of full-time workers,I,HUN,Hungary,MR_WG_FT,Minimum relative to average wages of full-time workers,PT_WG_A_SAL_FT,Percentage of average wage of full-time employees,_Z,Not applicable,_Z,Not applicable,MEAN,Mean,_Z,Not applicable,2015,,39.66769803,,_Z,,A,Normal value,0,Units,2,Two
DATAFLOW,OECD.ELS.SAE:DSD_EARNINGS@MIN2AVE(1.0),Minimum relative to average wages of full-time workers,I,HUN,Hungary,MR_WG_FT,Minimum relative to average wages of full-time workers,PT_WG_A_SAL_FT,Percentage of average wage of full-time employees,_Z,Not applicable,_Z,Not applicable,MEAN,Mean,_Z,Not applicable,2016,,39.04710981,,_Z,,A,Normal value,0,Units,2,Two
DATAFLOW,OECD.ELS.SAE:DSD_EARNINGS@MIN2AVE(1.0),Minimum relative to average wages of full-time workers,I,HUN,Hungary,MR_WG_FT,Minimum relative to average wages of full-time workers,PT_WG_A_SAL_FT,Percentage of average wage of full-time employees,_Z,Not applicable,_Z,Not applicable,MEAN,Mean,_Z,Not applicable,2017,,40.12964721,,_Z,,A,Normal value,0,Units,2,Two
DATAFLOW,OECD.ELS.SAE:DSD_EARNINGS@MIN2AVE(1.0),Minimum relative to average wages of full-time workers,I,HUN,Hungary,MR_WG_FT,Minimum relative to average wages of full-time workers,PT_WG_A_SAL_FT,Percentage of average wage of full-time employees,_Z,Not applicable,_Z,Not applicable,MEAN,Mean,_Z,Not applicable,2018,,40.12164417,,_Z,,A,Normal value,0,Units,2,Two
DATAFLOW,OECD.ELS.SAE:DSD_EARNINGS@MIN2AVE(1.0),Minimum relative to average wages of full-time workers,I,HUN,Hungary,MR_WG_FT,Minimum relative to average wages of full-time workers,PT_WG_A_SAL_FT,Percentage of average wage of full-time employees,_Z,Not applicable,_Z,Not applicable,MEAN,Mean,_Z,Not applicable,2019,,37.85622579,,_Z,,A,Normal value,0,Units,2,Two
DATAFLOW,OECD.ELS.SAE:DSD_EARNINGS@MIN2AVE(1.0),Minimum relative to average wages of full-time workers,I,HUN,Hungary,MR_WG_FT,Minimum relative to average wages of full-time workers,PT_WG_A_SAL_FT,Percentage of average wage of full-time employees,_Z,Not applicable,_Z,Not applicable,MEAN,Mean,_Z,Not applicable,2020,,37.25480668,,_Z,,A,Normal value,0,Units,2,Two
DATAFLOW,OECD.ELS.SAE:DSD_EARNINGS@MIN2AVE(1.0),Minimum relative to average wages of full-time workers,I,HUN,Hungary,MR_WG_FT,Minimum relative to average wages of full-time workers,PT_WG_A_SAL_FT,Percentage of average wage of full-time employees,_Z,Not applicable,_Z,Not applicable,MEAN,Mean,_Z,Not applicable,2021,,35.12258461,,_Z,,A,Normal value,0,Units,2,Two
DATAFLOW,OECD.ELS.SAE:DSD_EARNINGS@MIN2AVE(1.0),Minimum relative to average wages of full-time workers,I,HUN,Hungary,MR_WG_FT,Minimum relative to average wages of full-time workers,PT_WG_A_SAL_FT,Percentage of average wage of full-time employees,_Z,Not applicable,_Z,Not applicable,MEAN,Mean,_Z,Not applicable,2022,,36.39904271,,_Z,,A,Normal value,0,Units,2,Two
DATAFLOW,OECD.ELS.SAE:DSD_EARNINGS@MIN2AVE(1.0),Minimum relative to average wages of full-time workers,I,HUN,Hungary,MR_WG_FT,Minimum relative to average wages of full-time workers,PT_WG_A_SAL_FT,Percentage of average wage of full-time employees,_Z,Not applicable,_Z,Not applicable,MEAN,Mean,_Z,Not applicable,2023,,37.15016045,,_Z,,A,Normal value,0,Units,2,Two
DATAFLOW,OECD.ELS.SAE:DSD_EARNINGS@MIN2AVE(1.0),Minimum relative to average wages of full-time workers,I,HUN,Hungary,MR_WG_FT,Minimum relative to average wages of full-time workers,PT_WG_A_SAL_FT,Percentage of average wage of full-time employees,_Z,Not applicable,_Z,Not applicable,MEAN,Mean,_Z,Not applicable,2024,,38.79492433,,_Z,,A,Normal value,0,Units,2,Two
DATAFLOW,OECD.ELS.SAE:DSD_EARNINGS@MIN2AVE(1.0),Minimum relative to average wages of full-time workers,I,IRL,Ireland,MR_WG_FT,Minimum relative to average wages of full-time workers,PT_WG_A_SAL_FT,Percentage of average wage of full-time employees,_Z,Not applicable,_Z,Not applicable,MEAN,Mean,_Z,Not applicable,2000,,40.5140389,,_Z,,A,Normal value,0,Units,2,Two
DATAFLOW,OECD.ELS.SAE:DSD_EARNINGS@MIN2AVE(1.0),Minimum relative to average wages of full-time workers,I,IRL,Ireland,MR_WG_FT,Minimum relative to average wages of full-time workers,PT_WG_A_SAL_FT,Percentage of average wage of full-time employees,_Z,Not applicable,_Z,Not applicable,MEAN,Mean,_Z,Not applicable,2001,,30.54943007,,_Z,,A,Normal value,0,Units,2,Two
DATAFLOW,OECD.ELS.SAE:DSD_EARNINGS@MIN2AVE(1.0),Minimum relative to average wages of full-time workers,I,IRL,Ireland,MR_WG_FT,Minimum relative to average wages of full-time workers,PT_WG_A_SAL_FT,Percentage of average wage of full-time employees,_Z,Not applicable,_Z,Not applicable,MEAN,Mean,_Z,Not applicable,2002,,29.93423426,,_Z,,A,Normal value,0,Units,2,Two
DATAFLOW,OECD.ELS.SAE:DSD_EARNINGS@MIN2AVE(1.0),Minimum relative to average wages of full-time workers,I,IRL,Ireland,MR_WG_FT,Minimum relative to average wages of full-time workers,PT_WG_A_SAL_FT,Percentage of average wage of full-time employees,_Z,Not applicable,_Z,Not applicable,MEAN,Mean,_Z,Not applicable,2003,,29.91501867,,_Z,,A,Normal value,0,Units,2,Two
DATAFLOW,OECD.ELS.SAE:DSD_EARNINGS@MIN2AVE(1.0),Minimum relative to average wages of full-time workers,I,IRL,Ireland,MR_WG_FT,Minimum relative to average wages of full-time workers,PT_WG_A_SAL_FT,Percentage of average wage of full-time employees,_Z,Not applicable,_Z,Not applicable,MEAN,Mean,_Z,Not applicable,2004,,30.83807091,,_Z,,A,Normal value,0,Units,2,Two
DATAFLOW,OECD.ELS.SAE:DSD_EARNINGS@MIN2AVE(1.0),Minimum relative to average wages of full-time workers,I,IRL,Ireland,MR_WG_FT,Minimum relative to average wages of full-time workers,PT_WG_A_SAL_FT,Percentage of average wage of full-time employees,_Z,Not applicable,_Z,Not applicable,MEAN,Mean,_Z,Not applicable,2005,,32.01884014,,_Z,,A,Normal value,0,Units,2,Two
DATAFLOW,OECD.ELS.SAE:DSD_EARNINGS@MIN2AVE(1.0),Minimum relative to average wages of full-time workers,I,IRL,Ireland,MR_WG_FT,Minimum relative to average wages of full-time workers,PT_WG_A_SAL_FT,Percentage of average wage of full-time employees,_Z,Not applicable,_Z,Not applicable,MEAN,Mean,_Z,Not applicable,2006,,34.84475476,,_Z,,A,Normal value,0,Units,2,Two
DATAFLOW,OECD.ELS.SAE:DSD_EARNINGS@MIN2AVE(1.0),Minimum relative to average wages of full-time workers,I,IRL,Ireland,MR_WG_FT,Minimum relative to average wages of full-time workers,PT_WG_A_SAL_FT,Percentage of average wage of full-time employees,_Z,Not applicable,_Z,Not applicable,MEAN,Mean,_Z,Not applicable,2007,,35.26827938,,_Z,,A,Normal value,0,Units,2,Two
DATAFLOW,OECD.ELS.SAE:DSD_EARNINGS@MIN2AVE(1.0),Minimum relative to average wages of full-time workers,I,IRL,Ireland,MR_WG_FT,Minimum relative to average wages of full-time workers,PT_WG_A_SAL_FT,Percentage of average wage of full-time employees,_Z,Not applicable,_Z,Not applicable,MEAN,Mean,_Z,Not applicable,2008,,35.04274713,,_Z,,A,Normal value,0,Units,2,Two
DATAFLOW,OECD.ELS.SAE:DSD_EARNINGS@MIN2AVE(1.0),Minimum relative to average wages of full-time workers,I,IRL,Ireland,MR_WG_FT,Minimum relative to average wages of full-time workers,PT_WG_A_SAL_FT,Percentage of average wage of full-time employees,_Z,Not applicable,_Z,Not applicable,MEAN,Mean,_Z,Not applicable,2009,,30.68658102,,_Z,,A,Normal value,0,Units,2,Two
DATAFLOW,OECD.ELS.SAE:DSD_EARNINGS@MIN2AVE(1.0),Minimum relative to average wages of full-time workers,I,IRL,Ireland,MR_WG_FT,Minimum relative to average wages of full-time workers,PT_WG_A_SAL_FT,Percentage of average wage of full-time employees,_Z,Not applicable,_Z,Not applicable,MEAN,Mean,_Z,Not applicable,2010,,37.01655887,,_Z,,A,Normal value,0,Units,2,Two
DATAFLOW,OECD.ELS.SAE:DSD_EARNINGS@MIN2AVE(1.0),Minimum relative to average wages of full-time workers,I,IRL,Ireland,MR_WG_FT,Minimum relative to average wages of full-time workers,PT_WG_A_SAL_FT,Percentage of average wage of full-time employees,_Z,Not applicable,_Z,Not applicable,MEAN,Mean,_Z,Not applicable,2011,,36.697313,,_Z,,A,Normal value,0,Units,2,Two
DATAFLOW,OECD.ELS.SAE:DSD_EARNINGS@MIN2AVE(1.0),Minimum relative to average wages of full-time workers,I,IRL,Ireland,MR_WG_FT,Minimum relative to average wages of full-time workers,PT_WG_A_SAL_FT,Percentage of average wage of full-time employees,_Z,Not applicable,_Z,Not applicable,MEAN,Mean,_Z,Not applicable,2012,,37.52251713,,_Z,,A,Normal value,0,Units,2,Two
DATAFLOW,OECD.ELS.SAE:DSD_EARNINGS@MIN2AVE(1.0),Minimum relative to average wages of full-time workers,I,IRL,Ireland,MR_WG_FT,Minimum relative to average wages of full-time workers,PT_WG_A_SAL_FT,Percentage of average wage of full-time employees,_Z,Not applicable,_Z,Not applicable,MEAN,Mean,_Z,Not applicable,2013,,36.47709766,,_Z,,A,Normal value,0,Units,2,Two
DATAFLOW,OECD.ELS.SAE:DSD_EARNINGS@MIN2AVE(1.0),Minimum relative to average wages of full-time workers,I,IRL,Ireland,MR_WG_FT,Minimum relative to average wages of full-time workers,PT_WG_A_SAL_FT,Percentage of average wage of full-time employees,_Z,Not applicable,_Z,Not applicable,MEAN,Mean,_Z,Not applicable,2014,,33.84409914,,_Z,,A,Normal value,0,Units,2,Two
DATAFLOW,OECD.ELS.SAE:DSD_EARNINGS@MIN2AVE(1.0),Minimum relative to average wages of full-time workers,I,IRL,Ireland,MR_WG_FT,Minimum relative to average wages of full-time workers,PT_WG_A_SAL_FT,Percentage of average wage of full-time employees,_Z,Not applicable,_Z,Not applicable,MEAN,Mean,_Z,Not applicable,2015,,33.40437503,,_Z,,A,Normal value,0,Units,2,Two
DATAFLOW,OECD.ELS.SAE:DSD_EARNINGS@MIN2AVE(1.0),Minimum relative to average wages of full-time workers,I,IRL,Ireland,MR_WG_FT,Minimum relative to average wages of full-time workers,PT_WG_A_SAL_FT,Percentage of average wage of full-time employees,_Z,Not applicable,_Z,Not applicable,MEAN,Mean,_Z,Not applicable,2016,,35.0017692,,_Z,,A,Normal value,0,Units,2,Two
DATAFLOW,OECD.ELS.SAE:DSD_EARNINGS@MIN2AVE(1.0),Minimum relative to average wages of full-time workers,I,IRL,Ireland,MR_WG_FT,Minimum relative to average wages of full-time workers,PT_WG_A_SAL_FT,Percentage of average wage of full-time employees,_Z,Not applicable,_Z,Not applicable,MEAN,Mean,_Z,Not applicable,2017,,35.30856525,,_Z,,A,Normal value,0,Units,2,Two
DATAFLOW,OECD.ELS.SAE:DSD_EARNINGS@MIN2AVE(1.0),Minimum relative to average wages of full-time workers,I,IRL,Ireland,MR_WG_FT,Minimum relative to average wages of full-time workers,PT_WG_A_SAL_FT,Percentage of average wage of full-time employees,_Z,Not applicable,_Z,Not applicable,MEAN,Mean,_Z,Not applicable,2018,,38.96663296,,_Z,,A,Normal value,0,Units,2,Two
DATAFLOW,OECD.ELS.SAE:DSD_EARNINGS@MIN2AVE(1.0),Minimum relative to average wages of full-time workers,I,IRL,Ireland,MR_WG_FT,Minimum relative to average wages of full-time workers,PT_WG_A_SAL_FT,Percentage of average wage of full-time employees,_Z,Not applicable,_Z,Not applicable,MEAN,Mean,_Z,Not applicable,2019,,38.33593316,,_Z,,A,Normal value,0,Units,2,Two
DATAFLOW,OECD.ELS.SAE:DSD_EARNINGS@MIN2AVE(1.0),Minimum relative to average wages of full-time workers,I,IRL,Ireland,MR_WG_FT,Minimum relative to average wages of full-time workers,PT_WG_A_SAL_FT,Percentage of average wage of full-time employees,_Z,Not applicable,_Z,Not applicable,MEAN,Mean,_Z,Not applicable,2020,,37.15146497,,_Z,,A,Normal value,0,Units,2,Two
DATAFLOW,OECD.ELS.SAE:DSD_EARNINGS@MIN2AVE(1.0),Minimum relative to average wages of full-time workers,I,IRL,Ireland,MR_WG_FT,Minimum relative to average wages of full-time workers,PT_WG_A_SAL_FT,Percentage of average wage of full-time employees,_Z,Not applicable,_Z,Not applicable,MEAN,Mean,_Z,Not applicable,2021,,36.62627837,,_Z,,A,Normal value,0,Units,2,Two
DATAFLOW,OECD.ELS.SAE:DSD_EARNINGS@MIN2AVE(1.0),Minimum relative to average wages of full-time workers,I,IRL,Ireland,MR_WG_FT,Minimum relative to average wages of full-time workers,PT_WG_A_SAL_FT,Percentage of average wage of full-time employees,_Z,Not applicable,_Z,Not applicable,MEAN,Mean,_Z,Not applicable,2022,,34.4166638,,_Z,,A,Normal value,0,Units,2,Two
DATAFLOW,OECD.ELS.SAE:DSD_EARNINGS@MIN2AVE(1.0),Minimum relative to average wages of full-time workers,I,IRL,Ireland,MR_WG_FT,Minimum relative to average wages of full-time workers,PT_WG_A_SAL_FT,Percentage of average wage of full-time employees,_Z,Not applicable,_Z,Not applicable,MEAN,Mean,_Z,Not applicable,2023,,35.50845534,,_Z,,A,Normal value,0,Units,2,Two
DATAFLOW,OECD.ELS.SAE:DSD_EARNINGS@MIN2AVE(1.0),Minimum relative to average wages of full-time workers,I,IRL,Ireland,MR_WG_FT,Minimum relative to average wages of full-time workers,PT_WG_A_SAL_FT,Percentage of average wage of full-time employees,_Z,Not applicable,_Z,Not applicable,MEAN,Mean,_Z,Not applicable,2024,,37.91171469,,_Z,,A,Normal value,0,Units,2,Two
DATAFLOW,OECD.ELS.SAE:DSD_EARNINGS@MIN2AVE(1.0),Minimum relative to average wages of full-time workers,I,ISR,Israel,MR_WG_FT,Minimum relative to average wages of full-time workers,PT_WG_A_SAL_FT,Percentage of average wage of full-time employees,_Z,Not applicable,_Z,Not applicable,MEAN,Mean,_Z,Not applicable,2000,,0,,_Z,,A,Normal value,0,Units,2,Two
DATAFLOW,OECD.ELS.SAE:DSD_EARNINGS@MIN2AVE(1.0),Minimum relative to average wages of full-time workers,I,ISR,Israel,MR_WG_FT,Minimum relative to average wages of full-time workers,PT_WG_A_SAL_FT,Percentage of average wage of full-time employees,_Z,Not applicable,_Z,Not applicable,MEAN,Mean,_Z,Not applicable,2001,,39.10852989,,_Z,,A,Normal value,0,Units,2,Two
DATAFLOW,OECD.ELS.SAE:DSD_EARNINGS@MIN2AVE(1.0),Minimum relative to average wages of full-time workers,I,ISR,Israel,MR_WG_FT,Minimum relative to average wages of full-time workers,PT_WG_A_SAL_FT,Percentage of average wage of full-time employees,_Z,Not applicable,_Z,Not applicable,MEAN,Mean,_Z,Not applicable,2002,,39.43987453,,_Z,,A,Normal value,0,Units,2,Two
DATAFLOW,OECD.ELS.SAE:DSD_EARNINGS@MIN2AVE(1.0),Minimum relative to average wages of full-time workers,I,ISR,Israel,MR_WG_FT,Minimum relative to average wages of full-time workers,PT_WG_A_SAL_FT,Percentage of average wage of full-time employees,_Z,Not applicable,_Z,Not applicable,MEAN,Mean,_Z,Not applicable,2003,,41.21739861,,_Z,,A,Normal value,0,Units,2,Two
DATAFLOW,OECD.ELS.SAE:DSD_EARNINGS@MIN2AVE(1.0),Minimum relative to average wages of full-time workers,I,ISR,Israel,MR_WG_FT,Minimum relative to average wages of full-time workers,PT_WG_A_SAL_FT,Percentage of average wage of full-time employees,_Z,Not applicable,_Z,Not applicable,MEAN,Mean,_Z,Not applicable,2004,,40.44677019,,_Z,,A,Normal value,0,Units,2,Two
DATAFLOW,OECD.ELS.SAE:DSD_EARNINGS@MIN2AVE(1.0),Minimum relative to average wages of full-time workers,I,ISR,Israel,MR_WG_FT,Minimum relative to average wages of full-time workers,PT_WG_A_SAL_FT,Percentage of average wage of full-time employees,_Z,Not applicable,_Z,Not applicable,MEAN,Mean,_Z,Not applicable,2005,,39.90046359,,_Z,,A,Normal value,0,Units,2,Two
DATAFLOW,OECD.ELS.SAE:DSD_EARNINGS@MIN2AVE(1.0),Minimum relative to average wages of full-time workers,I,ISR,Israel,MR_WG_FT,Minimum relative to average wages of full-time workers,PT_WG_A_SAL_FT,Percentage of average wage of full-time employees,_Z,Not applicable,_Z,Not applicable,MEAN,Mean,_Z,Not applicable,2006,,41.14552914,,_Z,,A,Normal value,0,Units,2,Two
DATAFLOW,OECD.ELS.SAE:DSD_EARNINGS@MIN2AVE(1.0),Minimum relative to average wages of full-time workers,I,ISR,Israel,MR_WG_FT,Minimum relative to average wages of full-time workers,PT_WG_A_SAL_FT,Percentage of average wage of full-time employees,_Z,Not applicable,_Z,Not applicable,MEAN,Mean,_Z,Not applicable,2007,,41.37483116,,_Z,,A,Normal value,0,Units,2,Two
DATAFLOW,OECD.ELS.SAE:DSD_EARNINGS@MIN2AVE(1.0),Minimum relative to average wages of full-time workers,I,ISR,Israel,MR_WG_FT,Minimum relative to average wages of full-time workers,PT_WG_A_SAL_FT,Percentage of average wage of full-time employees,_Z,Not applicable,_Z,Not applicable,MEAN,Mean,_Z,Not applicable,2008,,40.99238313,,_Z,,A,Normal value,0,Units,2,Two
DATAFLOW,OECD.ELS.SAE:DSD_EARNINGS@MIN2AVE(1.0),Minimum relative to average wages of full-time workers,I,ISR,Israel,MR_WG_FT,Minimum relative to average wages of full-time workers,PT_WG_A_SAL_FT,Percentage of average wage of full-time employees,_Z,Not applicable,_Z,Not applicable,MEAN,Mean,_Z,Not applicable,2009,,41.29861382,,_Z,,A,Normal value,0,Units,2,Two
DATAFLOW,OECD.ELS.SAE:DSD_EARNINGS@MIN2AVE(1.0),Minimum relative to average wages of full-time workers,I,ISR,Israel,MR_WG_FT,Minimum relative to average wages of full-time workers,PT_WG_A_SAL_FT,Percentage of average wage of full-time employees,_Z,Not applicable,_Z,Not applicable,MEAN,Mean,_Z,Not applicable,2010,,41.05381572,,_Z,,A,Normal value,0,Units,2,Two
DATAFLOW,OECD.ELS.SAE:DSD_EARNINGS@MIN2AVE(1.0),Minimum relative to average wages of full-time workers,I,ISR,Israel,MR_WG_FT,Minimum relative to average wages of full-time workers,PT_WG_A_SAL_FT,Percentage of average wage of full-time employees,_Z,Not applicable,_Z,Not applicable,MEAN,Mean,_Z,Not applicable,2011,,41.5709134,,_Z,,A,Normal value,0,Units,2,Two
DATAFLOW,OECD.ELS.SAE:DSD_EARNINGS@MIN2AVE(1.0),Minimum relative to average wages of full-time workers,I,ISR,Israel,MR_WG_FT,Minimum relative to average wages of full-time workers,PT_WG_A_SAL_FT,Percentage of average wage of full-time employees,_Z,Not applicable,_Z,Not applicable,MEAN,Mean,_Z,Not applicable,2012,,41.50236563,,_Z,,A,Normal value,0,Units,2,Two
DATAFLOW,OECD.ELS.SAE:DSD_EARNINGS@MIN2AVE(1.0),Minimum relative to average wages of full-time workers,I,ISR,Israel,MR_WG_FT,Minimum relative to average wages of full-time workers,PT_WG_A_SAL_FT,Percentage of average wage of full-time employees,_Z,Not applicable,_Z,Not applicable,MEAN,Mean,_Z,Not applicable,2013,,42.0437979,,_Z,,A,Normal value,0,Units,2,Two
DATAFLOW,OECD.ELS.SAE:DSD_EARNINGS@MIN2AVE(1.0),Minimum relative to average wages of full-time workers,I,ISR,Israel,MR_WG_FT,Minimum relative to average wages of full-time workers,PT_WG_A_SAL_FT,Percentage of average wage of full-time employees,_Z,Not applicable,_Z,Not applicable,MEAN,Mean,_Z,Not applicable,2014,,41.0869505,,_Z,,A,Normal value,0,Units,2,Two
DATAFLOW,OECD.ELS.SAE:DSD_EARNINGS@MIN2AVE(1.0),Minimum relative to average wages of full-time workers,I,ISR,Israel,MR_WG_FT,Minimum relative to average wages of full-time workers,PT_WG_A_SAL_FT,Percentage of average wage of full-time employees,_Z,Not applicable,_Z,Not applicable,MEAN,Mean,_Z,Not applicable,2015,,42.36556304,,_Z,,A,Normal value,0,Units,2,Two
DATAFLOW,OECD.ELS.SAE:DSD_EARNINGS@MIN2AVE(1.0),Minimum relative to average wages of full-time workers,I,ISR,Israel,MR_WG_FT,Minimum relative to average wages of full-time workers,PT_WG_A_SAL_FT,Percentage of average wage of full-time employees,_Z,Not applicable,_Z,Not applicable,MEAN,Mean,_Z,Not applicable,2016,,43.02988522,,_Z,,A,Normal value,0,Units,2,Two
DATAFLOW,OECD.ELS.SAE:DSD_EARNINGS@MIN2AVE(1.0),Minimum relative to average wages of full-time workers,I,ISR,Israel,MR_WG_FT,Minimum relative to average wages of full-time workers,PT_WG_A_SAL_FT,Percentage of average wage of full-time employees,_Z,Not applicable,_Z,Not applicable,MEAN,Mean,_Z,Not applicable,2017,,43.78475415,,_Z,,A,Normal value,0,Units,2,Two
DATAFLOW,OECD.ELS.SAE:DSD_EARNINGS@MIN2AVE(1.0),Minimum relative to average wages of full-time workers,I,ISR,Israel,MR_WG_FT,Minimum relative to average wages of full-time workers,PT_WG_A_SAL_FT,Percentage of average wage of full-time employees,_Z,Not applicable,_Z,Not applicable,MEAN,Mean,_Z,Not applicable,2018,,44.32687137,,_Z,,A,Normal value,0,Units,2,Two
DATAFLOW,OECD.ELS.SAE:DSD_EARNINGS@MIN2AVE(1.0),Minimum relative to average wages of full-time workers,I,ISR,Israel,MR_WG_FT,Minimum relative to average wages of full-time workers,PT_WG_A_SAL_FT,Percentage of average wage of full-time employees,_Z,Not applicable,_Z,Not applicable,MEAN,Mean,_Z,Not applicable,2019,,44.20255892,,_Z,,A,Normal value,0,Units,2,Two
DATAFLOW,OECD.ELS.SAE:DSD_EARNINGS@MIN2AVE(1.0),Minimum relative to average wages of full-time workers,I,ISR,Israel,MR_WG_FT,Minimum relative to average wages of full-time workers,PT_WG_A_SAL_FT,Percentage of average wage of full-time employees,_Z,Not applicable,_Z,Not applicable,MEAN,Mean,_Z,Not applicable,2020,,42.43424929,,_Z,,A,Normal value,0,Units,2,Two
DATAFLOW,OECD.ELS.SAE:DSD_EARNINGS@MIN2AVE(1.0),Minimum relative to average wages of full-time workers,I,ISR,Israel,MR_WG_FT,Minimum relative to average wages of full-time workers,PT_WG_A_SAL_FT,Percentage of average wage of full-time employees,_Z,Not applicable,_Z,Not applicable,MEAN,Mean,_Z,Not applicable,2021,,41.31361712,,_Z,,A,Normal value,0,Units,2,Two
DATAFLOW,OECD.ELS.SAE:DSD_EARNINGS@MIN2AVE(1.0),Minimum relative to average wages of full-time workers,I,ISR,Israel,MR_WG_FT,Minimum relative to average wages of full-time workers,PT_WG_A_SAL_FT,Percentage of average wage of full-time employees,_Z,Not applicable,_Z,Not applicable,MEAN,Mean,_Z,Not applicable,2022,,40.05272802,,_Z,,A,Normal value,0,Units,2,Two
DATAFLOW,OECD.ELS.SAE:DSD_EARNINGS@MIN2AVE(1.0),Minimum relative to average wages of full-time workers,I,ISR,Israel,MR_WG_FT,Minimum relative to average wages of full-time workers,PT_WG_A_SAL_FT,Percentage of average wage of full-time employees,_Z,Not applicable,_Z,Not applicable,MEAN,Mean,_Z,Not applicable,2023,,38.80087798,,_Z,,A,Normal value,0,Units,2,Two
DATAFLOW,OECD.ELS.SAE:DSD_EARNINGS@MIN2AVE(1.0),Minimum relative to average wages of full-time workers,I,ISR,Israel,MR_WG_FT,Minimum relative to average wages of full-time workers,PT_WG_A_SAL_FT,Percentage of average wage of full-time employees,_Z,Not applicable,_Z,Not applicable,MEAN,Mean,_Z,Not applicable,2024,,38.9360036,,_Z,,A,Normal value,0,Units,2,Two
DATAFLOW,OECD.ELS.SAE:DSD_EARNINGS@MIN2AVE(1.0),Minimum relative to average wages of full-time workers,I,JPN,Japan,MR_WG_FT,Minimum relative to average wages of full-time workers,PT_WG_A_SAL_FT,Percentage of average wage of full-time employees,_Z,Not applicable,_Z,Not applicable,MEAN,Mean,_Z,Not applicable,1975,,24.75027747,,_Z,,A,Normal value,0,Units,2,Two
DATAFLOW,OECD.ELS.SAE:DSD_EARNINGS@MIN2AVE(1.0),Minimum relative to average wages of full-time workers,I,JPN,Japan,MR_WG_FT,Minimum relative to average wages of full-time workers,PT_WG_A_SAL_FT,Percentage of average wage of full-time employees,_Z,Not applicable,_Z,Not applicable,MEAN,Mean,_Z,Not applicable,1976,,25.73839662,,_Z,,A,Normal value,0,Units,2,Two
DATAFLOW,OECD.ELS.SAE:DSD_EARNINGS@MIN2AVE(1.0),Minimum relative to average wages of full-time workers,I,JPN,Japan,MR_WG_FT,Minimum relative to average wages of full-time workers,PT_WG_A_SAL_FT,Percentage of average wage of full-time employees,_Z,Not applicable,_Z,Not applicable,MEAN,Mean,_Z,Not applicable,1977,,25.67307692,,_Z,,A,Normal value,0,Units,2,Two
DATAFLOW,OECD.ELS.SAE:DSD_EARNINGS@MIN2AVE(1.0),Minimum relative to average wages of full-time workers,I,JPN,Japan,MR_WG_FT,Minimum relative to average wages of full-time workers,PT_WG_A_SAL_FT,Percentage of average wage of full-time employees,_Z,Not applicable,_Z,Not applicable,MEAN,Mean,_Z,Not applicable,1978,,26.5158371,,_Z,,A,Normal value,0,Units,2,Two
DATAFLOW,OECD.ELS.SAE:DSD_EARNINGS@MIN2AVE(1.0),Minimum relative to average wages of full-time workers,I,JPN,Japan,MR_WG_FT,Minimum relative to average wages of full-time workers,PT_WG_A_SAL_FT,Percentage of average wage of full-time employees,_Z,Not applicable,_Z,Not applicable,MEAN,Mean,_Z,Not applicable,1979,,27.18531469,,_Z,,A,Normal value,0,Units,2,Two
DATAFLOW,OECD.ELS.SAE:DSD_EARNINGS@MIN2AVE(1.0),Minimum relative to average wages of full-time workers,I,JPN,Japan,MR_WG_FT,Minimum relative to average wages of full-time workers,PT_WG_A_SAL_FT,Percentage of average wage of full-time employees,_Z,Not applicable,_Z,Not applicable,MEAN,Mean,_Z,Not applicable,1980,,26.82333874,,_Z,,A,Normal value,0,Units,2,Two
DATAFLOW,OECD.ELS.SAE:DSD_EARNINGS@MIN2AVE(1.0),Minimum relative to average wages of full-time workers,I,JPN,Japan,MR_WG_FT,Minimum relative to average wages of full-time workers,PT_WG_A_SAL_FT,Percentage of average wage of full-time employees,_Z,Not applicable,_Z,Not applicable,MEAN,Mean,_Z,Not applicable,1981,,26.81818182,,_Z,,A,Normal value,0,Units,2,Two
DATAFLOW,OECD.ELS.SAE:DSD_EARNINGS@MIN2AVE(1.0),Minimum relative to average wages of full-time workers,I,JPN,Japan,MR_WG_FT,Minimum relative to average wages of full-time workers,PT_WG_A_SAL_FT,Percentage of average wage of full-time employees,_Z,Not applicable,_Z,Not applicable,MEAN,Mean,_Z,Not applicable,1982,,27.16138329,,_Z,,A,Normal value,0,Units,2,Two
DATAFLOW,OECD.ELS.SAE:DSD_EARNINGS@MIN2AVE(1.0),Minimum relative to average wages of full-time workers,I,JPN,Japan,MR_WG_FT,Minimum relative to average wages of full-time workers,PT_WG_A_SAL_FT,Percentage of average wage of full-time employees,_Z,Not applicable,_Z,Not applicable,MEAN,Mean,_Z,Not applicable,1983,,27.79329609,,_Z,,A,Normal value,0,Units,2,Two
DATAFLOW,OECD.ELS.SAE:DSD_EARNINGS@MIN2AVE(1.0),Minimum relative to average wages of full-time workers,I,JPN,Japan,MR_WG_FT,Minimum relative to average wages of full-time workers,PT_WG_A_SAL_FT,Percentage of average wage of full-time employees,_Z,Not applicable,_Z,Not applicable,MEAN,Mean,_Z,Not applicable,1984,,27.98634812,,_Z,,A,Normal value,0,Units,2,Two
DATAFLOW,OECD.ELS.SAE:DSD_EARNINGS@MIN2AVE(1.0),Minimum relative to average wages of full-time workers,I,JPN,Japan,MR_WG_FT,Minimum relative to average wages of full-time workers,PT_WG_A_SAL_FT,Percentage of average wage of full-time employees,_Z,Not applicable,_Z,Not applicable,MEAN,Mean,_Z,Not applicable,1985,,27.27272727,,_Z,,A,Normal value,0,Units,2,Two
DATAFLOW,OECD.ELS.SAE:DSD_EARNINGS@MIN2AVE(1.0),Minimum relative to average wages of full-time workers,I,JPN,Japan,MR_WG_FT,Minimum relative to average wages of full-time workers,PT_WG_A_SAL_FT,Percentage of average wage of full-time employees,_Z,Not applicable,_Z,Not applicable,MEAN,Mean,_Z,Not applicable,1986,,27.44360902,,_Z,,A,Normal value,0,Units,2,Two
DATAFLOW,OECD.ELS.SAE:DSD_EARNINGS@MIN2AVE(1.0),Minimum relative to average wages of full-time workers,I,JPN,Japan,MR_WG_FT,Minimum relative to average wages of full-time workers,PT_WG_A_SAL_FT,Percentage of average wage of full-time employees,_Z,Not applicable,_Z,Not applicable,MEAN,Mean,_Z,Not applicable,1987,,27.6178812,,_Z,,A,Normal value,0,Units,2,Two
DATAFLOW,OECD.ELS.SAE:DSD_EARNINGS@MIN2AVE(1.0),Minimum relative to average wages of full-time workers,I,JPN,Japan,MR_WG_FT,Minimum relative to average wages of full-time workers,PT_WG_A_SAL_FT,Percentage of average wage of full-time employees,_Z,Not applicable,_Z,Not applicable,MEAN,Mean,_Z,Not applicable,1988,,27.4895647,,_Z,,A,Normal value,0,Units,2,Two
DATAFLOW,OECD.ELS.SAE:DSD_EARNINGS@MIN2AVE(1.0),Minimum relative to average wages of full-time workers,I,JPN,Japan,MR_WG_FT,Minimum relative to average wages of full-time workers,PT_WG_A_SAL_FT,Percentage of average wage of full-time employees,_Z,Not applicable,_Z,Not applicable,MEAN,Mean,_Z,Not applicable,1989,,26.88598979,,_Z,,A,Normal value,0,Units,2,Two
DATAFLOW,OECD.ELS.SAE:DSD_EARNINGS@MIN2AVE(1.0),Minimum relative to average wages of full-time workers,I,JPN,Japan,MR_WG_FT,Minimum relative to average wages of full-time workers,PT_WG_A_SAL_FT,Percentage of average wage of full-time employees,_Z,Not applicable,_Z,Not applicable,MEAN,Mean,_Z,Not applicable,1990,,26.24,,_Z,,A,Normal value,0,Units,2,Two
DATAFLOW,OECD.ELS.SAE:DSD_EARNINGS@MIN2AVE(1.0),Minimum relative to average wages of full-time workers,I,JPN,Japan,MR_WG_FT,Minimum relative to average wages of full-time workers,PT_WG_A_SAL_FT,Percentage of average wage of full-time employees,_Z,Not applicable,_Z,Not applicable,MEAN,Mean,_Z,Not applicable,1991,,25.50667326,,_Z,,A,Normal value,0,Units,2,Two
DATAFLOW,OECD.ELS.SAE:DSD_EARNINGS@MIN2AVE(1.0),Minimum relative to average wages of full-time workers,I,JPN,Japan,MR_WG_FT,Minimum relative to average wages of full-time workers,PT_WG_A_SAL_FT,Percentage of average wage of full-time employees,_Z,Not applicable,_Z,Not applicable,MEAN,Mean,_Z,Not applicable,1992,,25.76045627,,_Z,,A,Normal value,0,Units,2,Two
DATAFLOW,OECD.ELS.SAE:DSD_EARNINGS@MIN2AVE(1.0),Minimum relative to average wages of full-time workers,I,JPN,Japan,MR_WG_FT,Minimum relative to average wages of full-time workers,PT_WG_A_SAL_FT,Percentage of average wage of full-time employees,_Z,Not applicable,_Z,Not applicable,MEAN,Mean,_Z,Not applicable,1993,,25.53095346,,_Z,,A,Normal value,0,Units,2,Two
DATAFLOW,OECD.ELS.SAE:DSD_EARNINGS@MIN2AVE(1.0),Minimum relative to average wages of full-time workers,I,JPN,Japan,MR_WG_FT,Minimum relative to average wages of full-time workers,PT_WG_A_SAL_FT,Percentage of average wage of full-time employees,_Z,Not applicable,_Z,Not applicable,MEAN,Mean,_Z,Not applicable,1994,,26.28494139,,_Z,,A,Normal value,0,Units,2,Two
DATAFLOW,OECD.ELS.SAE:DSD_EARNINGS@MIN2AVE(1.0),Minimum relative to average wages of full-time workers,I,JPN,Japan,MR_WG_FT,Minimum relative to average wages of full-time workers,PT_WG_A_SAL_FT,Percentage of average wage of full-time employees,_Z,Not applicable,_Z,Not applicable,MEAN,Mean,_Z,Not applicable,1995,,26.86768677,,_Z,,A,Normal value,0,Units,2,Two
DATAFLOW,OECD.ELS.SAE:DSD_EARNINGS@MIN2AVE(1.0),Minimum relative to average wages of full-time workers,I,JPN,Japan,MR_WG_FT,Minimum relative to average wages of full-time workers,PT_WG_A_SAL_FT,Percentage of average wage of full-time employees,_Z,Not applicable,_Z,Not applicable,MEAN,Mean,_Z,Not applicable,1996,,26.92816219,,_Z,,A,Normal value,0,Units,2,Two
DATAFLOW,OECD.ELS.SAE:DSD_EARNINGS@MIN2AVE(1.0),Minimum relative to average wages of full-time workers,I,JPN,Japan,MR_WG_FT,Minimum relative to average wages of full-time workers,PT_WG_A_SAL_FT,Percentage of average wage of full-time employees,_Z,Not applicable,_Z,Not applicable,MEAN,Mean,_Z,Not applicable,1997,,26.89982729,,_Z,,A,Normal value,0,Units,2,Two
DATAFLOW,OECD.ELS.SAE:DSD_EARNINGS@MIN2AVE(1.0),Minimum relative to average wages of full-time workers,I,JPN,Japan,MR_WG_FT,Minimum relative to average wages of full-time workers,PT_WG_A_SAL_FT,Percentage of average wage of full-time employees,_Z,Not applicable,_Z,Not applicable,MEAN,Mean,_Z,Not applicable,1998,,27.37430168,,_Z,,A,Normal value,0,Units,2,Two
DATAFLOW,OECD.ELS.SAE:DSD_EARNINGS@MIN2AVE(1.0),Minimum relative to average wages of full-time workers,I,JPN,Japan,MR_WG_FT,Minimum relative to average wages of full-time workers,PT_WG_A_SAL_FT,Percentage of average wage of full-time employees,_Z,Not applicable,_Z,Not applicable,MEAN,Mean,_Z,Not applicable,1999,,28.07093426,,_Z,,A,Normal value,0,Units,2,Two
DATAFLOW,OECD.ELS.SAE:DSD_EARNINGS@MIN2AVE(1.0),Minimum relative to average wages of full-time workers,I,JPN,Japan,MR_WG_FT,Minimum relative to average wages of full-time workers,PT_WG_A_SAL_FT,Percentage of average wage of full-time employees,_Z,Not applicable,_Z,Not applicable,MEAN,Mean,_Z,Not applicable,2000,,28.38541667,,_Z,,A,Normal value,0,Units,2,Two
DATAFLOW,OECD.ELS.SAE:DSD_EARNINGS@MIN2AVE(1.0),Minimum relative to average wages of full-time workers,I,JPN,Japan,MR_WG_FT,Minimum relative to average wages of full-time workers,PT_WG_A_SAL_FT,Percentage of average wage of full-time employees,_Z,Not applicable,_Z,Not applicable,MEAN,Mean,_Z,Not applicable,2001,,28.30756014,,_Z,,A,Normal value,0,Units,2,Two
DATAFLOW,OECD.ELS.SAE:DSD_EARNINGS@MIN2AVE(1.0),Minimum relative to average wages of full-time workers,I,JPN,Japan,MR_WG_FT,Minimum relative to average wages of full-time workers,PT_WG_A_SAL_FT,Percentage of average wage of full-time employees,_Z,Not applicable,_Z,Not applicable,MEAN,Mean,_Z,Not applicable,2002,,28.62694301,,_Z,,A,Normal value,0,Units,2,Two
DATAFLOW,OECD.ELS.SAE:DSD_EARNINGS@MIN2AVE(1.0),Minimum relative to average wages of full-time workers,I,JPN,Japan,MR_WG_FT,Minimum relative to average wages of full-time workers,PT_WG_A_SAL_FT,Percentage of average wage of full-time employees,_Z,Not applicable,_Z,Not applicable,MEAN,Mean,_Z,Not applicable,2003,,29.16849978,,_Z,,A,Normal value,0,Units,2,Two
DATAFLOW,OECD.ELS.SAE:DSD_EARNINGS@MIN2AVE(1.0),Minimum relative to average wages of full-time workers,I,JPN,Japan,MR_WG_FT,Minimum relative to average wages of full-time workers,PT_WG_A_SAL_FT,Percentage of average wage of full-time employees,_Z,Not applicable,_Z,Not applicable,MEAN,Mean,_Z,Not applicable,2004,,29.55051179,,_Z,,A,Normal value,0,Units,2,Two
DATAFLOW,OECD.ELS.SAE:DSD_EARNINGS@MIN2AVE(1.0),Minimum relative to average wages of full-time workers,I,JPN,Japan,MR_WG_FT,Minimum relative to average wages of full-time workers,PT_WG_A_SAL_FT,Percentage of average wage of full-time employees,_Z,Not applicable,_Z,Not applicable,MEAN,Mean,_Z,Not applicable,2005,,29.30806523,,_Z,,A,Normal value,0,Units,2,Two
DATAFLOW,OECD.ELS.SAE:DSD_EARNINGS@MIN2AVE(1.0),Minimum relative to average wages of full-time workers,I,JPN,Japan,MR_WG_FT,Minimum relative to average wages of full-time workers,PT_WG_A_SAL_FT,Percentage of average wage of full-time employees,_Z,Not applicable,_Z,Not applicable,MEAN,Mean,_Z,Not applicable,2006,,29.64935641,,_Z,,A,Normal value,0,Units,2,Two
DATAFLOW,OECD.ELS.SAE:DSD_EARNINGS@MIN2AVE(1.0),Minimum relative to average wages of full-time workers,I,JPN,Japan,MR_WG_FT,Minimum relative to average wages of full-time workers,PT_WG_A_SAL_FT,Percentage of average wage of full-time employees,_Z,Not applicable,_Z,Not applicable,MEAN,Mean,_Z,Not applicable,2007,,29.76559045,,_Z,,A,Normal value,0,Units,2,Two
DATAFLOW,OECD.ELS.SAE:DSD_EARNINGS@MIN2AVE(1.0),Minimum relative to average wages of full-time workers,I,JPN,Japan,MR_WG_FT,Minimum relative to average wages of full-time workers,PT_WG_A_SAL_FT,Percentage of average wage of full-time employees,_Z,Not applicable,_Z,Not applicable,MEAN,Mean,_Z,Not applicable,2008,,30.35793195,,_Z,,A,Normal value,0,Units,2,Two
DATAFLOW,OECD.ELS.SAE:DSD_EARNINGS@MIN2AVE(1.0),Minimum relative to average wages of full-time workers,I,JPN,Japan,MR_WG_FT,Minimum relative to average wages of full-time workers,PT_WG_A_SAL_FT,Percentage of average wage of full-time employees,_Z,Not applicable,_Z,Not applicable,MEAN,Mean,_Z,Not applicable,2009,,31.5529623,,_Z,,A,Normal value,0,Units,2,Two
DATAFLOW,OECD.ELS.SAE:DSD_EARNINGS@MIN2AVE(1.0),Minimum relative to average wages of full-time workers,I,JPN,Japan,MR_WG_FT,Minimum relative to average wages of full-time workers,PT_WG_A_SAL_FT,Percentage of average wage of full-time employees,_Z,Not applicable,_Z,Not applicable,MEAN,Mean,_Z,Not applicable,2010,,32.63157895,,_Z,,A,Normal value,0,Units,2,Two
DATAFLOW,OECD.ELS.SAE:DSD_EARNINGS@MIN2AVE(1.0),Minimum relative to average wages of full-time workers,I,JPN,Japan,MR_WG_FT,Minimum relative to average wages of full-time workers,PT_WG_A_SAL_FT,Percentage of average wage of full-time employees,_Z,Not applicable,_Z,Not applicable,MEAN,Mean,_Z,Not applicable,2011,,33.30291971,,_Z,,A,Normal value,0,Units,2,Two
DATAFLOW,OECD.ELS.SAE:DSD_EARNINGS@MIN2AVE(1.0),Minimum relative to average wages of full-time workers,I,JPN,Japan,MR_WG_FT,Minimum relative to average wages of full-time workers,PT_WG_A_SAL_FT,Percentage of average wage of full-time employees,_Z,Not applicable,_Z,Not applicable,MEAN,Mean,_Z,Not applicable,2012,,33.30320831,,_Z,,A,Normal value,0,Units,2,Two
DATAFLOW,OECD.ELS.SAE:DSD_EARNINGS@MIN2AVE(1.0),Minimum relative to average wages of full-time workers,I,JPN,Japan,MR_WG_FT,Minimum relative to average wages of full-time workers,PT_WG_A_SAL_FT,Percentage of average wage of full-time employees,_Z,Not applicable,_Z,Not applicable,MEAN,Mean,_Z,Not applicable,2013,,33.92210145,,_Z,,A,Normal value,0,Units,2,Two
DATAFLOW,OECD.ELS.SAE:DSD_EARNINGS@MIN2AVE(1.0),Minimum relative to average wages of full-time workers,I,JPN,Japan,MR_WG_FT,Minimum relative to average wages of full-time workers,PT_WG_A_SAL_FT,Percentage of average wage of full-time employees,_Z,Not applicable,_Z,Not applicable,MEAN,Mean,_Z,Not applicable,2014,,34.15102988,,_Z,,A,Normal value,0,Units,2,Two
DATAFLOW,OECD.ELS.SAE:DSD_EARNINGS@MIN2AVE(1.0),Minimum relative to average wages of full-time workers,I,JPN,Japan,MR_WG_FT,Minimum relative to average wages of full-time workers,PT_WG_A_SAL_FT,Percentage of average wage of full-time employees,_Z,Not applicable,_Z,Not applicable,MEAN,Mean,_Z,Not applicable,2015,,33.86382683,,_Z,,A,Normal value,0,Units,2,Two
DATAFLOW,OECD.ELS.SAE:DSD_EARNINGS@MIN2AVE(1.0),Minimum relative to average wages of full-time workers,I,JPN,Japan,MR_WG_FT,Minimum relative to average wages of full-time workers,PT_WG_A_SAL_FT,Percentage of average wage of full-time employees,_Z,Not applicable,_Z,Not applicable,MEAN,Mean,_Z,Not applicable,2016,,34.60074307,,_Z,,A,Normal value,0,Units,2,Two
DATAFLOW,OECD.ELS.SAE:DSD_EARNINGS@MIN2AVE(1.0),Minimum relative to average wages of full-time workers,I,JPN,Japan,MR_WG_FT,Minimum relative to average wages of full-time workers,PT_WG_A_SAL_FT,Percentage of average wage of full-time employees,_Z,Not applicable,_Z,Not applicable,MEAN,Mean,_Z,Not applicable,2017,,35.79207981,,_Z,,A,Normal value,0,Units,2,Two
DATAFLOW,OECD.ELS.SAE:DSD_EARNINGS@MIN2AVE(1.0),Minimum relative to average wages of full-time workers,I,JPN,Japan,MR_WG_FT,Minimum relative to average wages of full-time workers,PT_WG_A_SAL_FT,Percentage of average wage of full-time employees,_Z,Not applicable,_Z,Not applicable,MEAN,Mean,_Z,Not applicable,2018,,36.22590507,,_Z,,A,Normal value,0,Units,2,Two
DATAFLOW,OECD.ELS.SAE:DSD_EARNINGS@MIN2AVE(1.0),Minimum relative to average wages of full-time workers,I,JPN,Japan,MR_WG_FT,Minimum relative to average wages of full-time workers,PT_WG_A_SAL_FT,Percentage of average wage of full-time employees,_Z,Not applicable,_Z,Not applicable,MEAN,Mean,_Z,Not applicable,2019,,36.23847091,,_Z,,A,Normal value,0,Units,2,Two
DATAFLOW,OECD.ELS.SAE:DSD_EARNINGS@MIN2AVE(1.0),Minimum relative to average wages of full-time workers,I,JPN,Japan,MR_WG_FT,Minimum relative to average wages of full-time workers,PT_WG_A_SAL_FT,Percentage of average wage of full-time employees,_Z,Not applicable,_Z,Not applicable,MEAN,Mean,_Z,Not applicable,2020,,38.82903405,,_Z,,A,Normal value,0,Units,2,Two
DATAFLOW,OECD.ELS.SAE:DSD_EARNINGS@MIN2AVE(1.0),Minimum relative to average wages of full-time workers,I,JPN,Japan,MR_WG_FT,Minimum relative to average wages of full-time workers,PT_WG_A_SAL_FT,Percentage of average wage of full-time employees,_Z,Not applicable,_Z,Not applicable,MEAN,Mean,_Z,Not applicable,2021,,38.93286465,,_Z,,A,Normal value,0,Units,2,Two
DATAFLOW,OECD.ELS.SAE:DSD_EARNINGS@MIN2AVE(1.0),Minimum relative to average wages of full-time workers,I,JPN,Japan,MR_WG_FT,Minimum relative to average wages of full-time workers,PT_WG_A_SAL_FT,Percentage of average wage of full-time employees,_Z,Not applicable,_Z,Not applicable,MEAN,Mean,_Z,Not applicable,2022,,39.7792859,,_Z,,A,Normal value,0,Units,2,Two
DATAFLOW,OECD.ELS.SAE:DSD_EARNINGS@MIN2AVE(1.0),Minimum relative to average wages of full-time workers,I,JPN,Japan,MR_WG_FT,Minimum relative to average wages of full-time workers,PT_WG_A_SAL_FT,Percentage of average wage of full-time employees,_Z,Not applicable,_Z,Not applicable,MEAN,Mean,_Z,Not applicable,2023,,40.49189253,,_Z,,A,Normal value,0,Units,2,Two
DATAFLOW,OECD.ELS.SAE:DSD_EARNINGS@MIN2AVE(1.0),Minimum relative to average wages of full-time workers,I,JPN,Japan,MR_WG_FT,Minimum relative to average wages of full-time workers,PT_WG_A_SAL_FT,Percentage of average wage of full-time employees,_Z,Not applicable,_Z,Not applicable,MEAN,Mean,_Z,Not applicable,2024,,40.67326248,,_Z,,A,Normal value,0,Units,2,Two
DATAFLOW,OECD.ELS.SAE:DSD_EARNINGS@MIN2AVE(1.0),Minimum relative to average wages of full-time workers,I,KOR,Korea,MR_WG_FT,Minimum relative to average wages of full-time workers,PT_WG_A_SAL_FT,Percentage of average wage of full-time employees,_Z,Not applicable,_Z,Not applicable,MEAN,Mean,_Z,Not applicable,1988,,26.00012937,,_Z,,A,Normal value,0,Units,2,Two
DATAFLOW,OECD.ELS.SAE:DSD_EARNINGS@MIN2AVE(1.0),Minimum relative to average wages of full-time workers,I,KOR,Korea,MR_WG_FT,Minimum relative to average wages of full-time workers,PT_WG_A_SAL_FT,Percentage of average wage of full-time employees,_Z,Not applicable,_Z,Not applicable,MEAN,Mean,_Z,Not applicable,1989,,27.96962028,,_Z,,A,Normal value,0,Units,2,Two
DATAFLOW,OECD.ELS.SAE:DSD_EARNINGS@MIN2AVE(1.0),Minimum relative to average wages of full-time workers,I,KOR,Korea,MR_WG_FT,Minimum relative to average wages of full-time workers,PT_WG_A_SAL_FT,Percentage of average wage of full-time employees,_Z,Not applicable,_Z,Not applicable,MEAN,Mean,_Z,Not applicable,1990,,27.36052547,,_Z,,A,Normal value,0,Units,2,Two
DATAFLOW,OECD.ELS.SAE:DSD_EARNINGS@MIN2AVE(1.0),Minimum relative to average wages of full-time workers,I,KOR,Korea,MR_WG_FT,Minimum relative to average wages of full-time workers,PT_WG_A_SAL_FT,Percentage of average wage of full-time employees,_Z,Not applicable,_Z,Not applicable,MEAN,Mean,_Z,Not applicable,1991,,27.33990218,,_Z,,A,Normal value,0,Units,2,Two
DATAFLOW,OECD.ELS.SAE:DSD_EARNINGS@MIN2AVE(1.0),Minimum relative to average wages of full-time workers,I,KOR,Korea,MR_WG_FT,Minimum relative to average wages of full-time workers,PT_WG_A_SAL_FT,Percentage of average wage of full-time employees,_Z,Not applicable,_Z,Not applicable,MEAN,Mean,_Z,Not applicable,1992,,26.10668265,,_Z,,A,Normal value,0,Units,2,Two
DATAFLOW,OECD.ELS.SAE:DSD_EARNINGS@MIN2AVE(1.0),Minimum relative to average wages of full-time workers,I,KOR,Korea,MR_WG_FT,Minimum relative to average wages of full-time workers,PT_WG_A_SAL_FT,Percentage of average wage of full-time employees,_Z,Not applicable,_Z,Not applicable,MEAN,Mean,_Z,Not applicable,1993,,25.69579601,,_Z,,A,Normal value,0,Units,2,Two
DATAFLOW,OECD.ELS.SAE:DSD_EARNINGS@MIN2AVE(1.0),Minimum relative to average wages of full-time workers,I,KOR,Korea,MR_WG_FT,Minimum relative to average wages of full-time workers,PT_WG_A_SAL_FT,Percentage of average wage of full-time employees,_Z,Not applicable,_Z,Not applicable,MEAN,Mean,_Z,Not applicable,1994,,25.32639348,,_Z,,A,Normal value,0,Units,2,Two
DATAFLOW,OECD.ELS.SAE:DSD_EARNINGS@MIN2AVE(1.0),Minimum relative to average wages of full-time workers,I,KOR,Korea,MR_WG_FT,Minimum relative to average wages of full-time workers,PT_WG_A_SAL_FT,Percentage of average wage of full-time employees,_Z,Not applicable,_Z,Not applicable,MEAN,Mean,_Z,Not applicable,1995,,23.92495878,,_Z,,A,Normal value,0,Units,2,Two
DATAFLOW,OECD.ELS.SAE:DSD_EARNINGS@MIN2AVE(1.0),Minimum relative to average wages of full-time workers,I,KOR,Korea,MR_WG_FT,Minimum relative to average wages of full-time workers,PT_WG_A_SAL_FT,Percentage of average wage of full-time employees,_Z,Not applicable,_Z,Not applicable,MEAN,Mean,_Z,Not applicable,1996,,23.06285871,,_Z,,A,Normal value,0,Units,2,Two
DATAFLOW,OECD.ELS.SAE:DSD_EARNINGS@MIN2AVE(1.0),Minimum relative to average wages of full-time workers,I,KOR,Korea,MR_WG_FT,Minimum relative to average wages of full-time workers,PT_WG_A_SAL_FT,Percentage of average wage of full-time employees,_Z,Not applicable,_Z,Not applicable,MEAN,Mean,_Z,Not applicable,1997,,23.23272572,,_Z,,A,Normal value,0,Units,2,Two
DATAFLOW,OECD.ELS.SAE:DSD_EARNINGS@MIN2AVE(1.0),Minimum relative to average wages of full-time workers,I,KOR,Korea,MR_WG_FT,Minimum relative to average wages of full-time workers,PT_WG_A_SAL_FT,Percentage of average wage of full-time employees,_Z,Not applicable,_Z,Not applicable,MEAN,Mean,_Z,Not applicable,1998,,24.30701775,,_Z,,A,Normal value,0,Units,2,Two
DATAFLOW,OECD.ELS.SAE:DSD_EARNINGS@MIN2AVE(1.0),Minimum relative to average wages of full-time workers,I,KOR,Korea,MR_WG_FT,Minimum relative to average wages of full-time workers,PT_WG_A_SAL_FT,Percentage of average wage of full-time employees,_Z,Not applicable,_Z,Not applicable,MEAN,Mean,_Z,Not applicable,1999,,24.94872797,,_Z,,A,Normal value,0,Units,2,Two
DATAFLOW,OECD.ELS.SAE:DSD_EARNINGS@MIN2AVE(1.0),Minimum relative to average wages of full-time workers,I,KOR,Korea,MR_WG_FT,Minimum relative to average wages of full-time workers,PT_WG_A_SAL_FT,Percentage of average wage of full-time employees,_Z,Not applicable,_Z,Not applicable,MEAN,Mean,_Z,Not applicable,2000,,23.81263785,,_Z,,A,Normal value,0,Units,2,Two
DATAFLOW,OECD.ELS.SAE:DSD_EARNINGS@MIN2AVE(1.0),Minimum relative to average wages of full-time workers,I,KOR,Korea,MR_WG_FT,Minimum relative to average wages of full-time workers,PT_WG_A_SAL_FT,Percentage of average wage of full-time employees,_Z,Not applicable,_Z,Not applicable,MEAN,Mean,_Z,Not applicable,2001,,26.08865382,,_Z,,A,Normal value,0,Units,2,Two
DATAFLOW,OECD.ELS.SAE:DSD_EARNINGS@MIN2AVE(1.0),Minimum relative to average wages of full-time workers,I,KOR,Korea,MR_WG_FT,Minimum relative to average wages of full-time workers,PT_WG_A_SAL_FT,Percentage of average wage of full-time employees,_Z,Not applicable,_Z,Not applicable,MEAN,Mean,_Z,Not applicable,2002,,27.31283442,,_Z,,A,Normal value,0,Units,2,Two
DATAFLOW,OECD.ELS.SAE:DSD_EARNINGS@MIN2AVE(1.0),Minimum relative to average wages of full-time workers,I,KOR,Korea,MR_WG_FT,Minimum relative to average wages of full-time workers,PT_WG_A_SAL_FT,Percentage of average wage of full-time employees,_Z,Not applicable,_Z,Not applicable,MEAN,Mean,_Z,Not applicable,2003,,27.30202812,,_Z,,A,Normal value,0,Units,2,Two
DATAFLOW,OECD.ELS.SAE:DSD_EARNINGS@MIN2AVE(1.0),Minimum relative to average wages of full-time workers,I,KOR,Korea,MR_WG_FT,Minimum relative to average wages of full-time workers,PT_WG_A_SAL_FT,Percentage of average wage of full-time employees,_Z,Not applicable,_Z,Not applicable,MEAN,Mean,_Z,Not applicable,2004,,28.22007046,,_Z,,A,Normal value,0,Units,2,Two
DATAFLOW,OECD.ELS.SAE:DSD_EARNINGS@MIN2AVE(1.0),Minimum relative to average wages of full-time workers,I,KOR,Korea,MR_WG_FT,Minimum relative to average wages of full-time workers,PT_WG_A_SAL_FT,Percentage of average wage of full-time employees,_Z,Not applicable,_Z,Not applicable,MEAN,Mean,_Z,Not applicable,2005,,29.77687525,,_Z,,A,Normal value,0,Units,2,Two
DATAFLOW,OECD.ELS.SAE:DSD_EARNINGS@MIN2AVE(1.0),Minimum relative to average wages of full-time workers,I,KOR,Korea,MR_WG_FT,Minimum relative to average wages of full-time workers,PT_WG_A_SAL_FT,Percentage of average wage of full-time employees,_Z,Not applicable,_Z,Not applicable,MEAN,Mean,_Z,Not applicable,2006,,30.62064275,,_Z,,A,Normal value,0,Units,2,Two
DATAFLOW,OECD.ELS.SAE:DSD_EARNINGS@MIN2AVE(1.0),Minimum relative to average wages of full-time workers,I,KOR,Korea,MR_WG_FT,Minimum relative to average wages of full-time workers,PT_WG_A_SAL_FT,Percentage of average wage of full-time employees,_Z,Not applicable,_Z,Not applicable,MEAN,Mean,_Z,Not applicable,2007,,33.35394418,,_Z,,A,Normal value,0,Units,2,Two
DATAFLOW,OECD.ELS.SAE:DSD_EARNINGS@MIN2AVE(1.0),Minimum relative to average wages of full-time workers,I,KOR,Korea,MR_WG_FT,Minimum relative to average wages of full-time workers,PT_WG_A_SAL_FT,Percentage of average wage of full-time employees,_Z,Not applicable,_Z,Not applicable,MEAN,Mean,_Z,Not applicable,2008,,34.13255861,,_Z,,A,Normal value,0,Units,2,Two
DATAFLOW,OECD.ELS.SAE:DSD_EARNINGS@MIN2AVE(1.0),Minimum relative to average wages of full-time workers,I,KOR,Korea,MR_WG_FT,Minimum relative to average wages of full-time workers,PT_WG_A_SAL_FT,Percentage of average wage of full-time employees,_Z,Not applicable,_Z,Not applicable,MEAN,Mean,_Z,Not applicable,2009,,35.90515954,,_Z,,A,Normal value,0,Units,2,Two
DATAFLOW,OECD.ELS.SAE:DSD_EARNINGS@MIN2AVE(1.0),Minimum relative to average wages of full-time workers,I,KOR,Korea,MR_WG_FT,Minimum relative to average wages of full-time workers,PT_WG_A_SAL_FT,Percentage of average wage of full-time employees,_Z,Not applicable,_Z,Not applicable,MEAN,Mean,_Z,Not applicable,2010,,35.86287737,,_Z,,A,Normal value,0,Units,2,Two
DATAFLOW,OECD.ELS.SAE:DSD_EARNINGS@MIN2AVE(1.0),Minimum relative to average wages of full-time workers,I,KOR,Korea,MR_WG_FT,Minimum relative to average wages of full-time workers,PT_WG_A_SAL_FT,Percentage of average wage of full-time employees,_Z,Not applicable,_Z,Not applicable,MEAN,Mean,_Z,Not applicable,2011,,35.81728168,,_Z,,A,Normal value,0,Units,2,Two
DATAFLOW,OECD.ELS.SAE:DSD_EARNINGS@MIN2AVE(1.0),Minimum relative to average wages of full-time workers,I,KOR,Korea,MR_WG_FT,Minimum relative to average wages of full-time workers,PT_WG_A_SAL_FT,Percentage of average wage of full-time employees,_Z,Not applicable,_Z,Not applicable,MEAN,Mean,_Z,Not applicable,2012,,34.10689859,,_Z,,A,Normal value,0,Units,2,Two
DATAFLOW,OECD.ELS.SAE:DSD_EARNINGS@MIN2AVE(1.0),Minimum relative to average wages of full-time workers,I,KOR,Korea,MR_WG_FT,Minimum relative to average wages of full-time workers,PT_WG_A_SAL_FT,Percentage of average wage of full-time employees,_Z,Not applicable,_Z,Not applicable,MEAN,Mean,_Z,Not applicable,2013,,35.05983962,,_Z,,A,Normal value,0,Units,2,Two
DATAFLOW,OECD.ELS.SAE:DSD_EARNINGS@MIN2AVE(1.0),Minimum relative to average wages of full-time workers,I,KOR,Korea,MR_WG_FT,Minimum relative to average wages of full-time workers,PT_WG_A_SAL_FT,Percentage of average wage of full-time employees,_Z,Not applicable,_Z,Not applicable,MEAN,Mean,_Z,Not applicable,2014,,35.71326664,,_Z,,A,Normal value,0,Units,2,Two
DATAFLOW,OECD.ELS.SAE:DSD_EARNINGS@MIN2AVE(1.0),Minimum relative to average wages of full-time workers,I,KOR,Korea,MR_WG_FT,Minimum relative to average wages of full-time workers,PT_WG_A_SAL_FT,Percentage of average wage of full-time employees,_Z,Not applicable,_Z,Not applicable,MEAN,Mean,_Z,Not applicable,2015,,37.83227568,,_Z,,A,Normal value,0,Units,2,Two
DATAFLOW,OECD.ELS.SAE:DSD_EARNINGS@MIN2AVE(1.0),Minimum relative to average wages of full-time workers,I,KOR,Korea,MR_WG_FT,Minimum relative to average wages of full-time workers,PT_WG_A_SAL_FT,Percentage of average wage of full-time employees,_Z,Not applicable,_Z,Not applicable,MEAN,Mean,_Z,Not applicable,2016,,39.72141711,,_Z,,A,Normal value,0,Units,2,Two
DATAFLOW,OECD.ELS.SAE:DSD_EARNINGS@MIN2AVE(1.0),Minimum relative to average wages of full-time workers,I,KOR,Korea,MR_WG_FT,Minimum relative to average wages of full-time workers,PT_WG_A_SAL_FT,Percentage of average wage of full-time employees,_Z,Not applicable,_Z,Not applicable,MEAN,Mean,_Z,Not applicable,2017,,41.42749828,,_Z,,A,Normal value,0,Units,2,Two
DATAFLOW,OECD.ELS.SAE:DSD_EARNINGS@MIN2AVE(1.0),Minimum relative to average wages of full-time workers,I,KOR,Korea,MR_WG_FT,Minimum relative to average wages of full-time workers,PT_WG_A_SAL_FT,Percentage of average wage of full-time employees,_Z,Not applicable,_Z,Not applicable,MEAN,Mean,_Z,Not applicable,2018,,46.08516107,,_Z,,A,Normal value,0,Units,2,Two
DATAFLOW,OECD.ELS.SAE:DSD_EARNINGS@MIN2AVE(1.0),Minimum relative to average wages of full-time workers,I,KOR,Korea,MR_WG_FT,Minimum relative to average wages of full-time workers,PT_WG_A_SAL_FT,Percentage of average wage of full-time employees,_Z,Not applicable,_Z,Not applicable,MEAN,Mean,_Z,Not applicable,2019,,49.44870145,,_Z,,A,Normal value,0,Units,2,Two
DATAFLOW,OECD.ELS.SAE:DSD_EARNINGS@MIN2AVE(1.0),Minimum relative to average wages of full-time workers,I,KOR,Korea,MR_WG_FT,Minimum relative to average wages of full-time workers,PT_WG_A_SAL_FT,Percentage of average wage of full-time employees,_Z,Not applicable,_Z,Not applicable,MEAN,Mean,_Z,Not applicable,2020,,49.56324241,,_Z,,A,Normal value,0,Units,2,Two
DATAFLOW,OECD.ELS.SAE:DSD_EARNINGS@MIN2AVE(1.0),Minimum relative to average wages of full-time workers,I,KOR,Korea,MR_WG_FT,Minimum relative to average wages of full-time workers,PT_WG_A_SAL_FT,Percentage of average wage of full-time employees,_Z,Not applicable,_Z,Not applicable,MEAN,Mean,_Z,Not applicable,2021,,48.89936976,,_Z,,A,Normal value,0,Units,2,Two
DATAFLOW,OECD.ELS.SAE:DSD_EARNINGS@MIN2AVE(1.0),Minimum relative to average wages of full-time workers,I,KOR,Korea,MR_WG_FT,Minimum relative to average wages of full-time workers,PT_WG_A_SAL_FT,Percentage of average wage of full-time employees,_Z,Not applicable,_Z,Not applicable,MEAN,Mean,_Z,Not applicable,2022,,47.84767442,,_Z,,A,Normal value,0,Units,2,Two
DATAFLOW,OECD.ELS.SAE:DSD_EARNINGS@MIN2AVE(1.0),Minimum relative to average wages of full-time workers,I,KOR,Korea,MR_WG_FT,Minimum relative to average wages of full-time workers,PT_WG_A_SAL_FT,Percentage of average wage of full-time employees,_Z,Not applicable,_Z,Not applicable,MEAN,Mean,_Z,Not applicable,2023,,48.1190404,,_Z,,A,Normal value,0,Units,2,Two
DATAFLOW,OECD.ELS.SAE:DSD_EARNINGS@MIN2AVE(1.0),Minimum relative to average wages of full-time workers,I,KOR,Korea,MR_WG_FT,Minimum relative to average wages of full-time workers,PT_WG_A_SAL_FT,Percentage of average wage of full-time employees,_Z,Not applicable,_Z,Not applicable,MEAN,Mean,_Z,Not applicable,2024,,47.85202964,,_Z,,A,Normal value,0,Units,2,Two
DATAFLOW,OECD.ELS.SAE:DSD_EARNINGS@MIN2AVE(1.0),Minimum relative to average wages of full-time workers,I,LVA,Latvia,MR_WG_FT,Minimum relative to average wages of full-time workers,PT_WG_A_SAL_FT,Percentage of average wage of full-time employees,_Z,Not applicable,_Z,Not applicable,MEAN,Mean,_Z,Not applicable,1997,,24.14257457,,_Z,,A,Normal value,0,Units,2,Two
DATAFLOW,OECD.ELS.SAE:DSD_EARNINGS@MIN2AVE(1.0),Minimum relative to average wages of full-time workers,I,LVA,Latvia,MR_WG_FT,Minimum relative to average wages of full-time workers,PT_WG_A_SAL_FT,Percentage of average wage of full-time employees,_Z,Not applicable,_Z,Not applicable,MEAN,Mean,_Z,Not applicable,1998,,24.01550839,,_Z,,A,Normal value,0,Units,2,Two
DATAFLOW,OECD.ELS.SAE:DSD_EARNINGS@MIN2AVE(1.0),Minimum relative to average wages of full-time workers,I,LVA,Latvia,MR_WG_FT,Minimum relative to average wages of full-time workers,PT_WG_A_SAL_FT,Percentage of average wage of full-time employees,_Z,Not applicable,_Z,Not applicable,MEAN,Mean,_Z,Not applicable,1999,,27.02527004,,_Z,,A,Normal value,0,Units,2,Two
DATAFLOW,OECD.ELS.SAE:DSD_EARNINGS@MIN2AVE(1.0),Minimum relative to average wages of full-time workers,I,LVA,Latvia,MR_WG_FT,Minimum relative to average wages of full-time workers,PT_WG_A_SAL_FT,Percentage of average wage of full-time employees,_Z,Not applicable,_Z,Not applicable,MEAN,Mean,_Z,Not applicable,2000,,25.50271962,,_Z,,A,Normal value,0,Units,2,Two
DATAFLOW,OECD.ELS.SAE:DSD_EARNINGS@MIN2AVE(1.0),Minimum relative to average wages of full-time workers,I,LVA,Latvia,MR_WG_FT,Minimum relative to average wages of full-time workers,PT_WG_A_SAL_FT,Percentage of average wage of full-time employees,_Z,Not applicable,_Z,Not applicable,MEAN,Mean,_Z,Not applicable,2001,,26.32285113,,_Z,,A,Normal value,0,Units,2,Two
DATAFLOW,OECD.ELS.SAE:DSD_EARNINGS@MIN2AVE(1.0),Minimum relative to average wages of full-time workers,I,LVA,Latvia,MR_WG_FT,Minimum relative to average wages of full-time workers,PT_WG_A_SAL_FT,Percentage of average wage of full-time employees,_Z,Not applicable,_Z,Not applicable,MEAN,Mean,_Z,Not applicable,2002,,26.4979477,,_Z,,A,Normal value,0,Units,2,Two
DATAFLOW,OECD.ELS.SAE:DSD_EARNINGS@MIN2AVE(1.0),Minimum relative to average wages of full-time workers,I,LVA,Latvia,MR_WG_FT,Minimum relative to average wages of full-time workers,PT_WG_A_SAL_FT,Percentage of average wage of full-time employees,_Z,Not applicable,_Z,Not applicable,MEAN,Mean,_Z,Not applicable,2003,,33.45392156,,_Z,,A,Normal value,0,Units,2,Two
DATAFLOW,OECD.ELS.SAE:DSD_EARNINGS@MIN2AVE(1.0),Minimum relative to average wages of full-time workers,I,LVA,Latvia,MR_WG_FT,Minimum relative to average wages of full-time workers,PT_WG_A_SAL_FT,Percentage of average wage of full-time employees,_Z,Not applicable,_Z,Not applicable,MEAN,Mean,_Z,Not applicable,2004,,34.91952194,,_Z,,A,Normal value,0,Units,2,Two
DATAFLOW,OECD.ELS.SAE:DSD_EARNINGS@MIN2AVE(1.0),Minimum relative to average wages of full-time workers,I,LVA,Latvia,MR_WG_FT,Minimum relative to average wages of full-time workers,PT_WG_A_SAL_FT,Percentage of average wage of full-time employees,_Z,Not applicable,_Z,Not applicable,MEAN,Mean,_Z,Not applicable,2005,,30.08488148,,_Z,,A,Normal value,0,Units,2,Two
DATAFLOW,OECD.ELS.SAE:DSD_EARNINGS@MIN2AVE(1.0),Minimum relative to average wages of full-time workers,I,LVA,Latvia,MR_WG_FT,Minimum relative to average wages of full-time workers,PT_WG_A_SAL_FT,Percentage of average wage of full-time employees,_Z,Not applicable,_Z,Not applicable,MEAN,Mean,_Z,Not applicable,2006,,27.45309384,,_Z,,A,Normal value,0,Units,2,Two
DATAFLOW,OECD.ELS.SAE:DSD_EARNINGS@MIN2AVE(1.0),Minimum relative to average wages of full-time workers,I,LVA,Latvia,MR_WG_FT,Minimum relative to average wages of full-time workers,PT_WG_A_SAL_FT,Percentage of average wage of full-time employees,_Z,Not applicable,_Z,Not applicable,MEAN,Mean,_Z,Not applicable,2007,,28.5979202,,_Z,,A,Normal value,0,Units,2,Two
DATAFLOW,OECD.ELS.SAE:DSD_EARNINGS@MIN2AVE(1.0),Minimum relative to average wages of full-time workers,I,LVA,Latvia,MR_WG_FT,Minimum relative to average wages of full-time workers,PT_WG_A_SAL_FT,Percentage of average wage of full-time employees,_Z,Not applicable,_Z,Not applicable,MEAN,Mean,_Z,Not applicable,2008,,31.58074882,,_Z,,A,Normal value,0,Units,2,Two
DATAFLOW,OECD.ELS.SAE:DSD_EARNINGS@MIN2AVE(1.0),Minimum relative to average wages of full-time workers,I,LVA,Latvia,MR_WG_FT,Minimum relative to average wages of full-time workers,PT_WG_A_SAL_FT,Percentage of average wage of full-time employees,_Z,Not applicable,_Z,Not applicable,MEAN,Mean,_Z,Not applicable,2009,,36.98550014,,_Z,,A,Normal value,0,Units,2,Two
DATAFLOW,OECD.ELS.SAE:DSD_EARNINGS@MIN2AVE(1.0),Minimum relative to average wages of full-time workers,I,LVA,Latvia,MR_WG_FT,Minimum relative to average wages of full-time workers,PT_WG_A_SAL_FT,Percentage of average wage of full-time employees,_Z,Not applicable,_Z,Not applicable,MEAN,Mean,_Z,Not applicable,2010,,38.22883801,,_Z,,A,Normal value,0,Units,2,Two
DATAFLOW,OECD.ELS.SAE:DSD_EARNINGS@MIN2AVE(1.0),Minimum relative to average wages of full-time workers,I,LVA,Latvia,MR_WG_FT,Minimum relative to average wages of full-time workers,PT_WG_A_SAL_FT,Percentage of average wage of full-time employees,_Z,Not applicable,_Z,Not applicable,MEAN,Mean,_Z,Not applicable,2011,,40.54974456,,_Z,,A,Normal value,0,Units,2,Two
DATAFLOW,OECD.ELS.SAE:DSD_EARNINGS@MIN2AVE(1.0),Minimum relative to average wages of full-time workers,I,LVA,Latvia,MR_WG_FT,Minimum relative to average wages of full-time workers,PT_WG_A_SAL_FT,Percentage of average wage of full-time employees,_Z,Not applicable,_Z,Not applicable,MEAN,Mean,_Z,Not applicable,2012,,39.10327479,,_Z,,A,Normal value,0,Units,2,Two
DATAFLOW,OECD.ELS.SAE:DSD_EARNINGS@MIN2AVE(1.0),Minimum relative to average wages of full-time workers,I,LVA,Latvia,MR_WG_FT,Minimum relative to average wages of full-time workers,PT_WG_A_SAL_FT,Percentage of average wage of full-time employees,_Z,Not applicable,_Z,Not applicable,MEAN,Mean,_Z,Not applicable,2013,,37.37202645,,_Z,,A,Normal value,0,Units,2,Two
DATAFLOW,OECD.ELS.SAE:DSD_EARNINGS@MIN2AVE(1.0),Minimum relative to average wages of full-time workers,I,LVA,Latvia,MR_WG_FT,Minimum relative to average wages of full-time workers,PT_WG_A_SAL_FT,Percentage of average wage of full-time employees,_Z,Not applicable,_Z,Not applicable,MEAN,Mean,_Z,Not applicable,2014,,39.41212695,,_Z,,A,Normal value,0,Units,2,Two
DATAFLOW,OECD.ELS.SAE:DSD_EARNINGS@MIN2AVE(1.0),Minimum relative to average wages of full-time workers,I,LVA,Latvia,MR_WG_FT,Minimum relative to average wages of full-time workers,PT_WG_A_SAL_FT,Percentage of average wage of full-time employees,_Z,Not applicable,_Z,Not applicable,MEAN,Mean,_Z,Not applicable,2015,,41.49120704,,_Z,,A,Normal value,0,Units,2,Two
DATAFLOW,OECD.ELS.SAE:DSD_EARNINGS@MIN2AVE(1.0),Minimum relative to average wages of full-time workers,I,LVA,Latvia,MR_WG_FT,Minimum relative to average wages of full-time workers,PT_WG_A_SAL_FT,Percentage of average wage of full-time employees,_Z,Not applicable,_Z,Not applicable,MEAN,Mean,_Z,Not applicable,2016,,40.60717288,,_Z,,A,Normal value,0,Units,2,Two
DATAFLOW,OECD.ELS.SAE:DSD_EARNINGS@MIN2AVE(1.0),Minimum relative to average wages of full-time workers,I,LVA,Latvia,MR_WG_FT,Minimum relative to average wages of full-time workers,PT_WG_A_SAL_FT,Percentage of average wage of full-time employees,_Z,Not applicable,_Z,Not applicable,MEAN,Mean,_Z,Not applicable,2017,,38.67507867,,_Z,,A,Normal value,0,Units,2,Two
DATAFLOW,OECD.ELS.SAE:DSD_EARNINGS@MIN2AVE(1.0),Minimum relative to average wages of full-time workers,I,LVA,Latvia,MR_WG_FT,Minimum relative to average wages of full-time workers,PT_WG_A_SAL_FT,Percentage of average wage of full-time employees,_Z,Not applicable,_Z,Not applicable,MEAN,Mean,_Z,Not applicable,2018,,37.55541537,,_Z,,A,Normal value,0,Units,2,Two
DATAFLOW,OECD.ELS.SAE:DSD_EARNINGS@MIN2AVE(1.0),Minimum relative to average wages of full-time workers,I,LVA,Latvia,MR_WG_FT,Minimum relative to average wages of full-time workers,PT_WG_A_SAL_FT,Percentage of average wage of full-time employees,_Z,Not applicable,_Z,Not applicable,MEAN,Mean,_Z,Not applicable,2019,,35.0336879,,_Z,,A,Normal value,0,Units,2,Two
DATAFLOW,OECD.ELS.SAE:DSD_EARNINGS@MIN2AVE(1.0),Minimum relative to average wages of full-time workers,I,LVA,Latvia,MR_WG_FT,Minimum relative to average wages of full-time workers,PT_WG_A_SAL_FT,Percentage of average wage of full-time employees,_Z,Not applicable,_Z,Not applicable,MEAN,Mean,_Z,Not applicable,2020,,32.98730972,,_Z,,A,Normal value,0,Units,2,Two
DATAFLOW,OECD.ELS.SAE:DSD_EARNINGS@MIN2AVE(1.0),Minimum relative to average wages of full-time workers,I,LVA,Latvia,MR_WG_FT,Minimum relative to average wages of full-time workers,PT_WG_A_SAL_FT,Percentage of average wage of full-time employees,_Z,Not applicable,_Z,Not applicable,MEAN,Mean,_Z,Not applicable,2021,,34.93137509,,_Z,,A,Normal value,0,Units,2,Two
DATAFLOW,OECD.ELS.SAE:DSD_EARNINGS@MIN2AVE(1.0),Minimum relative to average wages of full-time workers,I,LVA,Latvia,MR_WG_FT,Minimum relative to average wages of full-time workers,PT_WG_A_SAL_FT,Percentage of average wage of full-time employees,_Z,Not applicable,_Z,Not applicable,MEAN,Mean,_Z,Not applicable,2022,,33.99186996,,_Z,,A,Normal value,0,Units,2,Two
DATAFLOW,OECD.ELS.SAE:DSD_EARNINGS@MIN2AVE(1.0),Minimum relative to average wages of full-time workers,I,LVA,Latvia,MR_WG_FT,Minimum relative to average wages of full-time workers,PT_WG_A_SAL_FT,Percentage of average wage of full-time employees,_Z,Not applicable,_Z,Not applicable,MEAN,Mean,_Z,Not applicable,2023,,37.65246483,,_Z,,A,Normal value,0,Units,2,Two
DATAFLOW,OECD.ELS.SAE:DSD_EARNINGS@MIN2AVE(1.0),Minimum relative to average wages of full-time workers,I,LVA,Latvia,MR_WG_FT,Minimum relative to average wages of full-time workers,PT_WG_A_SAL_FT,Percentage of average wage of full-time employees,_Z,Not applicable,_Z,Not applicable,MEAN,Mean,_Z,Not applicable,2024,,38.77695693,,_Z,,A,Normal value,0,Units,2,Two
DATAFLOW,OECD.ELS.SAE:DSD_EARNINGS@MIN2AVE(1.0),Minimum relative to average wages of full-time workers,I,LTU,Lithuania,MR_WG_FT,Minimum relative to average wages of full-time workers,PT_WG_A_SAL_FT,Percentage of average wage of full-time employees,_Z,Not applicable,_Z,Not applicable,MEAN,Mean,_Z,Not applicable,1997,,41.06799526,,_Z,,A,Normal value,0,Units,2,Two
DATAFLOW,OECD.ELS.SAE:DSD_EARNINGS@MIN2AVE(1.0),Minimum relative to average wages of full-time workers,I,LTU,Lithuania,MR_WG_FT,Minimum relative to average wages of full-time workers,PT_WG_A_SAL_FT,Percentage of average wage of full-time employees,_Z,Not applicable,_Z,Not applicable,MEAN,Mean,_Z,Not applicable,1998,,38.33066866,,_Z,,A,Normal value,0,Units,2,Two
DATAFLOW,OECD.ELS.SAE:DSD_EARNINGS@MIN2AVE(1.0),Minimum relative to average wages of full-time workers,I,LTU,Lithuania,MR_WG_FT,Minimum relative to average wages of full-time workers,PT_WG_A_SAL_FT,Percentage of average wage of full-time employees,_Z,Not applicable,_Z,Not applicable,MEAN,Mean,_Z,Not applicable,1999,,37.16942689,,_Z,,A,Normal value,0,Units,2,Two
DATAFLOW,OECD.ELS.SAE:DSD_EARNINGS@MIN2AVE(1.0),Minimum relative to average wages of full-time workers,I,LTU,Lithuania,MR_WG_FT,Minimum relative to average wages of full-time workers,PT_WG_A_SAL_FT,Percentage of average wage of full-time employees,_Z,Not applicable,_Z,Not applicable,MEAN,Mean,_Z,Not applicable,2000,,37.80499806,,_Z,,A,Normal value,0,Units,2,Two
DATAFLOW,OECD.ELS.SAE:DSD_EARNINGS@MIN2AVE(1.0),Minimum relative to average wages of full-time workers,I,LTU,Lithuania,MR_WG_FT,Minimum relative to average wages of full-time workers,PT_WG_A_SAL_FT,Percentage of average wage of full-time employees,_Z,Not applicable,_Z,Not applicable,MEAN,Mean,_Z,Not applicable,2001,,37.36240671,,_Z,,A,Normal value,0,Units,2,Two
DATAFLOW,OECD.ELS.SAE:DSD_EARNINGS@MIN2AVE(1.0),Minimum relative to average wages of full-time workers,I,LTU,Lithuania,MR_WG_FT,Minimum relative to average wages of full-time workers,PT_WG_A_SAL_FT,Percentage of average wage of full-time employees,_Z,Not applicable,_Z,Not applicable,MEAN,Mean,_Z,Not applicable,2002,,36.19794074,,_Z,,A,Normal value,0,Units,2,Two
DATAFLOW,OECD.ELS.SAE:DSD_EARNINGS@MIN2AVE(1.0),Minimum relative to average wages of full-time workers,I,LTU,Lithuania,MR_WG_FT,Minimum relative to average wages of full-time workers,PT_WG_A_SAL_FT,Percentage of average wage of full-time employees,_Z,Not applicable,_Z,Not applicable,MEAN,Mean,_Z,Not applicable,2003,,34.76661187,,_Z,,A,Normal value,0,Units,2,Two
DATAFLOW,OECD.ELS.SAE:DSD_EARNINGS@MIN2AVE(1.0),Minimum relative to average wages of full-time workers,I,LTU,Lithuania,MR_WG_FT,Minimum relative to average wages of full-time workers,PT_WG_A_SAL_FT,Percentage of average wage of full-time employees,_Z,Not applicable,_Z,Not applicable,MEAN,Mean,_Z,Not applicable,2004,,35.90907891,,_Z,,A,Normal value,0,Units,2,Two
DATAFLOW,OECD.ELS.SAE:DSD_EARNINGS@MIN2AVE(1.0),Minimum relative to average wages of full-time workers,I,LTU,Lithuania,MR_WG_FT,Minimum relative to average wages of full-time workers,PT_WG_A_SAL_FT,Percentage of average wage of full-time employees,_Z,Not applicable,_Z,Not applicable,MEAN,Mean,_Z,Not applicable,2005,,35.13339432,,_Z,,A,Normal value,0,Units,2,Two
DATAFLOW,OECD.ELS.SAE:DSD_EARNINGS@MIN2AVE(1.0),Minimum relative to average wages of full-time workers,I,LTU,Lithuania,MR_WG_FT,Minimum relative to average wages of full-time workers,PT_WG_A_SAL_FT,Percentage of average wage of full-time employees,_Z,Not applicable,_Z,Not applicable,MEAN,Mean,_Z,Not applicable,2006,,33.72065675,,_Z,,A,Normal value,0,Units,2,Two
DATAFLOW,OECD.ELS.SAE:DSD_EARNINGS@MIN2AVE(1.0),Minimum relative to average wages of full-time workers,I,LTU,Lithuania,MR_WG_FT,Minimum relative to average wages of full-time workers,PT_WG_A_SAL_FT,Percentage of average wage of full-time employees,_Z,Not applicable,_Z,Not applicable,MEAN,Mean,_Z,Not applicable,2007,,31.64827558,,_Z,,A,Normal value,0,Units,2,Two
DATAFLOW,OECD.ELS.SAE:DSD_EARNINGS@MIN2AVE(1.0),Minimum relative to average wages of full-time workers,I,LTU,Lithuania,MR_WG_FT,Minimum relative to average wages of full-time workers,PT_WG_A_SAL_FT,Percentage of average wage of full-time employees,_Z,Not applicable,_Z,Not applicable,MEAN,Mean,_Z,Not applicable,2008,,32.61886338,,_Z,,A,Normal value,0,Units,2,Two
DATAFLOW,OECD.ELS.SAE:DSD_EARNINGS@MIN2AVE(1.0),Minimum relative to average wages of full-time workers,I,LTU,Lithuania,MR_WG_FT,Minimum relative to average wages of full-time workers,PT_WG_A_SAL_FT,Percentage of average wage of full-time employees,_Z,Not applicable,_Z,Not applicable,MEAN,Mean,_Z,Not applicable,2009,,34.1361472,,_Z,,A,Normal value,0,Units,2,Two
DATAFLOW,OECD.ELS.SAE:DSD_EARNINGS@MIN2AVE(1.0),Minimum relative to average wages of full-time workers,I,LTU,Lithuania,MR_WG_FT,Minimum relative to average wages of full-time workers,PT_WG_A_SAL_FT,Percentage of average wage of full-time employees,_Z,Not applicable,_Z,Not applicable,MEAN,Mean,_Z,Not applicable,2010,,39.73442573,,_Z,,A,Normal value,0,Units,2,Two
DATAFLOW,OECD.ELS.SAE:DSD_EARNINGS@MIN2AVE(1.0),Minimum relative to average wages of full-time workers,I,LTU,Lithuania,MR_WG_FT,Minimum relative to average wages of full-time workers,PT_WG_A_SAL_FT,Percentage of average wage of full-time employees,_Z,Not applicable,_Z,Not applicable,MEAN,Mean,_Z,Not applicable,2011,,38.61448496,,_Z,,A,Normal value,0,Units,2,Two
DATAFLOW,OECD.ELS.SAE:DSD_EARNINGS@MIN2AVE(1.0),Minimum relative to average wages of full-time workers,I,LTU,Lithuania,MR_WG_FT,Minimum relative to average wages of full-time workers,PT_WG_A_SAL_FT,Percentage of average wage of full-time employees,_Z,Not applicable,_Z,Not applicable,MEAN,Mean,_Z,Not applicable,2012,,38.49152275,,_Z,,A,Normal value,0,Units,2,Two
DATAFLOW,OECD.ELS.SAE:DSD_EARNINGS@MIN2AVE(1.0),Minimum relative to average wages of full-time workers,I,LTU,Lithuania,MR_WG_FT,Minimum relative to average wages of full-time workers,PT_WG_A_SAL_FT,Percentage of average wage of full-time employees,_Z,Not applicable,_Z,Not applicable,MEAN,Mean,_Z,Not applicable,2013,,44.48319582,,_Z,,A,Normal value,0,Units,2,Two
DATAFLOW,OECD.ELS.SAE:DSD_EARNINGS@MIN2AVE(1.0),Minimum relative to average wages of full-time workers,I,LTU,Lithuania,MR_WG_FT,Minimum relative to average wages of full-time workers,PT_WG_A_SAL_FT,Percentage of average wage of full-time employees,_Z,Not applicable,_Z,Not applicable,MEAN,Mean,_Z,Not applicable,2014,,41.37959462,,_Z,,A,Normal value,0,Units,2,Two
DATAFLOW,OECD.ELS.SAE:DSD_EARNINGS@MIN2AVE(1.0),Minimum relative to average wages of full-time workers,I,LTU,Lithuania,MR_WG_FT,Minimum relative to average wages of full-time workers,PT_WG_A_SAL_FT,Percentage of average wage of full-time employees,_Z,Not applicable,_Z,Not applicable,MEAN,Mean,_Z,Not applicable,2015,,41.91587667,,_Z,,A,Normal value,0,Units,2,Two
DATAFLOW,OECD.ELS.SAE:DSD_EARNINGS@MIN2AVE(1.0),Minimum relative to average wages of full-time workers,I,LTU,Lithuania,MR_WG_FT,Minimum relative to average wages of full-time workers,PT_WG_A_SAL_FT,Percentage of average wage of full-time employees,_Z,Not applicable,_Z,Not applicable,MEAN,Mean,_Z,Not applicable,2016,,45.15257399,,_Z,,A,Normal value,0,Units,2,Two
DATAFLOW,OECD.ELS.SAE:DSD_EARNINGS@MIN2AVE(1.0),Minimum relative to average wages of full-time workers,I,LTU,Lithuania,MR_WG_FT,Minimum relative to average wages of full-time workers,PT_WG_A_SAL_FT,Percentage of average wage of full-time employees,_Z,Not applicable,_Z,Not applicable,MEAN,Mean,_Z,Not applicable,2017,,43.3192409,,_Z,,A,Normal value,0,Units,2,Two
DATAFLOW,OECD.ELS.SAE:DSD_EARNINGS@MIN2AVE(1.0),Minimum relative to average wages of full-time workers,I,LTU,Lithuania,MR_WG_FT,Minimum relative to average wages of full-time workers,PT_WG_A_SAL_FT,Percentage of average wage of full-time employees,_Z,Not applicable,_Z,Not applicable,MEAN,Mean,_Z,Not applicable,2018,,41.18655957,,_Z,,A,Normal value,0,Units,2,Two
DATAFLOW,OECD.ELS.SAE:DSD_EARNINGS@MIN2AVE(1.0),Minimum relative to average wages of full-time workers,I,LTU,Lithuania,MR_WG_FT,Minimum relative to average wages of full-time workers,PT_WG_A_SAL_FT,Percentage of average wage of full-time employees,_Z,Not applicable,_Z,Not applicable,MEAN,Mean,_Z,Not applicable,2019,,40.75298181,,_Z,,A,Normal value,0,Units,2,Two
DATAFLOW,OECD.ELS.SAE:DSD_EARNINGS@MIN2AVE(1.0),Minimum relative to average wages of full-time workers,I,LTU,Lithuania,MR_WG_FT,Minimum relative to average wages of full-time workers,PT_WG_A_SAL_FT,Percentage of average wage of full-time employees,_Z,Not applicable,_Z,Not applicable,MEAN,Mean,_Z,Not applicable,2020,,40.42921349,,_Z,,A,Normal value,0,Units,2,Two
DATAFLOW,OECD.ELS.SAE:DSD_EARNINGS@MIN2AVE(1.0),Minimum relative to average wages of full-time workers,I,LTU,Lithuania,MR_WG_FT,Minimum relative to average wages of full-time workers,PT_WG_A_SAL_FT,Percentage of average wage of full-time employees,_Z,Not applicable,_Z,Not applicable,MEAN,Mean,_Z,Not applicable,2021,,38.70122548,,_Z,,A,Normal value,0,Units,2,Two
DATAFLOW,OECD.ELS.SAE:DSD_EARNINGS@MIN2AVE(1.0),Minimum relative to average wages of full-time workers,I,LTU,Lithuania,MR_WG_FT,Minimum relative to average wages of full-time workers,PT_WG_A_SAL_FT,Percentage of average wage of full-time employees,_Z,Not applicable,_Z,Not applicable,MEAN,Mean,_Z,Not applicable,2022,,39.7172304,,_Z,,A,Normal value,0,Units,2,Two
DATAFLOW,OECD.ELS.SAE:DSD_EARNINGS@MIN2AVE(1.0),Minimum relative to average wages of full-time workers,I,LTU,Lithuania,MR_WG_FT,Minimum relative to average wages of full-time workers,PT_WG_A_SAL_FT,Percentage of average wage of full-time employees,_Z,Not applicable,_Z,Not applicable,MEAN,Mean,_Z,Not applicable,2023,,40.71447287,,_Z,,A,Normal value,0,Units,2,Two
DATAFLOW,OECD.ELS.SAE:DSD_EARNINGS@MIN2AVE(1.0),Minimum relative to average wages of full-time workers,I,LTU,Lithuania,MR_WG_FT,Minimum relative to average wages of full-time workers,PT_WG_A_SAL_FT,Percentage of average wage of full-time employees,_Z,Not applicable,_Z,Not applicable,MEAN,Mean,_Z,Not applicable,2024,,40.54569278,,_Z,,A,Normal value,0,Units,2,Two
DATAFLOW,OECD.ELS.SAE:DSD_EARNINGS@MIN2AVE(1.0),Minimum relative to average wages of full-time workers,I,MEX,Mexico,MR_WG_FT,Minimum relative to average wages of full-time workers,PT_WG_A_SAL_FT,Percentage of average wage of full-time employees,_Z,Not applicable,_Z,Not applicable,MEAN,Mean,_Z,Not applicable,1965,,70.02989736,,_Z,,A,Normal value,0,Units,2,Two
DATAFLOW,OECD.ELS.SAE:DSD_EARNINGS@MIN2AVE(1.0),Minimum relative to average wages of full-time workers,I,MEX,Mexico,MR_WG_FT,Minimum relative to average wages of full-time workers,PT_WG_A_SAL_FT,Percentage of average wage of full-time employees,_Z,Not applicable,_Z,Not applicable,MEAN,Mean,_Z,Not applicable,1970,,82.99883759,,_Z,,A,Normal value,0,Units,2,Two
DATAFLOW,OECD.ELS.SAE:DSD_EARNINGS@MIN2AVE(1.0),Minimum relative to average wages of full-time workers,I,MEX,Mexico,MR_WG_FT,Minimum relative to average wages of full-time workers,PT_WG_A_SAL_FT,Percentage of average wage of full-time employees,_Z,Not applicable,_Z,Not applicable,MEAN,Mean,_Z,Not applicable,1975,,76.40153635,,_Z,,A,Normal value,0,Units,2,Two
DATAFLOW,OECD.ELS.SAE:DSD_EARNINGS@MIN2AVE(1.0),Minimum relative to average wages of full-time workers,I,MEX,Mexico,MR_WG_FT,Minimum relative to average wages of full-time workers,PT_WG_A_SAL_FT,Percentage of average wage of full-time employees,_Z,Not applicable,_Z,Not applicable,MEAN,Mean,_Z,Not applicable,1976,,68.18431762,,_Z,,A,Normal value,0,Units,2,Two
DATAFLOW,OECD.ELS.SAE:DSD_EARNINGS@MIN2AVE(1.0),Minimum relative to average wages of full-time workers,I,MEX,Mexico,MR_WG_FT,Minimum relative to average wages of full-time workers,PT_WG_A_SAL_FT,Percentage of average wage of full-time employees,_Z,Not applicable,_Z,Not applicable,MEAN,Mean,_Z,Not applicable,1977,,77.62138829,,_Z,,A,Normal value,0,Units,2,Two
DATAFLOW,OECD.ELS.SAE:DSD_EARNINGS@MIN2AVE(1.0),Minimum relative to average wages of full-time workers,I,MEX,Mexico,MR_WG_FT,Minimum relative to average wages of full-time workers,PT_WG_A_SAL_FT,Percentage of average wage of full-time employees,_Z,Not applicable,_Z,Not applicable,MEAN,Mean,_Z,Not applicable,1978,,82.07173293,,_Z,,A,Normal value,0,Units,2,Two
DATAFLOW,OECD.ELS.SAE:DSD_EARNINGS@MIN2AVE(1.0),Minimum relative to average wages of full-time workers,I,MEX,Mexico,MR_WG_FT,Minimum relative to average wages of full-time workers,PT_WG_A_SAL_FT,Percentage of average wage of full-time employees,_Z,Not applicable,_Z,Not applicable,MEAN,Mean,_Z,Not applicable,1979,,80.66837549,,_Z,,A,Normal value,0,Units,2,Two
DATAFLOW,OECD.ELS.SAE:DSD_EARNINGS@MIN2AVE(1.0),Minimum relative to average wages of full-time workers,I,MEX,Mexico,MR_WG_FT,Minimum relative to average wages of full-time workers,PT_WG_A_SAL_FT,Percentage of average wage of full-time employees,_Z,Not applicable,_Z,Not applicable,MEAN,Mean,_Z,Not applicable,1980,,77.15315847,,_Z,,A,Normal value,0,Units,2,Two
DATAFLOW,OECD.ELS.SAE:DSD_EARNINGS@MIN2AVE(1.0),Minimum relative to average wages of full-time workers,I,MEX,Mexico,MR_WG_FT,Minimum relative to average wages of full-time workers,PT_WG_A_SAL_FT,Percentage of average wage of full-time employees,_Z,Not applicable,_Z,Not applicable,MEAN,Mean,_Z,Not applicable,1981,,78.21513233,,_Z,,A,Normal value,0,Units,2,Two
DATAFLOW,OECD.ELS.SAE:DSD_EARNINGS@MIN2AVE(1.0),Minimum relative to average wages of full-time workers,I,MEX,Mexico,MR_WG_FT,Minimum relative to average wages of full-time workers,PT_WG_A_SAL_FT,Percentage of average wage of full-time employees,_Z,Not applicable,_Z,Not applicable,MEAN,Mean,_Z,Not applicable,1982,,61.96450568,,_Z,,A,Normal value,0,Units,2,Two
DATAFLOW,OECD.ELS.SAE:DSD_EARNINGS@MIN2AVE(1.0),Minimum relative to average wages of full-time workers,I,MEX,Mexico,MR_WG_FT,Minimum relative to average wages of full-time workers,PT_WG_A_SAL_FT,Percentage of average wage of full-time employees,_Z,Not applicable,_Z,Not applicable,MEAN,Mean,_Z,Not applicable,1983,,70.4254071,,_Z,,A,Normal value,0,Units,2,Two
DATAFLOW,OECD.ELS.SAE:DSD_EARNINGS@MIN2AVE(1.0),Minimum relative to average wages of full-time workers,I,MEX,Mexico,MR_WG_FT,Minimum relative to average wages of full-time workers,PT_WG_A_SAL_FT,Percentage of average wage of full-time employees,_Z,Not applicable,_Z,Not applicable,MEAN,Mean,_Z,Not applicable,1984,,68.43091551,,_Z,,A,Normal value,0,Units,2,Two
DATAFLOW,OECD.ELS.SAE:DSD_EARNINGS@MIN2AVE(1.0),Minimum relative to average wages of full-time workers,I,MEX,Mexico,MR_WG_FT,Minimum relative to average wages of full-time workers,PT_WG_A_SAL_FT,Percentage of average wage of full-time employees,_Z,Not applicable,_Z,Not applicable,MEAN,Mean,_Z,Not applicable,1985,,72.01185528,,_Z,,A,Normal value,0,Units,2,Two
DATAFLOW,OECD.ELS.SAE:DSD_EARNINGS@MIN2AVE(1.0),Minimum relative to average wages of full-time workers,I,MEX,Mexico,MR_WG_FT,Minimum relative to average wages of full-time workers,PT_WG_A_SAL_FT,Percentage of average wage of full-time employees,_Z,Not applicable,_Z,Not applicable,MEAN,Mean,_Z,Not applicable,1986,,73.02721995,,_Z,,A,Normal value,0,Units,2,Two
DATAFLOW,OECD.ELS.SAE:DSD_EARNINGS@MIN2AVE(1.0),Minimum relative to average wages of full-time workers,I,MEX,Mexico,MR_WG_FT,Minimum relative to average wages of full-time workers,PT_WG_A_SAL_FT,Percentage of average wage of full-time employees,_Z,Not applicable,_Z,Not applicable,MEAN,Mean,_Z,Not applicable,1987,,62.79409435,,_Z,,A,Normal value,0,Units,2,Two
DATAFLOW,OECD.ELS.SAE:DSD_EARNINGS@MIN2AVE(1.0),Minimum relative to average wages of full-time workers,I,MEX,Mexico,MR_WG_FT,Minimum relative to average wages of full-time workers,PT_WG_A_SAL_FT,Percentage of average wage of full-time employees,_Z,Not applicable,_Z,Not applicable,MEAN,Mean,_Z,Not applicable,1988,,58.91631555,,_Z,,A,Normal value,0,Units,2,Two
DATAFLOW,OECD.ELS.SAE:DSD_EARNINGS@MIN2AVE(1.0),Minimum relative to average wages of full-time workers,I,MEX,Mexico,MR_WG_FT,Minimum relative to average wages of full-time workers,PT_WG_A_SAL_FT,Percentage of average wage of full-time employees,_Z,Not applicable,_Z,Not applicable,MEAN,Mean,_Z,Not applicable,1989,,54.27697681,,_Z,,A,Normal value,0,Units,2,Two
DATAFLOW,OECD.ELS.SAE:DSD_EARNINGS@MIN2AVE(1.0),Minimum relative to average wages of full-time workers,I,MEX,Mexico,MR_WG_FT,Minimum relative to average wages of full-time workers,PT_WG_A_SAL_FT,Percentage of average wage of full-time employees,_Z,Not applicable,_Z,Not applicable,MEAN,Mean,_Z,Not applicable,1990,,48.80229387,,_Z,,A,Normal value,0,Units,2,Two
DATAFLOW,OECD.ELS.SAE:DSD_EARNINGS@MIN2AVE(1.0),Minimum relative to average wages of full-time workers,I,MEX,Mexico,MR_WG_FT,Minimum relative to average wages of full-time workers,PT_WG_A_SAL_FT,Percentage of average wage of full-time employees,_Z,Not applicable,_Z,Not applicable,MEAN,Mean,_Z,Not applicable,1991,,45.48514889,,_Z,,A,Normal value,0,Units,2,Two
DATAFLOW,OECD.ELS.SAE:DSD_EARNINGS@MIN2AVE(1.0),Minimum relative to average wages of full-time workers,I,MEX,Mexico,MR_WG_FT,Minimum relative to average wages of full-time workers,PT_WG_A_SAL_FT,Percentage of average wage of full-time employees,_Z,Not applicable,_Z,Not applicable,MEAN,Mean,_Z,Not applicable,1992,,41.04335339,,_Z,,A,Normal value,0,Units,2,Two
DATAFLOW,OECD.ELS.SAE:DSD_EARNINGS@MIN2AVE(1.0),Minimum relative to average wages of full-time workers,I,MEX,Mexico,MR_WG_FT,Minimum relative to average wages of full-time workers,PT_WG_A_SAL_FT,Percentage of average wage of full-time employees,_Z,Not applicable,_Z,Not applicable,MEAN,Mean,_Z,Not applicable,1993,,39.24677586,,_Z,,A,Normal value,0,Units,2,Two
DATAFLOW,OECD.ELS.SAE:DSD_EARNINGS@MIN2AVE(1.0),Minimum relative to average wages of full-time workers,I,MEX,Mexico,MR_WG_FT,Minimum relative to average wages of full-time workers,PT_WG_A_SAL_FT,Percentage of average wage of full-time employees,_Z,Not applicable,_Z,Not applicable,MEAN,Mean,_Z,Not applicable,1994,,38.07316992,,_Z,,A,Normal value,0,Units,2,Two
DATAFLOW,OECD.ELS.SAE:DSD_EARNINGS@MIN2AVE(1.0),Minimum relative to average wages of full-time workers,I,MEX,Mexico,MR_WG_FT,Minimum relative to average wages of full-time workers,PT_WG_A_SAL_FT,Percentage of average wage of full-time employees,_Z,Not applicable,_Z,Not applicable,MEAN,Mean,_Z,Not applicable,1995,,38.88897761,,_Z,,A,Normal value,0,Units,2,Two
DATAFLOW,OECD.ELS.SAE:DSD_EARNINGS@MIN2AVE(1.0),Minimum relative to average wages of full-time workers,I,MEX,Mexico,MR_WG_FT,Minimum relative to average wages of full-time workers,PT_WG_A_SAL_FT,Percentage of average wage of full-time employees,_Z,Not applicable,_Z,Not applicable,MEAN,Mean,_Z,Not applicable,1996,,39.42080574,,_Z,,A,Normal value,0,Units,2,Two
DATAFLOW,OECD.ELS.SAE:DSD_EARNINGS@MIN2AVE(1.0),Minimum relative to average wages of full-time workers,I,MEX,Mexico,MR_WG_FT,Minimum relative to average wages of full-time workers,PT_WG_A_SAL_FT,Percentage of average wage of full-time employees,_Z,Not applicable,_Z,Not applicable,MEAN,Mean,_Z,Not applicable,1997,,38.5804761,,_Z,,A,Normal value,0,Units,2,Two
DATAFLOW,OECD.ELS.SAE:DSD_EARNINGS@MIN2AVE(1.0),Minimum relative to average wages of full-time workers,I,MEX,Mexico,MR_WG_FT,Minimum relative to average wages of full-time workers,PT_WG_A_SAL_FT,Percentage of average wage of full-time employees,_Z,Not applicable,_Z,Not applicable,MEAN,Mean,_Z,Not applicable,1998,,37.41185486,,_Z,,A,Normal value,0,Units,2,Two
DATAFLOW,OECD.ELS.SAE:DSD_EARNINGS@MIN2AVE(1.0),Minimum relative to average wages of full-time workers,I,MEX,Mexico,MR_WG_FT,Minimum relative to average wages of full-time workers,PT_WG_A_SAL_FT,Percentage of average wage of full-time employees,_Z,Not applicable,_Z,Not applicable,MEAN,Mean,_Z,Not applicable,1999,,35.22498108,,_Z,,A,Normal value,0,Units,2,Two
DATAFLOW,OECD.ELS.SAE:DSD_EARNINGS@MIN2AVE(1.0),Minimum relative to average wages of full-time workers,I,MEX,Mexico,MR_WG_FT,Minimum relative to average wages of full-time workers,PT_WG_A_SAL_FT,Percentage of average wage of full-time employees,_Z,Not applicable,_Z,Not applicable,MEAN,Mean,_Z,Not applicable,2000,,33.10482546,,_Z,,A,Normal value,0,Units,2,Two
DATAFLOW,OECD.ELS.SAE:DSD_EARNINGS@MIN2AVE(1.0),Minimum relative to average wages of full-time workers,I,MEX,Mexico,MR_WG_FT,Minimum relative to average wages of full-time workers,PT_WG_A_SAL_FT,Percentage of average wage of full-time employees,_Z,Not applicable,_Z,Not applicable,MEAN,Mean,_Z,Not applicable,2001,,31.49188141,,_Z,,A,Normal value,0,Units,2,Two
DATAFLOW,OECD.ELS.SAE:DSD_EARNINGS@MIN2AVE(1.0),Minimum relative to average wages of full-time workers,I,MEX,Mexico,MR_WG_FT,Minimum relative to average wages of full-time workers,PT_WG_A_SAL_FT,Percentage of average wage of full-time employees,_Z,Not applicable,_Z,Not applicable,MEAN,Mean,_Z,Not applicable,2002,,30.85499262,,_Z,,A,Normal value,0,Units,2,Two
DATAFLOW,OECD.ELS.SAE:DSD_EARNINGS@MIN2AVE(1.0),Minimum relative to average wages of full-time workers,I,MEX,Mexico,MR_WG_FT,Minimum relative to average wages of full-time workers,PT_WG_A_SAL_FT,Percentage of average wage of full-time employees,_Z,Not applicable,_Z,Not applicable,MEAN,Mean,_Z,Not applicable,2003,,30.24615934,,_Z,,A,Normal value,0,Units,2,Two
DATAFLOW,OECD.ELS.SAE:DSD_EARNINGS@MIN2AVE(1.0),Minimum relative to average wages of full-time workers,I,MEX,Mexico,MR_WG_FT,Minimum relative to average wages of full-time workers,PT_WG_A_SAL_FT,Percentage of average wage of full-time employees,_Z,Not applicable,_Z,Not applicable,MEAN,Mean,_Z,Not applicable,2004,,29.93396094,,_Z,,A,Normal value,0,Units,2,Two
DATAFLOW,OECD.ELS.SAE:DSD_EARNINGS@MIN2AVE(1.0),Minimum relative to average wages of full-time workers,I,MEX,Mexico,MR_WG_FT,Minimum relative to average wages of full-time workers,PT_WG_A_SAL_FT,Percentage of average wage of full-time employees,_Z,Not applicable,_Z,Not applicable,MEAN,Mean,_Z,Not applicable,2005,,29.91514494,,_Z,,A,Normal value,0,Units,2,Two
DATAFLOW,OECD.ELS.SAE:DSD_EARNINGS@MIN2AVE(1.0),Minimum relative to average wages of full-time workers,I,MEX,Mexico,MR_WG_FT,Minimum relative to average wages of full-time workers,PT_WG_A_SAL_FT,Percentage of average wage of full-time employees,_Z,Not applicable,_Z,Not applicable,MEAN,Mean,_Z,Not applicable,2006,,29.08460496,,_Z,,A,Normal value,0,Units,2,Two
DATAFLOW,OECD.ELS.SAE:DSD_EARNINGS@MIN2AVE(1.0),Minimum relative to average wages of full-time workers,I,MEX,Mexico,MR_WG_FT,Minimum relative to average wages of full-time workers,PT_WG_A_SAL_FT,Percentage of average wage of full-time employees,_Z,Not applicable,_Z,Not applicable,MEAN,Mean,_Z,Not applicable,2007,,28.26146544,,_Z,,A,Normal value,0,Units,2,Two
DATAFLOW,OECD.ELS.SAE:DSD_EARNINGS@MIN2AVE(1.0),Minimum relative to average wages of full-time workers,I,MEX,Mexico,MR_WG_FT,Minimum relative to average wages of full-time workers,PT_WG_A_SAL_FT,Percentage of average wage of full-time employees,_Z,Not applicable,_Z,Not applicable,MEAN,Mean,_Z,Not applicable,2008,,28.63722773,,_Z,,A,Normal value,0,Units,2,Two
DATAFLOW,OECD.ELS.SAE:DSD_EARNINGS@MIN2AVE(1.0),Minimum relative to average wages of full-time workers,I,MEX,Mexico,MR_WG_FT,Minimum relative to average wages of full-time workers,PT_WG_A_SAL_FT,Percentage of average wage of full-time employees,_Z,Not applicable,_Z,Not applicable,MEAN,Mean,_Z,Not applicable,2009,,28.34816511,,_Z,,A,Normal value,0,Units,2,Two
DATAFLOW,OECD.ELS.SAE:DSD_EARNINGS@MIN2AVE(1.0),Minimum relative to average wages of full-time workers,I,MEX,Mexico,MR_WG_FT,Minimum relative to average wages of full-time workers,PT_WG_A_SAL_FT,Percentage of average wage of full-time employees,_Z,Not applicable,_Z,Not applicable,MEAN,Mean,_Z,Not applicable,2010,,26.55239493,,_Z,,A,Normal value,0,Units,2,Two
DATAFLOW,OECD.ELS.SAE:DSD_EARNINGS@MIN2AVE(1.0),Minimum relative to average wages of full-time workers,I,MEX,Mexico,MR_WG_FT,Minimum relative to average wages of full-time workers,PT_WG_A_SAL_FT,Percentage of average wage of full-time employees,_Z,Not applicable,_Z,Not applicable,MEAN,Mean,_Z,Not applicable,2011,,27.0526233,,_Z,,A,Normal value,0,Units,2,Two
DATAFLOW,OECD.ELS.SAE:DSD_EARNINGS@MIN2AVE(1.0),Minimum relative to average wages of full-time workers,I,MEX,Mexico,MR_WG_FT,Minimum relative to average wages of full-time workers,PT_WG_A_SAL_FT,Percentage of average wage of full-time employees,_Z,Not applicable,_Z,Not applicable,MEAN,Mean,_Z,Not applicable,2012,,27.31261454,,_Z,,A,Normal value,0,Units,2,Two
DATAFLOW,OECD.ELS.SAE:DSD_EARNINGS@MIN2AVE(1.0),Minimum relative to average wages of full-time workers,I,MEX,Mexico,MR_WG_FT,Minimum relative to average wages of full-time workers,PT_WG_A_SAL_FT,Percentage of average wage of full-time employees,_Z,Not applicable,_Z,Not applicable,MEAN,Mean,_Z,Not applicable,2013,,27.49113674,,_Z,,A,Normal value,0,Units,2,Two
DATAFLOW,OECD.ELS.SAE:DSD_EARNINGS@MIN2AVE(1.0),Minimum relative to average wages of full-time workers,I,MEX,Mexico,MR_WG_FT,Minimum relative to average wages of full-time workers,PT_WG_A_SAL_FT,Percentage of average wage of full-time employees,_Z,Not applicable,_Z,Not applicable,MEAN,Mean,_Z,Not applicable,2014,,28.66296829,,_Z,,A,Normal value,0,Units,2,Two
DATAFLOW,OECD.ELS.SAE:DSD_EARNINGS@MIN2AVE(1.0),Minimum relative to average wages of full-time workers,I,MEX,Mexico,MR_WG_FT,Minimum relative to average wages of full-time workers,PT_WG_A_SAL_FT,Percentage of average wage of full-time employees,_Z,Not applicable,_Z,Not applicable,MEAN,Mean,_Z,Not applicable,2015,,29.87564744,,_Z,,A,Normal value,0,Units,2,Two
DATAFLOW,OECD.ELS.SAE:DSD_EARNINGS@MIN2AVE(1.0),Minimum relative to average wages of full-time workers,I,MEX,Mexico,MR_WG_FT,Minimum relative to average wages of full-time workers,PT_WG_A_SAL_FT,Percentage of average wage of full-time employees,_Z,Not applicable,_Z,Not applicable,MEAN,Mean,_Z,Not applicable,2016,,30.32504783,,_Z,,A,Normal value,0,Units,2,Two
DATAFLOW,OECD.ELS.SAE:DSD_EARNINGS@MIN2AVE(1.0),Minimum relative to average wages of full-time workers,I,MEX,Mexico,MR_WG_FT,Minimum relative to average wages of full-time workers,PT_WG_A_SAL_FT,Percentage of average wage of full-time employees,_Z,Not applicable,_Z,Not applicable,MEAN,Mean,_Z,Not applicable,2017,,31.99022148,,_Z,,A,Normal value,0,Units,2,Two
DATAFLOW,OECD.ELS.SAE:DSD_EARNINGS@MIN2AVE(1.0),Minimum relative to average wages of full-time workers,I,MEX,Mexico,MR_WG_FT,Minimum relative to average wages of full-time workers,PT_WG_A_SAL_FT,Percentage of average wage of full-time employees,_Z,Not applicable,_Z,Not applicable,MEAN,Mean,_Z,Not applicable,2018,,33.70012272,,_Z,,A,Normal value,0,Units,2,Two
DATAFLOW,OECD.ELS.SAE:DSD_EARNINGS@MIN2AVE(1.0),Minimum relative to average wages of full-time workers,I,MEX,Mexico,MR_WG_FT,Minimum relative to average wages of full-time workers,PT_WG_A_SAL_FT,Percentage of average wage of full-time employees,_Z,Not applicable,_Z,Not applicable,MEAN,Mean,_Z,Not applicable,2019,,37.10804806,,_Z,,A,Normal value,0,Units,2,Two
DATAFLOW,OECD.ELS.SAE:DSD_EARNINGS@MIN2AVE(1.0),Minimum relative to average wages of full-time workers,I,MEX,Mexico,MR_WG_FT,Minimum relative to average wages of full-time workers,PT_WG_A_SAL_FT,Percentage of average wage of full-time employees,_Z,Not applicable,_Z,Not applicable,MEAN,Mean,_Z,Not applicable,2020,,41.28468488,,_Z,,A,Normal value,0,Units,2,Two
DATAFLOW,OECD.ELS.SAE:DSD_EARNINGS@MIN2AVE(1.0),Minimum relative to average wages of full-time workers,I,MEX,Mexico,MR_WG_FT,Minimum relative to average wages of full-time workers,PT_WG_A_SAL_FT,Percentage of average wage of full-time employees,_Z,Not applicable,_Z,Not applicable,MEAN,Mean,_Z,Not applicable,2021,,45.03776848,,_Z,,A,Normal value,0,Units,2,Two
DATAFLOW,OECD.ELS.SAE:DSD_EARNINGS@MIN2AVE(1.0),Minimum relative to average wages of full-time workers,I,MEX,Mexico,MR_WG_FT,Minimum relative to average wages of full-time workers,PT_WG_A_SAL_FT,Percentage of average wage of full-time employees,_Z,Not applicable,_Z,Not applicable,MEAN,Mean,_Z,Not applicable,2022,,51.13250608,,_Z,,A,Normal value,0,Units,2,Two
DATAFLOW,OECD.ELS.SAE:DSD_EARNINGS@MIN2AVE(1.0),Minimum relative to average wages of full-time workers,I,MEX,Mexico,MR_WG_FT,Minimum relative to average wages of full-time workers,PT_WG_A_SAL_FT,Percentage of average wage of full-time employees,_Z,Not applicable,_Z,Not applicable,MEAN,Mean,_Z,Not applicable,2023,,55.16087272,,_Z,,A,Normal value,0,Units,2,Two
DATAFLOW,OECD.ELS.SAE:DSD_EARNINGS@MIN2AVE(1.0),Minimum relative to average wages of full-time workers,I,MEX,Mexico,MR_WG_FT,Minimum relative to average wages of full-time workers,PT_WG_A_SAL_FT,Percentage of average wage of full-time employees,_Z,Not applicable,_Z,Not applicable,MEAN,Mean,_Z,Not applicable,2024,,59.16850195,,_Z,,A,Normal value,0,Units,2,Two
DATAFLOW,OECD.ELS.SAE:DSD_EARNINGS@MIN2AVE(1.0),Minimum relative to average wages of full-time workers,I,POL,Poland,MR_WG_FT,Minimum relative to average wages of full-time workers,PT_WG_A_SAL_FT,Percentage of average wage of full-time employees,_Z,Not applicable,_Z,Not applicable,MEAN,Mean,_Z,Not applicable,1989,,8.185185185,,_Z,,A,Normal value,0,Units,2,Two
DATAFLOW,OECD.ELS.SAE:DSD_EARNINGS@MIN2AVE(1.0),Minimum relative to average wages of full-time workers,I,POL,Poland,MR_WG_FT,Minimum relative to average wages of full-time workers,PT_WG_A_SAL_FT,Percentage of average wage of full-time employees,_Z,Not applicable,_Z,Not applicable,MEAN,Mean,_Z,Not applicable,1990,,13.95348837,,_Z,,A,Normal value,0,Units,2,Two
DATAFLOW,OECD.ELS.SAE:DSD_EARNINGS@MIN2AVE(1.0),Minimum relative to average wages of full-time workers,I,POL,Poland,MR_WG_FT,Minimum relative to average wages of full-time workers,PT_WG_A_SAL_FT,Percentage of average wage of full-time employees,_Z,Not applicable,_Z,Not applicable,MEAN,Mean,_Z,Not applicable,1991,,33.43915344,,_Z,,A,Normal value,0,Units,2,Two
DATAFLOW,OECD.ELS.SAE:DSD_EARNINGS@MIN2AVE(1.0),Minimum relative to average wages of full-time workers,I,POL,Poland,MR_WG_FT,Minimum relative to average wages of full-time workers,PT_WG_A_SAL_FT,Percentage of average wage of full-time employees,_Z,Not applicable,_Z,Not applicable,MEAN,Mean,_Z,Not applicable,1992,,39.51367781,,_Z,,A,Normal value,0,Units,2,Two
DATAFLOW,OECD.ELS.SAE:DSD_EARNINGS@MIN2AVE(1.0),Minimum relative to average wages of full-time workers,I,POL,Poland,MR_WG_FT,Minimum relative to average wages of full-time workers,PT_WG_A_SAL_FT,Percentage of average wage of full-time employees,_Z,Not applicable,_Z,Not applicable,MEAN,Mean,_Z,Not applicable,1993,,38.91509434,,_Z,,A,Normal value,0,Units,2,Two
DATAFLOW,OECD.ELS.SAE:DSD_EARNINGS@MIN2AVE(1.0),Minimum relative to average wages of full-time workers,I,POL,Poland,MR_WG_FT,Minimum relative to average wages of full-time workers,PT_WG_A_SAL_FT,Percentage of average wage of full-time employees,_Z,Not applicable,_Z,Not applicable,MEAN,Mean,_Z,Not applicable,1994,,39.14590747,,_Z,,A,Normal value,0,Units,2,Two
DATAFLOW,OECD.ELS.SAE:DSD_EARNINGS@MIN2AVE(1.0),Minimum relative to average wages of full-time workers,I,POL,Poland,MR_WG_FT,Minimum relative to average wages of full-time workers,PT_WG_A_SAL_FT,Percentage of average wage of full-time employees,_Z,Not applicable,_Z,Not applicable,MEAN,Mean,_Z,Not applicable,1995,,40.02442168,,_Z,,A,Normal value,0,Units,2,Two
DATAFLOW,OECD.ELS.SAE:DSD_EARNINGS@MIN2AVE(1.0),Minimum relative to average wages of full-time workers,I,POL,Poland,MR_WG_FT,Minimum relative to average wages of full-time workers,PT_WG_A_SAL_FT,Percentage of average wage of full-time employees,_Z,Not applicable,_Z,Not applicable,MEAN,Mean,_Z,Not applicable,1996,,43.54273072,,_Z,,A,Normal value,0,Units,2,Two
DATAFLOW,OECD.ELS.SAE:DSD_EARNINGS@MIN2AVE(1.0),Minimum relative to average wages of full-time workers,I,POL,Poland,MR_WG_FT,Minimum relative to average wages of full-time workers,PT_WG_A_SAL_FT,Percentage of average wage of full-time employees,_Z,Not applicable,_Z,Not applicable,MEAN,Mean,_Z,Not applicable,1997,,41.89944134,,_Z,,A,Normal value,0,Units,2,Two
DATAFLOW,OECD.ELS.SAE:DSD_EARNINGS@MIN2AVE(1.0),Minimum relative to average wages of full-time workers,I,POL,Poland,MR_WG_FT,Minimum relative to average wages of full-time workers,PT_WG_A_SAL_FT,Percentage of average wage of full-time employees,_Z,Not applicable,_Z,Not applicable,MEAN,Mean,_Z,Not applicable,1998,,38.33326944,,_Z,,A,Normal value,0,Units,2,Two
DATAFLOW,OECD.ELS.SAE:DSD_EARNINGS@MIN2AVE(1.0),Minimum relative to average wages of full-time workers,I,POL,Poland,MR_WG_FT,Minimum relative to average wages of full-time workers,PT_WG_A_SAL_FT,Percentage of average wage of full-time employees,_Z,Not applicable,_Z,Not applicable,MEAN,Mean,_Z,Not applicable,1999,,29.32828235,,_Z,,A,Normal value,0,Units,2,Two
DATAFLOW,OECD.ELS.SAE:DSD_EARNINGS@MIN2AVE(1.0),Minimum relative to average wages of full-time workers,I,POL,Poland,MR_WG_FT,Minimum relative to average wages of full-time workers,PT_WG_A_SAL_FT,Percentage of average wage of full-time employees,_Z,Not applicable,_Z,Not applicable,MEAN,Mean,_Z,Not applicable,2000,,32.6988775,,_Z,,A,Normal value,0,Units,2,Two
DATAFLOW,OECD.ELS.SAE:DSD_EARNINGS@MIN2AVE(1.0),Minimum relative to average wages of full-time workers,I,POL,Poland,MR_WG_FT,Minimum relative to average wages of full-time workers,PT_WG_A_SAL_FT,Percentage of average wage of full-time employees,_Z,Not applicable,_Z,Not applicable,MEAN,Mean,_Z,Not applicable,2001,,34.28751889,,_Z,,A,Normal value,0,Units,2,Two
DATAFLOW,OECD.ELS.SAE:DSD_EARNINGS@MIN2AVE(1.0),Minimum relative to average wages of full-time workers,I,POL,Poland,MR_WG_FT,Minimum relative to average wages of full-time workers,PT_WG_A_SAL_FT,Percentage of average wage of full-time employees,_Z,Not applicable,_Z,Not applicable,MEAN,Mean,_Z,Not applicable,2002,,34.08377433,,_Z,,A,Normal value,0,Units,2,Two
DATAFLOW,OECD.ELS.SAE:DSD_EARNINGS@MIN2AVE(1.0),Minimum relative to average wages of full-time workers,I,POL,Poland,MR_WG_FT,Minimum relative to average wages of full-time workers,PT_WG_A_SAL_FT,Percentage of average wage of full-time employees,_Z,Not applicable,_Z,Not applicable,MEAN,Mean,_Z,Not applicable,2003,,34.94975972,,_Z,,A,Normal value,0,Units,2,Two
DATAFLOW,OECD.ELS.SAE:DSD_EARNINGS@MIN2AVE(1.0),Minimum relative to average wages of full-time workers,I,POL,Poland,MR_WG_FT,Minimum relative to average wages of full-time workers,PT_WG_A_SAL_FT,Percentage of average wage of full-time employees,_Z,Not applicable,_Z,Not applicable,MEAN,Mean,_Z,Not applicable,2004,,34.78965768,,_Z,,A,Normal value,0,Units,2,Two
DATAFLOW,OECD.ELS.SAE:DSD_EARNINGS@MIN2AVE(1.0),Minimum relative to average wages of full-time workers,I,POL,Poland,MR_WG_FT,Minimum relative to average wages of full-time workers,PT_WG_A_SAL_FT,Percentage of average wage of full-time employees,_Z,Not applicable,_Z,Not applicable,MEAN,Mean,_Z,Not applicable,2005,,33.87869114,,_Z,,A,Normal value,0,Units,2,Two
DATAFLOW,OECD.ELS.SAE:DSD_EARNINGS@MIN2AVE(1.0),Minimum relative to average wages of full-time workers,I,POL,Poland,MR_WG_FT,Minimum relative to average wages of full-time workers,PT_WG_A_SAL_FT,Percentage of average wage of full-time employees,_Z,Not applicable,_Z,Not applicable,MEAN,Mean,_Z,Not applicable,2006,,33.87173952,,_Z,,A,Normal value,0,Units,2,Two
DATAFLOW,OECD.ELS.SAE:DSD_EARNINGS@MIN2AVE(1.0),Minimum relative to average wages of full-time workers,I,POL,Poland,MR_WG_FT,Minimum relative to average wages of full-time workers,PT_WG_A_SAL_FT,Percentage of average wage of full-time employees,_Z,Not applicable,_Z,Not applicable,MEAN,Mean,_Z,Not applicable,2007,,32.06577595,,_Z,,A,Normal value,0,Units,2,Two
DATAFLOW,OECD.ELS.SAE:DSD_EARNINGS@MIN2AVE(1.0),Minimum relative to average wages of full-time workers,I,POL,Poland,MR_WG_FT,Minimum relative to average wages of full-time workers,PT_WG_A_SAL_FT,Percentage of average wage of full-time employees,_Z,Not applicable,_Z,Not applicable,MEAN,Mean,_Z,Not applicable,2008,,34.83835437,,_Z,,A,Normal value,0,Units,2,Two
DATAFLOW,OECD.ELS.SAE:DSD_EARNINGS@MIN2AVE(1.0),Minimum relative to average wages of full-time workers,I,POL,Poland,MR_WG_FT,Minimum relative to average wages of full-time workers,PT_WG_A_SAL_FT,Percentage of average wage of full-time employees,_Z,Not applicable,_Z,Not applicable,MEAN,Mean,_Z,Not applicable,2009,,37.45534849,,_Z,,A,Normal value,0,Units,2,Two
DATAFLOW,OECD.ELS.SAE:DSD_EARNINGS@MIN2AVE(1.0),Minimum relative to average wages of full-time workers,I,POL,Poland,MR_WG_FT,Minimum relative to average wages of full-time workers,PT_WG_A_SAL_FT,Percentage of average wage of full-time employees,_Z,Not applicable,_Z,Not applicable,MEAN,Mean,_Z,Not applicable,2010,,37.16664315,,_Z,,A,Normal value,0,Units,2,Two
DATAFLOW,OECD.ELS.SAE:DSD_EARNINGS@MIN2AVE(1.0),Minimum relative to average wages of full-time workers,I,POL,Poland,MR_WG_FT,Minimum relative to average wages of full-time workers,PT_WG_A_SAL_FT,Percentage of average wage of full-time employees,_Z,Not applicable,_Z,Not applicable,MEAN,Mean,_Z,Not applicable,2011,,37.10566491,,_Z,,A,Normal value,0,Units,2,Two
DATAFLOW,OECD.ELS.SAE:DSD_EARNINGS@MIN2AVE(1.0),Minimum relative to average wages of full-time workers,I,POL,Poland,MR_WG_FT,Minimum relative to average wages of full-time workers,PT_WG_A_SAL_FT,Percentage of average wage of full-time employees,_Z,Not applicable,_Z,Not applicable,MEAN,Mean,_Z,Not applicable,2012,,38.50379391,,_Z,,A,Normal value,0,Units,2,Two
DATAFLOW,OECD.ELS.SAE:DSD_EARNINGS@MIN2AVE(1.0),Minimum relative to average wages of full-time workers,I,POL,Poland,MR_WG_FT,Minimum relative to average wages of full-time workers,PT_WG_A_SAL_FT,Percentage of average wage of full-time employees,_Z,Not applicable,_Z,Not applicable,MEAN,Mean,_Z,Not applicable,2013,,39.62606084,,_Z,,A,Normal value,0,Units,2,Two
DATAFLOW,OECD.ELS.SAE:DSD_EARNINGS@MIN2AVE(1.0),Minimum relative to average wages of full-time workers,I,POL,Poland,MR_WG_FT,Minimum relative to average wages of full-time workers,PT_WG_A_SAL_FT,Percentage of average wage of full-time employees,_Z,Not applicable,_Z,Not applicable,MEAN,Mean,_Z,Not applicable,2014,,40.89860068,,_Z,,A,Normal value,0,Units,2,Two
DATAFLOW,OECD.ELS.SAE:DSD_EARNINGS@MIN2AVE(1.0),Minimum relative to average wages of full-time workers,I,POL,Poland,MR_WG_FT,Minimum relative to average wages of full-time workers,PT_WG_A_SAL_FT,Percentage of average wage of full-time employees,_Z,Not applicable,_Z,Not applicable,MEAN,Mean,_Z,Not applicable,2015,,41.09509815,,_Z,,A,Normal value,0,Units,2,Two
DATAFLOW,OECD.ELS.SAE:DSD_EARNINGS@MIN2AVE(1.0),Minimum relative to average wages of full-time workers,I,POL,Poland,MR_WG_FT,Minimum relative to average wages of full-time workers,PT_WG_A_SAL_FT,Percentage of average wage of full-time employees,_Z,Not applicable,_Z,Not applicable,MEAN,Mean,_Z,Not applicable,2016,,42.56043582,,_Z,,A,Normal value,0,Units,2,Two
DATAFLOW,OECD.ELS.SAE:DSD_EARNINGS@MIN2AVE(1.0),Minimum relative to average wages of full-time workers,I,POL,Poland,MR_WG_FT,Minimum relative to average wages of full-time workers,PT_WG_A_SAL_FT,Percentage of average wage of full-time employees,_Z,Not applicable,_Z,Not applicable,MEAN,Mean,_Z,Not applicable,2017,,43.59918759,,_Z,,A,Normal value,0,Units,2,Two
DATAFLOW,OECD.ELS.SAE:DSD_EARNINGS@MIN2AVE(1.0),Minimum relative to average wages of full-time workers,I,POL,Poland,MR_WG_FT,Minimum relative to average wages of full-time workers,PT_WG_A_SAL_FT,Percentage of average wage of full-time employees,_Z,Not applicable,_Z,Not applicable,MEAN,Mean,_Z,Not applicable,2018,,41.96827199,,_Z,,A,Normal value,0,Units,2,Two
DATAFLOW,OECD.ELS.SAE:DSD_EARNINGS@MIN2AVE(1.0),Minimum relative to average wages of full-time workers,I,POL,Poland,MR_WG_FT,Minimum relative to average wages of full-time workers,PT_WG_A_SAL_FT,Percentage of average wage of full-time employees,_Z,Not applicable,_Z,Not applicable,MEAN,Mean,_Z,Not applicable,2019,,41.85275642,,_Z,,A,Normal value,0,Units,2,Two
DATAFLOW,OECD.ELS.SAE:DSD_EARNINGS@MIN2AVE(1.0),Minimum relative to average wages of full-time workers,I,POL,Poland,MR_WG_FT,Minimum relative to average wages of full-time workers,PT_WG_A_SAL_FT,Percentage of average wage of full-time employees,_Z,Not applicable,_Z,Not applicable,MEAN,Mean,_Z,Not applicable,2020,,45.23155075,,_Z,,A,Normal value,0,Units,2,Two
DATAFLOW,OECD.ELS.SAE:DSD_EARNINGS@MIN2AVE(1.0),Minimum relative to average wages of full-time workers,I,POL,Poland,MR_WG_FT,Minimum relative to average wages of full-time workers,PT_WG_A_SAL_FT,Percentage of average wage of full-time employees,_Z,Not applicable,_Z,Not applicable,MEAN,Mean,_Z,Not applicable,2021,,43.92336001,,_Z,,A,Normal value,0,Units,2,Two
DATAFLOW,OECD.ELS.SAE:DSD_EARNINGS@MIN2AVE(1.0),Minimum relative to average wages of full-time workers,I,POL,Poland,MR_WG_FT,Minimum relative to average wages of full-time workers,PT_WG_A_SAL_FT,Percentage of average wage of full-time employees,_Z,Not applicable,_Z,Not applicable,MEAN,Mean,_Z,Not applicable,2022,,42.99213858,,_Z,,A,Normal value,0,Units,2,Two
DATAFLOW,OECD.ELS.SAE:DSD_EARNINGS@MIN2AVE(1.0),Minimum relative to average wages of full-time workers,I,POL,Poland,MR_WG_FT,Minimum relative to average wages of full-time workers,PT_WG_A_SAL_FT,Percentage of average wage of full-time employees,_Z,Not applicable,_Z,Not applicable,MEAN,Mean,_Z,Not applicable,2023,,44.00904929,,_Z,,A,Normal value,0,Units,2,Two
DATAFLOW,OECD.ELS.SAE:DSD_EARNINGS@MIN2AVE(1.0),Minimum relative to average wages of full-time workers,I,POL,Poland,MR_WG_FT,Minimum relative to average wages of full-time workers,PT_WG_A_SAL_FT,Percentage of average wage of full-time employees,_Z,Not applicable,_Z,Not applicable,MEAN,Mean,_Z,Not applicable,2024,,48.15635279,,_Z,,A,Normal value,0,Units,2,Two
DATAFLOW,OECD.ELS.SAE:DSD_EARNINGS@MIN2AVE(1.0),Minimum relative to average wages of full-time workers,I,PRT,Portugal,MR_WG_FT,Minimum relative to average wages of full-time workers,PT_WG_A_SAL_FT,Percentage of average wage of full-time employees,_Z,Not applicable,_Z,Not applicable,MEAN,Mean,_Z,Not applicable,1975,,49.70441459,,_Z,,A,Normal value,0,Units,2,Two
DATAFLOW,OECD.ELS.SAE:DSD_EARNINGS@MIN2AVE(1.0),Minimum relative to average wages of full-time workers,I,PRT,Portugal,MR_WG_FT,Minimum relative to average wages of full-time workers,PT_WG_A_SAL_FT,Percentage of average wage of full-time employees,_Z,Not applicable,_Z,Not applicable,MEAN,Mean,_Z,Not applicable,1976,,42.97384615,,_Z,,A,Normal value,0,Units,2,Two
DATAFLOW,OECD.ELS.SAE:DSD_EARNINGS@MIN2AVE(1.0),Minimum relative to average wages of full-time workers,I,PRT,Portugal,MR_WG_FT,Minimum relative to average wages of full-time workers,PT_WG_A_SAL_FT,Percentage of average wage of full-time employees,_Z,Not applicable,_Z,Not applicable,MEAN,Mean,_Z,Not applicable,1977,,40.97001304,,_Z,,A,Normal value,0,Units,2,Two
DATAFLOW,OECD.ELS.SAE:DSD_EARNINGS@MIN2AVE(1.0),Minimum relative to average wages of full-time workers,I,PRT,Portugal,MR_WG_FT,Minimum relative to average wages of full-time workers,PT_WG_A_SAL_FT,Percentage of average wage of full-time employees,_Z,Not applicable,_Z,Not applicable,MEAN,Mean,_Z,Not applicable,1978,,41.43846154,,_Z,,A,Normal value,0,Units,2,Two
DATAFLOW,OECD.ELS.SAE:DSD_EARNINGS@MIN2AVE(1.0),Minimum relative to average wages of full-time workers,I,PRT,Portugal,MR_WG_FT,Minimum relative to average wages of full-time workers,PT_WG_A_SAL_FT,Percentage of average wage of full-time employees,_Z,Not applicable,_Z,Not applicable,MEAN,Mean,_Z,Not applicable,1979,,41.25456292,,_Z,,A,Normal value,0,Units,2,Two
DATAFLOW,OECD.ELS.SAE:DSD_EARNINGS@MIN2AVE(1.0),Minimum relative to average wages of full-time workers,I,PRT,Portugal,MR_WG_FT,Minimum relative to average wages of full-time workers,PT_WG_A_SAL_FT,Percentage of average wage of full-time employees,_Z,Not applicable,_Z,Not applicable,MEAN,Mean,_Z,Not applicable,1980,,42.43209877,,_Z,,A,Normal value,0,Units,2,Two
DATAFLOW,OECD.ELS.SAE:DSD_EARNINGS@MIN2AVE(1.0),Minimum relative to average wages of full-time workers,I,PRT,Portugal,MR_WG_FT,Minimum relative to average wages of full-time workers,PT_WG_A_SAL_FT,Percentage of average wage of full-time employees,_Z,Not applicable,_Z,Not applicable,MEAN,Mean,_Z,Not applicable,1981,,41.86768448,,_Z,,A,Normal value,0,Units,2,Two
DATAFLOW,OECD.ELS.SAE:DSD_EARNINGS@MIN2AVE(1.0),Minimum relative to average wages of full-time workers,I,PRT,Portugal,MR_WG_FT,Minimum relative to average wages of full-time workers,PT_WG_A_SAL_FT,Percentage of average wage of full-time employees,_Z,Not applicable,_Z,Not applicable,MEAN,Mean,_Z,Not applicable,1982,,39.95721925,,_Z,,A,Normal value,0,Units,2,Two
DATAFLOW,OECD.ELS.SAE:DSD_EARNINGS@MIN2AVE(1.0),Minimum relative to average wages of full-time workers,I,PRT,Portugal,MR_WG_FT,Minimum relative to average wages of full-time workers,PT_WG_A_SAL_FT,Percentage of average wage of full-time employees,_Z,Not applicable,_Z,Not applicable,MEAN,Mean,_Z,Not applicable,1983,,40.81879496,,_Z,,A,Normal value,0,Units,2,Two
DATAFLOW,OECD.ELS.SAE:DSD_EARNINGS@MIN2AVE(1.0),Minimum relative to average wages of full-time workers,I,PRT,Portugal,MR_WG_FT,Minimum relative to average wages of full-time workers,PT_WG_A_SAL_FT,Percentage of average wage of full-time employees,_Z,Not applicable,_Z,Not applicable,MEAN,Mean,_Z,Not applicable,1984,,41.85055705,,_Z,,A,Normal value,0,Units,2,Two
DATAFLOW,OECD.ELS.SAE:DSD_EARNINGS@MIN2AVE(1.0),Minimum relative to average wages of full-time workers,I,PRT,Portugal,MR_WG_FT,Minimum relative to average wages of full-time workers,PT_WG_A_SAL_FT,Percentage of average wage of full-time employees,_Z,Not applicable,_Z,Not applicable,MEAN,Mean,_Z,Not applicable,1985,,42.06997176,,_Z,,A,Normal value,0,Units,2,Two
DATAFLOW,OECD.ELS.SAE:DSD_EARNINGS@MIN2AVE(1.0),Minimum relative to average wages of full-time workers,I,PRT,Portugal,MR_WG_FT,Minimum relative to average wages of full-time workers,PT_WG_A_SAL_FT,Percentage of average wage of full-time employees,_Z,Not applicable,_Z,Not applicable,MEAN,Mean,_Z,Not applicable,1986,,41.72092406,,_Z,,A,Normal value,0,Units,2,Two
DATAFLOW,OECD.ELS.SAE:DSD_EARNINGS@MIN2AVE(1.0),Minimum relative to average wages of full-time workers,I,PRT,Portugal,MR_WG_FT,Minimum relative to average wages of full-time workers,PT_WG_A_SAL_FT,Percentage of average wage of full-time employees,_Z,Not applicable,_Z,Not applicable,MEAN,Mean,_Z,Not applicable,1987,,40.71633503,,_Z,,A,Normal value,0,Units,2,Two
DATAFLOW,OECD.ELS.SAE:DSD_EARNINGS@MIN2AVE(1.0),Minimum relative to average wages of full-time workers,I,PRT,Portugal,MR_WG_FT,Minimum relative to average wages of full-time workers,PT_WG_A_SAL_FT,Percentage of average wage of full-time employees,_Z,Not applicable,_Z,Not applicable,MEAN,Mean,_Z,Not applicable,1988,,39.14715581,,_Z,,A,Normal value,0,Units,2,Two
DATAFLOW,OECD.ELS.SAE:DSD_EARNINGS@MIN2AVE(1.0),Minimum relative to average wages of full-time workers,I,PRT,Portugal,MR_WG_FT,Minimum relative to average wages of full-time workers,PT_WG_A_SAL_FT,Percentage of average wage of full-time employees,_Z,Not applicable,_Z,Not applicable,MEAN,Mean,_Z,Not applicable,1989,,37.77167986,,_Z,,A,Normal value,0,Units,2,Two
DATAFLOW,OECD.ELS.SAE:DSD_EARNINGS@MIN2AVE(1.0),Minimum relative to average wages of full-time workers,I,PRT,Portugal,MR_WG_FT,Minimum relative to average wages of full-time workers,PT_WG_A_SAL_FT,Percentage of average wage of full-time employees,_Z,Not applicable,_Z,Not applicable,MEAN,Mean,_Z,Not applicable,1990,,37.36028737,,_Z,,A,Normal value,0,Units,2,Two
DATAFLOW,OECD.ELS.SAE:DSD_EARNINGS@MIN2AVE(1.0),Minimum relative to average wages of full-time workers,I,PRT,Portugal,MR_WG_FT,Minimum relative to average wages of full-time workers,PT_WG_A_SAL_FT,Percentage of average wage of full-time employees,_Z,Not applicable,_Z,Not applicable,MEAN,Mean,_Z,Not applicable,1991,,37.47657923,,_Z,,A,Normal value,0,Units,2,Two
DATAFLOW,OECD.ELS.SAE:DSD_EARNINGS@MIN2AVE(1.0),Minimum relative to average wages of full-time workers,I,PRT,Portugal,MR_WG_FT,Minimum relative to average wages of full-time workers,PT_WG_A_SAL_FT,Percentage of average wage of full-time employees,_Z,Not applicable,_Z,Not applicable,MEAN,Mean,_Z,Not applicable,1992,,36.52456512,,_Z,,A,Normal value,0,Units,2,Two
DATAFLOW,OECD.ELS.SAE:DSD_EARNINGS@MIN2AVE(1.0),Minimum relative to average wages of full-time workers,I,PRT,Portugal,MR_WG_FT,Minimum relative to average wages of full-time workers,PT_WG_A_SAL_FT,Percentage of average wage of full-time employees,_Z,Not applicable,_Z,Not applicable,MEAN,Mean,_Z,Not applicable,1993,,37.35492608,,_Z,,A,Normal value,0,Units,2,Two
DATAFLOW,OECD.ELS.SAE:DSD_EARNINGS@MIN2AVE(1.0),Minimum relative to average wages of full-time workers,I,PRT,Portugal,MR_WG_FT,Minimum relative to average wages of full-time workers,PT_WG_A_SAL_FT,Percentage of average wage of full-time employees,_Z,Not applicable,_Z,Not applicable,MEAN,Mean,_Z,Not applicable,1994,,36.89134162,,_Z,,A,Normal value,0,Units,2,Two
DATAFLOW,OECD.ELS.SAE:DSD_EARNINGS@MIN2AVE(1.0),Minimum relative to average wages of full-time workers,I,PRT,Portugal,MR_WG_FT,Minimum relative to average wages of full-time workers,PT_WG_A_SAL_FT,Percentage of average wage of full-time employees,_Z,Not applicable,_Z,Not applicable,MEAN,Mean,_Z,Not applicable,1995,,36.72752099,,_Z,,A,Normal value,0,Units,2,Two
DATAFLOW,OECD.ELS.SAE:DSD_EARNINGS@MIN2AVE(1.0),Minimum relative to average wages of full-time workers,I,PRT,Portugal,MR_WG_FT,Minimum relative to average wages of full-time workers,PT_WG_A_SAL_FT,Percentage of average wage of full-time employees,_Z,Not applicable,_Z,Not applicable,MEAN,Mean,_Z,Not applicable,1996,,36.24344106,,_Z,,A,Normal value,0,Units,2,Two
DATAFLOW,OECD.ELS.SAE:DSD_EARNINGS@MIN2AVE(1.0),Minimum relative to average wages of full-time workers,I,PRT,Portugal,MR_WG_FT,Minimum relative to average wages of full-time workers,PT_WG_A_SAL_FT,Percentage of average wage of full-time employees,_Z,Not applicable,_Z,Not applicable,MEAN,Mean,_Z,Not applicable,1997,,34.2929153,,_Z,,A,Normal value,0,Units,2,Two
DATAFLOW,OECD.ELS.SAE:DSD_EARNINGS@MIN2AVE(1.0),Minimum relative to average wages of full-time workers,I,PRT,Portugal,MR_WG_FT,Minimum relative to average wages of full-time workers,PT_WG_A_SAL_FT,Percentage of average wage of full-time employees,_Z,Not applicable,_Z,Not applicable,MEAN,Mean,_Z,Not applicable,1998,,34.043122,,_Z,,A,Normal value,0,Units,2,Two
DATAFLOW,OECD.ELS.SAE:DSD_EARNINGS@MIN2AVE(1.0),Minimum relative to average wages of full-time workers,I,PRT,Portugal,MR_WG_FT,Minimum relative to average wages of full-time workers,PT_WG_A_SAL_FT,Percentage of average wage of full-time employees,_Z,Not applicable,_Z,Not applicable,MEAN,Mean,_Z,Not applicable,1999,,34.81926143,,_Z,,A,Normal value,0,Units,2,Two
DATAFLOW,OECD.ELS.SAE:DSD_EARNINGS@MIN2AVE(1.0),Minimum relative to average wages of full-time workers,I,PRT,Portugal,MR_WG_FT,Minimum relative to average wages of full-time workers,PT_WG_A_SAL_FT,Percentage of average wage of full-time employees,_Z,Not applicable,_Z,Not applicable,MEAN,Mean,_Z,Not applicable,2000,,34.84755573,,_Z,,A,Normal value,0,Units,2,Two
DATAFLOW,OECD.ELS.SAE:DSD_EARNINGS@MIN2AVE(1.0),Minimum relative to average wages of full-time workers,I,PRT,Portugal,MR_WG_FT,Minimum relative to average wages of full-time workers,PT_WG_A_SAL_FT,Percentage of average wage of full-time employees,_Z,Not applicable,_Z,Not applicable,MEAN,Mean,_Z,Not applicable,2001,,34.5701197,,_Z,,A,Normal value,0,Units,2,Two
DATAFLOW,OECD.ELS.SAE:DSD_EARNINGS@MIN2AVE(1.0),Minimum relative to average wages of full-time workers,I,PRT,Portugal,MR_WG_FT,Minimum relative to average wages of full-time workers,PT_WG_A_SAL_FT,Percentage of average wage of full-time employees,_Z,Not applicable,_Z,Not applicable,MEAN,Mean,_Z,Not applicable,2002,,35.92626334,,_Z,,A,Normal value,0,Units,2,Two
DATAFLOW,OECD.ELS.SAE:DSD_EARNINGS@MIN2AVE(1.0),Minimum relative to average wages of full-time workers,I,PRT,Portugal,MR_WG_FT,Minimum relative to average wages of full-time workers,PT_WG_A_SAL_FT,Percentage of average wage of full-time employees,_Z,Not applicable,_Z,Not applicable,MEAN,Mean,_Z,Not applicable,2003,,35.53590523,,_Z,,A,Normal value,0,Units,2,Two
DATAFLOW,OECD.ELS.SAE:DSD_EARNINGS@MIN2AVE(1.0),Minimum relative to average wages of full-time workers,I,PRT,Portugal,MR_WG_FT,Minimum relative to average wages of full-time workers,PT_WG_A_SAL_FT,Percentage of average wage of full-time employees,_Z,Not applicable,_Z,Not applicable,MEAN,Mean,_Z,Not applicable,2004,,35.67692054,,_Z,,A,Normal value,0,Units,2,Two
DATAFLOW,OECD.ELS.SAE:DSD_EARNINGS@MIN2AVE(1.0),Minimum relative to average wages of full-time workers,I,PRT,Portugal,MR_WG_FT,Minimum relative to average wages of full-time workers,PT_WG_A_SAL_FT,Percentage of average wage of full-time employees,_Z,Not applicable,_Z,Not applicable,MEAN,Mean,_Z,Not applicable,2005,,35.43788268,,_Z,,A,Normal value,0,Units,2,Two
DATAFLOW,OECD.ELS.SAE:DSD_EARNINGS@MIN2AVE(1.0),Minimum relative to average wages of full-time workers,I,PRT,Portugal,MR_WG_FT,Minimum relative to average wages of full-time workers,PT_WG_A_SAL_FT,Percentage of average wage of full-time employees,_Z,Not applicable,_Z,Not applicable,MEAN,Mean,_Z,Not applicable,2006,,32.55177168,,_Z,,A,Normal value,0,Units,2,Two
DATAFLOW,OECD.ELS.SAE:DSD_EARNINGS@MIN2AVE(1.0),Minimum relative to average wages of full-time workers,I,PRT,Portugal,MR_WG_FT,Minimum relative to average wages of full-time workers,PT_WG_A_SAL_FT,Percentage of average wage of full-time employees,_Z,Not applicable,_Z,Not applicable,MEAN,Mean,_Z,Not applicable,2007,,32.74980432,,_Z,,A,Normal value,0,Units,2,Two
DATAFLOW,OECD.ELS.SAE:DSD_EARNINGS@MIN2AVE(1.0),Minimum relative to average wages of full-time workers,I,PRT,Portugal,MR_WG_FT,Minimum relative to average wages of full-time workers,PT_WG_A_SAL_FT,Percentage of average wage of full-time employees,_Z,Not applicable,_Z,Not applicable,MEAN,Mean,_Z,Not applicable,2008,,33.37651686,,_Z,,A,Normal value,0,Units,2,Two
DATAFLOW,OECD.ELS.SAE:DSD_EARNINGS@MIN2AVE(1.0),Minimum relative to average wages of full-time workers,I,PRT,Portugal,MR_WG_FT,Minimum relative to average wages of full-time workers,PT_WG_A_SAL_FT,Percentage of average wage of full-time employees,_Z,Not applicable,_Z,Not applicable,MEAN,Mean,_Z,Not applicable,2009,,34.24649678,,_Z,,A,Normal value,0,Units,2,Two
DATAFLOW,OECD.ELS.SAE:DSD_EARNINGS@MIN2AVE(1.0),Minimum relative to average wages of full-time workers,I,PRT,Portugal,MR_WG_FT,Minimum relative to average wages of full-time workers,PT_WG_A_SAL_FT,Percentage of average wage of full-time employees,_Z,Not applicable,_Z,Not applicable,MEAN,Mean,_Z,Not applicable,2010,,35.93144539,,_Z,,A,Normal value,0,Units,2,Two
DATAFLOW,OECD.ELS.SAE:DSD_EARNINGS@MIN2AVE(1.0),Minimum relative to average wages of full-time workers,I,PRT,Portugal,MR_WG_FT,Minimum relative to average wages of full-time workers,PT_WG_A_SAL_FT,Percentage of average wage of full-time employees,_Z,Not applicable,_Z,Not applicable,MEAN,Mean,_Z,Not applicable,2011,,35.89388909,,_Z,,A,Normal value,0,Units,2,Two
DATAFLOW,OECD.ELS.SAE:DSD_EARNINGS@MIN2AVE(1.0),Minimum relative to average wages of full-time workers,I,PRT,Portugal,MR_WG_FT,Minimum relative to average wages of full-time workers,PT_WG_A_SAL_FT,Percentage of average wage of full-time employees,_Z,Not applicable,_Z,Not applicable,MEAN,Mean,_Z,Not applicable,2012,,35.5321949,,_Z,,A,Normal value,0,Units,2,Two
DATAFLOW,OECD.ELS.SAE:DSD_EARNINGS@MIN2AVE(1.0),Minimum relative to average wages of full-time workers,I,PRT,Portugal,MR_WG_FT,Minimum relative to average wages of full-time workers,PT_WG_A_SAL_FT,Percentage of average wage of full-time employees,_Z,Not applicable,_Z,Not applicable,MEAN,Mean,_Z,Not applicable,2013,,35.58969246,,_Z,,A,Normal value,0,Units,2,Two
DATAFLOW,OECD.ELS.SAE:DSD_EARNINGS@MIN2AVE(1.0),Minimum relative to average wages of full-time workers,I,PRT,Portugal,MR_WG_FT,Minimum relative to average wages of full-time workers,PT_WG_A_SAL_FT,Percentage of average wage of full-time employees,_Z,Not applicable,_Z,Not applicable,MEAN,Mean,_Z,Not applicable,2014,,39.20773679,,_Z,,A,Normal value,0,Units,2,Two
DATAFLOW,OECD.ELS.SAE:DSD_EARNINGS@MIN2AVE(1.0),Minimum relative to average wages of full-time workers,I,PRT,Portugal,MR_WG_FT,Minimum relative to average wages of full-time workers,PT_WG_A_SAL_FT,Percentage of average wage of full-time employees,_Z,Not applicable,_Z,Not applicable,MEAN,Mean,_Z,Not applicable,2015,,40.28085355,,_Z,,A,Normal value,0,Units,2,Two
DATAFLOW,OECD.ELS.SAE:DSD_EARNINGS@MIN2AVE(1.0),Minimum relative to average wages of full-time workers,I,PRT,Portugal,MR_WG_FT,Minimum relative to average wages of full-time workers,PT_WG_A_SAL_FT,Percentage of average wage of full-time employees,_Z,Not applicable,_Z,Not applicable,MEAN,Mean,_Z,Not applicable,2016,,41.84757314,,_Z,,A,Normal value,0,Units,2,Two
DATAFLOW,OECD.ELS.SAE:DSD_EARNINGS@MIN2AVE(1.0),Minimum relative to average wages of full-time workers,I,PRT,Portugal,MR_WG_FT,Minimum relative to average wages of full-time workers,PT_WG_A_SAL_FT,Percentage of average wage of full-time employees,_Z,Not applicable,_Z,Not applicable,MEAN,Mean,_Z,Not applicable,2017,,42.99045486,,_Z,,A,Normal value,0,Units,2,Two
DATAFLOW,OECD.ELS.SAE:DSD_EARNINGS@MIN2AVE(1.0),Minimum relative to average wages of full-time workers,I,PRT,Portugal,MR_WG_FT,Minimum relative to average wages of full-time workers,PT_WG_A_SAL_FT,Percentage of average wage of full-time employees,_Z,Not applicable,_Z,Not applicable,MEAN,Mean,_Z,Not applicable,2018,,44.52751849,,_Z,,A,Normal value,0,Units,2,Two
DATAFLOW,OECD.ELS.SAE:DSD_EARNINGS@MIN2AVE(1.0),Minimum relative to average wages of full-time workers,I,PRT,Portugal,MR_WG_FT,Minimum relative to average wages of full-time workers,PT_WG_A_SAL_FT,Percentage of average wage of full-time employees,_Z,Not applicable,_Z,Not applicable,MEAN,Mean,_Z,Not applicable,2022,,42.58715033,,_Z,,A,Normal value,0,Units,2,Two
DATAFLOW,OECD.ELS.SAE:DSD_EARNINGS@MIN2AVE(1.0),Minimum relative to average wages of full-time workers,I,PRT,Portugal,MR_WG_FT,Minimum relative to average wages of full-time workers,PT_WG_A_SAL_FT,Percentage of average wage of full-time employees,_Z,Not applicable,_Z,Not applicable,MEAN,Mean,_Z,Not applicable,2023,,42.49068493,,_Z,,A,Normal value,0,Units,2,Two
DATAFLOW,OECD.ELS.SAE:DSD_EARNINGS@MIN2AVE(1.0),Minimum relative to average wages of full-time workers,I,PRT,Portugal,MR_WG_FT,Minimum relative to average wages of full-time workers,PT_WG_A_SAL_FT,Percentage of average wage of full-time employees,_Z,Not applicable,_Z,Not applicable,MEAN,Mean,_Z,Not applicable,2024,,42.6217832,,_Z,,A,Normal value,0,Units,2,Two
DATAFLOW,OECD.ELS.SAE:DSD_EARNINGS@MIN2AVE(1.0),Minimum relative to average wages of full-time workers,I,SVK,Slovak Republic,MR_WG_FT,Minimum relative to average wages of full-time workers,PT_WG_A_SAL_FT,Percentage of average wage of full-time employees,_Z,Not applicable,_Z,Not applicable,MEAN,Mean,_Z,Not applicable,1991,,47.76978417,,_Z,,A,Normal value,0,Units,2,Two
DATAFLOW,OECD.ELS.SAE:DSD_EARNINGS@MIN2AVE(1.0),Minimum relative to average wages of full-time workers,I,SVK,Slovak Republic,MR_WG_FT,Minimum relative to average wages of full-time workers,PT_WG_A_SAL_FT,Percentage of average wage of full-time employees,_Z,Not applicable,_Z,Not applicable,MEAN,Mean,_Z,Not applicable,1992,,43.71257485,,_Z,,A,Normal value,0,Units,2,Two
DATAFLOW,OECD.ELS.SAE:DSD_EARNINGS@MIN2AVE(1.0),Minimum relative to average wages of full-time workers,I,SVK,Slovak Republic,MR_WG_FT,Minimum relative to average wages of full-time workers,PT_WG_A_SAL_FT,Percentage of average wage of full-time employees,_Z,Not applicable,_Z,Not applicable,MEAN,Mean,_Z,Not applicable,1993,,37.92929293,,_Z,,A,Normal value,0,Units,2,Two
DATAFLOW,OECD.ELS.SAE:DSD_EARNINGS@MIN2AVE(1.0),Minimum relative to average wages of full-time workers,I,SVK,Slovak Republic,MR_WG_FT,Minimum relative to average wages of full-time workers,PT_WG_A_SAL_FT,Percentage of average wage of full-time employees,_Z,Not applicable,_Z,Not applicable,MEAN,Mean,_Z,Not applicable,1994,,35.04310345,,_Z,,A,Normal value,0,Units,2,Two
DATAFLOW,OECD.ELS.SAE:DSD_EARNINGS@MIN2AVE(1.0),Minimum relative to average wages of full-time workers,I,SVK,Slovak Republic,MR_WG_FT,Minimum relative to average wages of full-time workers,PT_WG_A_SAL_FT,Percentage of average wage of full-time employees,_Z,Not applicable,_Z,Not applicable,MEAN,Mean,_Z,Not applicable,1995,,30.67924528,,_Z,,A,Normal value,0,Units,2,Two
DATAFLOW,OECD.ELS.SAE:DSD_EARNINGS@MIN2AVE(1.0),Minimum relative to average wages of full-time workers,I,SVK,Slovak Republic,MR_WG_FT,Minimum relative to average wages of full-time workers,PT_WG_A_SAL_FT,Percentage of average wage of full-time employees,_Z,Not applicable,_Z,Not applicable,MEAN,Mean,_Z,Not applicable,1996,,29.16666667,,_Z,,A,Normal value,0,Units,2,Two
DATAFLOW,OECD.ELS.SAE:DSD_EARNINGS@MIN2AVE(1.0),Minimum relative to average wages of full-time workers,I,SVK,Slovak Republic,MR_WG_FT,Minimum relative to average wages of full-time workers,PT_WG_A_SAL_FT,Percentage of average wage of full-time employees,_Z,Not applicable,_Z,Not applicable,MEAN,Mean,_Z,Not applicable,1997,,26.35294118,,_Z,,A,Normal value,0,Units,2,Two
DATAFLOW,OECD.ELS.SAE:DSD_EARNINGS@MIN2AVE(1.0),Minimum relative to average wages of full-time workers,I,SVK,Slovak Republic,MR_WG_FT,Minimum relative to average wages of full-time workers,PT_WG_A_SAL_FT,Percentage of average wage of full-time employees,_Z,Not applicable,_Z,Not applicable,MEAN,Mean,_Z,Not applicable,1998,,28.62068966,,_Z,,A,Normal value,0,Units,2,Two
DATAFLOW,OECD.ELS.SAE:DSD_EARNINGS@MIN2AVE(1.0),Minimum relative to average wages of full-time workers,I,SVK,Slovak Republic,MR_WG_FT,Minimum relative to average wages of full-time workers,PT_WG_A_SAL_FT,Percentage of average wage of full-time employees,_Z,Not applicable,_Z,Not applicable,MEAN,Mean,_Z,Not applicable,1999,,31.54269972,,_Z,,A,Normal value,0,Units,2,Two
DATAFLOW,OECD.ELS.SAE:DSD_EARNINGS@MIN2AVE(1.0),Minimum relative to average wages of full-time workers,I,SVK,Slovak Republic,MR_WG_FT,Minimum relative to average wages of full-time workers,PT_WG_A_SAL_FT,Percentage of average wage of full-time employees,_Z,Not applicable,_Z,Not applicable,MEAN,Mean,_Z,Not applicable,2000,,34.11027569,,_Z,,A,Normal value,0,Units,2,Two
DATAFLOW,OECD.ELS.SAE:DSD_EARNINGS@MIN2AVE(1.0),Minimum relative to average wages of full-time workers,I,SVK,Slovak Republic,MR_WG_FT,Minimum relative to average wages of full-time workers,PT_WG_A_SAL_FT,Percentage of average wage of full-time employees,_Z,Not applicable,_Z,Not applicable,MEAN,Mean,_Z,Not applicable,2001,,35.05827506,,_Z,,A,Normal value,0,Units,2,Two
DATAFLOW,OECD.ELS.SAE:DSD_EARNINGS@MIN2AVE(1.0),Minimum relative to average wages of full-time workers,I,SVK,Slovak Republic,MR_WG_FT,Minimum relative to average wages of full-time workers,PT_WG_A_SAL_FT,Percentage of average wage of full-time employees,_Z,Not applicable,_Z,Not applicable,MEAN,Mean,_Z,Not applicable,2002,,34.03817441,,_Z,,A,Normal value,0,Units,2,Two
DATAFLOW,OECD.ELS.SAE:DSD_EARNINGS@MIN2AVE(1.0),Minimum relative to average wages of full-time workers,I,SVK,Slovak Republic,MR_WG_FT,Minimum relative to average wages of full-time workers,PT_WG_A_SAL_FT,Percentage of average wage of full-time employees,_Z,Not applicable,_Z,Not applicable,MEAN,Mean,_Z,Not applicable,2003,,36.31091824,,_Z,,A,Normal value,0,Units,2,Two
DATAFLOW,OECD.ELS.SAE:DSD_EARNINGS@MIN2AVE(1.0),Minimum relative to average wages of full-time workers,I,SVK,Slovak Republic,MR_WG_FT,Minimum relative to average wages of full-time workers,PT_WG_A_SAL_FT,Percentage of average wage of full-time employees,_Z,Not applicable,_Z,Not applicable,MEAN,Mean,_Z,Not applicable,2004,,35.09761685,,_Z,,A,Normal value,0,Units,2,Two
DATAFLOW,OECD.ELS.SAE:DSD_EARNINGS@MIN2AVE(1.0),Minimum relative to average wages of full-time workers,I,SVK,Slovak Republic,MR_WG_FT,Minimum relative to average wages of full-time workers,PT_WG_A_SAL_FT,Percentage of average wage of full-time employees,_Z,Not applicable,_Z,Not applicable,MEAN,Mean,_Z,Not applicable,2005,,34.61022036,,_Z,,A,Normal value,0,Units,2,Two
DATAFLOW,OECD.ELS.SAE:DSD_EARNINGS@MIN2AVE(1.0),Minimum relative to average wages of full-time workers,I,SVK,Slovak Republic,MR_WG_FT,Minimum relative to average wages of full-time workers,PT_WG_A_SAL_FT,Percentage of average wage of full-time employees,_Z,Not applicable,_Z,Not applicable,MEAN,Mean,_Z,Not applicable,2006,,34.65580352,,_Z,,A,Normal value,0,Units,2,Two
DATAFLOW,OECD.ELS.SAE:DSD_EARNINGS@MIN2AVE(1.0),Minimum relative to average wages of full-time workers,I,SVK,Slovak Republic,MR_WG_FT,Minimum relative to average wages of full-time workers,PT_WG_A_SAL_FT,Percentage of average wage of full-time employees,_Z,Not applicable,_Z,Not applicable,MEAN,Mean,_Z,Not applicable,2007,,34.54966852,,_Z,,A,Normal value,0,Units,2,Two
DATAFLOW,OECD.ELS.SAE:DSD_EARNINGS@MIN2AVE(1.0),Minimum relative to average wages of full-time workers,I,SVK,Slovak Republic,MR_WG_FT,Minimum relative to average wages of full-time workers,PT_WG_A_SAL_FT,Percentage of average wage of full-time employees,_Z,Not applicable,_Z,Not applicable,MEAN,Mean,_Z,Not applicable,2008,,33.65119888,,_Z,,A,Normal value,0,Units,2,Two
DATAFLOW,OECD.ELS.SAE:DSD_EARNINGS@MIN2AVE(1.0),Minimum relative to average wages of full-time workers,I,SVK,Slovak Republic,MR_WG_FT,Minimum relative to average wages of full-time workers,PT_WG_A_SAL_FT,Percentage of average wage of full-time employees,_Z,Not applicable,_Z,Not applicable,MEAN,Mean,_Z,Not applicable,2009,,35.53091972,,_Z,,A,Normal value,0,Units,2,Two
DATAFLOW,OECD.ELS.SAE:DSD_EARNINGS@MIN2AVE(1.0),Minimum relative to average wages of full-time workers,I,SVK,Slovak Republic,MR_WG_FT,Minimum relative to average wages of full-time workers,PT_WG_A_SAL_FT,Percentage of average wage of full-time employees,_Z,Not applicable,_Z,Not applicable,MEAN,Mean,_Z,Not applicable,2010,,35.65469293,,_Z,,A,Normal value,0,Units,2,Two
DATAFLOW,OECD.ELS.SAE:DSD_EARNINGS@MIN2AVE(1.0),Minimum relative to average wages of full-time workers,I,SVK,Slovak Republic,MR_WG_FT,Minimum relative to average wages of full-time workers,PT_WG_A_SAL_FT,Percentage of average wage of full-time employees,_Z,Not applicable,_Z,Not applicable,MEAN,Mean,_Z,Not applicable,2011,,35.77878104,,_Z,,A,Normal value,0,Units,2,Two
DATAFLOW,OECD.ELS.SAE:DSD_EARNINGS@MIN2AVE(1.0),Minimum relative to average wages of full-time workers,I,SVK,Slovak Republic,MR_WG_FT,Minimum relative to average wages of full-time workers,PT_WG_A_SAL_FT,Percentage of average wage of full-time employees,_Z,Not applicable,_Z,Not applicable,MEAN,Mean,_Z,Not applicable,2012,,35.77700837,,_Z,,A,Normal value,0,Units,2,Two
DATAFLOW,OECD.ELS.SAE:DSD_EARNINGS@MIN2AVE(1.0),Minimum relative to average wages of full-time workers,I,SVK,Slovak Republic,MR_WG_FT,Minimum relative to average wages of full-time workers,PT_WG_A_SAL_FT,Percentage of average wage of full-time employees,_Z,Not applicable,_Z,Not applicable,MEAN,Mean,_Z,Not applicable,2013,,35.9633356,,_Z,,A,Normal value,0,Units,2,Two
DATAFLOW,OECD.ELS.SAE:DSD_EARNINGS@MIN2AVE(1.0),Minimum relative to average wages of full-time workers,I,SVK,Slovak Republic,MR_WG_FT,Minimum relative to average wages of full-time workers,PT_WG_A_SAL_FT,Percentage of average wage of full-time employees,_Z,Not applicable,_Z,Not applicable,MEAN,Mean,_Z,Not applicable,2014,,35.40926966,,_Z,,A,Normal value,0,Units,2,Two
DATAFLOW,OECD.ELS.SAE:DSD_EARNINGS@MIN2AVE(1.0),Minimum relative to average wages of full-time workers,I,SVK,Slovak Republic,MR_WG_FT,Minimum relative to average wages of full-time workers,PT_WG_A_SAL_FT,Percentage of average wage of full-time employees,_Z,Not applicable,_Z,Not applicable,MEAN,Mean,_Z,Not applicable,2015,,36.90906329,,_Z,,A,Normal value,0,Units,2,Two
DATAFLOW,OECD.ELS.SAE:DSD_EARNINGS@MIN2AVE(1.0),Minimum relative to average wages of full-time workers,I,SVK,Slovak Republic,MR_WG_FT,Minimum relative to average wages of full-time workers,PT_WG_A_SAL_FT,Percentage of average wage of full-time employees,_Z,Not applicable,_Z,Not applicable,MEAN,Mean,_Z,Not applicable,2016,,37.51664979,,_Z,,A,Normal value,0,Units,2,Two
DATAFLOW,OECD.ELS.SAE:DSD_EARNINGS@MIN2AVE(1.0),Minimum relative to average wages of full-time workers,I,SVK,Slovak Republic,MR_WG_FT,Minimum relative to average wages of full-time workers,PT_WG_A_SAL_FT,Percentage of average wage of full-time employees,_Z,Not applicable,_Z,Not applicable,MEAN,Mean,_Z,Not applicable,2017,,38.16203205,,_Z,,A,Normal value,0,Units,2,Two
DATAFLOW,OECD.ELS.SAE:DSD_EARNINGS@MIN2AVE(1.0),Minimum relative to average wages of full-time workers,I,SVK,Slovak Republic,MR_WG_FT,Minimum relative to average wages of full-time workers,PT_WG_A_SAL_FT,Percentage of average wage of full-time employees,_Z,Not applicable,_Z,Not applicable,MEAN,Mean,_Z,Not applicable,2018,,39.40151155,,_Z,,A,Normal value,0,Units,2,Two
DATAFLOW,OECD.ELS.SAE:DSD_EARNINGS@MIN2AVE(1.0),Minimum relative to average wages of full-time workers,I,SVK,Slovak Republic,MR_WG_FT,Minimum relative to average wages of full-time workers,PT_WG_A_SAL_FT,Percentage of average wage of full-time employees,_Z,Not applicable,_Z,Not applicable,MEAN,Mean,_Z,Not applicable,2019,,39.84676324,,_Z,,A,Normal value,0,Units,2,Two
DATAFLOW,OECD.ELS.SAE:DSD_EARNINGS@MIN2AVE(1.0),Minimum relative to average wages of full-time workers,I,SVK,Slovak Republic,MR_WG_FT,Minimum relative to average wages of full-time workers,PT_WG_A_SAL_FT,Percentage of average wage of full-time employees,_Z,Not applicable,_Z,Not applicable,MEAN,Mean,_Z,Not applicable,2020,,41.95953332,,_Z,,A,Normal value,0,Units,2,Two
DATAFLOW,OECD.ELS.SAE:DSD_EARNINGS@MIN2AVE(1.0),Minimum relative to average wages of full-time workers,I,SVK,Slovak Republic,MR_WG_FT,Minimum relative to average wages of full-time workers,PT_WG_A_SAL_FT,Percentage of average wage of full-time employees,_Z,Not applicable,_Z,Not applicable,MEAN,Mean,_Z,Not applicable,2021,,44.00158773,,_Z,,A,Normal value,0,Units,2,Two
DATAFLOW,OECD.ELS.SAE:DSD_EARNINGS@MIN2AVE(1.0),Minimum relative to average wages of full-time workers,I,SVK,Slovak Republic,MR_WG_FT,Minimum relative to average wages of full-time workers,PT_WG_A_SAL_FT,Percentage of average wage of full-time employees,_Z,Not applicable,_Z,Not applicable,MEAN,Mean,_Z,Not applicable,2022,,42.65042693,,_Z,,A,Normal value,0,Units,2,Two
DATAFLOW,OECD.ELS.SAE:DSD_EARNINGS@MIN2AVE(1.0),Minimum relative to average wages of full-time workers,I,SVK,Slovak Republic,MR_WG_FT,Minimum relative to average wages of full-time workers,PT_WG_A_SAL_FT,Percentage of average wage of full-time employees,_Z,Not applicable,_Z,Not applicable,MEAN,Mean,_Z,Not applicable,2023,,42.63675434,,_Z,,A,Normal value,0,Units,2,Two
DATAFLOW,OECD.ELS.SAE:DSD_EARNINGS@MIN2AVE(1.0),Minimum relative to average wages of full-time workers,I,SVK,Slovak Republic,MR_WG_FT,Minimum relative to average wages of full-time workers,PT_WG_A_SAL_FT,Percentage of average wage of full-time employees,_Z,Not applicable,_Z,Not applicable,MEAN,Mean,_Z,Not applicable,2024,,42.85388067,,_Z,,A,Normal value,0,Units,2,Two
DATAFLOW,OECD.ELS.SAE:DSD_EARNINGS@MIN2AVE(1.0),Minimum relative to average wages of full-time workers,I,SVN,Slovenia,MR_WG_FT,Minimum relative to average wages of full-time workers,PT_WG_A_SAL_FT,Percentage of average wage of full-time employees,_Z,Not applicable,_Z,Not applicable,MEAN,Mean,_Z,Not applicable,2005,,43.12805626,,_Z,,A,Normal value,0,Units,2,Two
DATAFLOW,OECD.ELS.SAE:DSD_EARNINGS@MIN2AVE(1.0),Minimum relative to average wages of full-time workers,I,SVN,Slovenia,MR_WG_FT,Minimum relative to average wages of full-time workers,PT_WG_A_SAL_FT,Percentage of average wage of full-time employees,_Z,Not applicable,_Z,Not applicable,MEAN,Mean,_Z,Not applicable,2006,,42.07909848,,_Z,,A,Normal value,0,Units,2,Two
DATAFLOW,OECD.ELS.SAE:DSD_EARNINGS@MIN2AVE(1.0),Minimum relative to average wages of full-time workers,I,SVN,Slovenia,MR_WG_FT,Minimum relative to average wages of full-time workers,PT_WG_A_SAL_FT,Percentage of average wage of full-time employees,_Z,Not applicable,_Z,Not applicable,MEAN,Mean,_Z,Not applicable,2007,,40.71691329,,_Z,,A,Normal value,0,Units,2,Two
DATAFLOW,OECD.ELS.SAE:DSD_EARNINGS@MIN2AVE(1.0),Minimum relative to average wages of full-time workers,I,SVN,Slovenia,MR_WG_FT,Minimum relative to average wages of full-time workers,PT_WG_A_SAL_FT,Percentage of average wage of full-time employees,_Z,Not applicable,_Z,Not applicable,MEAN,Mean,_Z,Not applicable,2008,,40.61946737,,_Z,,A,Normal value,0,Units,2,Two
DATAFLOW,OECD.ELS.SAE:DSD_EARNINGS@MIN2AVE(1.0),Minimum relative to average wages of full-time workers,I,SVN,Slovenia,MR_WG_FT,Minimum relative to average wages of full-time workers,PT_WG_A_SAL_FT,Percentage of average wage of full-time employees,_Z,Not applicable,_Z,Not applicable,MEAN,Mean,_Z,Not applicable,2009,,40.74284425,,_Z,,A,Normal value,0,Units,2,Two
DATAFLOW,OECD.ELS.SAE:DSD_EARNINGS@MIN2AVE(1.0),Minimum relative to average wages of full-time workers,I,SVN,Slovenia,MR_WG_FT,Minimum relative to average wages of full-time workers,PT_WG_A_SAL_FT,Percentage of average wage of full-time employees,_Z,Not applicable,_Z,Not applicable,MEAN,Mean,_Z,Not applicable,2010,,48.03241053,,_Z,,A,Normal value,0,Units,2,Two
DATAFLOW,OECD.ELS.SAE:DSD_EARNINGS@MIN2AVE(1.0),Minimum relative to average wages of full-time workers,I,SVN,Slovenia,MR_WG_FT,Minimum relative to average wages of full-time workers,PT_WG_A_SAL_FT,Percentage of average wage of full-time employees,_Z,Not applicable,_Z,Not applicable,MEAN,Mean,_Z,Not applicable,2011,,49.37326497,,_Z,,A,Normal value,0,Units,2,Two
DATAFLOW,OECD.ELS.SAE:DSD_EARNINGS@MIN2AVE(1.0),Minimum relative to average wages of full-time workers,I,SVN,Slovenia,MR_WG_FT,Minimum relative to average wages of full-time workers,PT_WG_A_SAL_FT,Percentage of average wage of full-time employees,_Z,Not applicable,_Z,Not applicable,MEAN,Mean,_Z,Not applicable,2012,,50.48812184,,_Z,,A,Normal value,0,Units,2,Two
DATAFLOW,OECD.ELS.SAE:DSD_EARNINGS@MIN2AVE(1.0),Minimum relative to average wages of full-time workers,I,SVN,Slovenia,MR_WG_FT,Minimum relative to average wages of full-time workers,PT_WG_A_SAL_FT,Percentage of average wage of full-time employees,_Z,Not applicable,_Z,Not applicable,MEAN,Mean,_Z,Not applicable,2013,,51.93112419,,_Z,,A,Normal value,0,Units,2,Two
DATAFLOW,OECD.ELS.SAE:DSD_EARNINGS@MIN2AVE(1.0),Minimum relative to average wages of full-time workers,I,SVN,Slovenia,MR_WG_FT,Minimum relative to average wages of full-time workers,PT_WG_A_SAL_FT,Percentage of average wage of full-time employees,_Z,Not applicable,_Z,Not applicable,MEAN,Mean,_Z,Not applicable,2014,,49.47867001,,_Z,,A,Normal value,0,Units,2,Two
DATAFLOW,OECD.ELS.SAE:DSD_EARNINGS@MIN2AVE(1.0),Minimum relative to average wages of full-time workers,I,SVN,Slovenia,MR_WG_FT,Minimum relative to average wages of full-time workers,PT_WG_A_SAL_FT,Percentage of average wage of full-time employees,_Z,Not applicable,_Z,Not applicable,MEAN,Mean,_Z,Not applicable,2015,,49.29443136,,_Z,,A,Normal value,0,Units,2,Two
DATAFLOW,OECD.ELS.SAE:DSD_EARNINGS@MIN2AVE(1.0),Minimum relative to average wages of full-time workers,I,SVN,Slovenia,MR_WG_FT,Minimum relative to average wages of full-time workers,PT_WG_A_SAL_FT,Percentage of average wage of full-time employees,_Z,Not applicable,_Z,Not applicable,MEAN,Mean,_Z,Not applicable,2016,,48.4018704,,_Z,,A,Normal value,0,Units,2,Two
DATAFLOW,OECD.ELS.SAE:DSD_EARNINGS@MIN2AVE(1.0),Minimum relative to average wages of full-time workers,I,SVN,Slovenia,MR_WG_FT,Minimum relative to average wages of full-time workers,PT_WG_A_SAL_FT,Percentage of average wage of full-time employees,_Z,Not applicable,_Z,Not applicable,MEAN,Mean,_Z,Not applicable,2017,,47.9868383,,_Z,,A,Normal value,0,Units,2,Two
DATAFLOW,OECD.ELS.SAE:DSD_EARNINGS@MIN2AVE(1.0),Minimum relative to average wages of full-time workers,I,SVN,Slovenia,MR_WG_FT,Minimum relative to average wages of full-time workers,PT_WG_A_SAL_FT,Percentage of average wage of full-time employees,_Z,Not applicable,_Z,Not applicable,MEAN,Mean,_Z,Not applicable,2018,,48.70052075,,_Z,,A,Normal value,0,Units,2,Two
DATAFLOW,OECD.ELS.SAE:DSD_EARNINGS@MIN2AVE(1.0),Minimum relative to average wages of full-time workers,I,SVN,Slovenia,MR_WG_FT,Minimum relative to average wages of full-time workers,PT_WG_A_SAL_FT,Percentage of average wage of full-time employees,_Z,Not applicable,_Z,Not applicable,MEAN,Mean,_Z,Not applicable,2019,,49.11795231,,_Z,,A,Normal value,0,Units,2,Two
DATAFLOW,OECD.ELS.SAE:DSD_EARNINGS@MIN2AVE(1.0),Minimum relative to average wages of full-time workers,I,SVN,Slovenia,MR_WG_FT,Minimum relative to average wages of full-time workers,PT_WG_A_SAL_FT,Percentage of average wage of full-time employees,_Z,Not applicable,_Z,Not applicable,MEAN,Mean,_Z,Not applicable,2020,,49.17027517,,_Z,,A,Normal value,0,Units,2,Two
DATAFLOW,OECD.ELS.SAE:DSD_EARNINGS@MIN2AVE(1.0),Minimum relative to average wages of full-time workers,I,SVN,Slovenia,MR_WG_FT,Minimum relative to average wages of full-time workers,PT_WG_A_SAL_FT,Percentage of average wage of full-time employees,_Z,Not applicable,_Z,Not applicable,MEAN,Mean,_Z,Not applicable,2021,,50.51552355,,_Z,,A,Normal value,0,Units,2,Two
DATAFLOW,OECD.ELS.SAE:DSD_EARNINGS@MIN2AVE(1.0),Minimum relative to average wages of full-time workers,I,SVN,Slovenia,MR_WG_FT,Minimum relative to average wages of full-time workers,PT_WG_A_SAL_FT,Percentage of average wage of full-time employees,_Z,Not applicable,_Z,Not applicable,MEAN,Mean,_Z,Not applicable,2022,,51.58003469,,_Z,,A,Normal value,0,Units,2,Two
DATAFLOW,OECD.ELS.SAE:DSD_EARNINGS@MIN2AVE(1.0),Minimum relative to average wages of full-time workers,I,SVN,Slovenia,MR_WG_FT,Minimum relative to average wages of full-time workers,PT_WG_A_SAL_FT,Percentage of average wage of full-time employees,_Z,Not applicable,_Z,Not applicable,MEAN,Mean,_Z,Not applicable,2023,,52.63892699,,_Z,,A,Normal value,0,Units,2,Two
DATAFLOW,OECD.ELS.SAE:DSD_EARNINGS@MIN2AVE(1.0),Minimum relative to average wages of full-time workers,I,SVN,Slovenia,MR_WG_FT,Minimum relative to average wages of full-time workers,PT_WG_A_SAL_FT,Percentage of average wage of full-time employees,_Z,Not applicable,_Z,Not applicable,MEAN,Mean,_Z,Not applicable,2024,,50.80626153,,_Z,,A,Normal value,0,Units,2,Two
DATAFLOW,OECD.ELS.SAE:DSD_EARNINGS@MIN2AVE(1.0),Minimum relative to average wages of full-time workers,I,ESP,Spain,MR_WG_FT,Minimum relative to average wages of full-time workers,PT_WG_A_SAL_FT,Percentage of average wage of full-time employees,_Z,Not applicable,_Z,Not applicable,MEAN,Mean,_Z,Not applicable,1964,,54.87681159,,_Z,,A,Normal value,0,Units,2,Two
DATAFLOW,OECD.ELS.SAE:DSD_EARNINGS@MIN2AVE(1.0),Minimum relative to average wages of full-time workers,I,ESP,Spain,MR_WG_FT,Minimum relative to average wages of full-time workers,PT_WG_A_SAL_FT,Percentage of average wage of full-time employees,_Z,Not applicable,_Z,Not applicable,MEAN,Mean,_Z,Not applicable,1965,,46.74691358,,_Z,,A,Normal value,0,Units,2,Two
DATAFLOW,OECD.ELS.SAE:DSD_EARNINGS@MIN2AVE(1.0),Minimum relative to average wages of full-time workers,I,ESP,Spain,MR_WG_FT,Minimum relative to average wages of full-time workers,PT_WG_A_SAL_FT,Percentage of average wage of full-time employees,_Z,Not applicable,_Z,Not applicable,MEAN,Mean,_Z,Not applicable,1966,,44.19098143,,_Z,,A,Normal value,0,Units,2,Two
DATAFLOW,OECD.ELS.SAE:DSD_EARNINGS@MIN2AVE(1.0),Minimum relative to average wages of full-time workers,I,ESP,Spain,MR_WG_FT,Minimum relative to average wages of full-time workers,PT_WG_A_SAL_FT,Percentage of average wage of full-time employees,_Z,Not applicable,_Z,Not applicable,MEAN,Mean,_Z,Not applicable,1967,,50.95359629,,_Z,,A,Normal value,0,Units,2,Two
DATAFLOW,OECD.ELS.SAE:DSD_EARNINGS@MIN2AVE(1.0),Minimum relative to average wages of full-time workers,I,ESP,Spain,MR_WG_FT,Minimum relative to average wages of full-time workers,PT_WG_A_SAL_FT,Percentage of average wage of full-time employees,_Z,Not applicable,_Z,Not applicable,MEAN,Mean,_Z,Not applicable,1968,,51.66950959,,_Z,,A,Normal value,0,Units,2,Two
DATAFLOW,OECD.ELS.SAE:DSD_EARNINGS@MIN2AVE(1.0),Minimum relative to average wages of full-time workers,I,ESP,Spain,MR_WG_FT,Minimum relative to average wages of full-time workers,PT_WG_A_SAL_FT,Percentage of average wage of full-time employees,_Z,Not applicable,_Z,Not applicable,MEAN,Mean,_Z,Not applicable,1969,,49.13549618,,_Z,,A,Normal value,0,Units,2,Two
DATAFLOW,OECD.ELS.SAE:DSD_EARNINGS@MIN2AVE(1.0),Minimum relative to average wages of full-time workers,I,ESP,Spain,MR_WG_FT,Minimum relative to average wages of full-time workers,PT_WG_A_SAL_FT,Percentage of average wage of full-time employees,_Z,Not applicable,_Z,Not applicable,MEAN,Mean,_Z,Not applicable,1970,,49,,_Z,,A,Normal value,0,Units,2,Two
DATAFLOW,OECD.ELS.SAE:DSD_EARNINGS@MIN2AVE(1.0),Minimum relative to average wages of full-time workers,I,ESP,Spain,MR_WG_FT,Minimum relative to average wages of full-time workers,PT_WG_A_SAL_FT,Percentage of average wage of full-time employees,_Z,Not applicable,_Z,Not applicable,MEAN,Mean,_Z,Not applicable,1971,,49.36296296,,_Z,,A,Normal value,0,Units,2,Two
DATAFLOW,OECD.ELS.SAE:DSD_EARNINGS@MIN2AVE(1.0),Minimum relative to average wages of full-time workers,I,ESP,Spain,MR_WG_FT,Minimum relative to average wages of full-time workers,PT_WG_A_SAL_FT,Percentage of average wage of full-time employees,_Z,Not applicable,_Z,Not applicable,MEAN,Mean,_Z,Not applicable,1972,,48.67943806,,_Z,,A,Normal value,0,Units,2,Two
DATAFLOW,OECD.ELS.SAE:DSD_EARNINGS@MIN2AVE(1.0),Minimum relative to average wages of full-time workers,I,ESP,Spain,MR_WG_FT,Minimum relative to average wages of full-time workers,PT_WG_A_SAL_FT,Percentage of average wage of full-time employees,_Z,Not applicable,_Z,Not applicable,MEAN,Mean,_Z,Not applicable,1973,,48.6587473,,_Z,,A,Normal value,0,Units,2,Two
DATAFLOW,OECD.ELS.SAE:DSD_EARNINGS@MIN2AVE(1.0),Minimum relative to average wages of full-time workers,I,ESP,Spain,MR_WG_FT,Minimum relative to average wages of full-time workers,PT_WG_A_SAL_FT,Percentage of average wage of full-time employees,_Z,Not applicable,_Z,Not applicable,MEAN,Mean,_Z,Not applicable,1974,,46.43931624,,_Z,,A,Normal value,0,Units,2,Two
DATAFLOW,OECD.ELS.SAE:DSD_EARNINGS@MIN2AVE(1.0),Minimum relative to average wages of full-time workers,I,ESP,Spain,MR_WG_FT,Minimum relative to average wages of full-time workers,PT_WG_A_SAL_FT,Percentage of average wage of full-time employees,_Z,Not applicable,_Z,Not applicable,MEAN,Mean,_Z,Not applicable,1975,,45.19704102,,_Z,,A,Normal value,0,Units,2,Two
DATAFLOW,OECD.ELS.SAE:DSD_EARNINGS@MIN2AVE(1.0),Minimum relative to average wages of full-time workers,I,ESP,Spain,MR_WG_FT,Minimum relative to average wages of full-time workers,PT_WG_A_SAL_FT,Percentage of average wage of full-time employees,_Z,Not applicable,_Z,Not applicable,MEAN,Mean,_Z,Not applicable,1976,,45.05182443,,_Z,,A,Normal value,0,Units,2,Two
DATAFLOW,OECD.ELS.SAE:DSD_EARNINGS@MIN2AVE(1.0),Minimum relative to average wages of full-time workers,I,ESP,Spain,MR_WG_FT,Minimum relative to average wages of full-time workers,PT_WG_A_SAL_FT,Percentage of average wage of full-time employees,_Z,Not applicable,_Z,Not applicable,MEAN,Mean,_Z,Not applicable,1977,,42.37581076,,_Z,,A,Normal value,0,Units,2,Two
DATAFLOW,OECD.ELS.SAE:DSD_EARNINGS@MIN2AVE(1.0),Minimum relative to average wages of full-time workers,I,ESP,Spain,MR_WG_FT,Minimum relative to average wages of full-time workers,PT_WG_A_SAL_FT,Percentage of average wage of full-time employees,_Z,Not applicable,_Z,Not applicable,MEAN,Mean,_Z,Not applicable,1978,,41.72869618,,_Z,,A,Normal value,0,Units,2,Two
DATAFLOW,OECD.ELS.SAE:DSD_EARNINGS@MIN2AVE(1.0),Minimum relative to average wages of full-time workers,I,ESP,Spain,MR_WG_FT,Minimum relative to average wages of full-time workers,PT_WG_A_SAL_FT,Percentage of average wage of full-time employees,_Z,Not applicable,_Z,Not applicable,MEAN,Mean,_Z,Not applicable,1979,,39.72041166,,_Z,,A,Normal value,0,Units,2,Two
DATAFLOW,OECD.ELS.SAE:DSD_EARNINGS@MIN2AVE(1.0),Minimum relative to average wages of full-time workers,I,ESP,Spain,MR_WG_FT,Minimum relative to average wages of full-time workers,PT_WG_A_SAL_FT,Percentage of average wage of full-time employees,_Z,Not applicable,_Z,Not applicable,MEAN,Mean,_Z,Not applicable,1980,,39.13171872,,_Z,,A,Normal value,0,Units,2,Two
DATAFLOW,OECD.ELS.SAE:DSD_EARNINGS@MIN2AVE(1.0),Minimum relative to average wages of full-time workers,I,ESP,Spain,MR_WG_FT,Minimum relative to average wages of full-time workers,PT_WG_A_SAL_FT,Percentage of average wage of full-time employees,_Z,Not applicable,_Z,Not applicable,MEAN,Mean,_Z,Not applicable,1981,,37.02756184,,_Z,,A,Normal value,0,Units,2,Two
DATAFLOW,OECD.ELS.SAE:DSD_EARNINGS@MIN2AVE(1.0),Minimum relative to average wages of full-time workers,I,ESP,Spain,MR_WG_FT,Minimum relative to average wages of full-time workers,PT_WG_A_SAL_FT,Percentage of average wage of full-time employees,_Z,Not applicable,_Z,Not applicable,MEAN,Mean,_Z,Not applicable,1982,,36.9345578,,_Z,,A,Normal value,0,Units,2,Two
DATAFLOW,OECD.ELS.SAE:DSD_EARNINGS@MIN2AVE(1.0),Minimum relative to average wages of full-time workers,I,ESP,Spain,MR_WG_FT,Minimum relative to average wages of full-time workers,PT_WG_A_SAL_FT,Percentage of average wage of full-time employees,_Z,Not applicable,_Z,Not applicable,MEAN,Mean,_Z,Not applicable,1983,,36.80631121,,_Z,,A,Normal value,0,Units,2,Two
DATAFLOW,OECD.ELS.SAE:DSD_EARNINGS@MIN2AVE(1.0),Minimum relative to average wages of full-time workers,I,ESP,Spain,MR_WG_FT,Minimum relative to average wages of full-time workers,PT_WG_A_SAL_FT,Percentage of average wage of full-time employees,_Z,Not applicable,_Z,Not applicable,MEAN,Mean,_Z,Not applicable,1984,,36.38839786,,_Z,,A,Normal value,0,Units,2,Two
DATAFLOW,OECD.ELS.SAE:DSD_EARNINGS@MIN2AVE(1.0),Minimum relative to average wages of full-time workers,I,ESP,Spain,MR_WG_FT,Minimum relative to average wages of full-time workers,PT_WG_A_SAL_FT,Percentage of average wage of full-time employees,_Z,Not applicable,_Z,Not applicable,MEAN,Mean,_Z,Not applicable,1985,,35.52822901,,_Z,,A,Normal value,0,Units,2,Two
DATAFLOW,OECD.ELS.SAE:DSD_EARNINGS@MIN2AVE(1.0),Minimum relative to average wages of full-time workers,I,ESP,Spain,MR_WG_FT,Minimum relative to average wages of full-time workers,PT_WG_A_SAL_FT,Percentage of average wage of full-time employees,_Z,Not applicable,_Z,Not applicable,MEAN,Mean,_Z,Not applicable,1986,,34.4532286,,_Z,,A,Normal value,0,Units,2,Two
DATAFLOW,OECD.ELS.SAE:DSD_EARNINGS@MIN2AVE(1.0),Minimum relative to average wages of full-time workers,I,ESP,Spain,MR_WG_FT,Minimum relative to average wages of full-time workers,PT_WG_A_SAL_FT,Percentage of average wage of full-time employees,_Z,Not applicable,_Z,Not applicable,MEAN,Mean,_Z,Not applicable,1987,,33.78007429,,_Z,,A,Normal value,0,Units,2,Two
DATAFLOW,OECD.ELS.SAE:DSD_EARNINGS@MIN2AVE(1.0),Minimum relative to average wages of full-time workers,I,ESP,Spain,MR_WG_FT,Minimum relative to average wages of full-time workers,PT_WG_A_SAL_FT,Percentage of average wage of full-time employees,_Z,Not applicable,_Z,Not applicable,MEAN,Mean,_Z,Not applicable,1988,,33.30577027,,_Z,,A,Normal value,0,Units,2,Two
DATAFLOW,OECD.ELS.SAE:DSD_EARNINGS@MIN2AVE(1.0),Minimum relative to average wages of full-time workers,I,ESP,Spain,MR_WG_FT,Minimum relative to average wages of full-time workers,PT_WG_A_SAL_FT,Percentage of average wage of full-time employees,_Z,Not applicable,_Z,Not applicable,MEAN,Mean,_Z,Not applicable,1989,,33.38203298,,_Z,,A,Normal value,0,Units,2,Two
DATAFLOW,OECD.ELS.SAE:DSD_EARNINGS@MIN2AVE(1.0),Minimum relative to average wages of full-time workers,I,ESP,Spain,MR_WG_FT,Minimum relative to average wages of full-time workers,PT_WG_A_SAL_FT,Percentage of average wage of full-time employees,_Z,Not applicable,_Z,Not applicable,MEAN,Mean,_Z,Not applicable,1990,,32.94910344,,_Z,,A,Normal value,0,Units,2,Two
DATAFLOW,OECD.ELS.SAE:DSD_EARNINGS@MIN2AVE(1.0),Minimum relative to average wages of full-time workers,I,ESP,Spain,MR_WG_FT,Minimum relative to average wages of full-time workers,PT_WG_A_SAL_FT,Percentage of average wage of full-time employees,_Z,Not applicable,_Z,Not applicable,MEAN,Mean,_Z,Not applicable,1991,,32.61903029,,_Z,,A,Normal value,0,Units,2,Two
DATAFLOW,OECD.ELS.SAE:DSD_EARNINGS@MIN2AVE(1.0),Minimum relative to average wages of full-time workers,I,ESP,Spain,MR_WG_FT,Minimum relative to average wages of full-time workers,PT_WG_A_SAL_FT,Percentage of average wage of full-time employees,_Z,Not applicable,_Z,Not applicable,MEAN,Mean,_Z,Not applicable,1992,,32.06154367,,_Z,,A,Normal value,0,Units,2,Two
DATAFLOW,OECD.ELS.SAE:DSD_EARNINGS@MIN2AVE(1.0),Minimum relative to average wages of full-time workers,I,ESP,Spain,MR_WG_FT,Minimum relative to average wages of full-time workers,PT_WG_A_SAL_FT,Percentage of average wage of full-time employees,_Z,Not applicable,_Z,Not applicable,MEAN,Mean,_Z,Not applicable,1993,,31.34824952,,_Z,,A,Normal value,0,Units,2,Two
DATAFLOW,OECD.ELS.SAE:DSD_EARNINGS@MIN2AVE(1.0),Minimum relative to average wages of full-time workers,I,ESP,Spain,MR_WG_FT,Minimum relative to average wages of full-time workers,PT_WG_A_SAL_FT,Percentage of average wage of full-time employees,_Z,Not applicable,_Z,Not applicable,MEAN,Mean,_Z,Not applicable,1994,,30.97210574,,_Z,,A,Normal value,0,Units,2,Two
DATAFLOW,OECD.ELS.SAE:DSD_EARNINGS@MIN2AVE(1.0),Minimum relative to average wages of full-time workers,I,ESP,Spain,MR_WG_FT,Minimum relative to average wages of full-time workers,PT_WG_A_SAL_FT,Percentage of average wage of full-time employees,_Z,Not applicable,_Z,Not applicable,MEAN,Mean,_Z,Not applicable,1995,,30.67726611,,_Z,,A,Normal value,0,Units,2,Two
DATAFLOW,OECD.ELS.SAE:DSD_EARNINGS@MIN2AVE(1.0),Minimum relative to average wages of full-time workers,I,ESP,Spain,MR_WG_FT,Minimum relative to average wages of full-time workers,PT_WG_A_SAL_FT,Percentage of average wage of full-time employees,_Z,Not applicable,_Z,Not applicable,MEAN,Mean,_Z,Not applicable,1996,,30.37073279,,_Z,,A,Normal value,0,Units,2,Two
DATAFLOW,OECD.ELS.SAE:DSD_EARNINGS@MIN2AVE(1.0),Minimum relative to average wages of full-time workers,I,ESP,Spain,MR_WG_FT,Minimum relative to average wages of full-time workers,PT_WG_A_SAL_FT,Percentage of average wage of full-time employees,_Z,Not applicable,_Z,Not applicable,MEAN,Mean,_Z,Not applicable,1997,,29.89580334,,_Z,,A,Normal value,0,Units,2,Two
DATAFLOW,OECD.ELS.SAE:DSD_EARNINGS@MIN2AVE(1.0),Minimum relative to average wages of full-time workers,I,ESP,Spain,MR_WG_FT,Minimum relative to average wages of full-time workers,PT_WG_A_SAL_FT,Percentage of average wage of full-time employees,_Z,Not applicable,_Z,Not applicable,MEAN,Mean,_Z,Not applicable,1998,,29.64017603,,_Z,,A,Normal value,0,Units,2,Two
DATAFLOW,OECD.ELS.SAE:DSD_EARNINGS@MIN2AVE(1.0),Minimum relative to average wages of full-time workers,I,ESP,Spain,MR_WG_FT,Minimum relative to average wages of full-time workers,PT_WG_A_SAL_FT,Percentage of average wage of full-time employees,_Z,Not applicable,_Z,Not applicable,MEAN,Mean,_Z,Not applicable,1999,,29.3804819,,_Z,,A,Normal value,0,Units,2,Two
DATAFLOW,OECD.ELS.SAE:DSD_EARNINGS@MIN2AVE(1.0),Minimum relative to average wages of full-time workers,I,ESP,Spain,MR_WG_FT,Minimum relative to average wages of full-time workers,PT_WG_A_SAL_FT,Percentage of average wage of full-time employees,_Z,Not applicable,_Z,Not applicable,MEAN,Mean,_Z,Not applicable,2000,,29.27169366,,_Z,,A,Normal value,0,Units,2,Two
DATAFLOW,OECD.ELS.SAE:DSD_EARNINGS@MIN2AVE(1.0),Minimum relative to average wages of full-time workers,I,ESP,Spain,MR_WG_FT,Minimum relative to average wages of full-time workers,PT_WG_A_SAL_FT,Percentage of average wage of full-time employees,_Z,Not applicable,_Z,Not applicable,MEAN,Mean,_Z,Not applicable,2001,,28.93110846,,_Z,,A,Normal value,0,Units,2,Two
DATAFLOW,OECD.ELS.SAE:DSD_EARNINGS@MIN2AVE(1.0),Minimum relative to average wages of full-time workers,I,ESP,Spain,MR_WG_FT,Minimum relative to average wages of full-time workers,PT_WG_A_SAL_FT,Percentage of average wage of full-time employees,_Z,Not applicable,_Z,Not applicable,MEAN,Mean,_Z,Not applicable,2002,,28.36248731,,_Z,,A,Normal value,0,Units,2,Two
DATAFLOW,OECD.ELS.SAE:DSD_EARNINGS@MIN2AVE(1.0),Minimum relative to average wages of full-time workers,I,ESP,Spain,MR_WG_FT,Minimum relative to average wages of full-time workers,PT_WG_A_SAL_FT,Percentage of average wage of full-time employees,_Z,Not applicable,_Z,Not applicable,MEAN,Mean,_Z,Not applicable,2003,,27.76313043,,_Z,,A,Normal value,0,Units,2,Two
DATAFLOW,OECD.ELS.SAE:DSD_EARNINGS@MIN2AVE(1.0),Minimum relative to average wages of full-time workers,I,ESP,Spain,MR_WG_FT,Minimum relative to average wages of full-time workers,PT_WG_A_SAL_FT,Percentage of average wage of full-time employees,_Z,Not applicable,_Z,Not applicable,MEAN,Mean,_Z,Not applicable,2004,,28.37543123,,_Z,,A,Normal value,0,Units,2,Two
DATAFLOW,OECD.ELS.SAE:DSD_EARNINGS@MIN2AVE(1.0),Minimum relative to average wages of full-time workers,I,ESP,Spain,MR_WG_FT,Minimum relative to average wages of full-time workers,PT_WG_A_SAL_FT,Percentage of average wage of full-time employees,_Z,Not applicable,_Z,Not applicable,MEAN,Mean,_Z,Not applicable,2005,,29.63900172,,_Z,,A,Normal value,0,Units,2,Two
DATAFLOW,OECD.ELS.SAE:DSD_EARNINGS@MIN2AVE(1.0),Minimum relative to average wages of full-time workers,I,ESP,Spain,MR_WG_FT,Minimum relative to average wages of full-time workers,PT_WG_A_SAL_FT,Percentage of average wage of full-time employees,_Z,Not applicable,_Z,Not applicable,MEAN,Mean,_Z,Not applicable,2006,,31.21346973,,_Z,,A,Normal value,0,Units,2,Two
DATAFLOW,OECD.ELS.SAE:DSD_EARNINGS@MIN2AVE(1.0),Minimum relative to average wages of full-time workers,I,ESP,Spain,MR_WG_FT,Minimum relative to average wages of full-time workers,PT_WG_A_SAL_FT,Percentage of average wage of full-time employees,_Z,Not applicable,_Z,Not applicable,MEAN,Mean,_Z,Not applicable,2007,,31.64100693,,_Z,,A,Normal value,0,Units,2,Two
DATAFLOW,OECD.ELS.SAE:DSD_EARNINGS@MIN2AVE(1.0),Minimum relative to average wages of full-time workers,I,ESP,Spain,MR_WG_FT,Minimum relative to average wages of full-time workers,PT_WG_A_SAL_FT,Percentage of average wage of full-time employees,_Z,Not applicable,_Z,Not applicable,MEAN,Mean,_Z,Not applicable,2008,,31.60164056,,_Z,,A,Normal value,0,Units,2,Two
DATAFLOW,OECD.ELS.SAE:DSD_EARNINGS@MIN2AVE(1.0),Minimum relative to average wages of full-time workers,I,ESP,Spain,MR_WG_FT,Minimum relative to average wages of full-time workers,PT_WG_A_SAL_FT,Percentage of average wage of full-time employees,_Z,Not applicable,_Z,Not applicable,MEAN,Mean,_Z,Not applicable,2009,,31.54843421,,_Z,,A,Normal value,0,Units,2,Two
DATAFLOW,OECD.ELS.SAE:DSD_EARNINGS@MIN2AVE(1.0),Minimum relative to average wages of full-time workers,I,ESP,Spain,MR_WG_FT,Minimum relative to average wages of full-time workers,PT_WG_A_SAL_FT,Percentage of average wage of full-time employees,_Z,Not applicable,_Z,Not applicable,MEAN,Mean,_Z,Not applicable,2010,,31.69257357,,_Z,,A,Normal value,0,Units,2,Two
DATAFLOW,OECD.ELS.SAE:DSD_EARNINGS@MIN2AVE(1.0),Minimum relative to average wages of full-time workers,I,ESP,Spain,MR_WG_FT,Minimum relative to average wages of full-time workers,PT_WG_A_SAL_FT,Percentage of average wage of full-time employees,_Z,Not applicable,_Z,Not applicable,MEAN,Mean,_Z,Not applicable,2011,,32.07126787,,_Z,,A,Normal value,0,Units,2,Two
DATAFLOW,OECD.ELS.SAE:DSD_EARNINGS@MIN2AVE(1.0),Minimum relative to average wages of full-time workers,I,ESP,Spain,MR_WG_FT,Minimum relative to average wages of full-time workers,PT_WG_A_SAL_FT,Percentage of average wage of full-time employees,_Z,Not applicable,_Z,Not applicable,MEAN,Mean,_Z,Not applicable,2012,,31.91807357,,_Z,,A,Normal value,0,Units,2,Two
DATAFLOW,OECD.ELS.SAE:DSD_EARNINGS@MIN2AVE(1.0),Minimum relative to average wages of full-time workers,I,ESP,Spain,MR_WG_FT,Minimum relative to average wages of full-time workers,PT_WG_A_SAL_FT,Percentage of average wage of full-time employees,_Z,Not applicable,_Z,Not applicable,MEAN,Mean,_Z,Not applicable,2013,,31.80151268,,_Z,,A,Normal value,0,Units,2,Two
DATAFLOW,OECD.ELS.SAE:DSD_EARNINGS@MIN2AVE(1.0),Minimum relative to average wages of full-time workers,I,ESP,Spain,MR_WG_FT,Minimum relative to average wages of full-time workers,PT_WG_A_SAL_FT,Percentage of average wage of full-time employees,_Z,Not applicable,_Z,Not applicable,MEAN,Mean,_Z,Not applicable,2014,,31.22767469,,_Z,,A,Normal value,0,Units,2,Two
DATAFLOW,OECD.ELS.SAE:DSD_EARNINGS@MIN2AVE(1.0),Minimum relative to average wages of full-time workers,I,ESP,Spain,MR_WG_FT,Minimum relative to average wages of full-time workers,PT_WG_A_SAL_FT,Percentage of average wage of full-time employees,_Z,Not applicable,_Z,Not applicable,MEAN,Mean,_Z,Not applicable,2015,,31.2977137,,_Z,,A,Normal value,0,Units,2,Two
DATAFLOW,OECD.ELS.SAE:DSD_EARNINGS@MIN2AVE(1.0),Minimum relative to average wages of full-time workers,I,ESP,Spain,MR_WG_FT,Minimum relative to average wages of full-time workers,PT_WG_A_SAL_FT,Percentage of average wage of full-time employees,_Z,Not applicable,_Z,Not applicable,MEAN,Mean,_Z,Not applicable,2016,,31.81009658,,_Z,,A,Normal value,0,Units,2,Two
DATAFLOW,OECD.ELS.SAE:DSD_EARNINGS@MIN2AVE(1.0),Minimum relative to average wages of full-time workers,I,ESP,Spain,MR_WG_FT,Minimum relative to average wages of full-time workers,PT_WG_A_SAL_FT,Percentage of average wage of full-time employees,_Z,Not applicable,_Z,Not applicable,MEAN,Mean,_Z,Not applicable,2017,,33.76475893,,_Z,,A,Normal value,0,Units,2,Two
DATAFLOW,OECD.ELS.SAE:DSD_EARNINGS@MIN2AVE(1.0),Minimum relative to average wages of full-time workers,I,ESP,Spain,MR_WG_FT,Minimum relative to average wages of full-time workers,PT_WG_A_SAL_FT,Percentage of average wage of full-time employees,_Z,Not applicable,_Z,Not applicable,MEAN,Mean,_Z,Not applicable,2018,,34.3149571,,_Z,,A,Normal value,0,Units,2,Two
DATAFLOW,OECD.ELS.SAE:DSD_EARNINGS@MIN2AVE(1.0),Minimum relative to average wages of full-time workers,I,ESP,Spain,MR_WG_FT,Minimum relative to average wages of full-time workers,PT_WG_A_SAL_FT,Percentage of average wage of full-time employees,_Z,Not applicable,_Z,Not applicable,MEAN,Mean,_Z,Not applicable,2019,,41.46157411,,_Z,,A,Normal value,0,Units,2,Two
DATAFLOW,OECD.ELS.SAE:DSD_EARNINGS@MIN2AVE(1.0),Minimum relative to average wages of full-time workers,I,ESP,Spain,MR_WG_FT,Minimum relative to average wages of full-time workers,PT_WG_A_SAL_FT,Percentage of average wage of full-time employees,_Z,Not applicable,_Z,Not applicable,MEAN,Mean,_Z,Not applicable,2020,,43.05416199,,_Z,,A,Normal value,0,Units,2,Two
DATAFLOW,OECD.ELS.SAE:DSD_EARNINGS@MIN2AVE(1.0),Minimum relative to average wages of full-time workers,I,ESP,Spain,MR_WG_FT,Minimum relative to average wages of full-time workers,PT_WG_A_SAL_FT,Percentage of average wage of full-time employees,_Z,Not applicable,_Z,Not applicable,MEAN,Mean,_Z,Not applicable,2021,,40.54856777,,_Z,,A,Normal value,0,Units,2,Two
DATAFLOW,OECD.ELS.SAE:DSD_EARNINGS@MIN2AVE(1.0),Minimum relative to average wages of full-time workers,I,ESP,Spain,MR_WG_FT,Minimum relative to average wages of full-time workers,PT_WG_A_SAL_FT,Percentage of average wage of full-time employees,_Z,Not applicable,_Z,Not applicable,MEAN,Mean,_Z,Not applicable,2022,,42.6421046,,_Z,,A,Normal value,0,Units,2,Two
DATAFLOW,OECD.ELS.SAE:DSD_EARNINGS@MIN2AVE(1.0),Minimum relative to average wages of full-time workers,I,ESP,Spain,MR_WG_FT,Minimum relative to average wages of full-time workers,PT_WG_A_SAL_FT,Percentage of average wage of full-time employees,_Z,Not applicable,_Z,Not applicable,MEAN,Mean,_Z,Not applicable,2023,,43.9677914,,_Z,,A,Normal value,0,Units,2,Two
DATAFLOW,OECD.ELS.SAE:DSD_EARNINGS@MIN2AVE(1.0),Minimum relative to average wages of full-time workers,I,ESP,Spain,MR_WG_FT,Minimum relative to average wages of full-time workers,PT_WG_A_SAL_FT,Percentage of average wage of full-time employees,_Z,Not applicable,_Z,Not applicable,MEAN,Mean,_Z,Not applicable,2024,,44.64743349,,_Z,,A,Normal value,0,Units,2,Two
DATAFLOW,OECD.ELS.SAE:DSD_EARNINGS@MIN2AVE(1.0),Minimum relative to average wages of full-time workers,I,TUR,Türkiye,MR_WG_FT,Minimum relative to average wages of full-time workers,PT_WG_A_SAL_FT,Percentage of average wage of full-time employees,_Z,Not applicable,_Z,Not applicable,MEAN,Mean,_Z,Not applicable,1970,,43.82434106,,_Z,,A,Normal value,0,Units,2,Two
DATAFLOW,OECD.ELS.SAE:DSD_EARNINGS@MIN2AVE(1.0),Minimum relative to average wages of full-time workers,I,TUR,Türkiye,MR_WG_FT,Minimum relative to average wages of full-time workers,PT_WG_A_SAL_FT,Percentage of average wage of full-time employees,_Z,Not applicable,_Z,Not applicable,MEAN,Mean,_Z,Not applicable,1971,,33.03811758,,_Z,,A,Normal value,0,Units,2,Two
DATAFLOW,OECD.ELS.SAE:DSD_EARNINGS@MIN2AVE(1.0),Minimum relative to average wages of full-time workers,I,TUR,Türkiye,MR_WG_FT,Minimum relative to average wages of full-time workers,PT_WG_A_SAL_FT,Percentage of average wage of full-time employees,_Z,Not applicable,_Z,Not applicable,MEAN,Mean,_Z,Not applicable,1972,,32.92894512,,_Z,,A,Normal value,0,Units,2,Two
DATAFLOW,OECD.ELS.SAE:DSD_EARNINGS@MIN2AVE(1.0),Minimum relative to average wages of full-time workers,I,TUR,Türkiye,MR_WG_FT,Minimum relative to average wages of full-time workers,PT_WG_A_SAL_FT,Percentage of average wage of full-time employees,_Z,Not applicable,_Z,Not applicable,MEAN,Mean,_Z,Not applicable,1973,,37.26579666,,_Z,,A,Normal value,0,Units,2,Two
DATAFLOW,OECD.ELS.SAE:DSD_EARNINGS@MIN2AVE(1.0),Minimum relative to average wages of full-time workers,I,TUR,Türkiye,MR_WG_FT,Minimum relative to average wages of full-time workers,PT_WG_A_SAL_FT,Percentage of average wage of full-time employees,_Z,Not applicable,_Z,Not applicable,MEAN,Mean,_Z,Not applicable,1974,,37.66744711,,_Z,,A,Normal value,0,Units,2,Two
DATAFLOW,OECD.ELS.SAE:DSD_EARNINGS@MIN2AVE(1.0),Minimum relative to average wages of full-time workers,I,TUR,Türkiye,MR_WG_FT,Minimum relative to average wages of full-time workers,PT_WG_A_SAL_FT,Percentage of average wage of full-time employees,_Z,Not applicable,_Z,Not applicable,MEAN,Mean,_Z,Not applicable,1975,,35.47828073,,_Z,,A,Normal value,0,Units,2,Two
DATAFLOW,OECD.ELS.SAE:DSD_EARNINGS@MIN2AVE(1.0),Minimum relative to average wages of full-time workers,I,TUR,Türkiye,MR_WG_FT,Minimum relative to average wages of full-time workers,PT_WG_A_SAL_FT,Percentage of average wage of full-time employees,_Z,Not applicable,_Z,Not applicable,MEAN,Mean,_Z,Not applicable,1976,,33.85379597,,_Z,,A,Normal value,0,Units,2,Two
DATAFLOW,OECD.ELS.SAE:DSD_EARNINGS@MIN2AVE(1.0),Minimum relative to average wages of full-time workers,I,TUR,Türkiye,MR_WG_FT,Minimum relative to average wages of full-time workers,PT_WG_A_SAL_FT,Percentage of average wage of full-time employees,_Z,Not applicable,_Z,Not applicable,MEAN,Mean,_Z,Not applicable,1977,,30.4641616,,_Z,,A,Normal value,0,Units,2,Two
DATAFLOW,OECD.ELS.SAE:DSD_EARNINGS@MIN2AVE(1.0),Minimum relative to average wages of full-time workers,I,TUR,Türkiye,MR_WG_FT,Minimum relative to average wages of full-time workers,PT_WG_A_SAL_FT,Percentage of average wage of full-time employees,_Z,Not applicable,_Z,Not applicable,MEAN,Mean,_Z,Not applicable,1978,,36.87403017,,_Z,,A,Normal value,0,Units,2,Two
DATAFLOW,OECD.ELS.SAE:DSD_EARNINGS@MIN2AVE(1.0),Minimum relative to average wages of full-time workers,I,TUR,Türkiye,MR_WG_FT,Minimum relative to average wages of full-time workers,PT_WG_A_SAL_FT,Percentage of average wage of full-time employees,_Z,Not applicable,_Z,Not applicable,MEAN,Mean,_Z,Not applicable,1979,,33.58503771,,_Z,,A,Normal value,0,Units,2,Two
DATAFLOW,OECD.ELS.SAE:DSD_EARNINGS@MIN2AVE(1.0),Minimum relative to average wages of full-time workers,I,TUR,Türkiye,MR_WG_FT,Minimum relative to average wages of full-time workers,PT_WG_A_SAL_FT,Percentage of average wage of full-time employees,_Z,Not applicable,_Z,Not applicable,MEAN,Mean,_Z,Not applicable,1980,,25.12413636,,_Z,,A,Normal value,0,Units,2,Two
DATAFLOW,OECD.ELS.SAE:DSD_EARNINGS@MIN2AVE(1.0),Minimum relative to average wages of full-time workers,I,TUR,Türkiye,MR_WG_FT,Minimum relative to average wages of full-time workers,PT_WG_A_SAL_FT,Percentage of average wage of full-time employees,_Z,Not applicable,_Z,Not applicable,MEAN,Mean,_Z,Not applicable,1981,,26.57585098,,_Z,,A,Normal value,0,Units,2,Two
DATAFLOW,OECD.ELS.SAE:DSD_EARNINGS@MIN2AVE(1.0),Minimum relative to average wages of full-time workers,I,TUR,Türkiye,MR_WG_FT,Minimum relative to average wages of full-time workers,PT_WG_A_SAL_FT,Percentage of average wage of full-time employees,_Z,Not applicable,_Z,Not applicable,MEAN,Mean,_Z,Not applicable,1982,,23.31695408,,_Z,,A,Normal value,0,Units,2,Two
DATAFLOW,OECD.ELS.SAE:DSD_EARNINGS@MIN2AVE(1.0),Minimum relative to average wages of full-time workers,I,TUR,Türkiye,MR_WG_FT,Minimum relative to average wages of full-time workers,PT_WG_A_SAL_FT,Percentage of average wage of full-time employees,_Z,Not applicable,_Z,Not applicable,MEAN,Mean,_Z,Not applicable,1983,,27.20231585,,_Z,,A,Normal value,0,Units,2,Two
DATAFLOW,OECD.ELS.SAE:DSD_EARNINGS@MIN2AVE(1.0),Minimum relative to average wages of full-time workers,I,TUR,Türkiye,MR_WG_FT,Minimum relative to average wages of full-time workers,PT_WG_A_SAL_FT,Percentage of average wage of full-time employees,_Z,Not applicable,_Z,Not applicable,MEAN,Mean,_Z,Not applicable,1984,,27.58624469,,_Z,,A,Normal value,0,Units,2,Two
DATAFLOW,OECD.ELS.SAE:DSD_EARNINGS@MIN2AVE(1.0),Minimum relative to average wages of full-time workers,I,TUR,Türkiye,MR_WG_FT,Minimum relative to average wages of full-time workers,PT_WG_A_SAL_FT,Percentage of average wage of full-time employees,_Z,Not applicable,_Z,Not applicable,MEAN,Mean,_Z,Not applicable,1985,,25.41927587,,_Z,,A,Normal value,0,Units,2,Two
DATAFLOW,OECD.ELS.SAE:DSD_EARNINGS@MIN2AVE(1.0),Minimum relative to average wages of full-time workers,I,TUR,Türkiye,MR_WG_FT,Minimum relative to average wages of full-time workers,PT_WG_A_SAL_FT,Percentage of average wage of full-time employees,_Z,Not applicable,_Z,Not applicable,MEAN,Mean,_Z,Not applicable,1986,,27.35387401,,_Z,,A,Normal value,0,Units,2,Two
DATAFLOW,OECD.ELS.SAE:DSD_EARNINGS@MIN2AVE(1.0),Minimum relative to average wages of full-time workers,I,TUR,Türkiye,MR_WG_FT,Minimum relative to average wages of full-time workers,PT_WG_A_SAL_FT,Percentage of average wage of full-time employees,_Z,Not applicable,_Z,Not applicable,MEAN,Mean,_Z,Not applicable,1987,,25.93989187,,_Z,,A,Normal value,0,Units,2,Two
DATAFLOW,OECD.ELS.SAE:DSD_EARNINGS@MIN2AVE(1.0),Minimum relative to average wages of full-time workers,I,TUR,Türkiye,MR_WG_FT,Minimum relative to average wages of full-time workers,PT_WG_A_SAL_FT,Percentage of average wage of full-time employees,_Z,Not applicable,_Z,Not applicable,MEAN,Mean,_Z,Not applicable,1988,,27.62700696,,_Z,,A,Normal value,0,Units,2,Two
DATAFLOW,OECD.ELS.SAE:DSD_EARNINGS@MIN2AVE(1.0),Minimum relative to average wages of full-time workers,I,TUR,Türkiye,MR_WG_FT,Minimum relative to average wages of full-time workers,PT_WG_A_SAL_FT,Percentage of average wage of full-time employees,_Z,Not applicable,_Z,Not applicable,MEAN,Mean,_Z,Not applicable,1989,,20.51043713,,_Z,,A,Normal value,0,Units,2,Two
DATAFLOW,OECD.ELS.SAE:DSD_EARNINGS@MIN2AVE(1.0),Minimum relative to average wages of full-time workers,I,TUR,Türkiye,MR_WG_FT,Minimum relative to average wages of full-time workers,PT_WG_A_SAL_FT,Percentage of average wage of full-time employees,_Z,Not applicable,_Z,Not applicable,MEAN,Mean,_Z,Not applicable,1990,,19.72053372,,_Z,,A,Normal value,0,Units,2,Two
DATAFLOW,OECD.ELS.SAE:DSD_EARNINGS@MIN2AVE(1.0),Minimum relative to average wages of full-time workers,I,TUR,Türkiye,MR_WG_FT,Minimum relative to average wages of full-time workers,PT_WG_A_SAL_FT,Percentage of average wage of full-time employees,_Z,Not applicable,_Z,Not applicable,MEAN,Mean,_Z,Not applicable,1991,,16.27958463,,_Z,,A,Normal value,0,Units,2,Two
DATAFLOW,OECD.ELS.SAE:DSD_EARNINGS@MIN2AVE(1.0),Minimum relative to average wages of full-time workers,I,TUR,Türkiye,MR_WG_FT,Minimum relative to average wages of full-time workers,PT_WG_A_SAL_FT,Percentage of average wage of full-time employees,_Z,Not applicable,_Z,Not applicable,MEAN,Mean,_Z,Not applicable,1992,,17.6427373,,_Z,,A,Normal value,0,Units,2,Two
DATAFLOW,OECD.ELS.SAE:DSD_EARNINGS@MIN2AVE(1.0),Minimum relative to average wages of full-time workers,I,TUR,Türkiye,MR_WG_FT,Minimum relative to average wages of full-time workers,PT_WG_A_SAL_FT,Percentage of average wage of full-time employees,_Z,Not applicable,_Z,Not applicable,MEAN,Mean,_Z,Not applicable,1993,,18.419836,,_Z,,A,Normal value,0,Units,2,Two
DATAFLOW,OECD.ELS.SAE:DSD_EARNINGS@MIN2AVE(1.0),Minimum relative to average wages of full-time workers,I,TUR,Türkiye,MR_WG_FT,Minimum relative to average wages of full-time workers,PT_WG_A_SAL_FT,Percentage of average wage of full-time employees,_Z,Not applicable,_Z,Not applicable,MEAN,Mean,_Z,Not applicable,1994,,18.63638188,,_Z,,A,Normal value,0,Units,2,Two
DATAFLOW,OECD.ELS.SAE:DSD_EARNINGS@MIN2AVE(1.0),Minimum relative to average wages of full-time workers,I,TUR,Türkiye,MR_WG_FT,Minimum relative to average wages of full-time workers,PT_WG_A_SAL_FT,Percentage of average wage of full-time employees,_Z,Not applicable,_Z,Not applicable,MEAN,Mean,_Z,Not applicable,1995,,20.47510896,,_Z,,A,Normal value,0,Units,2,Two
DATAFLOW,OECD.ELS.SAE:DSD_EARNINGS@MIN2AVE(1.0),Minimum relative to average wages of full-time workers,I,TUR,Türkiye,MR_WG_FT,Minimum relative to average wages of full-time workers,PT_WG_A_SAL_FT,Percentage of average wage of full-time employees,_Z,Not applicable,_Z,Not applicable,MEAN,Mean,_Z,Not applicable,1996,,25.03630395,,_Z,,A,Normal value,0,Units,2,Two
DATAFLOW,OECD.ELS.SAE:DSD_EARNINGS@MIN2AVE(1.0),Minimum relative to average wages of full-time workers,I,TUR,Türkiye,MR_WG_FT,Minimum relative to average wages of full-time workers,PT_WG_A_SAL_FT,Percentage of average wage of full-time employees,_Z,Not applicable,_Z,Not applicable,MEAN,Mean,_Z,Not applicable,1997,,27.24829967,,_Z,,A,Normal value,0,Units,2,Two
DATAFLOW,OECD.ELS.SAE:DSD_EARNINGS@MIN2AVE(1.0),Minimum relative to average wages of full-time workers,I,TUR,Türkiye,MR_WG_FT,Minimum relative to average wages of full-time workers,PT_WG_A_SAL_FT,Percentage of average wage of full-time employees,_Z,Not applicable,_Z,Not applicable,MEAN,Mean,_Z,Not applicable,1998,,24.23491868,,_Z,,A,Normal value,0,Units,2,Two
DATAFLOW,OECD.ELS.SAE:DSD_EARNINGS@MIN2AVE(1.0),Minimum relative to average wages of full-time workers,I,TUR,Türkiye,MR_WG_FT,Minimum relative to average wages of full-time workers,PT_WG_A_SAL_FT,Percentage of average wage of full-time employees,_Z,Not applicable,_Z,Not applicable,MEAN,Mean,_Z,Not applicable,1999,,28.68268385,,_Z,,A,Normal value,0,Units,2,Two
DATAFLOW,OECD.ELS.SAE:DSD_EARNINGS@MIN2AVE(1.0),Minimum relative to average wages of full-time workers,I,TUR,Türkiye,MR_WG_FT,Minimum relative to average wages of full-time workers,PT_WG_A_SAL_FT,Percentage of average wage of full-time employees,_Z,Not applicable,_Z,Not applicable,MEAN,Mean,_Z,Not applicable,2000,,24.26952378,,_Z,,A,Normal value,0,Units,2,Two
DATAFLOW,OECD.ELS.SAE:DSD_EARNINGS@MIN2AVE(1.0),Minimum relative to average wages of full-time workers,I,TUR,Türkiye,MR_WG_FT,Minimum relative to average wages of full-time workers,PT_WG_A_SAL_FT,Percentage of average wage of full-time employees,_Z,Not applicable,_Z,Not applicable,MEAN,Mean,_Z,Not applicable,2001,,24.38001055,,_Z,,A,Normal value,0,Units,2,Two
DATAFLOW,OECD.ELS.SAE:DSD_EARNINGS@MIN2AVE(1.0),Minimum relative to average wages of full-time workers,I,TUR,Türkiye,MR_WG_FT,Minimum relative to average wages of full-time workers,PT_WG_A_SAL_FT,Percentage of average wage of full-time employees,_Z,Not applicable,_Z,Not applicable,MEAN,Mean,_Z,Not applicable,2002,,28.20439309,,_Z,,A,Normal value,0,Units,2,Two
DATAFLOW,OECD.ELS.SAE:DSD_EARNINGS@MIN2AVE(1.0),Minimum relative to average wages of full-time workers,I,TUR,Türkiye,MR_WG_FT,Minimum relative to average wages of full-time workers,PT_WG_A_SAL_FT,Percentage of average wage of full-time employees,_Z,Not applicable,_Z,Not applicable,MEAN,Mean,_Z,Not applicable,2003,,31.03587573,,_Z,,A,Normal value,0,Units,2,Two
DATAFLOW,OECD.ELS.SAE:DSD_EARNINGS@MIN2AVE(1.0),Minimum relative to average wages of full-time workers,I,TUR,Türkiye,MR_WG_FT,Minimum relative to average wages of full-time workers,PT_WG_A_SAL_FT,Percentage of average wage of full-time employees,_Z,Not applicable,_Z,Not applicable,MEAN,Mean,_Z,Not applicable,2004,,39.21470216,,_Z,,A,Normal value,0,Units,2,Two
DATAFLOW,OECD.ELS.SAE:DSD_EARNINGS@MIN2AVE(1.0),Minimum relative to average wages of full-time workers,I,TUR,Türkiye,MR_WG_FT,Minimum relative to average wages of full-time workers,PT_WG_A_SAL_FT,Percentage of average wage of full-time employees,_Z,Not applicable,_Z,Not applicable,MEAN,Mean,_Z,Not applicable,2005,,39.43978568,,_Z,,A,Normal value,0,Units,2,Two
DATAFLOW,OECD.ELS.SAE:DSD_EARNINGS@MIN2AVE(1.0),Minimum relative to average wages of full-time workers,I,TUR,Türkiye,MR_WG_FT,Minimum relative to average wages of full-time workers,PT_WG_A_SAL_FT,Percentage of average wage of full-time employees,_Z,Not applicable,_Z,Not applicable,MEAN,Mean,_Z,Not applicable,2006,,38.42797499,,_Z,,A,Normal value,0,Units,2,Two
DATAFLOW,OECD.ELS.SAE:DSD_EARNINGS@MIN2AVE(1.0),Minimum relative to average wages of full-time workers,I,TUR,Türkiye,MR_WG_FT,Minimum relative to average wages of full-time workers,PT_WG_A_SAL_FT,Percentage of average wage of full-time employees,_Z,Not applicable,_Z,Not applicable,MEAN,Mean,_Z,Not applicable,2007,,37.90090073,,_Z,,A,Normal value,0,Units,2,Two
DATAFLOW,OECD.ELS.SAE:DSD_EARNINGS@MIN2AVE(1.0),Minimum relative to average wages of full-time workers,I,TUR,Türkiye,MR_WG_FT,Minimum relative to average wages of full-time workers,PT_WG_A_SAL_FT,Percentage of average wage of full-time employees,_Z,Not applicable,_Z,Not applicable,MEAN,Mean,_Z,Not applicable,2008,,37.56413634,,_Z,,A,Normal value,0,Units,2,Two
DATAFLOW,OECD.ELS.SAE:DSD_EARNINGS@MIN2AVE(1.0),Minimum relative to average wages of full-time workers,I,TUR,Türkiye,MR_WG_FT,Minimum relative to average wages of full-time workers,PT_WG_A_SAL_FT,Percentage of average wage of full-time employees,_Z,Not applicable,_Z,Not applicable,MEAN,Mean,_Z,Not applicable,2009,,37.75526556,,_Z,,A,Normal value,0,Units,2,Two
DATAFLOW,OECD.ELS.SAE:DSD_EARNINGS@MIN2AVE(1.0),Minimum relative to average wages of full-time workers,I,TUR,Türkiye,MR_WG_FT,Minimum relative to average wages of full-time workers,PT_WG_A_SAL_FT,Percentage of average wage of full-time employees,_Z,Not applicable,_Z,Not applicable,MEAN,Mean,_Z,Not applicable,2010,,38.50775864,,_Z,,A,Normal value,0,Units,2,Two
DATAFLOW,OECD.ELS.SAE:DSD_EARNINGS@MIN2AVE(1.0),Minimum relative to average wages of full-time workers,I,TUR,Türkiye,MR_WG_FT,Minimum relative to average wages of full-time workers,PT_WG_A_SAL_FT,Percentage of average wage of full-time employees,_Z,Not applicable,_Z,Not applicable,MEAN,Mean,_Z,Not applicable,2011,,39.39072924,,_Z,,A,Normal value,0,Units,2,Two
DATAFLOW,OECD.ELS.SAE:DSD_EARNINGS@MIN2AVE(1.0),Minimum relative to average wages of full-time workers,I,TUR,Türkiye,MR_WG_FT,Minimum relative to average wages of full-time workers,PT_WG_A_SAL_FT,Percentage of average wage of full-time employees,_Z,Not applicable,_Z,Not applicable,MEAN,Mean,_Z,Not applicable,2012,,40.25491145,,_Z,,A,Normal value,0,Units,2,Two
DATAFLOW,OECD.ELS.SAE:DSD_EARNINGS@MIN2AVE(1.0),Minimum relative to average wages of full-time workers,I,TUR,Türkiye,MR_WG_FT,Minimum relative to average wages of full-time workers,PT_WG_A_SAL_FT,Percentage of average wage of full-time employees,_Z,Not applicable,_Z,Not applicable,MEAN,Mean,_Z,Not applicable,2013,,39.85874265,,_Z,,A,Normal value,0,Units,2,Two
DATAFLOW,OECD.ELS.SAE:DSD_EARNINGS@MIN2AVE(1.0),Minimum relative to average wages of full-time workers,I,TUR,Türkiye,MR_WG_FT,Minimum relative to average wages of full-time workers,PT_WG_A_SAL_FT,Percentage of average wage of full-time employees,_Z,Not applicable,_Z,Not applicable,MEAN,Mean,_Z,Not applicable,2014,,39.34321294,,_Z,,A,Normal value,0,Units,2,Two
DATAFLOW,OECD.ELS.SAE:DSD_EARNINGS@MIN2AVE(1.0),Minimum relative to average wages of full-time workers,I,TUR,Türkiye,MR_WG_FT,Minimum relative to average wages of full-time workers,PT_WG_A_SAL_FT,Percentage of average wage of full-time employees,_Z,Not applicable,_Z,Not applicable,MEAN,Mean,_Z,Not applicable,2015,,39.88972228,,_Z,,A,Normal value,0,Units,2,Two
DATAFLOW,OECD.ELS.SAE:DSD_EARNINGS@MIN2AVE(1.0),Minimum relative to average wages of full-time workers,I,TUR,Türkiye,MR_WG_FT,Minimum relative to average wages of full-time workers,PT_WG_A_SAL_FT,Percentage of average wage of full-time employees,_Z,Not applicable,_Z,Not applicable,MEAN,Mean,_Z,Not applicable,2016,,42.74829566,,_Z,,A,Normal value,0,Units,2,Two
DATAFLOW,OECD.ELS.SAE:DSD_EARNINGS@MIN2AVE(1.0),Minimum relative to average wages of full-time workers,I,TUR,Türkiye,MR_WG_FT,Minimum relative to average wages of full-time workers,PT_WG_A_SAL_FT,Percentage of average wage of full-time employees,_Z,Not applicable,_Z,Not applicable,MEAN,Mean,_Z,Not applicable,2017,,40.69057971,,_Z,,A,Normal value,0,Units,2,Two
DATAFLOW,OECD.ELS.SAE:DSD_EARNINGS@MIN2AVE(1.0),Minimum relative to average wages of full-time workers,I,TUR,Türkiye,MR_WG_FT,Minimum relative to average wages of full-time workers,PT_WG_A_SAL_FT,Percentage of average wage of full-time employees,_Z,Not applicable,_Z,Not applicable,MEAN,Mean,_Z,Not applicable,2018,,40.49535675,,_Z,,A,Normal value,0,Units,2,Two
DATAFLOW,OECD.ELS.SAE:DSD_EARNINGS@MIN2AVE(1.0),Minimum relative to average wages of full-time workers,I,TUR,Türkiye,MR_WG_FT,Minimum relative to average wages of full-time workers,PT_WG_A_SAL_FT,Percentage of average wage of full-time employees,_Z,Not applicable,_Z,Not applicable,MEAN,Mean,_Z,Not applicable,2019,,40.48996561,,_Z,,A,Normal value,0,Units,2,Two
DATAFLOW,OECD.ELS.SAE:DSD_EARNINGS@MIN2AVE(1.0),Minimum relative to average wages of full-time workers,I,TUR,Türkiye,MR_WG_FT,Minimum relative to average wages of full-time workers,PT_WG_A_SAL_FT,Percentage of average wage of full-time employees,_Z,Not applicable,_Z,Not applicable,MEAN,Mean,_Z,Not applicable,2020,,39.42387318,,_Z,,A,Normal value,0,Units,2,Two
DATAFLOW,OECD.ELS.SAE:DSD_EARNINGS@MIN2AVE(1.0),Minimum relative to average wages of full-time workers,I,TUR,Türkiye,MR_WG_FT,Minimum relative to average wages of full-time workers,PT_WG_A_SAL_FT,Percentage of average wage of full-time employees,_Z,Not applicable,_Z,Not applicable,MEAN,Mean,_Z,Not applicable,2021,,40.17463385,,_Z,,A,Normal value,0,Units,2,Two
DATAFLOW,OECD.ELS.SAE:DSD_EARNINGS@MIN2AVE(1.0),Minimum relative to average wages of full-time workers,I,TUR,Türkiye,MR_WG_FT,Minimum relative to average wages of full-time workers,PT_WG_A_SAL_FT,Percentage of average wage of full-time employees,_Z,Not applicable,_Z,Not applicable,MEAN,Mean,_Z,Not applicable,2022,,40.0506374,,_Z,,A,Normal value,0,Units,2,Two
DATAFLOW,OECD.ELS.SAE:DSD_EARNINGS@MIN2AVE(1.0),Minimum relative to average wages of full-time workers,I,TUR,Türkiye,MR_WG_FT,Minimum relative to average wages of full-time workers,PT_WG_A_SAL_FT,Percentage of average wage of full-time employees,_Z,Not applicable,_Z,Not applicable,MEAN,Mean,_Z,Not applicable,2023,,36.70963503,,_Z,,A,Normal value,0,Units,2,Two
DATAFLOW,OECD.ELS.SAE:DSD_EARNINGS@MIN2AVE(1.0),Minimum relative to average wages of full-time workers,I,TUR,Türkiye,MR_WG_FT,Minimum relative to average wages of full-time workers,PT_WG_A_SAL_FT,Percentage of average wage of full-time employees,_Z,Not applicable,_Z,Not applicable,MEAN,Mean,_Z,Not applicable,2024,,32.10637279,,_Z,,A,Normal value,0,Units,2,Two
DATAFLOW,OECD.ELS.SAE:DSD_EARNINGS@MIN2AVE(1.0),Minimum relative to average wages of full-time workers,I,GBR,United Kingdom,MR_WG_FT,Minimum relative to average wages of full-time workers,PT_WG_A_SAL_FT,Percentage of average wage of full-time employees,_Z,Not applicable,_Z,Not applicable,MEAN,Mean,_Z,Not applicable,2000,,34.05865658,,_Z,,A,Normal value,0,Units,2,Two
DATAFLOW,OECD.ELS.SAE:DSD_EARNINGS@MIN2AVE(1.0),Minimum relative to average wages of full-time workers,I,GBR,United Kingdom,MR_WG_FT,Minimum relative to average wages of full-time workers,PT_WG_A_SAL_FT,Percentage of average wage of full-time employees,_Z,Not applicable,_Z,Not applicable,MEAN,Mean,_Z,Not applicable,2001,,33.09481216,,_Z,,A,Normal value,0,Units,2,Two
DATAFLOW,OECD.ELS.SAE:DSD_EARNINGS@MIN2AVE(1.0),Minimum relative to average wages of full-time workers,I,GBR,United Kingdom,MR_WG_FT,Minimum relative to average wages of full-time workers,PT_WG_A_SAL_FT,Percentage of average wage of full-time employees,_Z,Not applicable,_Z,Not applicable,MEAN,Mean,_Z,Not applicable,2002,,34.83432455,,_Z,,A,Normal value,0,Units,2,Two
DATAFLOW,OECD.ELS.SAE:DSD_EARNINGS@MIN2AVE(1.0),Minimum relative to average wages of full-time workers,I,GBR,United Kingdom,MR_WG_FT,Minimum relative to average wages of full-time workers,PT_WG_A_SAL_FT,Percentage of average wage of full-time employees,_Z,Not applicable,_Z,Not applicable,MEAN,Mean,_Z,Not applicable,2003,,34.53947368,,_Z,,A,Normal value,0,Units,2,Two
DATAFLOW,OECD.ELS.SAE:DSD_EARNINGS@MIN2AVE(1.0),Minimum relative to average wages of full-time workers,I,GBR,United Kingdom,MR_WG_FT,Minimum relative to average wages of full-time workers,PT_WG_A_SAL_FT,Percentage of average wage of full-time employees,_Z,Not applicable,_Z,Not applicable,MEAN,Mean,_Z,Not applicable,2004,,35.62945368,,_Z,,A,Normal value,0,Units,2,Two
DATAFLOW,OECD.ELS.SAE:DSD_EARNINGS@MIN2AVE(1.0),Minimum relative to average wages of full-time workers,I,GBR,United Kingdom,MR_WG_FT,Minimum relative to average wages of full-time workers,PT_WG_A_SAL_FT,Percentage of average wage of full-time employees,_Z,Not applicable,_Z,Not applicable,MEAN,Mean,_Z,Not applicable,2005,,36.91019787,,_Z,,A,Normal value,0,Units,2,Two
DATAFLOW,OECD.ELS.SAE:DSD_EARNINGS@MIN2AVE(1.0),Minimum relative to average wages of full-time workers,I,GBR,United Kingdom,MR_WG_FT,Minimum relative to average wages of full-time workers,PT_WG_A_SAL_FT,Percentage of average wage of full-time employees,_Z,Not applicable,_Z,Not applicable,MEAN,Mean,_Z,Not applicable,2006,,37.1050698,,_Z,,A,Normal value,0,Units,2,Two
DATAFLOW,OECD.ELS.SAE:DSD_EARNINGS@MIN2AVE(1.0),Minimum relative to average wages of full-time workers,I,GBR,United Kingdom,MR_WG_FT,Minimum relative to average wages of full-time workers,PT_WG_A_SAL_FT,Percentage of average wage of full-time employees,_Z,Not applicable,_Z,Not applicable,MEAN,Mean,_Z,Not applicable,2007,,38.21428571,,_Z,,A,Normal value,0,Units,2,Two
DATAFLOW,OECD.ELS.SAE:DSD_EARNINGS@MIN2AVE(1.0),Minimum relative to average wages of full-time workers,I,GBR,United Kingdom,MR_WG_FT,Minimum relative to average wages of full-time workers,PT_WG_A_SAL_FT,Percentage of average wage of full-time employees,_Z,Not applicable,_Z,Not applicable,MEAN,Mean,_Z,Not applicable,2008,,37.78234086,,_Z,,A,Normal value,0,Units,2,Two
DATAFLOW,OECD.ELS.SAE:DSD_EARNINGS@MIN2AVE(1.0),Minimum relative to average wages of full-time workers,I,GBR,United Kingdom,MR_WG_FT,Minimum relative to average wages of full-time workers,PT_WG_A_SAL_FT,Percentage of average wage of full-time employees,_Z,Not applicable,_Z,Not applicable,MEAN,Mean,_Z,Not applicable,2009,,38.02256138,,_Z,,A,Normal value,0,Units,2,Two
DATAFLOW,OECD.ELS.SAE:DSD_EARNINGS@MIN2AVE(1.0),Minimum relative to average wages of full-time workers,I,GBR,United Kingdom,MR_WG_FT,Minimum relative to average wages of full-time workers,PT_WG_A_SAL_FT,Percentage of average wage of full-time employees,_Z,Not applicable,_Z,Not applicable,MEAN,Mean,_Z,Not applicable,2010,,37.98297315,,_Z,,A,Normal value,0,Units,2,Two
DATAFLOW,OECD.ELS.SAE:DSD_EARNINGS@MIN2AVE(1.0),Minimum relative to average wages of full-time workers,I,GBR,United Kingdom,MR_WG_FT,Minimum relative to average wages of full-time workers,PT_WG_A_SAL_FT,Percentage of average wage of full-time employees,_Z,Not applicable,_Z,Not applicable,MEAN,Mean,_Z,Not applicable,2011,,38.45654994,,_Z,,A,Normal value,0,Units,2,Two
DATAFLOW,OECD.ELS.SAE:DSD_EARNINGS@MIN2AVE(1.0),Minimum relative to average wages of full-time workers,I,GBR,United Kingdom,MR_WG_FT,Minimum relative to average wages of full-time workers,PT_WG_A_SAL_FT,Percentage of average wage of full-time employees,_Z,Not applicable,_Z,Not applicable,MEAN,Mean,_Z,Not applicable,2012,,39.04945408,,_Z,,A,Normal value,0,Units,2,Two
DATAFLOW,OECD.ELS.SAE:DSD_EARNINGS@MIN2AVE(1.0),Minimum relative to average wages of full-time workers,I,GBR,United Kingdom,MR_WG_FT,Minimum relative to average wages of full-time workers,PT_WG_A_SAL_FT,Percentage of average wage of full-time employees,_Z,Not applicable,_Z,Not applicable,MEAN,Mean,_Z,Not applicable,2013,,38.97984887,,_Z,,A,Normal value,0,Units,2,Two
DATAFLOW,OECD.ELS.SAE:DSD_EARNINGS@MIN2AVE(1.0),Minimum relative to average wages of full-time workers,I,GBR,United Kingdom,MR_WG_FT,Minimum relative to average wages of full-time workers,PT_WG_A_SAL_FT,Percentage of average wage of full-time employees,_Z,Not applicable,_Z,Not applicable,MEAN,Mean,_Z,Not applicable,2014,,39.81072555,,_Z,,A,Normal value,0,Units,2,Two
DATAFLOW,OECD.ELS.SAE:DSD_EARNINGS@MIN2AVE(1.0),Minimum relative to average wages of full-time workers,I,GBR,United Kingdom,MR_WG_FT,Minimum relative to average wages of full-time workers,PT_WG_A_SAL_FT,Percentage of average wage of full-time employees,_Z,Not applicable,_Z,Not applicable,MEAN,Mean,_Z,Not applicable,2015,,40.57428215,,_Z,,A,Normal value,0,Units,2,Two
DATAFLOW,OECD.ELS.SAE:DSD_EARNINGS@MIN2AVE(1.0),Minimum relative to average wages of full-time workers,I,GBR,United Kingdom,MR_WG_FT,Minimum relative to average wages of full-time workers,PT_WG_A_SAL_FT,Percentage of average wage of full-time employees,_Z,Not applicable,_Z,Not applicable,MEAN,Mean,_Z,Not applicable,2016,,43.76899696,,_Z,,A,Normal value,0,Units,2,Two
DATAFLOW,OECD.ELS.SAE:DSD_EARNINGS@MIN2AVE(1.0),Minimum relative to average wages of full-time workers,I,GBR,United Kingdom,MR_WG_FT,Minimum relative to average wages of full-time workers,PT_WG_A_SAL_FT,Percentage of average wage of full-time employees,_Z,Not applicable,_Z,Not applicable,MEAN,Mean,_Z,Not applicable,2017,,44.35245417,,_Z,,A,Normal value,0,Units,2,Two
DATAFLOW,OECD.ELS.SAE:DSD_EARNINGS@MIN2AVE(1.0),Minimum relative to average wages of full-time workers,I,GBR,United Kingdom,MR_WG_FT,Minimum relative to average wages of full-time workers,PT_WG_A_SAL_FT,Percentage of average wage of full-time employees,_Z,Not applicable,_Z,Not applicable,MEAN,Mean,_Z,Not applicable,2018,,44.79405034,,_Z,,A,Normal value,0,Units,2,Two
DATAFLOW,OECD.ELS.SAE:DSD_EARNINGS@MIN2AVE(1.0),Minimum relative to average wages of full-time workers,I,GBR,United Kingdom,MR_WG_FT,Minimum relative to average wages of full-time workers,PT_WG_A_SAL_FT,Percentage of average wage of full-time employees,_Z,Not applicable,_Z,Not applicable,MEAN,Mean,_Z,Not applicable,2019,,45.53521908,,_Z,,A,Normal value,0,Units,2,Two
DATAFLOW,OECD.ELS.SAE:DSD_EARNINGS@MIN2AVE(1.0),Minimum relative to average wages of full-time workers,I,GBR,United Kingdom,MR_WG_FT,Minimum relative to average wages of full-time workers,PT_WG_A_SAL_FT,Percentage of average wage of full-time employees,_Z,Not applicable,_Z,Not applicable,MEAN,Mean,_Z,Not applicable,2020,,47.59825328,,_Z,,A,Normal value,0,Units,2,Two
DATAFLOW,OECD.ELS.SAE:DSD_EARNINGS@MIN2AVE(1.0),Minimum relative to average wages of full-time workers,I,GBR,United Kingdom,MR_WG_FT,Minimum relative to average wages of full-time workers,PT_WG_A_SAL_FT,Percentage of average wage of full-time employees,_Z,Not applicable,_Z,Not applicable,MEAN,Mean,_Z,Not applicable,2021,,47.57074212,,_Z,,A,Normal value,0,Units,2,Two
DATAFLOW,OECD.ELS.SAE:DSD_EARNINGS@MIN2AVE(1.0),Minimum relative to average wages of full-time workers,I,GBR,United Kingdom,MR_WG_FT,Minimum relative to average wages of full-time workers,PT_WG_A_SAL_FT,Percentage of average wage of full-time employees,_Z,Not applicable,_Z,Not applicable,MEAN,Mean,_Z,Not applicable,2022,,48.64311316,,_Z,,A,Normal value,0,Units,2,Two
DATAFLOW,OECD.ELS.SAE:DSD_EARNINGS@MIN2AVE(1.0),Minimum relative to average wages of full-time workers,I,GBR,United Kingdom,MR_WG_FT,Minimum relative to average wages of full-time workers,PT_WG_A_SAL_FT,Percentage of average wage of full-time employees,_Z,Not applicable,_Z,Not applicable,MEAN,Mean,_Z,Not applicable,2023,,49.64268699,,_Z,,A,Normal value,0,Units,2,Two
DATAFLOW,OECD.ELS.SAE:DSD_EARNINGS@MIN2AVE(1.0),Minimum relative to average wages of full-time workers,I,GBR,United Kingdom,MR_WG_FT,Minimum relative to average wages of full-time workers,PT_WG_A_SAL_FT,Percentage of average wage of full-time employees,_Z,Not applicable,_Z,Not applicable,MEAN,Mean,_Z,Not applicable,2024,,50.95768374,,_Z,,A,Normal value,0,Units,2,Two
DATAFLOW,OECD.ELS.SAE:DSD_EARNINGS@MIN2AVE(1.0),Minimum relative to average wages of full-time workers,I,USA,United States,MR_WG_FT,Minimum relative to average wages of full-time workers,PT_WG_A_SAL_FT,Percentage of average wage of full-time employees,_Z,Not applicable,_Z,Not applicable,MEAN,Mean,_Z,Not applicable,1973,,36.52968037,,_Z,,A,Normal value,0,Units,2,Two
DATAFLOW,OECD.ELS.SAE:DSD_EARNINGS@MIN2AVE(1.0),Minimum relative to average wages of full-time workers,I,USA,United States,MR_WG_FT,Minimum relative to average wages of full-time workers,PT_WG_A_SAL_FT,Percentage of average wage of full-time employees,_Z,Not applicable,_Z,Not applicable,MEAN,Mean,_Z,Not applicable,1974,,39.78723404,,_Z,,A,Normal value,0,Units,2,Two
DATAFLOW,OECD.ELS.SAE:DSD_EARNINGS@MIN2AVE(1.0),Minimum relative to average wages of full-time workers,I,USA,United States,MR_WG_FT,Minimum relative to average wages of full-time workers,PT_WG_A_SAL_FT,Percentage of average wage of full-time employees,_Z,Not applicable,_Z,Not applicable,MEAN,Mean,_Z,Not applicable,1975,,40.93567251,,_Z,,A,Normal value,0,Units,2,Two
DATAFLOW,OECD.ELS.SAE:DSD_EARNINGS@MIN2AVE(1.0),Minimum relative to average wages of full-time workers,I,USA,United States,MR_WG_FT,Minimum relative to average wages of full-time workers,PT_WG_A_SAL_FT,Percentage of average wage of full-time employees,_Z,Not applicable,_Z,Not applicable,MEAN,Mean,_Z,Not applicable,1976,,42.3572744,,_Z,,A,Normal value,0,Units,2,Two
DATAFLOW,OECD.ELS.SAE:DSD_EARNINGS@MIN2AVE(1.0),Minimum relative to average wages of full-time workers,I,USA,United States,MR_WG_FT,Minimum relative to average wages of full-time workers,PT_WG_A_SAL_FT,Percentage of average wage of full-time employees,_Z,Not applicable,_Z,Not applicable,MEAN,Mean,_Z,Not applicable,1977,,39.31623932,,_Z,,A,Normal value,0,Units,2,Two
DATAFLOW,OECD.ELS.SAE:DSD_EARNINGS@MIN2AVE(1.0),Minimum relative to average wages of full-time workers,I,USA,United States,MR_WG_FT,Minimum relative to average wages of full-time workers,PT_WG_A_SAL_FT,Percentage of average wage of full-time employees,_Z,Not applicable,_Z,Not applicable,MEAN,Mean,_Z,Not applicable,1978,,42.4,,_Z,,A,Normal value,0,Units,2,Two
DATAFLOW,OECD.ELS.SAE:DSD_EARNINGS@MIN2AVE(1.0),Minimum relative to average wages of full-time workers,I,USA,United States,MR_WG_FT,Minimum relative to average wages of full-time workers,PT_WG_A_SAL_FT,Percentage of average wage of full-time employees,_Z,Not applicable,_Z,Not applicable,MEAN,Mean,_Z,Not applicable,1979,,42.33576642,,_Z,,A,Normal value,0,Units,2,Two
DATAFLOW,OECD.ELS.SAE:DSD_EARNINGS@MIN2AVE(1.0),Minimum relative to average wages of full-time workers,I,USA,United States,MR_WG_FT,Minimum relative to average wages of full-time workers,PT_WG_A_SAL_FT,Percentage of average wage of full-time employees,_Z,Not applicable,_Z,Not applicable,MEAN,Mean,_Z,Not applicable,1980,,41.72274563,,_Z,,A,Normal value,0,Units,2,Two
DATAFLOW,OECD.ELS.SAE:DSD_EARNINGS@MIN2AVE(1.0),Minimum relative to average wages of full-time workers,I,USA,United States,MR_WG_FT,Minimum relative to average wages of full-time workers,PT_WG_A_SAL_FT,Percentage of average wage of full-time employees,_Z,Not applicable,_Z,Not applicable,MEAN,Mean,_Z,Not applicable,1981,,41.61490683,,_Z,,A,Normal value,0,Units,2,Two
DATAFLOW,OECD.ELS.SAE:DSD_EARNINGS@MIN2AVE(1.0),Minimum relative to average wages of full-time workers,I,USA,United States,MR_WG_FT,Minimum relative to average wages of full-time workers,PT_WG_A_SAL_FT,Percentage of average wage of full-time employees,_Z,Not applicable,_Z,Not applicable,MEAN,Mean,_Z,Not applicable,1982,,38.81807648,,_Z,,A,Normal value,0,Units,2,Two
DATAFLOW,OECD.ELS.SAE:DSD_EARNINGS@MIN2AVE(1.0),Minimum relative to average wages of full-time workers,I,USA,United States,MR_WG_FT,Minimum relative to average wages of full-time workers,PT_WG_A_SAL_FT,Percentage of average wage of full-time employees,_Z,Not applicable,_Z,Not applicable,MEAN,Mean,_Z,Not applicable,1983,,37.26362625,,_Z,,A,Normal value,0,Units,2,Two
DATAFLOW,OECD.ELS.SAE:DSD_EARNINGS@MIN2AVE(1.0),Minimum relative to average wages of full-time workers,I,USA,United States,MR_WG_FT,Minimum relative to average wages of full-time workers,PT_WG_A_SAL_FT,Percentage of average wage of full-time employees,_Z,Not applicable,_Z,Not applicable,MEAN,Mean,_Z,Not applicable,1984,,35.63829787,,_Z,,A,Normal value,0,Units,2,Two
DATAFLOW,OECD.ELS.SAE:DSD_EARNINGS@MIN2AVE(1.0),Minimum relative to average wages of full-time workers,I,USA,United States,MR_WG_FT,Minimum relative to average wages of full-time workers,PT_WG_A_SAL_FT,Percentage of average wage of full-time employees,_Z,Not applicable,_Z,Not applicable,MEAN,Mean,_Z,Not applicable,1985,,34.2185904,,_Z,,A,Normal value,0,Units,2,Two
DATAFLOW,OECD.ELS.SAE:DSD_EARNINGS@MIN2AVE(1.0),Minimum relative to average wages of full-time workers,I,USA,United States,MR_WG_FT,Minimum relative to average wages of full-time workers,PT_WG_A_SAL_FT,Percentage of average wage of full-time employees,_Z,Not applicable,_Z,Not applicable,MEAN,Mean,_Z,Not applicable,1986,,32.97244094,,_Z,,A,Normal value,0,Units,2,Two
DATAFLOW,OECD.ELS.SAE:DSD_EARNINGS@MIN2AVE(1.0),Minimum relative to average wages of full-time workers,I,USA,United States,MR_WG_FT,Minimum relative to average wages of full-time workers,PT_WG_A_SAL_FT,Percentage of average wage of full-time employees,_Z,Not applicable,_Z,Not applicable,MEAN,Mean,_Z,Not applicable,1987,,31.7535545,,_Z,,A,Normal value,0,Units,2,Two
DATAFLOW,OECD.ELS.SAE:DSD_EARNINGS@MIN2AVE(1.0),Minimum relative to average wages of full-time workers,I,USA,United States,MR_WG_FT,Minimum relative to average wages of full-time workers,PT_WG_A_SAL_FT,Percentage of average wage of full-time employees,_Z,Not applicable,_Z,Not applicable,MEAN,Mean,_Z,Not applicable,1988,,30.70577452,,_Z,,A,Normal value,0,Units,2,Two
DATAFLOW,OECD.ELS.SAE:DSD_EARNINGS@MIN2AVE(1.0),Minimum relative to average wages of full-time workers,I,USA,United States,MR_WG_FT,Minimum relative to average wages of full-time workers,PT_WG_A_SAL_FT,Percentage of average wage of full-time employees,_Z,Not applicable,_Z,Not applicable,MEAN,Mean,_Z,Not applicable,1989,,28.53492334,,_Z,,A,Normal value,0,Units,2,Two
DATAFLOW,OECD.ELS.SAE:DSD_EARNINGS@MIN2AVE(1.0),Minimum relative to average wages of full-time workers,I,USA,United States,MR_WG_FT,Minimum relative to average wages of full-time workers,PT_WG_A_SAL_FT,Percentage of average wage of full-time employees,_Z,Not applicable,_Z,Not applicable,MEAN,Mean,_Z,Not applicable,1990,,29.97562957,,_Z,,A,Normal value,0,Units,2,Two
DATAFLOW,OECD.ELS.SAE:DSD_EARNINGS@MIN2AVE(1.0),Minimum relative to average wages of full-time workers,I,USA,United States,MR_WG_FT,Minimum relative to average wages of full-time workers,PT_WG_A_SAL_FT,Percentage of average wage of full-time employees,_Z,Not applicable,_Z,Not applicable,MEAN,Mean,_Z,Not applicable,1991,,32.31850117,,_Z,,A,Normal value,0,Units,2,Two
DATAFLOW,OECD.ELS.SAE:DSD_EARNINGS@MIN2AVE(1.0),Minimum relative to average wages of full-time workers,I,USA,United States,MR_WG_FT,Minimum relative to average wages of full-time workers,PT_WG_A_SAL_FT,Percentage of average wage of full-time employees,_Z,Not applicable,_Z,Not applicable,MEAN,Mean,_Z,Not applicable,1992,,32.29483283,,_Z,,A,Normal value,0,Units,2,Two
DATAFLOW,OECD.ELS.SAE:DSD_EARNINGS@MIN2AVE(1.0),Minimum relative to average wages of full-time workers,I,USA,United States,MR_WG_FT,Minimum relative to average wages of full-time workers,PT_WG_A_SAL_FT,Percentage of average wage of full-time employees,_Z,Not applicable,_Z,Not applicable,MEAN,Mean,_Z,Not applicable,1993,,31.25,,_Z,,A,Normal value,0,Units,2,Two
DATAFLOW,OECD.ELS.SAE:DSD_EARNINGS@MIN2AVE(1.0),Minimum relative to average wages of full-time workers,I,USA,United States,MR_WG_FT,Minimum relative to average wages of full-time workers,PT_WG_A_SAL_FT,Percentage of average wage of full-time employees,_Z,Not applicable,_Z,Not applicable,MEAN,Mean,_Z,Not applicable,1994,,28.65812542,,_Z,,A,Normal value,0,Units,2,Two
DATAFLOW,OECD.ELS.SAE:DSD_EARNINGS@MIN2AVE(1.0),Minimum relative to average wages of full-time workers,I,USA,United States,MR_WG_FT,Minimum relative to average wages of full-time workers,PT_WG_A_SAL_FT,Percentage of average wage of full-time employees,_Z,Not applicable,_Z,Not applicable,MEAN,Mean,_Z,Not applicable,1995,,28.71621622,,_Z,,A,Normal value,0,Units,2,Two
DATAFLOW,OECD.ELS.SAE:DSD_EARNINGS@MIN2AVE(1.0),Minimum relative to average wages of full-time workers,I,USA,United States,MR_WG_FT,Minimum relative to average wages of full-time workers,PT_WG_A_SAL_FT,Percentage of average wage of full-time employees,_Z,Not applicable,_Z,Not applicable,MEAN,Mean,_Z,Not applicable,1996,,28.75902823,,_Z,,A,Normal value,0,Units,2,Two
DATAFLOW,OECD.ELS.SAE:DSD_EARNINGS@MIN2AVE(1.0),Minimum relative to average wages of full-time workers,I,USA,United States,MR_WG_FT,Minimum relative to average wages of full-time workers,PT_WG_A_SAL_FT,Percentage of average wage of full-time employees,_Z,Not applicable,_Z,Not applicable,MEAN,Mean,_Z,Not applicable,1997,,30.73047859,,_Z,,A,Normal value,0,Units,2,Two
DATAFLOW,OECD.ELS.SAE:DSD_EARNINGS@MIN2AVE(1.0),Minimum relative to average wages of full-time workers,I,USA,United States,MR_WG_FT,Minimum relative to average wages of full-time workers,PT_WG_A_SAL_FT,Percentage of average wage of full-time employees,_Z,Not applicable,_Z,Not applicable,MEAN,Mean,_Z,Not applicable,1998,,30.93093093,,_Z,,A,Normal value,0,Units,2,Two
DATAFLOW,OECD.ELS.SAE:DSD_EARNINGS@MIN2AVE(1.0),Minimum relative to average wages of full-time workers,I,USA,United States,MR_WG_FT,Minimum relative to average wages of full-time workers,PT_WG_A_SAL_FT,Percentage of average wage of full-time employees,_Z,Not applicable,_Z,Not applicable,MEAN,Mean,_Z,Not applicable,1999,,29.68299712,,_Z,,A,Normal value,0,Units,2,Two
DATAFLOW,OECD.ELS.SAE:DSD_EARNINGS@MIN2AVE(1.0),Minimum relative to average wages of full-time workers,I,USA,United States,MR_WG_FT,Minimum relative to average wages of full-time workers,PT_WG_A_SAL_FT,Percentage of average wage of full-time employees,_Z,Not applicable,_Z,Not applicable,MEAN,Mean,_Z,Not applicable,2000,,28.53185596,,_Z,,A,Normal value,0,Units,2,Two
DATAFLOW,OECD.ELS.SAE:DSD_EARNINGS@MIN2AVE(1.0),Minimum relative to average wages of full-time workers,I,USA,United States,MR_WG_FT,Minimum relative to average wages of full-time workers,PT_WG_A_SAL_FT,Percentage of average wage of full-time employees,_Z,Not applicable,_Z,Not applicable,MEAN,Mean,_Z,Not applicable,2001,,27.06253284,,_Z,,A,Normal value,0,Units,2,Two
DATAFLOW,OECD.ELS.SAE:DSD_EARNINGS@MIN2AVE(1.0),Minimum relative to average wages of full-time workers,I,USA,United States,MR_WG_FT,Minimum relative to average wages of full-time workers,PT_WG_A_SAL_FT,Percentage of average wage of full-time employees,_Z,Not applicable,_Z,Not applicable,MEAN,Mean,_Z,Not applicable,2002,,26.2755102,,_Z,,A,Normal value,0,Units,2,Two
DATAFLOW,OECD.ELS.SAE:DSD_EARNINGS@MIN2AVE(1.0),Minimum relative to average wages of full-time workers,I,USA,United States,MR_WG_FT,Minimum relative to average wages of full-time workers,PT_WG_A_SAL_FT,Percentage of average wage of full-time employees,_Z,Not applicable,_Z,Not applicable,MEAN,Mean,_Z,Not applicable,2003,,25.71143285,,_Z,,A,Normal value,0,Units,2,Two
DATAFLOW,OECD.ELS.SAE:DSD_EARNINGS@MIN2AVE(1.0),Minimum relative to average wages of full-time workers,I,USA,United States,MR_WG_FT,Minimum relative to average wages of full-time workers,PT_WG_A_SAL_FT,Percentage of average wage of full-time employees,_Z,Not applicable,_Z,Not applicable,MEAN,Mean,_Z,Not applicable,2004,,24.96364518,,_Z,,A,Normal value,0,Units,2,Two
DATAFLOW,OECD.ELS.SAE:DSD_EARNINGS@MIN2AVE(1.0),Minimum relative to average wages of full-time workers,I,USA,United States,MR_WG_FT,Minimum relative to average wages of full-time workers,PT_WG_A_SAL_FT,Percentage of average wage of full-time employees,_Z,Not applicable,_Z,Not applicable,MEAN,Mean,_Z,Not applicable,2005,,24.48882549,,_Z,,A,Normal value,0,Units,2,Two
DATAFLOW,OECD.ELS.SAE:DSD_EARNINGS@MIN2AVE(1.0),Minimum relative to average wages of full-time workers,I,USA,United States,MR_WG_FT,Minimum relative to average wages of full-time workers,PT_WG_A_SAL_FT,Percentage of average wage of full-time employees,_Z,Not applicable,_Z,Not applicable,MEAN,Mean,_Z,Not applicable,2006,,23.67816092,,_Z,,A,Normal value,0,Units,2,Two
DATAFLOW,OECD.ELS.SAE:DSD_EARNINGS@MIN2AVE(1.0),Minimum relative to average wages of full-time workers,I,USA,United States,MR_WG_FT,Minimum relative to average wages of full-time workers,PT_WG_A_SAL_FT,Percentage of average wage of full-time employees,_Z,Not applicable,_Z,Not applicable,MEAN,Mean,_Z,Not applicable,2007,,23.45360825,,_Z,,A,Normal value,0,Units,2,Two
DATAFLOW,OECD.ELS.SAE:DSD_EARNINGS@MIN2AVE(1.0),Minimum relative to average wages of full-time workers,I,USA,United States,MR_WG_FT,Minimum relative to average wages of full-time workers,PT_WG_A_SAL_FT,Percentage of average wage of full-time employees,_Z,Not applicable,_Z,Not applicable,MEAN,Mean,_Z,Not applicable,2008,,25.37067545,,_Z,,A,Normal value,0,Units,2,Two
DATAFLOW,OECD.ELS.SAE:DSD_EARNINGS@MIN2AVE(1.0),Minimum relative to average wages of full-time workers,I,USA,United States,MR_WG_FT,Minimum relative to average wages of full-time workers,PT_WG_A_SAL_FT,Percentage of average wage of full-time employees,_Z,Not applicable,_Z,Not applicable,MEAN,Mean,_Z,Not applicable,2009,,26.95481336,,_Z,,A,Normal value,0,Units,2,Two
DATAFLOW,OECD.ELS.SAE:DSD_EARNINGS@MIN2AVE(1.0),Minimum relative to average wages of full-time workers,I,USA,United States,MR_WG_FT,Minimum relative to average wages of full-time workers,PT_WG_A_SAL_FT,Percentage of average wage of full-time employees,_Z,Not applicable,_Z,Not applicable,MEAN,Mean,_Z,Not applicable,2010,,28.43137255,,_Z,,A,Normal value,0,Units,2,Two
DATAFLOW,OECD.ELS.SAE:DSD_EARNINGS@MIN2AVE(1.0),Minimum relative to average wages of full-time workers,I,USA,United States,MR_WG_FT,Minimum relative to average wages of full-time workers,PT_WG_A_SAL_FT,Percentage of average wage of full-time employees,_Z,Not applicable,_Z,Not applicable,MEAN,Mean,_Z,Not applicable,2011,,27.95989202,,_Z,,A,Normal value,0,Units,2,Two
DATAFLOW,OECD.ELS.SAE:DSD_EARNINGS@MIN2AVE(1.0),Minimum relative to average wages of full-time workers,I,USA,United States,MR_WG_FT,Minimum relative to average wages of full-time workers,PT_WG_A_SAL_FT,Percentage of average wage of full-time employees,_Z,Not applicable,_Z,Not applicable,MEAN,Mean,_Z,Not applicable,2012,,27.17391304,,_Z,,A,Normal value,0,Units,2,Two
DATAFLOW,OECD.ELS.SAE:DSD_EARNINGS@MIN2AVE(1.0),Minimum relative to average wages of full-time workers,I,USA,United States,MR_WG_FT,Minimum relative to average wages of full-time workers,PT_WG_A_SAL_FT,Percentage of average wage of full-time employees,_Z,Not applicable,_Z,Not applicable,MEAN,Mean,_Z,Not applicable,2013,,26.75276753,,_Z,,A,Normal value,0,Units,2,Two
DATAFLOW,OECD.ELS.SAE:DSD_EARNINGS@MIN2AVE(1.0),Minimum relative to average wages of full-time workers,I,USA,United States,MR_WG_FT,Minimum relative to average wages of full-time workers,PT_WG_A_SAL_FT,Percentage of average wage of full-time employees,_Z,Not applicable,_Z,Not applicable,MEAN,Mean,_Z,Not applicable,2014,,26.62504591,,_Z,,A,Normal value,0,Units,2,Two
DATAFLOW,OECD.ELS.SAE:DSD_EARNINGS@MIN2AVE(1.0),Minimum relative to average wages of full-time workers,I,USA,United States,MR_WG_FT,Minimum relative to average wages of full-time workers,PT_WG_A_SAL_FT,Percentage of average wage of full-time employees,_Z,Not applicable,_Z,Not applicable,MEAN,Mean,_Z,Not applicable,2015,,25.19110493,,_Z,,A,Normal value,0,Units,2,Two
DATAFLOW,OECD.ELS.SAE:DSD_EARNINGS@MIN2AVE(1.0),Minimum relative to average wages of full-time workers,I,USA,United States,MR_WG_FT,Minimum relative to average wages of full-time workers,PT_WG_A_SAL_FT,Percentage of average wage of full-time employees,_Z,Not applicable,_Z,Not applicable,MEAN,Mean,_Z,Not applicable,2016,,24.82876712,,_Z,,A,Normal value,0,Units,2,Two
DATAFLOW,OECD.ELS.SAE:DSD_EARNINGS@MIN2AVE(1.0),Minimum relative to average wages of full-time workers,I,USA,United States,MR_WG_FT,Minimum relative to average wages of full-time workers,PT_WG_A_SAL_FT,Percentage of average wage of full-time employees,_Z,Not applicable,_Z,Not applicable,MEAN,Mean,_Z,Not applicable,2017,,24.2881072,,_Z,,A,Normal value,0,Units,2,Two
DATAFLOW,OECD.ELS.SAE:DSD_EARNINGS@MIN2AVE(1.0),Minimum relative to average wages of full-time workers,I,USA,United States,MR_WG_FT,Minimum relative to average wages of full-time workers,PT_WG_A_SAL_FT,Percentage of average wage of full-time employees,_Z,Not applicable,_Z,Not applicable,MEAN,Mean,_Z,Not applicable,2018,,23.2,,_Z,,A,Normal value,0,Units,2,Two
DATAFLOW,OECD.ELS.SAE:DSD_EARNINGS@MIN2AVE(1.0),Minimum relative to average wages of full-time workers,I,USA,United States,MR_WG_FT,Minimum relative to average wages of full-time workers,PT_WG_A_SAL_FT,Percentage of average wage of full-time employees,_Z,Not applicable,_Z,Not applicable,MEAN,Mean,_Z,Not applicable,2019,,22.32142857,,_Z,,A,Normal value,0,Units,2,Two
DATAFLOW,OECD.ELS.SAE:DSD_EARNINGS@MIN2AVE(1.0),Minimum relative to average wages of full-time workers,I,USA,United States,MR_WG_FT,Minimum relative to average wages of full-time workers,PT_WG_A_SAL_FT,Percentage of average wage of full-time employees,_Z,Not applicable,_Z,Not applicable,MEAN,Mean,_Z,Not applicable,2020,,21.1062591,,_Z,,A,Normal value,0,Units,2,Two
DATAFLOW,OECD.ELS.SAE:DSD_EARNINGS@MIN2AVE(1.0),Minimum relative to average wages of full-time workers,I,USA,United States,MR_WG_FT,Minimum relative to average wages of full-time workers,PT_WG_A_SAL_FT,Percentage of average wage of full-time employees,_Z,Not applicable,_Z,Not applicable,MEAN,Mean,_Z,Not applicable,2021,,20.48022599,,_Z,,A,Normal value,0,Units,2,Two
DATAFLOW,OECD.ELS.SAE:DSD_EARNINGS@MIN2AVE(1.0),Minimum relative to average wages of full-time workers,I,USA,United States,MR_WG_FT,Minimum relative to average wages of full-time workers,PT_WG_A_SAL_FT,Percentage of average wage of full-time employees,_Z,Not applicable,_Z,Not applicable,MEAN,Mean,_Z,Not applicable,2022,,19.06389692,,_Z,,A,Normal value,0,Units,2,Two
DATAFLOW,OECD.ELS.SAE:DSD_EARNINGS@MIN2AVE(1.0),Minimum relative to average wages of full-time workers,I,USA,United States,MR_WG_FT,Minimum relative to average wages of full-time workers,PT_WG_A_SAL_FT,Percentage of average wage of full-time employees,_Z,Not applicable,_Z,Not applicable,MEAN,Mean,_Z,Not applicable,2023,,18.3312263,,_Z,,A,Normal value,0,Units,2,Two
DATAFLOW,OECD.ELS.SAE:DSD_EARNINGS@MIN2AVE(1.0),Minimum relative to average wages of full-time workers,I,USA,United States,MR_WG_FT,Minimum relative to average wages of full-time workers,PT_WG_A_SAL_FT,Percentage of average wage of full-time employees,_Z,Not applicable,_Z,Not applicable,MEAN,Mean,_Z,Not applicable,2024,,17.66138855,,_Z,,A,Normal value,0,Units,2,Two
DATAFLOW,OECD.ELS.SAE:DSD_EARNINGS@MIN2AVE(1.0),Minimum relative to average wages of full-time workers,I,BGR,Bulgaria,MR_WG_FT,Minimum relative to average wages of full-time workers,PT_WG_A_SAL_FT,Percentage of average wage of full-time employees,_Z,Not applicable,_Z,Not applicable,MEAN,Mean,_Z,Not applicable,2006,,40.4,,_Z,,A,Normal value,0,Units,2,Two
DATAFLOW,OECD.ELS.SAE:DSD_EARNINGS@MIN2AVE(1.0),Minimum relative to average wages of full-time workers,I,BGR,Bulgaria,MR_WG_FT,Minimum relative to average wages of full-time workers,PT_WG_A_SAL_FT,Percentage of average wage of full-time employees,_Z,Not applicable,_Z,Not applicable,MEAN,Mean,_Z,Not applicable,2014,,39.9,,_Z,,A,Normal value,0,Units,2,Two
DATAFLOW,OECD.ELS.SAE:DSD_EARNINGS@MIN2AVE(1.0),Minimum relative to average wages of full-time workers,I,BGR,Bulgaria,MR_WG_FT,Minimum relative to average wages of full-time workers,PT_WG_A_SAL_FT,Percentage of average wage of full-time employees,_Z,Not applicable,_Z,Not applicable,MEAN,Mean,_Z,Not applicable,2018,,42.2771353,,_Z,,A,Normal value,0,Units,2,Two
DATAFLOW,OECD.ELS.SAE:DSD_EARNINGS@MIN2AVE(1.0),Minimum relative to average wages of full-time workers,I,BGR,Bulgaria,MR_WG_FT,Minimum relative to average wages of full-time workers,PT_WG_A_SAL_FT,Percentage of average wage of full-time employees,_Z,Not applicable,_Z,Not applicable,MEAN,Mean,_Z,Not applicable,2019,,41.42614903,,_Z,,A,Normal value,0,Units,2,Two
DATAFLOW,OECD.ELS.SAE:DSD_EARNINGS@MIN2AVE(1.0),Minimum relative to average wages of full-time workers,I,BGR,Bulgaria,MR_WG_FT,Minimum relative to average wages of full-time workers,PT_WG_A_SAL_FT,Percentage of average wage of full-time employees,_Z,Not applicable,_Z,Not applicable,MEAN,Mean,_Z,Not applicable,2020,,41.07820041,,_Z,,A,Normal value,0,Units,2,Two
DATAFLOW,OECD.ELS.SAE:DSD_EARNINGS@MIN2AVE(1.0),Minimum relative to average wages of full-time workers,I,BGR,Bulgaria,MR_WG_FT,Minimum relative to average wages of full-time workers,PT_WG_A_SAL_FT,Percentage of average wage of full-time employees,_Z,Not applicable,_Z,Not applicable,MEAN,Mean,_Z,Not applicable,2021,,39.31336579,,_Z,,A,Normal value,0,Units,2,Two
DATAFLOW,OECD.ELS.SAE:DSD_EARNINGS@MIN2AVE(1.0),Minimum relative to average wages of full-time workers,I,BGR,Bulgaria,MR_WG_FT,Minimum relative to average wages of full-time workers,PT_WG_A_SAL_FT,Percentage of average wage of full-time employees,_Z,Not applicable,_Z,Not applicable,MEAN,Mean,_Z,Not applicable,2022,,37.77563662,,_Z,,A,Normal value,0,Units,2,Two
DATAFLOW,OECD.ELS.SAE:DSD_EARNINGS@MIN2AVE(1.0),Minimum relative to average wages of full-time workers,I,BGR,Bulgaria,MR_WG_FT,Minimum relative to average wages of full-time workers,PT_WG_A_SAL_FT,Percentage of average wage of full-time employees,_Z,Not applicable,_Z,Not applicable,MEAN,Mean,_Z,Not applicable,2023,,36.25538528,,_Z,,A,Normal value,0,Units,2,Two
DATAFLOW,OECD.ELS.SAE:DSD_EARNINGS@MIN2AVE(1.0),Minimum relative to average wages of full-time workers,I,BGR,Bulgaria,MR_WG_FT,Minimum relative to average wages of full-time workers,PT_WG_A_SAL_FT,Percentage of average wage of full-time employees,_Z,Not applicable,_Z,Not applicable,MEAN,Mean,_Z,Not applicable,2024,,37.60962412,,_Z,,A,Normal value,0,Units,2,Two
DATAFLOW,OECD.ELS.SAE:DSD_EARNINGS@MIN2AVE(1.0),Minimum relative to average wages of full-time workers,I,HRV,Croatia,MR_WG_FT,Minimum relative to average wages of full-time workers,PT_WG_A_SAL_FT,Percentage of average wage of full-time employees,_Z,Not applicable,_Z,Not applicable,MEAN,Mean,_Z,Not applicable,2010,,37.74141026,,_Z,,A,Normal value,0,Units,2,Two
DATAFLOW,OECD.ELS.SAE:DSD_EARNINGS@MIN2AVE(1.0),Minimum relative to average wages of full-time workers,I,HRV,Croatia,MR_WG_FT,Minimum relative to average wages of full-time workers,PT_WG_A_SAL_FT,Percentage of average wage of full-time employees,_Z,Not applicable,_Z,Not applicable,MEAN,Mean,_Z,Not applicable,2014,,37.95420086,,_Z,,A,Normal value,0,Units,2,Two
DATAFLOW,OECD.ELS.SAE:DSD_EARNINGS@MIN2AVE(1.0),Minimum relative to average wages of full-time workers,I,HRV,Croatia,MR_WG_FT,Minimum relative to average wages of full-time workers,PT_WG_A_SAL_FT,Percentage of average wage of full-time employees,_Z,Not applicable,_Z,Not applicable,MEAN,Mean,_Z,Not applicable,2018,,38.57702175,,_Z,,A,Normal value,0,Units,2,Two
DATAFLOW,OECD.ELS.SAE:DSD_EARNINGS@MIN2AVE(1.0),Minimum relative to average wages of full-time workers,I,HRV,Croatia,MR_WG_FT,Minimum relative to average wages of full-time workers,PT_WG_A_SAL_FT,Percentage of average wage of full-time employees,_Z,Not applicable,_Z,Not applicable,MEAN,Mean,_Z,Not applicable,2019,,39.70811736,,_Z,,A,Normal value,0,Units,2,Two
DATAFLOW,OECD.ELS.SAE:DSD_EARNINGS@MIN2AVE(1.0),Minimum relative to average wages of full-time workers,I,HRV,Croatia,MR_WG_FT,Minimum relative to average wages of full-time workers,PT_WG_A_SAL_FT,Percentage of average wage of full-time employees,_Z,Not applicable,_Z,Not applicable,MEAN,Mean,_Z,Not applicable,2020,,40.01508957,,_Z,,A,Normal value,0,Units,2,Two
DATAFLOW,OECD.ELS.SAE:DSD_EARNINGS@MIN2AVE(1.0),Minimum relative to average wages of full-time workers,I,HRV,Croatia,MR_WG_FT,Minimum relative to average wages of full-time workers,PT_WG_A_SAL_FT,Percentage of average wage of full-time employees,_Z,Not applicable,_Z,Not applicable,MEAN,Mean,_Z,Not applicable,2021,,40.18617969,,_Z,,A,Normal value,0,Units,2,Two
DATAFLOW,OECD.ELS.SAE:DSD_EARNINGS@MIN2AVE(1.0),Minimum relative to average wages of full-time workers,I,HRV,Croatia,MR_WG_FT,Minimum relative to average wages of full-time workers,PT_WG_A_SAL_FT,Percentage of average wage of full-time employees,_Z,Not applicable,_Z,Not applicable,MEAN,Mean,_Z,Not applicable,2022,,40.91845037,,_Z,,A,Normal value,0,Units,2,Two
DATAFLOW,OECD.ELS.SAE:DSD_EARNINGS@MIN2AVE(1.0),Minimum relative to average wages of full-time workers,I,HRV,Croatia,MR_WG_FT,Minimum relative to average wages of full-time workers,PT_WG_A_SAL_FT,Percentage of average wage of full-time employees,_Z,Not applicable,_Z,Not applicable,MEAN,Mean,_Z,Not applicable,2023,,40.10526115,,_Z,,A,Normal value,0,Units,2,Two
DATAFLOW,OECD.ELS.SAE:DSD_EARNINGS@MIN2AVE(1.0),Minimum relative to average wages of full-time workers,I,HRV,Croatia,MR_WG_FT,Minimum relative to average wages of full-time workers,PT_WG_A_SAL_FT,Percentage of average wage of full-time employees,_Z,Not applicable,_Z,Not applicable,MEAN,Mean,_Z,Not applicable,2024,,41.99343393,,_Z,,A,Normal value,0,Units,2,Two
DATAFLOW,OECD.ELS.SAE:DSD_EARNINGS@MIN2AVE(1.0),Minimum relative to average wages of full-time workers,I,AUS,Australia,MR_WG_FT,Minimum relative to average wages of full-time workers,PT_WG_A_SAL_FT,Percentage of average wage of full-time employees,_Z,Not applicable,_Z,Not applicable,MEDIAN,Median,_Z,Not applicable,1985,,64.64564565,,_Z,,A,Normal value,0,Units,2,Two
DATAFLOW,OECD.ELS.SAE:DSD_EARNINGS@MIN2AVE(1.0),Minimum relative to average wages of full-time workers,I,AUS,Australia,MR_WG_FT,Minimum relative to average wages of full-time workers,PT_WG_A_SAL_FT,Percentage of average wage of full-time employees,_Z,Not applicable,_Z,Not applicable,MEDIAN,Median,_Z,Not applicable,1986,,62.76966292,,_Z,,A,Normal value,0,Units,2,Two
DATAFLOW,OECD.ELS.SAE:DSD_EARNINGS@MIN2AVE(1.0),Minimum relative to average wages of full-time workers,I,AUS,Australia,MR_WG_FT,Minimum relative to average wages of full-time workers,PT_WG_A_SAL_FT,Percentage of average wage of full-time employees,_Z,Not applicable,_Z,Not applicable,MEDIAN,Median,_Z,Not applicable,1987,,62.9525066,,_Z,,A,Normal value,0,Units,2,Two
DATAFLOW,OECD.ELS.SAE:DSD_EARNINGS@MIN2AVE(1.0),Minimum relative to average wages of full-time workers,I,AUS,Australia,MR_WG_FT,Minimum relative to average wages of full-time workers,PT_WG_A_SAL_FT,Percentage of average wage of full-time employees,_Z,Not applicable,_Z,Not applicable,MEDIAN,Median,_Z,Not applicable,1988,,63.06203474,,_Z,,A,Normal value,0,Units,2,Two
DATAFLOW,OECD.ELS.SAE:DSD_EARNINGS@MIN2AVE(1.0),Minimum relative to average wages of full-time workers,I,AUS,Australia,MR_WG_FT,Minimum relative to average wages of full-time workers,PT_WG_A_SAL_FT,Percentage of average wage of full-time employees,_Z,Not applicable,_Z,Not applicable,MEDIAN,Median,_Z,Not applicable,1989,,62.33027523,,_Z,,A,Normal value,0,Units,2,Two
DATAFLOW,OECD.ELS.SAE:DSD_EARNINGS@MIN2AVE(1.0),Minimum relative to average wages of full-time workers,I,AUS,Australia,MR_WG_FT,Minimum relative to average wages of full-time workers,PT_WG_A_SAL_FT,Percentage of average wage of full-time employees,_Z,Not applicable,_Z,Not applicable,MEDIAN,Median,_Z,Not applicable,1990,,62.87931034,,_Z,,A,Normal value,0,Units,2,Two
DATAFLOW,OECD.ELS.SAE:DSD_EARNINGS@MIN2AVE(1.0),Minimum relative to average wages of full-time workers,I,AUS,Australia,MR_WG_FT,Minimum relative to average wages of full-time workers,PT_WG_A_SAL_FT,Percentage of average wage of full-time employees,_Z,Not applicable,_Z,Not applicable,MEDIAN,Median,_Z,Not applicable,1991,,64.95867769,,_Z,,A,Normal value,0,Units,2,Two
DATAFLOW,OECD.ELS.SAE:DSD_EARNINGS@MIN2AVE(1.0),Minimum relative to average wages of full-time workers,I,AUS,Australia,MR_WG_FT,Minimum relative to average wages of full-time workers,PT_WG_A_SAL_FT,Percentage of average wage of full-time employees,_Z,Not applicable,_Z,Not applicable,MEDIAN,Median,_Z,Not applicable,1992,,64.9500998,,_Z,,A,Normal value,0,Units,2,Two
DATAFLOW,OECD.ELS.SAE:DSD_EARNINGS@MIN2AVE(1.0),Minimum relative to average wages of full-time workers,I,AUS,Australia,MR_WG_FT,Minimum relative to average wages of full-time workers,PT_WG_A_SAL_FT,Percentage of average wage of full-time employees,_Z,Not applicable,_Z,Not applicable,MEDIAN,Median,_Z,Not applicable,1993,,62.09923664,,_Z,,A,Normal value,0,Units,2,Two
DATAFLOW,OECD.ELS.SAE:DSD_EARNINGS@MIN2AVE(1.0),Minimum relative to average wages of full-time workers,I,AUS,Australia,MR_WG_FT,Minimum relative to average wages of full-time workers,PT_WG_A_SAL_FT,Percentage of average wage of full-time employees,_Z,Not applicable,_Z,Not applicable,MEDIAN,Median,_Z,Not applicable,1994,,61.51291513,,_Z,,A,Normal value,0,Units,2,Two
DATAFLOW,OECD.ELS.SAE:DSD_EARNINGS@MIN2AVE(1.0),Minimum relative to average wages of full-time workers,I,AUS,Australia,MR_WG_FT,Minimum relative to average wages of full-time workers,PT_WG_A_SAL_FT,Percentage of average wage of full-time employees,_Z,Not applicable,_Z,Not applicable,MEDIAN,Median,_Z,Not applicable,1995,,61.4028777,,_Z,,A,Normal value,0,Units,2,Two
DATAFLOW,OECD.ELS.SAE:DSD_EARNINGS@MIN2AVE(1.0),Minimum relative to average wages of full-time workers,I,AUS,Australia,MR_WG_FT,Minimum relative to average wages of full-time workers,PT_WG_A_SAL_FT,Percentage of average wage of full-time employees,_Z,Not applicable,_Z,Not applicable,MEDIAN,Median,_Z,Not applicable,1996,,60.44982699,,_Z,,A,Normal value,0,Units,2,Two
DATAFLOW,OECD.ELS.SAE:DSD_EARNINGS@MIN2AVE(1.0),Minimum relative to average wages of full-time workers,I,AUS,Australia,MR_WG_FT,Minimum relative to average wages of full-time workers,PT_WG_A_SAL_FT,Percentage of average wage of full-time employees,_Z,Not applicable,_Z,Not applicable,MEDIAN,Median,_Z,Not applicable,1997,,59.9,,_Z,,A,Normal value,0,Units,2,Two
DATAFLOW,OECD.ELS.SAE:DSD_EARNINGS@MIN2AVE(1.0),Minimum relative to average wages of full-time workers,I,AUS,Australia,MR_WG_FT,Minimum relative to average wages of full-time workers,PT_WG_A_SAL_FT,Percentage of average wage of full-time employees,_Z,Not applicable,_Z,Not applicable,MEDIAN,Median,_Z,Not applicable,1998,,60.71544715,,_Z,,A,Normal value,0,Units,2,Two
DATAFLOW,OECD.ELS.SAE:DSD_EARNINGS@MIN2AVE(1.0),Minimum relative to average wages of full-time workers,I,AUS,Australia,MR_WG_FT,Minimum relative to average wages of full-time workers,PT_WG_A_SAL_FT,Percentage of average wage of full-time employees,_Z,Not applicable,_Z,Not applicable,MEDIAN,Median,_Z,Not applicable,1999,,59.11042945,,_Z,,A,Normal value,0,Units,2,Two
DATAFLOW,OECD.ELS.SAE:DSD_EARNINGS@MIN2AVE(1.0),Minimum relative to average wages of full-time workers,I,AUS,Australia,MR_WG_FT,Minimum relative to average wages of full-time workers,PT_WG_A_SAL_FT,Percentage of average wage of full-time employees,_Z,Not applicable,_Z,Not applicable,MEDIAN,Median,_Z,Not applicable,2000,,57.6945245,,_Z,,A,Normal value,0,Units,2,Two
DATAFLOW,OECD.ELS.SAE:DSD_EARNINGS@MIN2AVE(1.0),Minimum relative to average wages of full-time workers,I,AUS,Australia,MR_WG_FT,Minimum relative to average wages of full-time workers,PT_WG_A_SAL_FT,Percentage of average wage of full-time employees,_Z,Not applicable,_Z,Not applicable,MEDIAN,Median,_Z,Not applicable,2001,,58.14345992,,_Z,,A,Normal value,0,Units,2,Two
DATAFLOW,OECD.ELS.SAE:DSD_EARNINGS@MIN2AVE(1.0),Minimum relative to average wages of full-time workers,I,AUS,Australia,MR_WG_FT,Minimum relative to average wages of full-time workers,PT_WG_A_SAL_FT,Percentage of average wage of full-time employees,_Z,Not applicable,_Z,Not applicable,MEDIAN,Median,_Z,Not applicable,2002,,57.52,,_Z,,A,Normal value,0,Units,2,Two
DATAFLOW,OECD.ELS.SAE:DSD_EARNINGS@MIN2AVE(1.0),Minimum relative to average wages of full-time workers,I,AUS,Australia,MR_WG_FT,Minimum relative to average wages of full-time workers,PT_WG_A_SAL_FT,Percentage of average wage of full-time employees,_Z,Not applicable,_Z,Not applicable,MEDIAN,Median,_Z,Not applicable,2003,,58.30949285,,_Z,,A,Normal value,0,Units,2,Two
DATAFLOW,OECD.ELS.SAE:DSD_EARNINGS@MIN2AVE(1.0),Minimum relative to average wages of full-time workers,I,AUS,Australia,MR_WG_FT,Minimum relative to average wages of full-time workers,PT_WG_A_SAL_FT,Percentage of average wage of full-time employees,_Z,Not applicable,_Z,Not applicable,MEDIAN,Median,_Z,Not applicable,2004,,58.425,,_Z,,A,Normal value,0,Units,2,Two
DATAFLOW,OECD.ELS.SAE:DSD_EARNINGS@MIN2AVE(1.0),Minimum relative to average wages of full-time workers,I,AUS,Australia,MR_WG_FT,Minimum relative to average wages of full-time workers,PT_WG_A_SAL_FT,Percentage of average wage of full-time employees,_Z,Not applicable,_Z,Not applicable,MEDIAN,Median,_Z,Not applicable,2005,,57.46144721,,_Z,,A,Normal value,0,Units,2,Two
DATAFLOW,OECD.ELS.SAE:DSD_EARNINGS@MIN2AVE(1.0),Minimum relative to average wages of full-time workers,I,AUS,Australia,MR_WG_FT,Minimum relative to average wages of full-time workers,PT_WG_A_SAL_FT,Percentage of average wage of full-time employees,_Z,Not applicable,_Z,Not applicable,MEDIAN,Median,_Z,Not applicable,2006,,53.82222222,,_Z,,A,Normal value,0,Units,2,Two
DATAFLOW,OECD.ELS.SAE:DSD_EARNINGS@MIN2AVE(1.0),Minimum relative to average wages of full-time workers,I,AUS,Australia,MR_WG_FT,Minimum relative to average wages of full-time workers,PT_WG_A_SAL_FT,Percentage of average wage of full-time employees,_Z,Not applicable,_Z,Not applicable,MEDIAN,Median,_Z,Not applicable,2007,,54.4712766,,_Z,,A,Normal value,0,Units,2,Two
DATAFLOW,OECD.ELS.SAE:DSD_EARNINGS@MIN2AVE(1.0),Minimum relative to average wages of full-time workers,I,AUS,Australia,MR_WG_FT,Minimum relative to average wages of full-time workers,PT_WG_A_SAL_FT,Percentage of average wage of full-time employees,_Z,Not applicable,_Z,Not applicable,MEDIAN,Median,_Z,Not applicable,2008,,52.212,,_Z,,A,Normal value,0,Units,2,Two
DATAFLOW,OECD.ELS.SAE:DSD_EARNINGS@MIN2AVE(1.0),Minimum relative to average wages of full-time workers,I,AUS,Australia,MR_WG_FT,Minimum relative to average wages of full-time workers,PT_WG_A_SAL_FT,Percentage of average wage of full-time employees,_Z,Not applicable,_Z,Not applicable,MEDIAN,Median,_Z,Not applicable,2009,,54.378,,_Z,,A,Normal value,0,Units,2,Two
DATAFLOW,OECD.ELS.SAE:DSD_EARNINGS@MIN2AVE(1.0),Minimum relative to average wages of full-time workers,I,AUS,Australia,MR_WG_FT,Minimum relative to average wages of full-time workers,PT_WG_A_SAL_FT,Percentage of average wage of full-time employees,_Z,Not applicable,_Z,Not applicable,MEDIAN,Median,_Z,Not applicable,2010,,54.27619048,,_Z,,A,Normal value,0,Units,2,Two
DATAFLOW,OECD.ELS.SAE:DSD_EARNINGS@MIN2AVE(1.0),Minimum relative to average wages of full-time workers,I,AUS,Australia,MR_WG_FT,Minimum relative to average wages of full-time workers,PT_WG_A_SAL_FT,Percentage of average wage of full-time employees,_Z,Not applicable,_Z,Not applicable,MEDIAN,Median,_Z,Not applicable,2011,,53.57272727,,_Z,,A,Normal value,0,Units,2,Two
DATAFLOW,OECD.ELS.SAE:DSD_EARNINGS@MIN2AVE(1.0),Minimum relative to average wages of full-time workers,I,AUS,Australia,MR_WG_FT,Minimum relative to average wages of full-time workers,PT_WG_A_SAL_FT,Percentage of average wage of full-time employees,_Z,Not applicable,_Z,Not applicable,MEDIAN,Median,_Z,Not applicable,2012,,52.73043478,,_Z,,A,Normal value,0,Units,2,Two
DATAFLOW,OECD.ELS.SAE:DSD_EARNINGS@MIN2AVE(1.0),Minimum relative to average wages of full-time workers,I,AUS,Australia,MR_WG_FT,Minimum relative to average wages of full-time workers,PT_WG_A_SAL_FT,Percentage of average wage of full-time employees,_Z,Not applicable,_Z,Not applicable,MEDIAN,Median,_Z,Not applicable,2013,,53.96357329,,_Z,,A,Normal value,0,Units,2,Two
DATAFLOW,OECD.ELS.SAE:DSD_EARNINGS@MIN2AVE(1.0),Minimum relative to average wages of full-time workers,I,AUS,Australia,MR_WG_FT,Minimum relative to average wages of full-time workers,PT_WG_A_SAL_FT,Percentage of average wage of full-time employees,_Z,Not applicable,_Z,Not applicable,MEDIAN,Median,_Z,Not applicable,2014,,53.05463576,,_Z,,A,Normal value,0,Units,2,Two
DATAFLOW,OECD.ELS.SAE:DSD_EARNINGS@MIN2AVE(1.0),Minimum relative to average wages of full-time workers,I,AUS,Australia,MR_WG_FT,Minimum relative to average wages of full-time workers,PT_WG_A_SAL_FT,Percentage of average wage of full-time employees,_Z,Not applicable,_Z,Not applicable,MEDIAN,Median,_Z,Not applicable,2015,,53.29986101,,_Z,,A,Normal value,0,Units,2,Two
DATAFLOW,OECD.ELS.SAE:DSD_EARNINGS@MIN2AVE(1.0),Minimum relative to average wages of full-time workers,I,AUS,Australia,MR_WG_FT,Minimum relative to average wages of full-time workers,PT_WG_A_SAL_FT,Percentage of average wage of full-time employees,_Z,Not applicable,_Z,Not applicable,MEDIAN,Median,_Z,Not applicable,2016,,53.816,,_Z,,A,Normal value,0,Units,2,Two
DATAFLOW,OECD.ELS.SAE:DSD_EARNINGS@MIN2AVE(1.0),Minimum relative to average wages of full-time workers,I,AUS,Australia,MR_WG_FT,Minimum relative to average wages of full-time workers,PT_WG_A_SAL_FT,Percentage of average wage of full-time employees,_Z,Not applicable,_Z,Not applicable,MEDIAN,Median,_Z,Not applicable,2017,,54.24668228,,_Z,,A,Normal value,0,Units,2,Two
DATAFLOW,OECD.ELS.SAE:DSD_EARNINGS@MIN2AVE(1.0),Minimum relative to average wages of full-time workers,I,AUS,Australia,MR_WG_FT,Minimum relative to average wages of full-time workers,PT_WG_A_SAL_FT,Percentage of average wage of full-time employees,_Z,Not applicable,_Z,Not applicable,MEDIAN,Median,_Z,Not applicable,2018,,53.59165425,,_Z,,A,Normal value,0,Units,2,Two
DATAFLOW,OECD.ELS.SAE:DSD_EARNINGS@MIN2AVE(1.0),Minimum relative to average wages of full-time workers,I,AUS,Australia,MR_WG_FT,Minimum relative to average wages of full-time workers,PT_WG_A_SAL_FT,Percentage of average wage of full-time employees,_Z,Not applicable,_Z,Not applicable,MEDIAN,Median,_Z,Not applicable,2019,,53.8372093,,_Z,,A,Normal value,0,Units,2,Two
DATAFLOW,OECD.ELS.SAE:DSD_EARNINGS@MIN2AVE(1.0),Minimum relative to average wages of full-time workers,I,AUS,Australia,MR_WG_FT,Minimum relative to average wages of full-time workers,PT_WG_A_SAL_FT,Percentage of average wage of full-time employees,_Z,Not applicable,_Z,Not applicable,MEDIAN,Median,_Z,Not applicable,2020,,52.60293091,,_Z,,A,Normal value,0,Units,2,Two
DATAFLOW,OECD.ELS.SAE:DSD_EARNINGS@MIN2AVE(1.0),Minimum relative to average wages of full-time workers,I,AUS,Australia,MR_WG_FT,Minimum relative to average wages of full-time workers,PT_WG_A_SAL_FT,Percentage of average wage of full-time employees,_Z,Not applicable,_Z,Not applicable,MEDIAN,Median,_Z,Not applicable,2021,,51.54102735,,_Z,,A,Normal value,0,Units,2,Two
DATAFLOW,OECD.ELS.SAE:DSD_EARNINGS@MIN2AVE(1.0),Minimum relative to average wages of full-time workers,I,AUS,Australia,MR_WG_FT,Minimum relative to average wages of full-time workers,PT_WG_A_SAL_FT,Percentage of average wage of full-time employees,_Z,Not applicable,_Z,Not applicable,MEDIAN,Median,_Z,Not applicable,2022,,53.60158311,,_Z,,A,Normal value,0,Units,2,Two
DATAFLOW,OECD.ELS.SAE:DSD_EARNINGS@MIN2AVE(1.0),Minimum relative to average wages of full-time workers,I,AUS,Australia,MR_WG_FT,Minimum relative to average wages of full-time workers,PT_WG_A_SAL_FT,Percentage of average wage of full-time employees,_Z,Not applicable,_Z,Not applicable,MEDIAN,Median,_Z,Not applicable,2023,,55.175,,_Z,,A,Normal value,0,Units,2,Two
DATAFLOW,OECD.ELS.SAE:DSD_EARNINGS@MIN2AVE(1.0),Minimum relative to average wages of full-time workers,I,AUS,Australia,MR_WG_FT,Minimum relative to average wages of full-time workers,PT_WG_A_SAL_FT,Percentage of average wage of full-time employees,_Z,Not applicable,_Z,Not applicable,MEDIAN,Median,_Z,Not applicable,2024,,53.87647059,,_Z,,A,Normal value,0,Units,2,Two
DATAFLOW,OECD.ELS.SAE:DSD_EARNINGS@MIN2AVE(1.0),Minimum relative to average wages of full-time workers,I,BEL,Belgium,MR_WG_FT,Minimum relative to average wages of full-time workers,PT_WG_A_SAL_FT,Percentage of average wage of full-time employees,_Z,Not applicable,_Z,Not applicable,MEDIAN,Median,_Z,Not applicable,1975,,54.59068931,,_Z,,A,Normal value,0,Units,2,Two
DATAFLOW,OECD.ELS.SAE:DSD_EARNINGS@MIN2AVE(1.0),Minimum relative to average wages of full-time workers,I,BEL,Belgium,MR_WG_FT,Minimum relative to average wages of full-time workers,PT_WG_A_SAL_FT,Percentage of average wage of full-time employees,_Z,Not applicable,_Z,Not applicable,MEDIAN,Median,_Z,Not applicable,1976,,53.6248366,,_Z,,A,Normal value,0,Units,2,Two
DATAFLOW,OECD.ELS.SAE:DSD_EARNINGS@MIN2AVE(1.0),Minimum relative to average wages of full-time workers,I,BEL,Belgium,MR_WG_FT,Minimum relative to average wages of full-time workers,PT_WG_A_SAL_FT,Percentage of average wage of full-time employees,_Z,Not applicable,_Z,Not applicable,MEDIAN,Median,_Z,Not applicable,1977,,53.12972572,,_Z,,A,Normal value,0,Units,2,Two
DATAFLOW,OECD.ELS.SAE:DSD_EARNINGS@MIN2AVE(1.0),Minimum relative to average wages of full-time workers,I,BEL,Belgium,MR_WG_FT,Minimum relative to average wages of full-time workers,PT_WG_A_SAL_FT,Percentage of average wage of full-time employees,_Z,Not applicable,_Z,Not applicable,MEDIAN,Median,_Z,Not applicable,1978,,52.17553007,,_Z,,A,Normal value,0,Units,2,Two
DATAFLOW,OECD.ELS.SAE:DSD_EARNINGS@MIN2AVE(1.0),Minimum relative to average wages of full-time workers,I,BEL,Belgium,MR_WG_FT,Minimum relative to average wages of full-time workers,PT_WG_A_SAL_FT,Percentage of average wage of full-time employees,_Z,Not applicable,_Z,Not applicable,MEDIAN,Median,_Z,Not applicable,1979,,51.38065523,,_Z,,A,Normal value,0,Units,2,Two
DATAFLOW,OECD.ELS.SAE:DSD_EARNINGS@MIN2AVE(1.0),Minimum relative to average wages of full-time workers,I,BEL,Belgium,MR_WG_FT,Minimum relative to average wages of full-time workers,PT_WG_A_SAL_FT,Percentage of average wage of full-time employees,_Z,Not applicable,_Z,Not applicable,MEDIAN,Median,_Z,Not applicable,1980,,51.02669531,,_Z,,A,Normal value,0,Units,2,Two
DATAFLOW,OECD.ELS.SAE:DSD_EARNINGS@MIN2AVE(1.0),Minimum relative to average wages of full-time workers,I,BEL,Belgium,MR_WG_FT,Minimum relative to average wages of full-time workers,PT_WG_A_SAL_FT,Percentage of average wage of full-time employees,_Z,Not applicable,_Z,Not applicable,MEDIAN,Median,_Z,Not applicable,1981,,52.82116944,,_Z,,A,Normal value,0,Units,2,Two
DATAFLOW,OECD.ELS.SAE:DSD_EARNINGS@MIN2AVE(1.0),Minimum relative to average wages of full-time workers,I,BEL,Belgium,MR_WG_FT,Minimum relative to average wages of full-time workers,PT_WG_A_SAL_FT,Percentage of average wage of full-time employees,_Z,Not applicable,_Z,Not applicable,MEDIAN,Median,_Z,Not applicable,1982,,55.50913075,,_Z,,A,Normal value,0,Units,2,Two
DATAFLOW,OECD.ELS.SAE:DSD_EARNINGS@MIN2AVE(1.0),Minimum relative to average wages of full-time workers,I,BEL,Belgium,MR_WG_FT,Minimum relative to average wages of full-time workers,PT_WG_A_SAL_FT,Percentage of average wage of full-time employees,_Z,Not applicable,_Z,Not applicable,MEDIAN,Median,_Z,Not applicable,1983,,56.59197787,,_Z,,A,Normal value,0,Units,2,Two
DATAFLOW,OECD.ELS.SAE:DSD_EARNINGS@MIN2AVE(1.0),Minimum relative to average wages of full-time workers,I,BEL,Belgium,MR_WG_FT,Minimum relative to average wages of full-time workers,PT_WG_A_SAL_FT,Percentage of average wage of full-time employees,_Z,Not applicable,_Z,Not applicable,MEDIAN,Median,_Z,Not applicable,1984,,56.58668508,,_Z,,A,Normal value,0,Units,2,Two
DATAFLOW,OECD.ELS.SAE:DSD_EARNINGS@MIN2AVE(1.0),Minimum relative to average wages of full-time workers,I,BEL,Belgium,MR_WG_FT,Minimum relative to average wages of full-time workers,PT_WG_A_SAL_FT,Percentage of average wage of full-time employees,_Z,Not applicable,_Z,Not applicable,MEDIAN,Median,_Z,Not applicable,1985,,56.49143456,,_Z,,A,Normal value,0,Units,2,Two
DATAFLOW,OECD.ELS.SAE:DSD_EARNINGS@MIN2AVE(1.0),Minimum relative to average wages of full-time workers,I,BEL,Belgium,MR_WG_FT,Minimum relative to average wages of full-time workers,PT_WG_A_SAL_FT,Percentage of average wage of full-time employees,_Z,Not applicable,_Z,Not applicable,MEDIAN,Median,_Z,Not applicable,1986,,56.97122839,,_Z,,A,Normal value,0,Units,2,Two
DATAFLOW,OECD.ELS.SAE:DSD_EARNINGS@MIN2AVE(1.0),Minimum relative to average wages of full-time workers,I,BEL,Belgium,MR_WG_FT,Minimum relative to average wages of full-time workers,PT_WG_A_SAL_FT,Percentage of average wage of full-time employees,_Z,Not applicable,_Z,Not applicable,MEDIAN,Median,_Z,Not applicable,1987,,56.66857078,,_Z,,A,Normal value,0,Units,2,Two
DATAFLOW,OECD.ELS.SAE:DSD_EARNINGS@MIN2AVE(1.0),Minimum relative to average wages of full-time workers,I,BEL,Belgium,MR_WG_FT,Minimum relative to average wages of full-time workers,PT_WG_A_SAL_FT,Percentage of average wage of full-time employees,_Z,Not applicable,_Z,Not applicable,MEDIAN,Median,_Z,Not applicable,1988,,56.79782035,,_Z,,A,Normal value,0,Units,2,Two
DATAFLOW,OECD.ELS.SAE:DSD_EARNINGS@MIN2AVE(1.0),Minimum relative to average wages of full-time workers,I,BEL,Belgium,MR_WG_FT,Minimum relative to average wages of full-time workers,PT_WG_A_SAL_FT,Percentage of average wage of full-time employees,_Z,Not applicable,_Z,Not applicable,MEDIAN,Median,_Z,Not applicable,1989,,56.23573549,,_Z,,A,Normal value,0,Units,2,Two
DATAFLOW,OECD.ELS.SAE:DSD_EARNINGS@MIN2AVE(1.0),Minimum relative to average wages of full-time workers,I,BEL,Belgium,MR_WG_FT,Minimum relative to average wages of full-time workers,PT_WG_A_SAL_FT,Percentage of average wage of full-time employees,_Z,Not applicable,_Z,Not applicable,MEDIAN,Median,_Z,Not applicable,1990,,55.24648466,,_Z,,A,Normal value,0,Units,2,Two
DATAFLOW,OECD.ELS.SAE:DSD_EARNINGS@MIN2AVE(1.0),Minimum relative to average wages of full-time workers,I,BEL,Belgium,MR_WG_FT,Minimum relative to average wages of full-time workers,PT_WG_A_SAL_FT,Percentage of average wage of full-time employees,_Z,Not applicable,_Z,Not applicable,MEDIAN,Median,_Z,Not applicable,1991,,55.34142148,,_Z,,A,Normal value,0,Units,2,Two
DATAFLOW,OECD.ELS.SAE:DSD_EARNINGS@MIN2AVE(1.0),Minimum relative to average wages of full-time workers,I,BEL,Belgium,MR_WG_FT,Minimum relative to average wages of full-time workers,PT_WG_A_SAL_FT,Percentage of average wage of full-time employees,_Z,Not applicable,_Z,Not applicable,MEDIAN,Median,_Z,Not applicable,1992,,56.41599171,,_Z,,A,Normal value,0,Units,2,Two
DATAFLOW,OECD.ELS.SAE:DSD_EARNINGS@MIN2AVE(1.0),Minimum relative to average wages of full-time workers,I,BEL,Belgium,MR_WG_FT,Minimum relative to average wages of full-time workers,PT_WG_A_SAL_FT,Percentage of average wage of full-time employees,_Z,Not applicable,_Z,Not applicable,MEDIAN,Median,_Z,Not applicable,1993,,56.34537861,,_Z,,A,Normal value,0,Units,2,Two
DATAFLOW,OECD.ELS.SAE:DSD_EARNINGS@MIN2AVE(1.0),Minimum relative to average wages of full-time workers,I,BEL,Belgium,MR_WG_FT,Minimum relative to average wages of full-time workers,PT_WG_A_SAL_FT,Percentage of average wage of full-time employees,_Z,Not applicable,_Z,Not applicable,MEDIAN,Median,_Z,Not applicable,1994,,55.92367863,,_Z,,A,Normal value,0,Units,2,Two
DATAFLOW,OECD.ELS.SAE:DSD_EARNINGS@MIN2AVE(1.0),Minimum relative to average wages of full-time workers,I,BEL,Belgium,MR_WG_FT,Minimum relative to average wages of full-time workers,PT_WG_A_SAL_FT,Percentage of average wage of full-time employees,_Z,Not applicable,_Z,Not applicable,MEDIAN,Median,_Z,Not applicable,1995,,55.98696559,,_Z,,A,Normal value,0,Units,2,Two
DATAFLOW,OECD.ELS.SAE:DSD_EARNINGS@MIN2AVE(1.0),Minimum relative to average wages of full-time workers,I,BEL,Belgium,MR_WG_FT,Minimum relative to average wages of full-time workers,PT_WG_A_SAL_FT,Percentage of average wage of full-time employees,_Z,Not applicable,_Z,Not applicable,MEDIAN,Median,_Z,Not applicable,1996,,55.49781196,,_Z,,A,Normal value,0,Units,2,Two
DATAFLOW,OECD.ELS.SAE:DSD_EARNINGS@MIN2AVE(1.0),Minimum relative to average wages of full-time workers,I,BEL,Belgium,MR_WG_FT,Minimum relative to average wages of full-time workers,PT_WG_A_SAL_FT,Percentage of average wage of full-time employees,_Z,Not applicable,_Z,Not applicable,MEDIAN,Median,_Z,Not applicable,1997,,54.72431443,,_Z,,A,Normal value,0,Units,2,Two
DATAFLOW,OECD.ELS.SAE:DSD_EARNINGS@MIN2AVE(1.0),Minimum relative to average wages of full-time workers,I,BEL,Belgium,MR_WG_FT,Minimum relative to average wages of full-time workers,PT_WG_A_SAL_FT,Percentage of average wage of full-time employees,_Z,Not applicable,_Z,Not applicable,MEDIAN,Median,_Z,Not applicable,1998,,53.49115314,,_Z,,A,Normal value,0,Units,2,Two
DATAFLOW,OECD.ELS.SAE:DSD_EARNINGS@MIN2AVE(1.0),Minimum relative to average wages of full-time workers,I,BEL,Belgium,MR_WG_FT,Minimum relative to average wages of full-time workers,PT_WG_A_SAL_FT,Percentage of average wage of full-time employees,_Z,Not applicable,_Z,Not applicable,MEDIAN,Median,_Z,Not applicable,1999,,51.96917605,,_Z,,A,Normal value,0,Units,2,Two
DATAFLOW,OECD.ELS.SAE:DSD_EARNINGS@MIN2AVE(1.0),Minimum relative to average wages of full-time workers,I,BEL,Belgium,MR_WG_FT,Minimum relative to average wages of full-time workers,PT_WG_A_SAL_FT,Percentage of average wage of full-time employees,_Z,Not applicable,_Z,Not applicable,MEDIAN,Median,_Z,Not applicable,2000,,50.50424363,,_Z,,A,Normal value,0,Units,2,Two
DATAFLOW,OECD.ELS.SAE:DSD_EARNINGS@MIN2AVE(1.0),Minimum relative to average wages of full-time workers,I,BEL,Belgium,MR_WG_FT,Minimum relative to average wages of full-time workers,PT_WG_A_SAL_FT,Percentage of average wage of full-time employees,_Z,Not applicable,_Z,Not applicable,MEDIAN,Median,_Z,Not applicable,2001,,49.61810591,,_Z,,A,Normal value,0,Units,2,Two
DATAFLOW,OECD.ELS.SAE:DSD_EARNINGS@MIN2AVE(1.0),Minimum relative to average wages of full-time workers,I,BEL,Belgium,MR_WG_FT,Minimum relative to average wages of full-time workers,PT_WG_A_SAL_FT,Percentage of average wage of full-time employees,_Z,Not applicable,_Z,Not applicable,MEDIAN,Median,_Z,Not applicable,2002,,50.14458178,,_Z,,A,Normal value,0,Units,2,Two
DATAFLOW,OECD.ELS.SAE:DSD_EARNINGS@MIN2AVE(1.0),Minimum relative to average wages of full-time workers,I,BEL,Belgium,MR_WG_FT,Minimum relative to average wages of full-time workers,PT_WG_A_SAL_FT,Percentage of average wage of full-time employees,_Z,Not applicable,_Z,Not applicable,MEDIAN,Median,_Z,Not applicable,2003,,48.7615193,,_Z,,A,Normal value,0,Units,2,Two
DATAFLOW,OECD.ELS.SAE:DSD_EARNINGS@MIN2AVE(1.0),Minimum relative to average wages of full-time workers,I,BEL,Belgium,MR_WG_FT,Minimum relative to average wages of full-time workers,PT_WG_A_SAL_FT,Percentage of average wage of full-time employees,_Z,Not applicable,_Z,Not applicable,MEDIAN,Median,_Z,Not applicable,2004,,48.38625472,,_Z,,A,Normal value,0,Units,2,Two
DATAFLOW,OECD.ELS.SAE:DSD_EARNINGS@MIN2AVE(1.0),Minimum relative to average wages of full-time workers,I,BEL,Belgium,MR_WG_FT,Minimum relative to average wages of full-time workers,PT_WG_A_SAL_FT,Percentage of average wage of full-time employees,_Z,Not applicable,_Z,Not applicable,MEDIAN,Median,_Z,Not applicable,2005,,48.29536005,,_Z,,A,Normal value,0,Units,2,Two
DATAFLOW,OECD.ELS.SAE:DSD_EARNINGS@MIN2AVE(1.0),Minimum relative to average wages of full-time workers,I,BEL,Belgium,MR_WG_FT,Minimum relative to average wages of full-time workers,PT_WG_A_SAL_FT,Percentage of average wage of full-time employees,_Z,Not applicable,_Z,Not applicable,MEDIAN,Median,_Z,Not applicable,2006,,47.55145949,,_Z,,A,Normal value,0,Units,2,Two
DATAFLOW,OECD.ELS.SAE:DSD_EARNINGS@MIN2AVE(1.0),Minimum relative to average wages of full-time workers,I,BEL,Belgium,MR_WG_FT,Minimum relative to average wages of full-time workers,PT_WG_A_SAL_FT,Percentage of average wage of full-time employees,_Z,Not applicable,_Z,Not applicable,MEDIAN,Median,_Z,Not applicable,2007,,47.90351456,,_Z,,A,Normal value,0,Units,2,Two
DATAFLOW,OECD.ELS.SAE:DSD_EARNINGS@MIN2AVE(1.0),Minimum relative to average wages of full-time workers,I,BEL,Belgium,MR_WG_FT,Minimum relative to average wages of full-time workers,PT_WG_A_SAL_FT,Percentage of average wage of full-time employees,_Z,Not applicable,_Z,Not applicable,MEDIAN,Median,_Z,Not applicable,2008,,47.96011482,,_Z,,A,Normal value,0,Units,2,Two
DATAFLOW,OECD.ELS.SAE:DSD_EARNINGS@MIN2AVE(1.0),Minimum relative to average wages of full-time workers,I,BEL,Belgium,MR_WG_FT,Minimum relative to average wages of full-time workers,PT_WG_A_SAL_FT,Percentage of average wage of full-time employees,_Z,Not applicable,_Z,Not applicable,MEDIAN,Median,_Z,Not applicable,2009,,49.42706169,,_Z,,A,Normal value,0,Units,2,Two
DATAFLOW,OECD.ELS.SAE:DSD_EARNINGS@MIN2AVE(1.0),Minimum relative to average wages of full-time workers,I,BEL,Belgium,MR_WG_FT,Minimum relative to average wages of full-time workers,PT_WG_A_SAL_FT,Percentage of average wage of full-time employees,_Z,Not applicable,_Z,Not applicable,MEDIAN,Median,_Z,Not applicable,2010,,48.25947074,,_Z,,A,Normal value,0,Units,2,Two
DATAFLOW,OECD.ELS.SAE:DSD_EARNINGS@MIN2AVE(1.0),Minimum relative to average wages of full-time workers,I,BEL,Belgium,MR_WG_FT,Minimum relative to average wages of full-time workers,PT_WG_A_SAL_FT,Percentage of average wage of full-time employees,_Z,Not applicable,_Z,Not applicable,MEDIAN,Median,_Z,Not applicable,2011,,48.63662914,,_Z,,A,Normal value,0,Units,2,Two
DATAFLOW,OECD.ELS.SAE:DSD_EARNINGS@MIN2AVE(1.0),Minimum relative to average wages of full-time workers,I,BEL,Belgium,MR_WG_FT,Minimum relative to average wages of full-time workers,PT_WG_A_SAL_FT,Percentage of average wage of full-time employees,_Z,Not applicable,_Z,Not applicable,MEDIAN,Median,_Z,Not applicable,2012,,48.31881576,,_Z,,A,Normal value,0,Units,2,Two
DATAFLOW,OECD.ELS.SAE:DSD_EARNINGS@MIN2AVE(1.0),Minimum relative to average wages of full-time workers,I,BEL,Belgium,MR_WG_FT,Minimum relative to average wages of full-time workers,PT_WG_A_SAL_FT,Percentage of average wage of full-time employees,_Z,Not applicable,_Z,Not applicable,MEDIAN,Median,_Z,Not applicable,2013,,49.35732479,,_Z,,A,Normal value,0,Units,2,Two
DATAFLOW,OECD.ELS.SAE:DSD_EARNINGS@MIN2AVE(1.0),Minimum relative to average wages of full-time workers,I,BEL,Belgium,MR_WG_FT,Minimum relative to average wages of full-time workers,PT_WG_A_SAL_FT,Percentage of average wage of full-time employees,_Z,Not applicable,_Z,Not applicable,MEDIAN,Median,_Z,Not applicable,2014,,47.25552613,,_Z,,A,Normal value,0,Units,2,Two
DATAFLOW,OECD.ELS.SAE:DSD_EARNINGS@MIN2AVE(1.0),Minimum relative to average wages of full-time workers,I,BEL,Belgium,MR_WG_FT,Minimum relative to average wages of full-time workers,PT_WG_A_SAL_FT,Percentage of average wage of full-time employees,_Z,Not applicable,_Z,Not applicable,MEDIAN,Median,_Z,Not applicable,2015,,45.33340041,,_Z,,A,Normal value,0,Units,2,Two
DATAFLOW,OECD.ELS.SAE:DSD_EARNINGS@MIN2AVE(1.0),Minimum relative to average wages of full-time workers,I,BEL,Belgium,MR_WG_FT,Minimum relative to average wages of full-time workers,PT_WG_A_SAL_FT,Percentage of average wage of full-time employees,_Z,Not applicable,_Z,Not applicable,MEDIAN,Median,_Z,Not applicable,2016,,45.70621469,,_Z,,A,Normal value,0,Units,2,Two
DATAFLOW,OECD.ELS.SAE:DSD_EARNINGS@MIN2AVE(1.0),Minimum relative to average wages of full-time workers,I,BEL,Belgium,MR_WG_FT,Minimum relative to average wages of full-time workers,PT_WG_A_SAL_FT,Percentage of average wage of full-time employees,_Z,Not applicable,_Z,Not applicable,MEDIAN,Median,_Z,Not applicable,2017,,45.28344959,,_Z,,A,Normal value,0,Units,2,Two
DATAFLOW,OECD.ELS.SAE:DSD_EARNINGS@MIN2AVE(1.0),Minimum relative to average wages of full-time workers,I,BEL,Belgium,MR_WG_FT,Minimum relative to average wages of full-time workers,PT_WG_A_SAL_FT,Percentage of average wage of full-time employees,_Z,Not applicable,_Z,Not applicable,MEDIAN,Median,_Z,Not applicable,2018,,42.69371585,,_Z,,A,Normal value,0,Units,2,Two
DATAFLOW,OECD.ELS.SAE:DSD_EARNINGS@MIN2AVE(1.0),Minimum relative to average wages of full-time workers,I,BEL,Belgium,MR_WG_FT,Minimum relative to average wages of full-time workers,PT_WG_A_SAL_FT,Percentage of average wage of full-time employees,_Z,Not applicable,_Z,Not applicable,MEDIAN,Median,_Z,Not applicable,2019,,41.98523532,,_Z,,A,Normal value,0,Units,2,Two
DATAFLOW,OECD.ELS.SAE:DSD_EARNINGS@MIN2AVE(1.0),Minimum relative to average wages of full-time workers,I,BEL,Belgium,MR_WG_FT,Minimum relative to average wages of full-time workers,PT_WG_A_SAL_FT,Percentage of average wage of full-time employees,_Z,Not applicable,_Z,Not applicable,MEDIAN,Median,_Z,Not applicable,2020,,41.64103875,,_Z,,A,Normal value,0,Units,2,Two
DATAFLOW,OECD.ELS.SAE:DSD_EARNINGS@MIN2AVE(1.0),Minimum relative to average wages of full-time workers,I,BEL,Belgium,MR_WG_FT,Minimum relative to average wages of full-time workers,PT_WG_A_SAL_FT,Percentage of average wage of full-time employees,_Z,Not applicable,_Z,Not applicable,MEDIAN,Median,_Z,Not applicable,2021,,41.03727022,,_Z,,A,Normal value,0,Units,2,Two
DATAFLOW,OECD.ELS.SAE:DSD_EARNINGS@MIN2AVE(1.0),Minimum relative to average wages of full-time workers,I,BEL,Belgium,MR_WG_FT,Minimum relative to average wages of full-time workers,PT_WG_A_SAL_FT,Percentage of average wage of full-time employees,_Z,Not applicable,_Z,Not applicable,MEDIAN,Median,_Z,Not applicable,2022,,46.12865728,,_Z,,A,Normal value,0,Units,2,Two
DATAFLOW,OECD.ELS.SAE:DSD_EARNINGS@MIN2AVE(1.0),Minimum relative to average wages of full-time workers,I,BEL,Belgium,MR_WG_FT,Minimum relative to average wages of full-time workers,PT_WG_A_SAL_FT,Percentage of average wage of full-time employees,_Z,Not applicable,_Z,Not applicable,MEDIAN,Median,_Z,Not applicable,2023,,48.73468574,,_Z,,A,Normal value,0,Units,2,Two
DATAFLOW,OECD.ELS.SAE:DSD_EARNINGS@MIN2AVE(1.0),Minimum relative to average wages of full-time workers,I,BEL,Belgium,MR_WG_FT,Minimum relative to average wages of full-time workers,PT_WG_A_SAL_FT,Percentage of average wage of full-time employees,_Z,Not applicable,_Z,Not applicable,MEDIAN,Median,_Z,Not applicable,2024,,49.52630836,,_Z,,A,Normal value,0,Units,2,Two
DATAFLOW,OECD.ELS.SAE:DSD_EARNINGS@MIN2AVE(1.0),Minimum relative to average wages of full-time workers,I,CAN,Canada,MR_WG_FT,Minimum relative to average wages of full-time workers,PT_WG_A_SAL_FT,Percentage of average wage of full-time employees,_Z,Not applicable,_Z,Not applicable,MEDIAN,Median,_Z,Not applicable,1965,,47.93814433,,_Z,,A,Normal value,0,Units,2,Two
DATAFLOW,OECD.ELS.SAE:DSD_EARNINGS@MIN2AVE(1.0),Minimum relative to average wages of full-time workers,I,CAN,Canada,MR_WG_FT,Minimum relative to average wages of full-time workers,PT_WG_A_SAL_FT,Percentage of average wage of full-time employees,_Z,Not applicable,_Z,Not applicable,MEDIAN,Median,_Z,Not applicable,1966,,46.34146341,,_Z,,A,Normal value,0,Units,2,Two
DATAFLOW,OECD.ELS.SAE:DSD_EARNINGS@MIN2AVE(1.0),Minimum relative to average wages of full-time workers,I,CAN,Canada,MR_WG_FT,Minimum relative to average wages of full-time workers,PT_WG_A_SAL_FT,Percentage of average wage of full-time employees,_Z,Not applicable,_Z,Not applicable,MEDIAN,Median,_Z,Not applicable,1967,,46.57534247,,_Z,,A,Normal value,0,Units,2,Two
DATAFLOW,OECD.ELS.SAE:DSD_EARNINGS@MIN2AVE(1.0),Minimum relative to average wages of full-time workers,I,CAN,Canada,MR_WG_FT,Minimum relative to average wages of full-time workers,PT_WG_A_SAL_FT,Percentage of average wage of full-time employees,_Z,Not applicable,_Z,Not applicable,MEDIAN,Median,_Z,Not applicable,1968,,45.95744681,,_Z,,A,Normal value,0,Units,2,Two
DATAFLOW,OECD.ELS.SAE:DSD_EARNINGS@MIN2AVE(1.0),Minimum relative to average wages of full-time workers,I,CAN,Canada,MR_WG_FT,Minimum relative to average wages of full-time workers,PT_WG_A_SAL_FT,Percentage of average wage of full-time employees,_Z,Not applicable,_Z,Not applicable,MEDIAN,Median,_Z,Not applicable,1969,,49.01960784,,_Z,,A,Normal value,0,Units,2,Two
DATAFLOW,OECD.ELS.SAE:DSD_EARNINGS@MIN2AVE(1.0),Minimum relative to average wages of full-time workers,I,CAN,Canada,MR_WG_FT,Minimum relative to average wages of full-time workers,PT_WG_A_SAL_FT,Percentage of average wage of full-time employees,_Z,Not applicable,_Z,Not applicable,MEDIAN,Median,_Z,Not applicable,1970,,48.72727273,,_Z,,A,Normal value,0,Units,2,Two
DATAFLOW,OECD.ELS.SAE:DSD_EARNINGS@MIN2AVE(1.0),Minimum relative to average wages of full-time workers,I,CAN,Canada,MR_WG_FT,Minimum relative to average wages of full-time workers,PT_WG_A_SAL_FT,Percentage of average wage of full-time employees,_Z,Not applicable,_Z,Not applicable,MEDIAN,Median,_Z,Not applicable,1971,,50.33333333,,_Z,,A,Normal value,0,Units,2,Two
DATAFLOW,OECD.ELS.SAE:DSD_EARNINGS@MIN2AVE(1.0),Minimum relative to average wages of full-time workers,I,CAN,Canada,MR_WG_FT,Minimum relative to average wages of full-time workers,PT_WG_A_SAL_FT,Percentage of average wage of full-time employees,_Z,Not applicable,_Z,Not applicable,MEDIAN,Median,_Z,Not applicable,1972,,49.07407407,,_Z,,A,Normal value,0,Units,2,Two
DATAFLOW,OECD.ELS.SAE:DSD_EARNINGS@MIN2AVE(1.0),Minimum relative to average wages of full-time workers,I,CAN,Canada,MR_WG_FT,Minimum relative to average wages of full-time workers,PT_WG_A_SAL_FT,Percentage of average wage of full-time employees,_Z,Not applicable,_Z,Not applicable,MEDIAN,Median,_Z,Not applicable,1973,,50.28409091,,_Z,,A,Normal value,0,Units,2,Two
DATAFLOW,OECD.ELS.SAE:DSD_EARNINGS@MIN2AVE(1.0),Minimum relative to average wages of full-time workers,I,CAN,Canada,MR_WG_FT,Minimum relative to average wages of full-time workers,PT_WG_A_SAL_FT,Percentage of average wage of full-time employees,_Z,Not applicable,_Z,Not applicable,MEDIAN,Median,_Z,Not applicable,1974,,51.75,,_Z,,A,Normal value,0,Units,2,Two
DATAFLOW,OECD.ELS.SAE:DSD_EARNINGS@MIN2AVE(1.0),Minimum relative to average wages of full-time workers,I,CAN,Canada,MR_WG_FT,Minimum relative to average wages of full-time workers,PT_WG_A_SAL_FT,Percentage of average wage of full-time employees,_Z,Not applicable,_Z,Not applicable,MEDIAN,Median,_Z,Not applicable,1975,,51.83585313,,_Z,,A,Normal value,0,Units,2,Two
DATAFLOW,OECD.ELS.SAE:DSD_EARNINGS@MIN2AVE(1.0),Minimum relative to average wages of full-time workers,I,CAN,Canada,MR_WG_FT,Minimum relative to average wages of full-time workers,PT_WG_A_SAL_FT,Percentage of average wage of full-time employees,_Z,Not applicable,_Z,Not applicable,MEDIAN,Median,_Z,Not applicable,1976,,51.71102662,,_Z,,A,Normal value,0,Units,2,Two
DATAFLOW,OECD.ELS.SAE:DSD_EARNINGS@MIN2AVE(1.0),Minimum relative to average wages of full-time workers,I,CAN,Canada,MR_WG_FT,Minimum relative to average wages of full-time workers,PT_WG_A_SAL_FT,Percentage of average wage of full-time employees,_Z,Not applicable,_Z,Not applicable,MEDIAN,Median,_Z,Not applicable,1977,,49.05660377,,_Z,,A,Normal value,0,Units,2,Two
DATAFLOW,OECD.ELS.SAE:DSD_EARNINGS@MIN2AVE(1.0),Minimum relative to average wages of full-time workers,I,CAN,Canada,MR_WG_FT,Minimum relative to average wages of full-time workers,PT_WG_A_SAL_FT,Percentage of average wage of full-time employees,_Z,Not applicable,_Z,Not applicable,MEDIAN,Median,_Z,Not applicable,1978,,47.36,,_Z,,A,Normal value,0,Units,2,Two
DATAFLOW,OECD.ELS.SAE:DSD_EARNINGS@MIN2AVE(1.0),Minimum relative to average wages of full-time workers,I,CAN,Canada,MR_WG_FT,Minimum relative to average wages of full-time workers,PT_WG_A_SAL_FT,Percentage of average wage of full-time employees,_Z,Not applicable,_Z,Not applicable,MEDIAN,Median,_Z,Not applicable,1979,,45.73529412,,_Z,,A,Normal value,0,Units,2,Two
DATAFLOW,OECD.ELS.SAE:DSD_EARNINGS@MIN2AVE(1.0),Minimum relative to average wages of full-time workers,I,CAN,Canada,MR_WG_FT,Minimum relative to average wages of full-time workers,PT_WG_A_SAL_FT,Percentage of average wage of full-time employees,_Z,Not applicable,_Z,Not applicable,MEDIAN,Median,_Z,Not applicable,1980,,43.31550802,,_Z,,A,Normal value,0,Units,2,Two
DATAFLOW,OECD.ELS.SAE:DSD_EARNINGS@MIN2AVE(1.0),Minimum relative to average wages of full-time workers,I,CAN,Canada,MR_WG_FT,Minimum relative to average wages of full-time workers,PT_WG_A_SAL_FT,Percentage of average wage of full-time employees,_Z,Not applicable,_Z,Not applicable,MEDIAN,Median,_Z,Not applicable,1981,,43.36609337,,_Z,,A,Normal value,0,Units,2,Two
DATAFLOW,OECD.ELS.SAE:DSD_EARNINGS@MIN2AVE(1.0),Minimum relative to average wages of full-time workers,I,CAN,Canada,MR_WG_FT,Minimum relative to average wages of full-time workers,PT_WG_A_SAL_FT,Percentage of average wage of full-time employees,_Z,Not applicable,_Z,Not applicable,MEDIAN,Median,_Z,Not applicable,1982,,42.11123723,,_Z,,A,Normal value,0,Units,2,Two
DATAFLOW,OECD.ELS.SAE:DSD_EARNINGS@MIN2AVE(1.0),Minimum relative to average wages of full-time workers,I,CAN,Canada,MR_WG_FT,Minimum relative to average wages of full-time workers,PT_WG_A_SAL_FT,Percentage of average wage of full-time employees,_Z,Not applicable,_Z,Not applicable,MEDIAN,Median,_Z,Not applicable,1983,,38.91779396,,_Z,,A,Normal value,0,Units,2,Two
DATAFLOW,OECD.ELS.SAE:DSD_EARNINGS@MIN2AVE(1.0),Minimum relative to average wages of full-time workers,I,CAN,Canada,MR_WG_FT,Minimum relative to average wages of full-time workers,PT_WG_A_SAL_FT,Percentage of average wage of full-time employees,_Z,Not applicable,_Z,Not applicable,MEDIAN,Median,_Z,Not applicable,1984,,39.26754832,,_Z,,A,Normal value,0,Units,2,Two
DATAFLOW,OECD.ELS.SAE:DSD_EARNINGS@MIN2AVE(1.0),Minimum relative to average wages of full-time workers,I,CAN,Canada,MR_WG_FT,Minimum relative to average wages of full-time workers,PT_WG_A_SAL_FT,Percentage of average wage of full-time employees,_Z,Not applicable,_Z,Not applicable,MEDIAN,Median,_Z,Not applicable,1985,,39.28571429,,_Z,,A,Normal value,0,Units,2,Two
DATAFLOW,OECD.ELS.SAE:DSD_EARNINGS@MIN2AVE(1.0),Minimum relative to average wages of full-time workers,I,CAN,Canada,MR_WG_FT,Minimum relative to average wages of full-time workers,PT_WG_A_SAL_FT,Percentage of average wage of full-time employees,_Z,Not applicable,_Z,Not applicable,MEDIAN,Median,_Z,Not applicable,1986,,37.9472693,,_Z,,A,Normal value,0,Units,2,Two
DATAFLOW,OECD.ELS.SAE:DSD_EARNINGS@MIN2AVE(1.0),Minimum relative to average wages of full-time workers,I,CAN,Canada,MR_WG_FT,Minimum relative to average wages of full-time workers,PT_WG_A_SAL_FT,Percentage of average wage of full-time employees,_Z,Not applicable,_Z,Not applicable,MEDIAN,Median,_Z,Not applicable,1987,,37.90322581,,_Z,,A,Normal value,0,Units,2,Two
DATAFLOW,OECD.ELS.SAE:DSD_EARNINGS@MIN2AVE(1.0),Minimum relative to average wages of full-time workers,I,CAN,Canada,MR_WG_FT,Minimum relative to average wages of full-time workers,PT_WG_A_SAL_FT,Percentage of average wage of full-time employees,_Z,Not applicable,_Z,Not applicable,MEDIAN,Median,_Z,Not applicable,1988,,38.07890223,,_Z,,A,Normal value,0,Units,2,Two
DATAFLOW,OECD.ELS.SAE:DSD_EARNINGS@MIN2AVE(1.0),Minimum relative to average wages of full-time workers,I,CAN,Canada,MR_WG_FT,Minimum relative to average wages of full-time workers,PT_WG_A_SAL_FT,Percentage of average wage of full-time employees,_Z,Not applicable,_Z,Not applicable,MEDIAN,Median,_Z,Not applicable,1989,,38.92561983,,_Z,,A,Normal value,0,Units,2,Two
DATAFLOW,OECD.ELS.SAE:DSD_EARNINGS@MIN2AVE(1.0),Minimum relative to average wages of full-time workers,I,CAN,Canada,MR_WG_FT,Minimum relative to average wages of full-time workers,PT_WG_A_SAL_FT,Percentage of average wage of full-time employees,_Z,Not applicable,_Z,Not applicable,MEDIAN,Median,_Z,Not applicable,1990,,38.43167702,,_Z,,A,Normal value,0,Units,2,Two
DATAFLOW,OECD.ELS.SAE:DSD_EARNINGS@MIN2AVE(1.0),Minimum relative to average wages of full-time workers,I,CAN,Canada,MR_WG_FT,Minimum relative to average wages of full-time workers,PT_WG_A_SAL_FT,Percentage of average wage of full-time employees,_Z,Not applicable,_Z,Not applicable,MEDIAN,Median,_Z,Not applicable,1991,,38.60430586,,_Z,,A,Normal value,0,Units,2,Two
DATAFLOW,OECD.ELS.SAE:DSD_EARNINGS@MIN2AVE(1.0),Minimum relative to average wages of full-time workers,I,CAN,Canada,MR_WG_FT,Minimum relative to average wages of full-time workers,PT_WG_A_SAL_FT,Percentage of average wage of full-time employees,_Z,Not applicable,_Z,Not applicable,MEDIAN,Median,_Z,Not applicable,1992,,39.56121727,,_Z,,A,Normal value,0,Units,2,Two
DATAFLOW,OECD.ELS.SAE:DSD_EARNINGS@MIN2AVE(1.0),Minimum relative to average wages of full-time workers,I,CAN,Canada,MR_WG_FT,Minimum relative to average wages of full-time workers,PT_WG_A_SAL_FT,Percentage of average wage of full-time employees,_Z,Not applicable,_Z,Not applicable,MEDIAN,Median,_Z,Not applicable,1993,,41.69054441,,_Z,,A,Normal value,0,Units,2,Two
DATAFLOW,OECD.ELS.SAE:DSD_EARNINGS@MIN2AVE(1.0),Minimum relative to average wages of full-time workers,I,CAN,Canada,MR_WG_FT,Minimum relative to average wages of full-time workers,PT_WG_A_SAL_FT,Percentage of average wage of full-time employees,_Z,Not applicable,_Z,Not applicable,MEDIAN,Median,_Z,Not applicable,1994,,41.76511466,,_Z,,A,Normal value,0,Units,2,Two
DATAFLOW,OECD.ELS.SAE:DSD_EARNINGS@MIN2AVE(1.0),Minimum relative to average wages of full-time workers,I,CAN,Canada,MR_WG_FT,Minimum relative to average wages of full-time workers,PT_WG_A_SAL_FT,Percentage of average wage of full-time employees,_Z,Not applicable,_Z,Not applicable,MEDIAN,Median,_Z,Not applicable,1995,,43.01598332,,_Z,,A,Normal value,0,Units,2,Two
DATAFLOW,OECD.ELS.SAE:DSD_EARNINGS@MIN2AVE(1.0),Minimum relative to average wages of full-time workers,I,CAN,Canada,MR_WG_FT,Minimum relative to average wages of full-time workers,PT_WG_A_SAL_FT,Percentage of average wage of full-time employees,_Z,Not applicable,_Z,Not applicable,MEDIAN,Median,_Z,Not applicable,1996,,43.33333333,,_Z,,A,Normal value,0,Units,2,Two
DATAFLOW,OECD.ELS.SAE:DSD_EARNINGS@MIN2AVE(1.0),Minimum relative to average wages of full-time workers,I,CAN,Canada,MR_WG_FT,Minimum relative to average wages of full-time workers,PT_WG_A_SAL_FT,Percentage of average wage of full-time employees,_Z,Not applicable,_Z,Not applicable,MEDIAN,Median,_Z,Not applicable,1997,,43,,_Z,,A,Normal value,0,Units,2,Two
DATAFLOW,OECD.ELS.SAE:DSD_EARNINGS@MIN2AVE(1.0),Minimum relative to average wages of full-time workers,I,CAN,Canada,MR_WG_FT,Minimum relative to average wages of full-time workers,PT_WG_A_SAL_FT,Percentage of average wage of full-time employees,_Z,Not applicable,_Z,Not applicable,MEDIAN,Median,_Z,Not applicable,1998,,42.2626788,,_Z,,A,Normal value,0,Units,2,Two
DATAFLOW,OECD.ELS.SAE:DSD_EARNINGS@MIN2AVE(1.0),Minimum relative to average wages of full-time workers,I,CAN,Canada,MR_WG_FT,Minimum relative to average wages of full-time workers,PT_WG_A_SAL_FT,Percentage of average wage of full-time employees,_Z,Not applicable,_Z,Not applicable,MEDIAN,Median,_Z,Not applicable,1999,,42.1656051,,_Z,,A,Normal value,0,Units,2,Two
DATAFLOW,OECD.ELS.SAE:DSD_EARNINGS@MIN2AVE(1.0),Minimum relative to average wages of full-time workers,I,CAN,Canada,MR_WG_FT,Minimum relative to average wages of full-time workers,PT_WG_A_SAL_FT,Percentage of average wage of full-time employees,_Z,Not applicable,_Z,Not applicable,MEDIAN,Median,_Z,Not applicable,2000,,41.40285537,,_Z,,A,Normal value,0,Units,2,Two
DATAFLOW,OECD.ELS.SAE:DSD_EARNINGS@MIN2AVE(1.0),Minimum relative to average wages of full-time workers,I,CAN,Canada,MR_WG_FT,Minimum relative to average wages of full-time workers,PT_WG_A_SAL_FT,Percentage of average wage of full-time employees,_Z,Not applicable,_Z,Not applicable,MEDIAN,Median,_Z,Not applicable,2001,,40.3823178,,_Z,,A,Normal value,0,Units,2,Two
DATAFLOW,OECD.ELS.SAE:DSD_EARNINGS@MIN2AVE(1.0),Minimum relative to average wages of full-time workers,I,CAN,Canada,MR_WG_FT,Minimum relative to average wages of full-time workers,PT_WG_A_SAL_FT,Percentage of average wage of full-time employees,_Z,Not applicable,_Z,Not applicable,MEDIAN,Median,_Z,Not applicable,2002,,40.23529412,,_Z,,A,Normal value,0,Units,2,Two
DATAFLOW,OECD.ELS.SAE:DSD_EARNINGS@MIN2AVE(1.0),Minimum relative to average wages of full-time workers,I,CAN,Canada,MR_WG_FT,Minimum relative to average wages of full-time workers,PT_WG_A_SAL_FT,Percentage of average wage of full-time employees,_Z,Not applicable,_Z,Not applicable,MEDIAN,Median,_Z,Not applicable,2003,,40.03466205,,_Z,,A,Normal value,0,Units,2,Two
DATAFLOW,OECD.ELS.SAE:DSD_EARNINGS@MIN2AVE(1.0),Minimum relative to average wages of full-time workers,I,CAN,Canada,MR_WG_FT,Minimum relative to average wages of full-time workers,PT_WG_A_SAL_FT,Percentage of average wage of full-time employees,_Z,Not applicable,_Z,Not applicable,MEDIAN,Median,_Z,Not applicable,2004,,39.38718663,,_Z,,A,Normal value,0,Units,2,Two
DATAFLOW,OECD.ELS.SAE:DSD_EARNINGS@MIN2AVE(1.0),Minimum relative to average wages of full-time workers,I,CAN,Canada,MR_WG_FT,Minimum relative to average wages of full-time workers,PT_WG_A_SAL_FT,Percentage of average wage of full-time employees,_Z,Not applicable,_Z,Not applicable,MEDIAN,Median,_Z,Not applicable,2005,,40.26475455,,_Z,,A,Normal value,0,Units,2,Two
DATAFLOW,OECD.ELS.SAE:DSD_EARNINGS@MIN2AVE(1.0),Minimum relative to average wages of full-time workers,I,CAN,Canada,MR_WG_FT,Minimum relative to average wages of full-time workers,PT_WG_A_SAL_FT,Percentage of average wage of full-time employees,_Z,Not applicable,_Z,Not applicable,MEDIAN,Median,_Z,Not applicable,2006,,40,,_Z,,A,Normal value,0,Units,2,Two
DATAFLOW,OECD.ELS.SAE:DSD_EARNINGS@MIN2AVE(1.0),Minimum relative to average wages of full-time workers,I,CAN,Canada,MR_WG_FT,Minimum relative to average wages of full-time workers,PT_WG_A_SAL_FT,Percentage of average wage of full-time employees,_Z,Not applicable,_Z,Not applicable,MEDIAN,Median,_Z,Not applicable,2007,,39.63599596,,_Z,,A,Normal value,0,Units,2,Two
DATAFLOW,OECD.ELS.SAE:DSD_EARNINGS@MIN2AVE(1.0),Minimum relative to average wages of full-time workers,I,CAN,Canada,MR_WG_FT,Minimum relative to average wages of full-time workers,PT_WG_A_SAL_FT,Percentage of average wage of full-time employees,_Z,Not applicable,_Z,Not applicable,MEDIAN,Median,_Z,Not applicable,2008,,41.43920596,,_Z,,A,Normal value,0,Units,2,Two
DATAFLOW,OECD.ELS.SAE:DSD_EARNINGS@MIN2AVE(1.0),Minimum relative to average wages of full-time workers,I,CAN,Canada,MR_WG_FT,Minimum relative to average wages of full-time workers,PT_WG_A_SAL_FT,Percentage of average wage of full-time employees,_Z,Not applicable,_Z,Not applicable,MEDIAN,Median,_Z,Not applicable,2009,,41.91871456,,_Z,,A,Normal value,0,Units,2,Two
DATAFLOW,OECD.ELS.SAE:DSD_EARNINGS@MIN2AVE(1.0),Minimum relative to average wages of full-time workers,I,CAN,Canada,MR_WG_FT,Minimum relative to average wages of full-time workers,PT_WG_A_SAL_FT,Percentage of average wage of full-time employees,_Z,Not applicable,_Z,Not applicable,MEDIAN,Median,_Z,Not applicable,2010,,42.83096656,,_Z,,A,Normal value,0,Units,2,Two
DATAFLOW,OECD.ELS.SAE:DSD_EARNINGS@MIN2AVE(1.0),Minimum relative to average wages of full-time workers,I,CAN,Canada,MR_WG_FT,Minimum relative to average wages of full-time workers,PT_WG_A_SAL_FT,Percentage of average wage of full-time employees,_Z,Not applicable,_Z,Not applicable,MEDIAN,Median,_Z,Not applicable,2011,,43.86363636,,_Z,,A,Normal value,0,Units,2,Two
DATAFLOW,OECD.ELS.SAE:DSD_EARNINGS@MIN2AVE(1.0),Minimum relative to average wages of full-time workers,I,CAN,Canada,MR_WG_FT,Minimum relative to average wages of full-time workers,PT_WG_A_SAL_FT,Percentage of average wage of full-time employees,_Z,Not applicable,_Z,Not applicable,MEDIAN,Median,_Z,Not applicable,2012,,44.0229378,,_Z,,A,Normal value,0,Units,2,Two
DATAFLOW,OECD.ELS.SAE:DSD_EARNINGS@MIN2AVE(1.0),Minimum relative to average wages of full-time workers,I,CAN,Canada,MR_WG_FT,Minimum relative to average wages of full-time workers,PT_WG_A_SAL_FT,Percentage of average wage of full-time employees,_Z,Not applicable,_Z,Not applicable,MEDIAN,Median,_Z,Not applicable,2013,,43.93414211,,_Z,,A,Normal value,0,Units,2,Two
DATAFLOW,OECD.ELS.SAE:DSD_EARNINGS@MIN2AVE(1.0),Minimum relative to average wages of full-time workers,I,CAN,Canada,MR_WG_FT,Minimum relative to average wages of full-time workers,PT_WG_A_SAL_FT,Percentage of average wage of full-time employees,_Z,Not applicable,_Z,Not applicable,MEDIAN,Median,_Z,Not applicable,2014,,43.99323181,,_Z,,A,Normal value,0,Units,2,Two
DATAFLOW,OECD.ELS.SAE:DSD_EARNINGS@MIN2AVE(1.0),Minimum relative to average wages of full-time workers,I,CAN,Canada,MR_WG_FT,Minimum relative to average wages of full-time workers,PT_WG_A_SAL_FT,Percentage of average wage of full-time employees,_Z,Not applicable,_Z,Not applicable,MEDIAN,Median,_Z,Not applicable,2015,,44.42595674,,_Z,,A,Normal value,0,Units,2,Two
DATAFLOW,OECD.ELS.SAE:DSD_EARNINGS@MIN2AVE(1.0),Minimum relative to average wages of full-time workers,I,CAN,Canada,MR_WG_FT,Minimum relative to average wages of full-time workers,PT_WG_A_SAL_FT,Percentage of average wage of full-time employees,_Z,Not applicable,_Z,Not applicable,MEDIAN,Median,_Z,Not applicable,2016,,44.22999598,,_Z,,A,Normal value,0,Units,2,Two
DATAFLOW,OECD.ELS.SAE:DSD_EARNINGS@MIN2AVE(1.0),Minimum relative to average wages of full-time workers,I,CAN,Canada,MR_WG_FT,Minimum relative to average wages of full-time workers,PT_WG_A_SAL_FT,Percentage of average wage of full-time employees,_Z,Not applicable,_Z,Not applicable,MEDIAN,Median,_Z,Not applicable,2017,,45.48,,_Z,,A,Normal value,0,Units,2,Two
DATAFLOW,OECD.ELS.SAE:DSD_EARNINGS@MIN2AVE(1.0),Minimum relative to average wages of full-time workers,I,CAN,Canada,MR_WG_FT,Minimum relative to average wages of full-time workers,PT_WG_A_SAL_FT,Percentage of average wage of full-time employees,_Z,Not applicable,_Z,Not applicable,MEDIAN,Median,_Z,Not applicable,2018,,51.4,,_Z,,A,Normal value,0,Units,2,Two
DATAFLOW,OECD.ELS.SAE:DSD_EARNINGS@MIN2AVE(1.0),Minimum relative to average wages of full-time workers,I,CAN,Canada,MR_WG_FT,Minimum relative to average wages of full-time workers,PT_WG_A_SAL_FT,Percentage of average wage of full-time employees,_Z,Not applicable,_Z,Not applicable,MEDIAN,Median,_Z,Not applicable,2019,,51.23076923,,_Z,,A,Normal value,0,Units,2,Two
DATAFLOW,OECD.ELS.SAE:DSD_EARNINGS@MIN2AVE(1.0),Minimum relative to average wages of full-time workers,I,CAN,Canada,MR_WG_FT,Minimum relative to average wages of full-time workers,PT_WG_A_SAL_FT,Percentage of average wage of full-time employees,_Z,Not applicable,_Z,Not applicable,MEDIAN,Median,_Z,Not applicable,2020,,48.87298748,,_Z,,A,Normal value,0,Units,2,Two
DATAFLOW,OECD.ELS.SAE:DSD_EARNINGS@MIN2AVE(1.0),Minimum relative to average wages of full-time workers,I,CAN,Canada,MR_WG_FT,Minimum relative to average wages of full-time workers,PT_WG_A_SAL_FT,Percentage of average wage of full-time employees,_Z,Not applicable,_Z,Not applicable,MEDIAN,Median,_Z,Not applicable,2021,,48.93244662,,_Z,,A,Normal value,0,Units,2,Two
DATAFLOW,OECD.ELS.SAE:DSD_EARNINGS@MIN2AVE(1.0),Minimum relative to average wages of full-time workers,I,CAN,Canada,MR_WG_FT,Minimum relative to average wages of full-time workers,PT_WG_A_SAL_FT,Percentage of average wage of full-time employees,_Z,Not applicable,_Z,Not applicable,MEDIAN,Median,_Z,Not applicable,2022,,49.05850706,,_Z,,A,Normal value,0,Units,2,Two
DATAFLOW,OECD.ELS.SAE:DSD_EARNINGS@MIN2AVE(1.0),Minimum relative to average wages of full-time workers,I,CAN,Canada,MR_WG_FT,Minimum relative to average wages of full-time workers,PT_WG_A_SAL_FT,Percentage of average wage of full-time employees,_Z,Not applicable,_Z,Not applicable,MEDIAN,Median,_Z,Not applicable,2023,,49.61190168,,_Z,,A,Normal value,0,Units,2,Two
DATAFLOW,OECD.ELS.SAE:DSD_EARNINGS@MIN2AVE(1.0),Minimum relative to average wages of full-time workers,I,CAN,Canada,MR_WG_FT,Minimum relative to average wages of full-time workers,PT_WG_A_SAL_FT,Percentage of average wage of full-time employees,_Z,Not applicable,_Z,Not applicable,MEDIAN,Median,_Z,Not applicable,2024,,49.87608426,,_Z,,A,Normal value,0,Units,2,Two
DATAFLOW,OECD.ELS.SAE:DSD_EARNINGS@MIN2AVE(1.0),Minimum relative to average wages of full-time workers,I,CHL,Chile,MR_WG_FT,Minimum relative to average wages of full-time workers,PT_WG_A_SAL_FT,Percentage of average wage of full-time employees,_Z,Not applicable,_Z,Not applicable,MEDIAN,Median,_Z,Not applicable,2000,,64.028,,_Z,,A,Normal value,0,Units,2,Two
DATAFLOW,OECD.ELS.SAE:DSD_EARNINGS@MIN2AVE(1.0),Minimum relative to average wages of full-time workers,I,CHL,Chile,MR_WG_FT,Minimum relative to average wages of full-time workers,PT_WG_A_SAL_FT,Percentage of average wage of full-time employees,_Z,Not applicable,_Z,Not applicable,MEDIAN,Median,_Z,Not applicable,2003,,70.89,,_Z,,A,Normal value,0,Units,2,Two
DATAFLOW,OECD.ELS.SAE:DSD_EARNINGS@MIN2AVE(1.0),Minimum relative to average wages of full-time workers,I,CHL,Chile,MR_WG_FT,Minimum relative to average wages of full-time workers,PT_WG_A_SAL_FT,Percentage of average wage of full-time employees,_Z,Not applicable,_Z,Not applicable,MEDIAN,Median,_Z,Not applicable,2006,,64.97524752,,_Z,,A,Normal value,0,Units,2,Two
DATAFLOW,OECD.ELS.SAE:DSD_EARNINGS@MIN2AVE(1.0),Minimum relative to average wages of full-time workers,I,CHL,Chile,MR_WG_FT,Minimum relative to average wages of full-time workers,PT_WG_A_SAL_FT,Percentage of average wage of full-time employees,_Z,Not applicable,_Z,Not applicable,MEDIAN,Median,_Z,Not applicable,2009,,70.69975299,,_Z,,A,Normal value,0,Units,2,Two
DATAFLOW,OECD.ELS.SAE:DSD_EARNINGS@MIN2AVE(1.0),Minimum relative to average wages of full-time workers,I,CHL,Chile,MR_WG_FT,Minimum relative to average wages of full-time workers,PT_WG_A_SAL_FT,Percentage of average wage of full-time employees,_Z,Not applicable,_Z,Not applicable,MEDIAN,Median,_Z,Not applicable,2010,,70.96687906,,_Z,,A,Normal value,0,Units,2,Two
DATAFLOW,OECD.ELS.SAE:DSD_EARNINGS@MIN2AVE(1.0),Minimum relative to average wages of full-time workers,I,CHL,Chile,MR_WG_FT,Minimum relative to average wages of full-time workers,PT_WG_A_SAL_FT,Percentage of average wage of full-time employees,_Z,Not applicable,_Z,Not applicable,MEDIAN,Median,_Z,Not applicable,2011,,67.41316271,,_Z,,A,Normal value,0,Units,2,Two
DATAFLOW,OECD.ELS.SAE:DSD_EARNINGS@MIN2AVE(1.0),Minimum relative to average wages of full-time workers,I,CHL,Chile,MR_WG_FT,Minimum relative to average wages of full-time workers,PT_WG_A_SAL_FT,Percentage of average wage of full-time employees,_Z,Not applicable,_Z,Not applicable,MEDIAN,Median,_Z,Not applicable,2012,,67.14678401,,_Z,,A,Normal value,0,Units,2,Two
DATAFLOW,OECD.ELS.SAE:DSD_EARNINGS@MIN2AVE(1.0),Minimum relative to average wages of full-time workers,I,CHL,Chile,MR_WG_FT,Minimum relative to average wages of full-time workers,PT_WG_A_SAL_FT,Percentage of average wage of full-time employees,_Z,Not applicable,_Z,Not applicable,MEDIAN,Median,_Z,Not applicable,2013,,67.16666667,,_Z,,A,Normal value,0,Units,2,Two
DATAFLOW,OECD.ELS.SAE:DSD_EARNINGS@MIN2AVE(1.0),Minimum relative to average wages of full-time workers,I,CHL,Chile,MR_WG_FT,Minimum relative to average wages of full-time workers,PT_WG_A_SAL_FT,Percentage of average wage of full-time employees,_Z,Not applicable,_Z,Not applicable,MEDIAN,Median,_Z,Not applicable,2014,,67.64335333,,_Z,,A,Normal value,0,Units,2,Two
DATAFLOW,OECD.ELS.SAE:DSD_EARNINGS@MIN2AVE(1.0),Minimum relative to average wages of full-time workers,I,CHL,Chile,MR_WG_FT,Minimum relative to average wages of full-time workers,PT_WG_A_SAL_FT,Percentage of average wage of full-time employees,_Z,Not applicable,_Z,Not applicable,MEDIAN,Median,_Z,Not applicable,2015,,66.21428571,,_Z,,A,Normal value,0,Units,2,Two
DATAFLOW,OECD.ELS.SAE:DSD_EARNINGS@MIN2AVE(1.0),Minimum relative to average wages of full-time workers,I,CHL,Chile,MR_WG_FT,Minimum relative to average wages of full-time workers,PT_WG_A_SAL_FT,Percentage of average wage of full-time employees,_Z,Not applicable,_Z,Not applicable,MEDIAN,Median,_Z,Not applicable,2016,,68.89105119,,_Z,,A,Normal value,0,Units,2,Two
DATAFLOW,OECD.ELS.SAE:DSD_EARNINGS@MIN2AVE(1.0),Minimum relative to average wages of full-time workers,I,CHL,Chile,MR_WG_FT,Minimum relative to average wages of full-time workers,PT_WG_A_SAL_FT,Percentage of average wage of full-time employees,_Z,Not applicable,_Z,Not applicable,MEDIAN,Median,_Z,Not applicable,2017,,70.26315789,,_Z,,A,Normal value,0,Units,2,Two
DATAFLOW,OECD.ELS.SAE:DSD_EARNINGS@MIN2AVE(1.0),Minimum relative to average wages of full-time workers,I,CHL,Chile,MR_WG_FT,Minimum relative to average wages of full-time workers,PT_WG_A_SAL_FT,Percentage of average wage of full-time employees,_Z,Not applicable,_Z,Not applicable,MEDIAN,Median,_Z,Not applicable,2018,,69.64631279,,_Z,,A,Normal value,0,Units,2,Two
DATAFLOW,OECD.ELS.SAE:DSD_EARNINGS@MIN2AVE(1.0),Minimum relative to average wages of full-time workers,I,CHL,Chile,MR_WG_FT,Minimum relative to average wages of full-time workers,PT_WG_A_SAL_FT,Percentage of average wage of full-time employees,_Z,Not applicable,_Z,Not applicable,MEDIAN,Median,_Z,Not applicable,2019,,70.25744413,,_Z,,A,Normal value,0,Units,2,Two
DATAFLOW,OECD.ELS.SAE:DSD_EARNINGS@MIN2AVE(1.0),Minimum relative to average wages of full-time workers,I,CHL,Chile,MR_WG_FT,Minimum relative to average wages of full-time workers,PT_WG_A_SAL_FT,Percentage of average wage of full-time employees,_Z,Not applicable,_Z,Not applicable,MEDIAN,Median,_Z,Not applicable,2020,,70.94444444,,_Z,,A,Normal value,0,Units,2,Two
DATAFLOW,OECD.ELS.SAE:DSD_EARNINGS@MIN2AVE(1.0),Minimum relative to average wages of full-time workers,I,CHL,Chile,MR_WG_FT,Minimum relative to average wages of full-time workers,PT_WG_A_SAL_FT,Percentage of average wage of full-time employees,_Z,Not applicable,_Z,Not applicable,MEDIAN,Median,_Z,Not applicable,2021,,73.13337465,,_Z,,A,Normal value,0,Units,2,Two
DATAFLOW,OECD.ELS.SAE:DSD_EARNINGS@MIN2AVE(1.0),Minimum relative to average wages of full-time workers,I,CHL,Chile,MR_WG_FT,Minimum relative to average wages of full-time workers,PT_WG_A_SAL_FT,Percentage of average wage of full-time employees,_Z,Not applicable,_Z,Not applicable,MEDIAN,Median,_Z,Not applicable,2022,,68.50711835,,_Z,,A,Normal value,0,Units,2,Two
DATAFLOW,OECD.ELS.SAE:DSD_EARNINGS@MIN2AVE(1.0),Minimum relative to average wages of full-time workers,I,CHL,Chile,MR_WG_FT,Minimum relative to average wages of full-time workers,PT_WG_A_SAL_FT,Percentage of average wage of full-time employees,_Z,Not applicable,_Z,Not applicable,MEDIAN,Median,_Z,Not applicable,2023,,70.06949289,,_Z,,A,Normal value,0,Units,2,Two
DATAFLOW,OECD.ELS.SAE:DSD_EARNINGS@MIN2AVE(1.0),Minimum relative to average wages of full-time workers,I,CHL,Chile,MR_WG_FT,Minimum relative to average wages of full-time workers,PT_WG_A_SAL_FT,Percentage of average wage of full-time employees,_Z,Not applicable,_Z,Not applicable,MEDIAN,Median,_Z,Not applicable,2024,,74.64207399,,_Z,,A,Normal value,0,Units,2,Two
DATAFLOW,OECD.ELS.SAE:DSD_EARNINGS@MIN2AVE(1.0),Minimum relative to average wages of full-time workers,I,COL,Colombia,MR_WG_FT,Minimum relative to average wages of full-time workers,PT_WG_A_SAL_FT,Percentage of average wage of full-time employees,_Z,Not applicable,_Z,Not applicable,MEDIAN,Median,_Z,Not applicable,2007,,87.87267883,,_Z,,A,Normal value,0,Units,2,Two
DATAFLOW,OECD.ELS.SAE:DSD_EARNINGS@MIN2AVE(1.0),Minimum relative to average wages of full-time workers,I,COL,Colombia,MR_WG_FT,Minimum relative to average wages of full-time workers,PT_WG_A_SAL_FT,Percentage of average wage of full-time employees,_Z,Not applicable,_Z,Not applicable,MEDIAN,Median,_Z,Not applicable,2008,,85.2,,_Z,,A,Normal value,0,Units,2,Two
DATAFLOW,OECD.ELS.SAE:DSD_EARNINGS@MIN2AVE(1.0),Minimum relative to average wages of full-time workers,I,COL,Colombia,MR_WG_FT,Minimum relative to average wages of full-time workers,PT_WG_A_SAL_FT,Percentage of average wage of full-time employees,_Z,Not applicable,_Z,Not applicable,MEDIAN,Median,_Z,Not applicable,2009,,86.74046812,,_Z,,A,Normal value,0,Units,2,Two
DATAFLOW,OECD.ELS.SAE:DSD_EARNINGS@MIN2AVE(1.0),Minimum relative to average wages of full-time workers,I,COL,Colombia,MR_WG_FT,Minimum relative to average wages of full-time workers,PT_WG_A_SAL_FT,Percentage of average wage of full-time employees,_Z,Not applicable,_Z,Not applicable,MEDIAN,Median,_Z,Not applicable,2010,,85.83333333,,_Z,,A,Normal value,0,Units,2,Two
DATAFLOW,OECD.ELS.SAE:DSD_EARNINGS@MIN2AVE(1.0),Minimum relative to average wages of full-time workers,I,COL,Colombia,MR_WG_FT,Minimum relative to average wages of full-time workers,PT_WG_A_SAL_FT,Percentage of average wage of full-time employees,_Z,Not applicable,_Z,Not applicable,MEDIAN,Median,_Z,Not applicable,2011,,83.65700005,,_Z,,A,Normal value,0,Units,2,Two
DATAFLOW,OECD.ELS.SAE:DSD_EARNINGS@MIN2AVE(1.0),Minimum relative to average wages of full-time workers,I,COL,Colombia,MR_WG_FT,Minimum relative to average wages of full-time workers,PT_WG_A_SAL_FT,Percentage of average wage of full-time employees,_Z,Not applicable,_Z,Not applicable,MEDIAN,Median,_Z,Not applicable,2012,,83.95555556,,_Z,,A,Normal value,0,Units,2,Two
DATAFLOW,OECD.ELS.SAE:DSD_EARNINGS@MIN2AVE(1.0),Minimum relative to average wages of full-time workers,I,COL,Colombia,MR_WG_FT,Minimum relative to average wages of full-time workers,PT_WG_A_SAL_FT,Percentage of average wage of full-time employees,_Z,Not applicable,_Z,Not applicable,MEDIAN,Median,_Z,Not applicable,2013,,84.01425178,,_Z,,A,Normal value,0,Units,2,Two
DATAFLOW,OECD.ELS.SAE:DSD_EARNINGS@MIN2AVE(1.0),Minimum relative to average wages of full-time workers,I,COL,Colombia,MR_WG_FT,Minimum relative to average wages of full-time workers,PT_WG_A_SAL_FT,Percentage of average wage of full-time employees,_Z,Not applicable,_Z,Not applicable,MEDIAN,Median,_Z,Not applicable,2014,,82.13333333,,_Z,,A,Normal value,0,Units,2,Two
DATAFLOW,OECD.ELS.SAE:DSD_EARNINGS@MIN2AVE(1.0),Minimum relative to average wages of full-time workers,I,COL,Colombia,MR_WG_FT,Minimum relative to average wages of full-time workers,PT_WG_A_SAL_FT,Percentage of average wage of full-time employees,_Z,Not applicable,_Z,Not applicable,MEDIAN,Median,_Z,Not applicable,2015,,82.60897436,,_Z,,A,Normal value,0,Units,2,Two
DATAFLOW,OECD.ELS.SAE:DSD_EARNINGS@MIN2AVE(1.0),Minimum relative to average wages of full-time workers,I,COL,Colombia,MR_WG_FT,Minimum relative to average wages of full-time workers,PT_WG_A_SAL_FT,Percentage of average wage of full-time employees,_Z,Not applicable,_Z,Not applicable,MEDIAN,Median,_Z,Not applicable,2016,,85.64645963,,_Z,,A,Normal value,0,Units,2,Two
DATAFLOW,OECD.ELS.SAE:DSD_EARNINGS@MIN2AVE(1.0),Minimum relative to average wages of full-time workers,I,COL,Colombia,MR_WG_FT,Minimum relative to average wages of full-time workers,PT_WG_A_SAL_FT,Percentage of average wage of full-time employees,_Z,Not applicable,_Z,Not applicable,MEDIAN,Median,_Z,Not applicable,2017,,85.5324058,,_Z,,A,Normal value,0,Units,2,Two
DATAFLOW,OECD.ELS.SAE:DSD_EARNINGS@MIN2AVE(1.0),Minimum relative to average wages of full-time workers,I,COL,Colombia,MR_WG_FT,Minimum relative to average wages of full-time workers,PT_WG_A_SAL_FT,Percentage of average wage of full-time employees,_Z,Not applicable,_Z,Not applicable,MEDIAN,Median,_Z,Not applicable,2018,,86.80466667,,_Z,,A,Normal value,0,Units,2,Two
DATAFLOW,OECD.ELS.SAE:DSD_EARNINGS@MIN2AVE(1.0),Minimum relative to average wages of full-time workers,I,COL,Colombia,MR_WG_FT,Minimum relative to average wages of full-time workers,PT_WG_A_SAL_FT,Percentage of average wage of full-time employees,_Z,Not applicable,_Z,Not applicable,MEDIAN,Median,_Z,Not applicable,2019,,87.17010526,,_Z,,A,Normal value,0,Units,2,Two
DATAFLOW,OECD.ELS.SAE:DSD_EARNINGS@MIN2AVE(1.0),Minimum relative to average wages of full-time workers,I,COL,Colombia,MR_WG_FT,Minimum relative to average wages of full-time workers,PT_WG_A_SAL_FT,Percentage of average wage of full-time employees,_Z,Not applicable,_Z,Not applicable,MEDIAN,Median,_Z,Not applicable,2020,,90.65091222,,_Z,,A,Normal value,0,Units,2,Two
DATAFLOW,OECD.ELS.SAE:DSD_EARNINGS@MIN2AVE(1.0),Minimum relative to average wages of full-time workers,I,COL,Colombia,MR_WG_FT,Minimum relative to average wages of full-time workers,PT_WG_A_SAL_FT,Percentage of average wage of full-time employees,_Z,Not applicable,_Z,Not applicable,MEDIAN,Median,_Z,Not applicable,2021,,90.8526,,_Z,,A,Normal value,0,Units,2,Two
DATAFLOW,OECD.ELS.SAE:DSD_EARNINGS@MIN2AVE(1.0),Minimum relative to average wages of full-time workers,I,COL,Colombia,MR_WG_FT,Minimum relative to average wages of full-time workers,PT_WG_A_SAL_FT,Percentage of average wage of full-time employees,_Z,Not applicable,_Z,Not applicable,MEDIAN,Median,_Z,Not applicable,2022,,89.88764045,,_Z,,A,Normal value,0,Units,2,Two
DATAFLOW,OECD.ELS.SAE:DSD_EARNINGS@MIN2AVE(1.0),Minimum relative to average wages of full-time workers,I,COL,Colombia,MR_WG_FT,Minimum relative to average wages of full-time workers,PT_WG_A_SAL_FT,Percentage of average wage of full-time employees,_Z,Not applicable,_Z,Not applicable,MEDIAN,Median,_Z,Not applicable,2023,,91.33858268,,_Z,,A,Normal value,0,Units,2,Two
DATAFLOW,OECD.ELS.SAE:DSD_EARNINGS@MIN2AVE(1.0),Minimum relative to average wages of full-time workers,I,COL,Colombia,MR_WG_FT,Minimum relative to average wages of full-time workers,PT_WG_A_SAL_FT,Percentage of average wage of full-time employees,_Z,Not applicable,_Z,Not applicable,MEDIAN,Median,_Z,Not applicable,2024,,92.30769231,,_Z,,A,Normal value,0,Units,2,Two
DATAFLOW,OECD.ELS.SAE:DSD_EARNINGS@MIN2AVE(1.0),Minimum relative to average wages of full-time workers,I,CRI,Costa Rica,MR_WG_FT,Minimum relative to average wages of full-time workers,PT_WG_A_SAL_FT,Percentage of average wage of full-time employees,_Z,Not applicable,_Z,Not applicable,MEDIAN,Median,_Z,Not applicable,2010,,75.27405638,,_Z,,A,Normal value,0,Units,2,Two
DATAFLOW,OECD.ELS.SAE:DSD_EARNINGS@MIN2AVE(1.0),Minimum relative to average wages of full-time workers,I,CRI,Costa Rica,MR_WG_FT,Minimum relative to average wages of full-time workers,PT_WG_A_SAL_FT,Percentage of average wage of full-time employees,_Z,Not applicable,_Z,Not applicable,MEDIAN,Median,_Z,Not applicable,2011,,76.5784019,,_Z,,A,Normal value,0,Units,2,Two
DATAFLOW,OECD.ELS.SAE:DSD_EARNINGS@MIN2AVE(1.0),Minimum relative to average wages of full-time workers,I,CRI,Costa Rica,MR_WG_FT,Minimum relative to average wages of full-time workers,PT_WG_A_SAL_FT,Percentage of average wage of full-time employees,_Z,Not applicable,_Z,Not applicable,MEDIAN,Median,_Z,Not applicable,2012,,78.16615385,,_Z,,A,Normal value,0,Units,2,Two
DATAFLOW,OECD.ELS.SAE:DSD_EARNINGS@MIN2AVE(1.0),Minimum relative to average wages of full-time workers,I,CRI,Costa Rica,MR_WG_FT,Minimum relative to average wages of full-time workers,PT_WG_A_SAL_FT,Percentage of average wage of full-time employees,_Z,Not applicable,_Z,Not applicable,MEDIAN,Median,_Z,Not applicable,2013,,76.82380952,,_Z,,A,Normal value,0,Units,2,Two
DATAFLOW,OECD.ELS.SAE:DSD_EARNINGS@MIN2AVE(1.0),Minimum relative to average wages of full-time workers,I,CRI,Costa Rica,MR_WG_FT,Minimum relative to average wages of full-time workers,PT_WG_A_SAL_FT,Percentage of average wage of full-time employees,_Z,Not applicable,_Z,Not applicable,MEDIAN,Median,_Z,Not applicable,2014,,74.62276914,,_Z,,A,Normal value,0,Units,2,Two
DATAFLOW,OECD.ELS.SAE:DSD_EARNINGS@MIN2AVE(1.0),Minimum relative to average wages of full-time workers,I,CRI,Costa Rica,MR_WG_FT,Minimum relative to average wages of full-time workers,PT_WG_A_SAL_FT,Percentage of average wage of full-time employees,_Z,Not applicable,_Z,Not applicable,MEDIAN,Median,_Z,Not applicable,2015,,76.64230769,,_Z,,A,Normal value,0,Units,2,Two
DATAFLOW,OECD.ELS.SAE:DSD_EARNINGS@MIN2AVE(1.0),Minimum relative to average wages of full-time workers,I,CRI,Costa Rica,MR_WG_FT,Minimum relative to average wages of full-time workers,PT_WG_A_SAL_FT,Percentage of average wage of full-time employees,_Z,Not applicable,_Z,Not applicable,MEDIAN,Median,_Z,Not applicable,2016,,77.50075158,,_Z,,A,Normal value,0,Units,2,Two
DATAFLOW,OECD.ELS.SAE:DSD_EARNINGS@MIN2AVE(1.0),Minimum relative to average wages of full-time workers,I,CRI,Costa Rica,MR_WG_FT,Minimum relative to average wages of full-time workers,PT_WG_A_SAL_FT,Percentage of average wage of full-time employees,_Z,Not applicable,_Z,Not applicable,MEDIAN,Median,_Z,Not applicable,2017,,75.31629412,,_Z,,A,Normal value,0,Units,2,Two
DATAFLOW,OECD.ELS.SAE:DSD_EARNINGS@MIN2AVE(1.0),Minimum relative to average wages of full-time workers,I,CRI,Costa Rica,MR_WG_FT,Minimum relative to average wages of full-time workers,PT_WG_A_SAL_FT,Percentage of average wage of full-time employees,_Z,Not applicable,_Z,Not applicable,MEDIAN,Median,_Z,Not applicable,2018,,75.66291346,,_Z,,A,Normal value,0,Units,2,Two
DATAFLOW,OECD.ELS.SAE:DSD_EARNINGS@MIN2AVE(1.0),Minimum relative to average wages of full-time workers,I,CRI,Costa Rica,MR_WG_FT,Minimum relative to average wages of full-time workers,PT_WG_A_SAL_FT,Percentage of average wage of full-time employees,_Z,Not applicable,_Z,Not applicable,MEDIAN,Median,_Z,Not applicable,2019,,76.55279446,,_Z,,A,Normal value,0,Units,2,Two
DATAFLOW,OECD.ELS.SAE:DSD_EARNINGS@MIN2AVE(1.0),Minimum relative to average wages of full-time workers,I,CRI,Costa Rica,MR_WG_FT,Minimum relative to average wages of full-time workers,PT_WG_A_SAL_FT,Percentage of average wage of full-time employees,_Z,Not applicable,_Z,Not applicable,MEDIAN,Median,_Z,Not applicable,2020,,78.89142857,,_Z,,A,Normal value,0,Units,2,Two
DATAFLOW,OECD.ELS.SAE:DSD_EARNINGS@MIN2AVE(1.0),Minimum relative to average wages of full-time workers,I,CRI,Costa Rica,MR_WG_FT,Minimum relative to average wages of full-time workers,PT_WG_A_SAL_FT,Percentage of average wage of full-time employees,_Z,Not applicable,_Z,Not applicable,MEDIAN,Median,_Z,Not applicable,2021,,88.30988333,,_Z,,A,Normal value,0,Units,2,Two
DATAFLOW,OECD.ELS.SAE:DSD_EARNINGS@MIN2AVE(1.0),Minimum relative to average wages of full-time workers,I,CRI,Costa Rica,MR_WG_FT,Minimum relative to average wages of full-time workers,PT_WG_A_SAL_FT,Percentage of average wage of full-time employees,_Z,Not applicable,_Z,Not applicable,MEDIAN,Median,_Z,Not applicable,2022,,87.91693273,,_Z,,A,Normal value,0,Units,2,Two
DATAFLOW,OECD.ELS.SAE:DSD_EARNINGS@MIN2AVE(1.0),Minimum relative to average wages of full-time workers,I,CRI,Costa Rica,MR_WG_FT,Minimum relative to average wages of full-time workers,PT_WG_A_SAL_FT,Percentage of average wage of full-time employees,_Z,Not applicable,_Z,Not applicable,MEDIAN,Median,_Z,Not applicable,2023,,90.29869487,,_Z,,A,Normal value,0,Units,2,Two
DATAFLOW,OECD.ELS.SAE:DSD_EARNINGS@MIN2AVE(1.0),Minimum relative to average wages of full-time workers,I,CRI,Costa Rica,MR_WG_FT,Minimum relative to average wages of full-time workers,PT_WG_A_SAL_FT,Percentage of average wage of full-time employees,_Z,Not applicable,_Z,Not applicable,MEDIAN,Median,_Z,Not applicable,2024,,87.11162359,,_Z,,A,Normal value,0,Units,2,Two
DATAFLOW,OECD.ELS.SAE:DSD_EARNINGS@MIN2AVE(1.0),Minimum relative to average wages of full-time workers,I,CZE,Czechia,MR_WG_FT,Minimum relative to average wages of full-time workers,PT_WG_A_SAL_FT,Percentage of average wage of full-time employees,_Z,Not applicable,_Z,Not applicable,MEDIAN,Median,_Z,Not applicable,1991,,52.24660397,,_Z,,A,Normal value,0,Units,2,Two
DATAFLOW,OECD.ELS.SAE:DSD_EARNINGS@MIN2AVE(1.0),Minimum relative to average wages of full-time workers,I,CZE,Czechia,MR_WG_FT,Minimum relative to average wages of full-time workers,PT_WG_A_SAL_FT,Percentage of average wage of full-time employees,_Z,Not applicable,_Z,Not applicable,MEDIAN,Median,_Z,Not applicable,1992,,46.92832765,,_Z,,A,Normal value,0,Units,2,Two
DATAFLOW,OECD.ELS.SAE:DSD_EARNINGS@MIN2AVE(1.0),Minimum relative to average wages of full-time workers,I,CZE,Czechia,MR_WG_FT,Minimum relative to average wages of full-time workers,PT_WG_A_SAL_FT,Percentage of average wage of full-time employees,_Z,Not applicable,_Z,Not applicable,MEDIAN,Median,_Z,Not applicable,1993,,37.46594005,,_Z,,A,Normal value,0,Units,2,Two
DATAFLOW,OECD.ELS.SAE:DSD_EARNINGS@MIN2AVE(1.0),Minimum relative to average wages of full-time workers,I,CZE,Czechia,MR_WG_FT,Minimum relative to average wages of full-time workers,PT_WG_A_SAL_FT,Percentage of average wage of full-time employees,_Z,Not applicable,_Z,Not applicable,MEDIAN,Median,_Z,Not applicable,1994,,31.60011491,,_Z,,A,Normal value,0,Units,2,Two
DATAFLOW,OECD.ELS.SAE:DSD_EARNINGS@MIN2AVE(1.0),Minimum relative to average wages of full-time workers,I,CZE,Czechia,MR_WG_FT,Minimum relative to average wages of full-time workers,PT_WG_A_SAL_FT,Percentage of average wage of full-time employees,_Z,Not applicable,_Z,Not applicable,MEDIAN,Median,_Z,Not applicable,1995,,26.64083313,,_Z,,A,Normal value,0,Units,2,Two
DATAFLOW,OECD.ELS.SAE:DSD_EARNINGS@MIN2AVE(1.0),Minimum relative to average wages of full-time workers,I,CZE,Czechia,MR_WG_FT,Minimum relative to average wages of full-time workers,PT_WG_A_SAL_FT,Percentage of average wage of full-time employees,_Z,Not applicable,_Z,Not applicable,MEDIAN,Median,_Z,Not applicable,1996,,25.58853634,,_Z,,A,Normal value,0,Units,2,Two
DATAFLOW,OECD.ELS.SAE:DSD_EARNINGS@MIN2AVE(1.0),Minimum relative to average wages of full-time workers,I,CZE,Czechia,MR_WG_FT,Minimum relative to average wages of full-time workers,PT_WG_A_SAL_FT,Percentage of average wage of full-time employees,_Z,Not applicable,_Z,Not applicable,MEDIAN,Median,_Z,Not applicable,1997,,22.38137869,,_Z,,A,Normal value,0,Units,2,Two
DATAFLOW,OECD.ELS.SAE:DSD_EARNINGS@MIN2AVE(1.0),Minimum relative to average wages of full-time workers,I,CZE,Czechia,MR_WG_FT,Minimum relative to average wages of full-time workers,PT_WG_A_SAL_FT,Percentage of average wage of full-time employees,_Z,Not applicable,_Z,Not applicable,MEDIAN,Median,_Z,Not applicable,1998,,22.65344503,,_Z,,A,Normal value,0,Units,2,Two
DATAFLOW,OECD.ELS.SAE:DSD_EARNINGS@MIN2AVE(1.0),Minimum relative to average wages of full-time workers,I,CZE,Czechia,MR_WG_FT,Minimum relative to average wages of full-time workers,PT_WG_A_SAL_FT,Percentage of average wage of full-time employees,_Z,Not applicable,_Z,Not applicable,MEDIAN,Median,_Z,Not applicable,1999,,27.89542271,,_Z,,A,Normal value,0,Units,2,Two
DATAFLOW,OECD.ELS.SAE:DSD_EARNINGS@MIN2AVE(1.0),Minimum relative to average wages of full-time workers,I,CZE,Czechia,MR_WG_FT,Minimum relative to average wages of full-time workers,PT_WG_A_SAL_FT,Percentage of average wage of full-time employees,_Z,Not applicable,_Z,Not applicable,MEDIAN,Median,_Z,Not applicable,2000,,32.44274809,,_Z,,A,Normal value,0,Units,2,Two
DATAFLOW,OECD.ELS.SAE:DSD_EARNINGS@MIN2AVE(1.0),Minimum relative to average wages of full-time workers,I,CZE,Czechia,MR_WG_FT,Minimum relative to average wages of full-time workers,PT_WG_A_SAL_FT,Percentage of average wage of full-time employees,_Z,Not applicable,_Z,Not applicable,MEDIAN,Median,_Z,Not applicable,2001,,35.36317986,,_Z,,A,Normal value,0,Units,2,Two
DATAFLOW,OECD.ELS.SAE:DSD_EARNINGS@MIN2AVE(1.0),Minimum relative to average wages of full-time workers,I,CZE,Czechia,MR_WG_FT,Minimum relative to average wages of full-time workers,PT_WG_A_SAL_FT,Percentage of average wage of full-time employees,_Z,Not applicable,_Z,Not applicable,MEDIAN,Median,_Z,Not applicable,2002,,39.05633346,,_Z,,A,Normal value,0,Units,2,Two
DATAFLOW,OECD.ELS.SAE:DSD_EARNINGS@MIN2AVE(1.0),Minimum relative to average wages of full-time workers,I,CZE,Czechia,MR_WG_FT,Minimum relative to average wages of full-time workers,PT_WG_A_SAL_FT,Percentage of average wage of full-time employees,_Z,Not applicable,_Z,Not applicable,MEDIAN,Median,_Z,Not applicable,2003,,39.51998179,,_Z,,A,Normal value,0,Units,2,Two
DATAFLOW,OECD.ELS.SAE:DSD_EARNINGS@MIN2AVE(1.0),Minimum relative to average wages of full-time workers,I,CZE,Czechia,MR_WG_FT,Minimum relative to average wages of full-time workers,PT_WG_A_SAL_FT,Percentage of average wage of full-time employees,_Z,Not applicable,_Z,Not applicable,MEDIAN,Median,_Z,Not applicable,2004,,40.29842593,,_Z,,A,Normal value,0,Units,2,Two
DATAFLOW,OECD.ELS.SAE:DSD_EARNINGS@MIN2AVE(1.0),Minimum relative to average wages of full-time workers,I,CZE,Czechia,MR_WG_FT,Minimum relative to average wages of full-time workers,PT_WG_A_SAL_FT,Percentage of average wage of full-time employees,_Z,Not applicable,_Z,Not applicable,MEDIAN,Median,_Z,Not applicable,2005,,41.16197575,,_Z,,A,Normal value,0,Units,2,Two
DATAFLOW,OECD.ELS.SAE:DSD_EARNINGS@MIN2AVE(1.0),Minimum relative to average wages of full-time workers,I,CZE,Czechia,MR_WG_FT,Minimum relative to average wages of full-time workers,PT_WG_A_SAL_FT,Percentage of average wage of full-time employees,_Z,Not applicable,_Z,Not applicable,MEDIAN,Median,_Z,Not applicable,2006,,42.3665739,,_Z,,A,Normal value,0,Units,2,Two
DATAFLOW,OECD.ELS.SAE:DSD_EARNINGS@MIN2AVE(1.0),Minimum relative to average wages of full-time workers,I,CZE,Czechia,MR_WG_FT,Minimum relative to average wages of full-time workers,PT_WG_A_SAL_FT,Percentage of average wage of full-time employees,_Z,Not applicable,_Z,Not applicable,MEDIAN,Median,_Z,Not applicable,2007,,40.7481541,,_Z,,A,Normal value,0,Units,2,Two
DATAFLOW,OECD.ELS.SAE:DSD_EARNINGS@MIN2AVE(1.0),Minimum relative to average wages of full-time workers,I,CZE,Czechia,MR_WG_FT,Minimum relative to average wages of full-time workers,PT_WG_A_SAL_FT,Percentage of average wage of full-time employees,_Z,Not applicable,_Z,Not applicable,MEDIAN,Median,_Z,Not applicable,2008,,38.34656462,,_Z,,A,Normal value,0,Units,2,Two
DATAFLOW,OECD.ELS.SAE:DSD_EARNINGS@MIN2AVE(1.0),Minimum relative to average wages of full-time workers,I,CZE,Czechia,MR_WG_FT,Minimum relative to average wages of full-time workers,PT_WG_A_SAL_FT,Percentage of average wage of full-time employees,_Z,Not applicable,_Z,Not applicable,MEDIAN,Median,_Z,Not applicable,2009,,38.32672595,,_Z,,A,Normal value,0,Units,2,Two
DATAFLOW,OECD.ELS.SAE:DSD_EARNINGS@MIN2AVE(1.0),Minimum relative to average wages of full-time workers,I,CZE,Czechia,MR_WG_FT,Minimum relative to average wages of full-time workers,PT_WG_A_SAL_FT,Percentage of average wage of full-time employees,_Z,Not applicable,_Z,Not applicable,MEDIAN,Median,_Z,Not applicable,2010,,37.68351117,,_Z,,A,Normal value,0,Units,2,Two
DATAFLOW,OECD.ELS.SAE:DSD_EARNINGS@MIN2AVE(1.0),Minimum relative to average wages of full-time workers,I,CZE,Czechia,MR_WG_FT,Minimum relative to average wages of full-time workers,PT_WG_A_SAL_FT,Percentage of average wage of full-time employees,_Z,Not applicable,_Z,Not applicable,MEDIAN,Median,_Z,Not applicable,2011,,37.13163163,,_Z,,A,Normal value,0,Units,2,Two
DATAFLOW,OECD.ELS.SAE:DSD_EARNINGS@MIN2AVE(1.0),Minimum relative to average wages of full-time workers,I,CZE,Czechia,MR_WG_FT,Minimum relative to average wages of full-time workers,PT_WG_A_SAL_FT,Percentage of average wage of full-time employees,_Z,Not applicable,_Z,Not applicable,MEDIAN,Median,_Z,Not applicable,2012,,36.36859572,,_Z,,A,Normal value,0,Units,2,Two
DATAFLOW,OECD.ELS.SAE:DSD_EARNINGS@MIN2AVE(1.0),Minimum relative to average wages of full-time workers,I,CZE,Czechia,MR_WG_FT,Minimum relative to average wages of full-time workers,PT_WG_A_SAL_FT,Percentage of average wage of full-time employees,_Z,Not applicable,_Z,Not applicable,MEDIAN,Median,_Z,Not applicable,2013,,36.86472649,,_Z,,A,Normal value,0,Units,2,Two
DATAFLOW,OECD.ELS.SAE:DSD_EARNINGS@MIN2AVE(1.0),Minimum relative to average wages of full-time workers,I,CZE,Czechia,MR_WG_FT,Minimum relative to average wages of full-time workers,PT_WG_A_SAL_FT,Percentage of average wage of full-time employees,_Z,Not applicable,_Z,Not applicable,MEDIAN,Median,_Z,Not applicable,2014,,37.20889511,,_Z,,A,Normal value,0,Units,2,Two
DATAFLOW,OECD.ELS.SAE:DSD_EARNINGS@MIN2AVE(1.0),Minimum relative to average wages of full-time workers,I,CZE,Czechia,MR_WG_FT,Minimum relative to average wages of full-time workers,PT_WG_A_SAL_FT,Percentage of average wage of full-time employees,_Z,Not applicable,_Z,Not applicable,MEDIAN,Median,_Z,Not applicable,2015,,38.7760263,,_Z,,A,Normal value,0,Units,2,Two
DATAFLOW,OECD.ELS.SAE:DSD_EARNINGS@MIN2AVE(1.0),Minimum relative to average wages of full-time workers,I,CZE,Czechia,MR_WG_FT,Minimum relative to average wages of full-time workers,PT_WG_A_SAL_FT,Percentage of average wage of full-time employees,_Z,Not applicable,_Z,Not applicable,MEDIAN,Median,_Z,Not applicable,2016,,39.62853254,,_Z,,A,Normal value,0,Units,2,Two
DATAFLOW,OECD.ELS.SAE:DSD_EARNINGS@MIN2AVE(1.0),Minimum relative to average wages of full-time workers,I,CZE,Czechia,MR_WG_FT,Minimum relative to average wages of full-time workers,PT_WG_A_SAL_FT,Percentage of average wage of full-time employees,_Z,Not applicable,_Z,Not applicable,MEDIAN,Median,_Z,Not applicable,2017,,40.97902619,,_Z,,A,Normal value,0,Units,2,Two
DATAFLOW,OECD.ELS.SAE:DSD_EARNINGS@MIN2AVE(1.0),Minimum relative to average wages of full-time workers,I,CZE,Czechia,MR_WG_FT,Minimum relative to average wages of full-time workers,PT_WG_A_SAL_FT,Percentage of average wage of full-time employees,_Z,Not applicable,_Z,Not applicable,MEDIAN,Median,_Z,Not applicable,2018,,41.80372807,,_Z,,A,Normal value,0,Units,2,Two
DATAFLOW,OECD.ELS.SAE:DSD_EARNINGS@MIN2AVE(1.0),Minimum relative to average wages of full-time workers,I,CZE,Czechia,MR_WG_FT,Minimum relative to average wages of full-time workers,PT_WG_A_SAL_FT,Percentage of average wage of full-time employees,_Z,Not applicable,_Z,Not applicable,MEDIAN,Median,_Z,Not applicable,2019,,42.94712731,,_Z,,A,Normal value,0,Units,2,Two
DATAFLOW,OECD.ELS.SAE:DSD_EARNINGS@MIN2AVE(1.0),Minimum relative to average wages of full-time workers,I,CZE,Czechia,MR_WG_FT,Minimum relative to average wages of full-time workers,PT_WG_A_SAL_FT,Percentage of average wage of full-time employees,_Z,Not applicable,_Z,Not applicable,MEDIAN,Median,_Z,Not applicable,2020,,43.9018523,,_Z,,A,Normal value,0,Units,2,Two
DATAFLOW,OECD.ELS.SAE:DSD_EARNINGS@MIN2AVE(1.0),Minimum relative to average wages of full-time workers,I,CZE,Czechia,MR_WG_FT,Minimum relative to average wages of full-time workers,PT_WG_A_SAL_FT,Percentage of average wage of full-time employees,_Z,Not applicable,_Z,Not applicable,MEDIAN,Median,_Z,Not applicable,2021,,43.21988115,,_Z,,A,Normal value,0,Units,2,Two
DATAFLOW,OECD.ELS.SAE:DSD_EARNINGS@MIN2AVE(1.0),Minimum relative to average wages of full-time workers,I,CZE,Czechia,MR_WG_FT,Minimum relative to average wages of full-time workers,PT_WG_A_SAL_FT,Percentage of average wage of full-time employees,_Z,Not applicable,_Z,Not applicable,MEDIAN,Median,_Z,Not applicable,2022,,43.29467101,,_Z,,A,Normal value,0,Units,2,Two
DATAFLOW,OECD.ELS.SAE:DSD_EARNINGS@MIN2AVE(1.0),Minimum relative to average wages of full-time workers,I,CZE,Czechia,MR_WG_FT,Minimum relative to average wages of full-time workers,PT_WG_A_SAL_FT,Percentage of average wage of full-time employees,_Z,Not applicable,_Z,Not applicable,MEDIAN,Median,_Z,Not applicable,2023,,43.77751911,,_Z,,A,Normal value,0,Units,2,Two
DATAFLOW,OECD.ELS.SAE:DSD_EARNINGS@MIN2AVE(1.0),Minimum relative to average wages of full-time workers,I,CZE,Czechia,MR_WG_FT,Minimum relative to average wages of full-time workers,PT_WG_A_SAL_FT,Percentage of average wage of full-time employees,_Z,Not applicable,_Z,Not applicable,MEDIAN,Median,_Z,Not applicable,2024,,45.27813713,,_Z,,A,Normal value,0,Units,2,Two
DATAFLOW,OECD.ELS.SAE:DSD_EARNINGS@MIN2AVE(1.0),Minimum relative to average wages of full-time workers,I,EST,Estonia,MR_WG_FT,Minimum relative to average wages of full-time workers,PT_WG_A_SAL_FT,Percentage of average wage of full-time employees,_Z,Not applicable,_Z,Not applicable,MEDIAN,Median,_Z,Not applicable,1999,,33.55512776,,_Z,,A,Normal value,0,Units,2,Two
DATAFLOW,OECD.ELS.SAE:DSD_EARNINGS@MIN2AVE(1.0),Minimum relative to average wages of full-time workers,I,EST,Estonia,MR_WG_FT,Minimum relative to average wages of full-time workers,PT_WG_A_SAL_FT,Percentage of average wage of full-time employees,_Z,Not applicable,_Z,Not applicable,MEDIAN,Median,_Z,Not applicable,2000,,34.16226535,,_Z,,A,Normal value,0,Units,2,Two
DATAFLOW,OECD.ELS.SAE:DSD_EARNINGS@MIN2AVE(1.0),Minimum relative to average wages of full-time workers,I,EST,Estonia,MR_WG_FT,Minimum relative to average wages of full-time workers,PT_WG_A_SAL_FT,Percentage of average wage of full-time employees,_Z,Not applicable,_Z,Not applicable,MEDIAN,Median,_Z,Not applicable,2001,,34.88061399,,_Z,,A,Normal value,0,Units,2,Two
DATAFLOW,OECD.ELS.SAE:DSD_EARNINGS@MIN2AVE(1.0),Minimum relative to average wages of full-time workers,I,EST,Estonia,MR_WG_FT,Minimum relative to average wages of full-time workers,PT_WG_A_SAL_FT,Percentage of average wage of full-time employees,_Z,Not applicable,_Z,Not applicable,MEDIAN,Median,_Z,Not applicable,2002,,36.84341729,,_Z,,A,Normal value,0,Units,2,Two
DATAFLOW,OECD.ELS.SAE:DSD_EARNINGS@MIN2AVE(1.0),Minimum relative to average wages of full-time workers,I,EST,Estonia,MR_WG_FT,Minimum relative to average wages of full-time workers,PT_WG_A_SAL_FT,Percentage of average wage of full-time employees,_Z,Not applicable,_Z,Not applicable,MEDIAN,Median,_Z,Not applicable,2003,,39.31158045,,_Z,,A,Normal value,0,Units,2,Two
DATAFLOW,OECD.ELS.SAE:DSD_EARNINGS@MIN2AVE(1.0),Minimum relative to average wages of full-time workers,I,EST,Estonia,MR_WG_FT,Minimum relative to average wages of full-time workers,PT_WG_A_SAL_FT,Percentage of average wage of full-time employees,_Z,Not applicable,_Z,Not applicable,MEDIAN,Median,_Z,Not applicable,2004,,41.74736611,,_Z,,A,Normal value,0,Units,2,Two
DATAFLOW,OECD.ELS.SAE:DSD_EARNINGS@MIN2AVE(1.0),Minimum relative to average wages of full-time workers,I,EST,Estonia,MR_WG_FT,Minimum relative to average wages of full-time workers,PT_WG_A_SAL_FT,Percentage of average wage of full-time employees,_Z,Not applicable,_Z,Not applicable,MEDIAN,Median,_Z,Not applicable,2005,,40.14910908,,_Z,,A,Normal value,0,Units,2,Two
DATAFLOW,OECD.ELS.SAE:DSD_EARNINGS@MIN2AVE(1.0),Minimum relative to average wages of full-time workers,I,EST,Estonia,MR_WG_FT,Minimum relative to average wages of full-time workers,PT_WG_A_SAL_FT,Percentage of average wage of full-time employees,_Z,Not applicable,_Z,Not applicable,MEDIAN,Median,_Z,Not applicable,2006,,37.03735899,,_Z,,A,Normal value,0,Units,2,Two
DATAFLOW,OECD.ELS.SAE:DSD_EARNINGS@MIN2AVE(1.0),Minimum relative to average wages of full-time workers,I,EST,Estonia,MR_WG_FT,Minimum relative to average wages of full-time workers,PT_WG_A_SAL_FT,Percentage of average wage of full-time employees,_Z,Not applicable,_Z,Not applicable,MEDIAN,Median,_Z,Not applicable,2007,,35.78141686,,_Z,,A,Normal value,0,Units,2,Two
DATAFLOW,OECD.ELS.SAE:DSD_EARNINGS@MIN2AVE(1.0),Minimum relative to average wages of full-time workers,I,EST,Estonia,MR_WG_FT,Minimum relative to average wages of full-time workers,PT_WG_A_SAL_FT,Percentage of average wage of full-time employees,_Z,Not applicable,_Z,Not applicable,MEDIAN,Median,_Z,Not applicable,2008,,37.82631273,,_Z,,A,Normal value,0,Units,2,Two
DATAFLOW,OECD.ELS.SAE:DSD_EARNINGS@MIN2AVE(1.0),Minimum relative to average wages of full-time workers,I,EST,Estonia,MR_WG_FT,Minimum relative to average wages of full-time workers,PT_WG_A_SAL_FT,Percentage of average wage of full-time employees,_Z,Not applicable,_Z,Not applicable,MEDIAN,Median,_Z,Not applicable,2009,,39.82522302,,_Z,,A,Normal value,0,Units,2,Two
DATAFLOW,OECD.ELS.SAE:DSD_EARNINGS@MIN2AVE(1.0),Minimum relative to average wages of full-time workers,I,EST,Estonia,MR_WG_FT,Minimum relative to average wages of full-time workers,PT_WG_A_SAL_FT,Percentage of average wage of full-time employees,_Z,Not applicable,_Z,Not applicable,MEDIAN,Median,_Z,Not applicable,2010,,40.4092781,,_Z,,A,Normal value,0,Units,2,Two
DATAFLOW,OECD.ELS.SAE:DSD_EARNINGS@MIN2AVE(1.0),Minimum relative to average wages of full-time workers,I,EST,Estonia,MR_WG_FT,Minimum relative to average wages of full-time workers,PT_WG_A_SAL_FT,Percentage of average wage of full-time employees,_Z,Not applicable,_Z,Not applicable,MEDIAN,Median,_Z,Not applicable,2011,,38.16051863,,_Z,,A,Normal value,0,Units,2,Two
DATAFLOW,OECD.ELS.SAE:DSD_EARNINGS@MIN2AVE(1.0),Minimum relative to average wages of full-time workers,I,EST,Estonia,MR_WG_FT,Minimum relative to average wages of full-time workers,PT_WG_A_SAL_FT,Percentage of average wage of full-time employees,_Z,Not applicable,_Z,Not applicable,MEDIAN,Median,_Z,Not applicable,2012,,37.65539865,,_Z,,A,Normal value,0,Units,2,Two
DATAFLOW,OECD.ELS.SAE:DSD_EARNINGS@MIN2AVE(1.0),Minimum relative to average wages of full-time workers,I,EST,Estonia,MR_WG_FT,Minimum relative to average wages of full-time workers,PT_WG_A_SAL_FT,Percentage of average wage of full-time employees,_Z,Not applicable,_Z,Not applicable,MEDIAN,Median,_Z,Not applicable,2013,,38.832771,,_Z,,A,Normal value,0,Units,2,Two
DATAFLOW,OECD.ELS.SAE:DSD_EARNINGS@MIN2AVE(1.0),Minimum relative to average wages of full-time workers,I,EST,Estonia,MR_WG_FT,Minimum relative to average wages of full-time workers,PT_WG_A_SAL_FT,Percentage of average wage of full-time employees,_Z,Not applicable,_Z,Not applicable,MEDIAN,Median,_Z,Not applicable,2014,,39.8909176,,_Z,,A,Normal value,0,Units,2,Two
DATAFLOW,OECD.ELS.SAE:DSD_EARNINGS@MIN2AVE(1.0),Minimum relative to average wages of full-time workers,I,EST,Estonia,MR_WG_FT,Minimum relative to average wages of full-time workers,PT_WG_A_SAL_FT,Percentage of average wage of full-time employees,_Z,Not applicable,_Z,Not applicable,MEDIAN,Median,_Z,Not applicable,2015,,41.35033101,,_Z,,A,Normal value,0,Units,2,Two
DATAFLOW,OECD.ELS.SAE:DSD_EARNINGS@MIN2AVE(1.0),Minimum relative to average wages of full-time workers,I,EST,Estonia,MR_WG_FT,Minimum relative to average wages of full-time workers,PT_WG_A_SAL_FT,Percentage of average wage of full-time employees,_Z,Not applicable,_Z,Not applicable,MEDIAN,Median,_Z,Not applicable,2016,,42.36989308,,_Z,,A,Normal value,0,Units,2,Two
DATAFLOW,OECD.ELS.SAE:DSD_EARNINGS@MIN2AVE(1.0),Minimum relative to average wages of full-time workers,I,EST,Estonia,MR_WG_FT,Minimum relative to average wages of full-time workers,PT_WG_A_SAL_FT,Percentage of average wage of full-time employees,_Z,Not applicable,_Z,Not applicable,MEDIAN,Median,_Z,Not applicable,2017,,43.46747462,,_Z,,A,Normal value,0,Units,2,Two
DATAFLOW,OECD.ELS.SAE:DSD_EARNINGS@MIN2AVE(1.0),Minimum relative to average wages of full-time workers,I,EST,Estonia,MR_WG_FT,Minimum relative to average wages of full-time workers,PT_WG_A_SAL_FT,Percentage of average wage of full-time employees,_Z,Not applicable,_Z,Not applicable,MEDIAN,Median,_Z,Not applicable,2018,,43.09975127,,_Z,,A,Normal value,0,Units,2,Two
DATAFLOW,OECD.ELS.SAE:DSD_EARNINGS@MIN2AVE(1.0),Minimum relative to average wages of full-time workers,I,EST,Estonia,MR_WG_FT,Minimum relative to average wages of full-time workers,PT_WG_A_SAL_FT,Percentage of average wage of full-time employees,_Z,Not applicable,_Z,Not applicable,MEDIAN,Median,_Z,Not applicable,2019,,43.33868379,,_Z,,A,Normal value,0,Units,2,Two
DATAFLOW,OECD.ELS.SAE:DSD_EARNINGS@MIN2AVE(1.0),Minimum relative to average wages of full-time workers,I,EST,Estonia,MR_WG_FT,Minimum relative to average wages of full-time workers,PT_WG_A_SAL_FT,Percentage of average wage of full-time employees,_Z,Not applicable,_Z,Not applicable,MEDIAN,Median,_Z,Not applicable,2020,,45.54286424,,_Z,,A,Normal value,0,Units,2,Two
DATAFLOW,OECD.ELS.SAE:DSD_EARNINGS@MIN2AVE(1.0),Minimum relative to average wages of full-time workers,I,EST,Estonia,MR_WG_FT,Minimum relative to average wages of full-time workers,PT_WG_A_SAL_FT,Percentage of average wage of full-time employees,_Z,Not applicable,_Z,Not applicable,MEDIAN,Median,_Z,Not applicable,2021,,42.60081874,,_Z,,A,Normal value,0,Units,2,Two
DATAFLOW,OECD.ELS.SAE:DSD_EARNINGS@MIN2AVE(1.0),Minimum relative to average wages of full-time workers,I,EST,Estonia,MR_WG_FT,Minimum relative to average wages of full-time workers,PT_WG_A_SAL_FT,Percentage of average wage of full-time employees,_Z,Not applicable,_Z,Not applicable,MEDIAN,Median,_Z,Not applicable,2022,,40.54975716,,_Z,,A,Normal value,0,Units,2,Two
DATAFLOW,OECD.ELS.SAE:DSD_EARNINGS@MIN2AVE(1.0),Minimum relative to average wages of full-time workers,I,EST,Estonia,MR_WG_FT,Minimum relative to average wages of full-time workers,PT_WG_A_SAL_FT,Percentage of average wage of full-time employees,_Z,Not applicable,_Z,Not applicable,MEDIAN,Median,_Z,Not applicable,2023,,40.13031993,,_Z,,A,Normal value,0,Units,2,Two
DATAFLOW,OECD.ELS.SAE:DSD_EARNINGS@MIN2AVE(1.0),Minimum relative to average wages of full-time workers,I,EST,Estonia,MR_WG_FT,Minimum relative to average wages of full-time workers,PT_WG_A_SAL_FT,Percentage of average wage of full-time employees,_Z,Not applicable,_Z,Not applicable,MEDIAN,Median,_Z,Not applicable,2024,,41.84800506,,_Z,,A,Normal value,0,Units,2,Two
DATAFLOW,OECD.ELS.SAE:DSD_EARNINGS@MIN2AVE(1.0),Minimum relative to average wages of full-time workers,I,DEU,Germany,MR_WG_FT,Minimum relative to average wages of full-time workers,PT_WG_A_SAL_FT,Percentage of average wage of full-time employees,_Z,Not applicable,_Z,Not applicable,MEDIAN,Median,_Z,Not applicable,2015,,48.17438692,,_Z,,A,Normal value,0,Units,2,Two
DATAFLOW,OECD.ELS.SAE:DSD_EARNINGS@MIN2AVE(1.0),Minimum relative to average wages of full-time workers,I,DEU,Germany,MR_WG_FT,Minimum relative to average wages of full-time workers,PT_WG_A_SAL_FT,Percentage of average wage of full-time employees,_Z,Not applicable,_Z,Not applicable,MEDIAN,Median,_Z,Not applicable,2016,,47.14666667,,_Z,,A,Normal value,0,Units,2,Two
DATAFLOW,OECD.ELS.SAE:DSD_EARNINGS@MIN2AVE(1.0),Minimum relative to average wages of full-time workers,I,DEU,Germany,MR_WG_FT,Minimum relative to average wages of full-time workers,PT_WG_A_SAL_FT,Percentage of average wage of full-time employees,_Z,Not applicable,_Z,Not applicable,MEDIAN,Median,_Z,Not applicable,2017,,48.59196617,,_Z,,A,Normal value,0,Units,2,Two
DATAFLOW,OECD.ELS.SAE:DSD_EARNINGS@MIN2AVE(1.0),Minimum relative to average wages of full-time workers,I,DEU,Germany,MR_WG_FT,Minimum relative to average wages of full-time workers,PT_WG_A_SAL_FT,Percentage of average wage of full-time employees,_Z,Not applicable,_Z,Not applicable,MEDIAN,Median,_Z,Not applicable,2018,,46.43232323,,_Z,,A,Normal value,0,Units,2,Two
DATAFLOW,OECD.ELS.SAE:DSD_EARNINGS@MIN2AVE(1.0),Minimum relative to average wages of full-time workers,I,DEU,Germany,MR_WG_FT,Minimum relative to average wages of full-time workers,PT_WG_A_SAL_FT,Percentage of average wage of full-time employees,_Z,Not applicable,_Z,Not applicable,MEDIAN,Median,_Z,Not applicable,2019,,46.73643032,,_Z,,A,Normal value,0,Units,2,Two
DATAFLOW,OECD.ELS.SAE:DSD_EARNINGS@MIN2AVE(1.0),Minimum relative to average wages of full-time workers,I,DEU,Germany,MR_WG_FT,Minimum relative to average wages of full-time workers,PT_WG_A_SAL_FT,Percentage of average wage of full-time employees,_Z,Not applicable,_Z,Not applicable,MEDIAN,Median,_Z,Not applicable,2020,,46.23870661,,_Z,,A,Normal value,0,Units,2,Two
DATAFLOW,OECD.ELS.SAE:DSD_EARNINGS@MIN2AVE(1.0),Minimum relative to average wages of full-time workers,I,DEU,Germany,MR_WG_FT,Minimum relative to average wages of full-time workers,PT_WG_A_SAL_FT,Percentage of average wage of full-time employees,_Z,Not applicable,_Z,Not applicable,MEDIAN,Median,_Z,Not applicable,2021,,44.75294118,,_Z,,A,Normal value,0,Units,2,Two
DATAFLOW,OECD.ELS.SAE:DSD_EARNINGS@MIN2AVE(1.0),Minimum relative to average wages of full-time workers,I,DEU,Germany,MR_WG_FT,Minimum relative to average wages of full-time workers,PT_WG_A_SAL_FT,Percentage of average wage of full-time employees,_Z,Not applicable,_Z,Not applicable,MEDIAN,Median,_Z,Not applicable,2022,,48.09734825,,_Z,,A,Normal value,0,Units,2,Two
DATAFLOW,OECD.ELS.SAE:DSD_EARNINGS@MIN2AVE(1.0),Minimum relative to average wages of full-time workers,I,DEU,Germany,MR_WG_FT,Minimum relative to average wages of full-time workers,PT_WG_A_SAL_FT,Percentage of average wage of full-time employees,_Z,Not applicable,_Z,Not applicable,MEDIAN,Median,_Z,Not applicable,2023,,51.54276988,,_Z,,A,Normal value,0,Units,2,Two
DATAFLOW,OECD.ELS.SAE:DSD_EARNINGS@MIN2AVE(1.0),Minimum relative to average wages of full-time workers,I,DEU,Germany,MR_WG_FT,Minimum relative to average wages of full-time workers,PT_WG_A_SAL_FT,Percentage of average wage of full-time employees,_Z,Not applicable,_Z,Not applicable,MEDIAN,Median,_Z,Not applicable,2024,,50.55006761,,_Z,,A,Normal value,0,Units,2,Two
DATAFLOW,OECD.ELS.SAE:DSD_EARNINGS@MIN2AVE(1.0),Minimum relative to average wages of full-time workers,I,GRC,Greece,MR_WG_FT,Minimum relative to average wages of full-time workers,PT_WG_A_SAL_FT,Percentage of average wage of full-time employees,_Z,Not applicable,_Z,Not applicable,MEDIAN,Median,_Z,Not applicable,1962,,65.2,,_Z,,A,Normal value,0,Units,2,Two
DATAFLOW,OECD.ELS.SAE:DSD_EARNINGS@MIN2AVE(1.0),Minimum relative to average wages of full-time workers,I,GRC,Greece,MR_WG_FT,Minimum relative to average wages of full-time workers,PT_WG_A_SAL_FT,Percentage of average wage of full-time employees,_Z,Not applicable,_Z,Not applicable,MEDIAN,Median,_Z,Not applicable,1963,,67.6,,_Z,,A,Normal value,0,Units,2,Two
DATAFLOW,OECD.ELS.SAE:DSD_EARNINGS@MIN2AVE(1.0),Minimum relative to average wages of full-time workers,I,GRC,Greece,MR_WG_FT,Minimum relative to average wages of full-time workers,PT_WG_A_SAL_FT,Percentage of average wage of full-time employees,_Z,Not applicable,_Z,Not applicable,MEDIAN,Median,_Z,Not applicable,1964,,62.83333333,,_Z,,A,Normal value,0,Units,2,Two
DATAFLOW,OECD.ELS.SAE:DSD_EARNINGS@MIN2AVE(1.0),Minimum relative to average wages of full-time workers,I,GRC,Greece,MR_WG_FT,Minimum relative to average wages of full-time workers,PT_WG_A_SAL_FT,Percentage of average wage of full-time employees,_Z,Not applicable,_Z,Not applicable,MEDIAN,Median,_Z,Not applicable,1965,,62.83333333,,_Z,,A,Normal value,0,Units,2,Two
DATAFLOW,OECD.ELS.SAE:DSD_EARNINGS@MIN2AVE(1.0),Minimum relative to average wages of full-time workers,I,GRC,Greece,MR_WG_FT,Minimum relative to average wages of full-time workers,PT_WG_A_SAL_FT,Percentage of average wage of full-time employees,_Z,Not applicable,_Z,Not applicable,MEDIAN,Median,_Z,Not applicable,1966,,63.57142857,,_Z,,A,Normal value,0,Units,2,Two
DATAFLOW,OECD.ELS.SAE:DSD_EARNINGS@MIN2AVE(1.0),Minimum relative to average wages of full-time workers,I,GRC,Greece,MR_WG_FT,Minimum relative to average wages of full-time workers,PT_WG_A_SAL_FT,Percentage of average wage of full-time employees,_Z,Not applicable,_Z,Not applicable,MEDIAN,Median,_Z,Not applicable,1967,,62,,_Z,,A,Normal value,0,Units,2,Two
DATAFLOW,OECD.ELS.SAE:DSD_EARNINGS@MIN2AVE(1.0),Minimum relative to average wages of full-time workers,I,GRC,Greece,MR_WG_FT,Minimum relative to average wages of full-time workers,PT_WG_A_SAL_FT,Percentage of average wage of full-time employees,_Z,Not applicable,_Z,Not applicable,MEDIAN,Median,_Z,Not applicable,1968,,74.875,,_Z,,A,Normal value,0,Units,2,Two
DATAFLOW,OECD.ELS.SAE:DSD_EARNINGS@MIN2AVE(1.0),Minimum relative to average wages of full-time workers,I,GRC,Greece,MR_WG_FT,Minimum relative to average wages of full-time workers,PT_WG_A_SAL_FT,Percentage of average wage of full-time employees,_Z,Not applicable,_Z,Not applicable,MEDIAN,Median,_Z,Not applicable,1969,,68.88888889,,_Z,,A,Normal value,0,Units,2,Two
DATAFLOW,OECD.ELS.SAE:DSD_EARNINGS@MIN2AVE(1.0),Minimum relative to average wages of full-time workers,I,GRC,Greece,MR_WG_FT,Minimum relative to average wages of full-time workers,PT_WG_A_SAL_FT,Percentage of average wage of full-time employees,_Z,Not applicable,_Z,Not applicable,MEDIAN,Median,_Z,Not applicable,1970,,73.2,,_Z,,A,Normal value,0,Units,2,Two
DATAFLOW,OECD.ELS.SAE:DSD_EARNINGS@MIN2AVE(1.0),Minimum relative to average wages of full-time workers,I,GRC,Greece,MR_WG_FT,Minimum relative to average wages of full-time workers,PT_WG_A_SAL_FT,Percentage of average wage of full-time employees,_Z,Not applicable,_Z,Not applicable,MEDIAN,Median,_Z,Not applicable,1971,,76.2,,_Z,,A,Normal value,0,Units,2,Two
DATAFLOW,OECD.ELS.SAE:DSD_EARNINGS@MIN2AVE(1.0),Minimum relative to average wages of full-time workers,I,GRC,Greece,MR_WG_FT,Minimum relative to average wages of full-time workers,PT_WG_A_SAL_FT,Percentage of average wage of full-time employees,_Z,Not applicable,_Z,Not applicable,MEDIAN,Median,_Z,Not applicable,1972,,73.18181818,,_Z,,A,Normal value,0,Units,2,Two
DATAFLOW,OECD.ELS.SAE:DSD_EARNINGS@MIN2AVE(1.0),Minimum relative to average wages of full-time workers,I,GRC,Greece,MR_WG_FT,Minimum relative to average wages of full-time workers,PT_WG_A_SAL_FT,Percentage of average wage of full-time employees,_Z,Not applicable,_Z,Not applicable,MEDIAN,Median,_Z,Not applicable,1973,,70.15384615,,_Z,,A,Normal value,0,Units,2,Two
DATAFLOW,OECD.ELS.SAE:DSD_EARNINGS@MIN2AVE(1.0),Minimum relative to average wages of full-time workers,I,GRC,Greece,MR_WG_FT,Minimum relative to average wages of full-time workers,PT_WG_A_SAL_FT,Percentage of average wage of full-time employees,_Z,Not applicable,_Z,Not applicable,MEDIAN,Median,_Z,Not applicable,1974,,71.17647059,,_Z,,A,Normal value,0,Units,2,Two
DATAFLOW,OECD.ELS.SAE:DSD_EARNINGS@MIN2AVE(1.0),Minimum relative to average wages of full-time workers,I,GRC,Greece,MR_WG_FT,Minimum relative to average wages of full-time workers,PT_WG_A_SAL_FT,Percentage of average wage of full-time employees,_Z,Not applicable,_Z,Not applicable,MEDIAN,Median,_Z,Not applicable,1975,,70,,_Z,,A,Normal value,0,Units,2,Two
DATAFLOW,OECD.ELS.SAE:DSD_EARNINGS@MIN2AVE(1.0),Minimum relative to average wages of full-time workers,I,GRC,Greece,MR_WG_FT,Minimum relative to average wages of full-time workers,PT_WG_A_SAL_FT,Percentage of average wage of full-time employees,_Z,Not applicable,_Z,Not applicable,MEDIAN,Median,_Z,Not applicable,1976,,64.77777778,,_Z,,A,Normal value,0,Units,2,Two
DATAFLOW,OECD.ELS.SAE:DSD_EARNINGS@MIN2AVE(1.0),Minimum relative to average wages of full-time workers,I,GRC,Greece,MR_WG_FT,Minimum relative to average wages of full-time workers,PT_WG_A_SAL_FT,Percentage of average wage of full-time employees,_Z,Not applicable,_Z,Not applicable,MEDIAN,Median,_Z,Not applicable,1977,,63.375,,_Z,,A,Normal value,0,Units,2,Two
DATAFLOW,OECD.ELS.SAE:DSD_EARNINGS@MIN2AVE(1.0),Minimum relative to average wages of full-time workers,I,GRC,Greece,MR_WG_FT,Minimum relative to average wages of full-time workers,PT_WG_A_SAL_FT,Percentage of average wage of full-time employees,_Z,Not applicable,_Z,Not applicable,MEDIAN,Median,_Z,Not applicable,1978,,62.5,,_Z,,A,Normal value,0,Units,2,Two
DATAFLOW,OECD.ELS.SAE:DSD_EARNINGS@MIN2AVE(1.0),Minimum relative to average wages of full-time workers,I,GRC,Greece,MR_WG_FT,Minimum relative to average wages of full-time workers,PT_WG_A_SAL_FT,Percentage of average wage of full-time employees,_Z,Not applicable,_Z,Not applicable,MEDIAN,Median,_Z,Not applicable,1979,,60.52083333,,_Z,,A,Normal value,0,Units,2,Two
DATAFLOW,OECD.ELS.SAE:DSD_EARNINGS@MIN2AVE(1.0),Minimum relative to average wages of full-time workers,I,GRC,Greece,MR_WG_FT,Minimum relative to average wages of full-time workers,PT_WG_A_SAL_FT,Percentage of average wage of full-time employees,_Z,Not applicable,_Z,Not applicable,MEDIAN,Median,_Z,Not applicable,1980,,57.47540984,,_Z,,A,Normal value,0,Units,2,Two
DATAFLOW,OECD.ELS.SAE:DSD_EARNINGS@MIN2AVE(1.0),Minimum relative to average wages of full-time workers,I,GRC,Greece,MR_WG_FT,Minimum relative to average wages of full-time workers,PT_WG_A_SAL_FT,Percentage of average wage of full-time employees,_Z,Not applicable,_Z,Not applicable,MEDIAN,Median,_Z,Not applicable,1981,,55.94871795,,_Z,,A,Normal value,0,Units,2,Two
DATAFLOW,OECD.ELS.SAE:DSD_EARNINGS@MIN2AVE(1.0),Minimum relative to average wages of full-time workers,I,GRC,Greece,MR_WG_FT,Minimum relative to average wages of full-time workers,PT_WG_A_SAL_FT,Percentage of average wage of full-time employees,_Z,Not applicable,_Z,Not applicable,MEDIAN,Median,_Z,Not applicable,1982,,64.58653846,,_Z,,A,Normal value,0,Units,2,Two
DATAFLOW,OECD.ELS.SAE:DSD_EARNINGS@MIN2AVE(1.0),Minimum relative to average wages of full-time workers,I,GRC,Greece,MR_WG_FT,Minimum relative to average wages of full-time workers,PT_WG_A_SAL_FT,Percentage of average wage of full-time employees,_Z,Not applicable,_Z,Not applicable,MEDIAN,Median,_Z,Not applicable,1983,,62.34677419,,_Z,,A,Normal value,0,Units,2,Two
DATAFLOW,OECD.ELS.SAE:DSD_EARNINGS@MIN2AVE(1.0),Minimum relative to average wages of full-time workers,I,GRC,Greece,MR_WG_FT,Minimum relative to average wages of full-time workers,PT_WG_A_SAL_FT,Percentage of average wage of full-time employees,_Z,Not applicable,_Z,Not applicable,MEDIAN,Median,_Z,Not applicable,1984,,62.47435897,,_Z,,A,Normal value,0,Units,2,Two
DATAFLOW,OECD.ELS.SAE:DSD_EARNINGS@MIN2AVE(1.0),Minimum relative to average wages of full-time workers,I,GRC,Greece,MR_WG_FT,Minimum relative to average wages of full-time workers,PT_WG_A_SAL_FT,Percentage of average wage of full-time employees,_Z,Not applicable,_Z,Not applicable,MEDIAN,Median,_Z,Not applicable,1985,,61.47593583,,_Z,,A,Normal value,0,Units,2,Two
DATAFLOW,OECD.ELS.SAE:DSD_EARNINGS@MIN2AVE(1.0),Minimum relative to average wages of full-time workers,I,GRC,Greece,MR_WG_FT,Minimum relative to average wages of full-time workers,PT_WG_A_SAL_FT,Percentage of average wage of full-time employees,_Z,Not applicable,_Z,Not applicable,MEDIAN,Median,_Z,Not applicable,1986,,60.23222749,,_Z,,A,Normal value,0,Units,2,Two
DATAFLOW,OECD.ELS.SAE:DSD_EARNINGS@MIN2AVE(1.0),Minimum relative to average wages of full-time workers,I,GRC,Greece,MR_WG_FT,Minimum relative to average wages of full-time workers,PT_WG_A_SAL_FT,Percentage of average wage of full-time employees,_Z,Not applicable,_Z,Not applicable,MEDIAN,Median,_Z,Not applicable,1987,,60.46982759,,_Z,,A,Normal value,0,Units,2,Two
DATAFLOW,OECD.ELS.SAE:DSD_EARNINGS@MIN2AVE(1.0),Minimum relative to average wages of full-time workers,I,GRC,Greece,MR_WG_FT,Minimum relative to average wages of full-time workers,PT_WG_A_SAL_FT,Percentage of average wage of full-time employees,_Z,Not applicable,_Z,Not applicable,MEDIAN,Median,_Z,Not applicable,1988,,59.89416058,,_Z,,A,Normal value,0,Units,2,Two
DATAFLOW,OECD.ELS.SAE:DSD_EARNINGS@MIN2AVE(1.0),Minimum relative to average wages of full-time workers,I,GRC,Greece,MR_WG_FT,Minimum relative to average wages of full-time workers,PT_WG_A_SAL_FT,Percentage of average wage of full-time employees,_Z,Not applicable,_Z,Not applicable,MEDIAN,Median,_Z,Not applicable,1989,,58.86102719,,_Z,,A,Normal value,0,Units,2,Two
DATAFLOW,OECD.ELS.SAE:DSD_EARNINGS@MIN2AVE(1.0),Minimum relative to average wages of full-time workers,I,GRC,Greece,MR_WG_FT,Minimum relative to average wages of full-time workers,PT_WG_A_SAL_FT,Percentage of average wage of full-time employees,_Z,Not applicable,_Z,Not applicable,MEDIAN,Median,_Z,Not applicable,1990,,58.58375635,,_Z,,A,Normal value,0,Units,2,Two
DATAFLOW,OECD.ELS.SAE:DSD_EARNINGS@MIN2AVE(1.0),Minimum relative to average wages of full-time workers,I,GRC,Greece,MR_WG_FT,Minimum relative to average wages of full-time workers,PT_WG_A_SAL_FT,Percentage of average wage of full-time employees,_Z,Not applicable,_Z,Not applicable,MEDIAN,Median,_Z,Not applicable,1991,,56.71521739,,_Z,,A,Normal value,0,Units,2,Two
DATAFLOW,OECD.ELS.SAE:DSD_EARNINGS@MIN2AVE(1.0),Minimum relative to average wages of full-time workers,I,GRC,Greece,MR_WG_FT,Minimum relative to average wages of full-time workers,PT_WG_A_SAL_FT,Percentage of average wage of full-time employees,_Z,Not applicable,_Z,Not applicable,MEDIAN,Median,_Z,Not applicable,1992,,55.42366412,,_Z,,A,Normal value,0,Units,2,Two
DATAFLOW,OECD.ELS.SAE:DSD_EARNINGS@MIN2AVE(1.0),Minimum relative to average wages of full-time workers,I,GRC,Greece,MR_WG_FT,Minimum relative to average wages of full-time workers,PT_WG_A_SAL_FT,Percentage of average wage of full-time employees,_Z,Not applicable,_Z,Not applicable,MEDIAN,Median,_Z,Not applicable,1993,,56.11053541,,_Z,,A,Normal value,0,Units,2,Two
DATAFLOW,OECD.ELS.SAE:DSD_EARNINGS@MIN2AVE(1.0),Minimum relative to average wages of full-time workers,I,GRC,Greece,MR_WG_FT,Minimum relative to average wages of full-time workers,PT_WG_A_SAL_FT,Percentage of average wage of full-time employees,_Z,Not applicable,_Z,Not applicable,MEDIAN,Median,_Z,Not applicable,1994,,55.94495413,,_Z,,A,Normal value,0,Units,2,Two
DATAFLOW,OECD.ELS.SAE:DSD_EARNINGS@MIN2AVE(1.0),Minimum relative to average wages of full-time workers,I,GRC,Greece,MR_WG_FT,Minimum relative to average wages of full-time workers,PT_WG_A_SAL_FT,Percentage of average wage of full-time employees,_Z,Not applicable,_Z,Not applicable,MEDIAN,Median,_Z,Not applicable,1995,,54.02699055,,_Z,,A,Normal value,0,Units,2,Two
DATAFLOW,OECD.ELS.SAE:DSD_EARNINGS@MIN2AVE(1.0),Minimum relative to average wages of full-time workers,I,GRC,Greece,MR_WG_FT,Minimum relative to average wages of full-time workers,PT_WG_A_SAL_FT,Percentage of average wage of full-time employees,_Z,Not applicable,_Z,Not applicable,MEDIAN,Median,_Z,Not applicable,1996,,54.46590909,,_Z,,A,Normal value,0,Units,2,Two
DATAFLOW,OECD.ELS.SAE:DSD_EARNINGS@MIN2AVE(1.0),Minimum relative to average wages of full-time workers,I,GRC,Greece,MR_WG_FT,Minimum relative to average wages of full-time workers,PT_WG_A_SAL_FT,Percentage of average wage of full-time employees,_Z,Not applicable,_Z,Not applicable,MEDIAN,Median,_Z,Not applicable,1997,,54.70892019,,_Z,,A,Normal value,0,Units,2,Two
DATAFLOW,OECD.ELS.SAE:DSD_EARNINGS@MIN2AVE(1.0),Minimum relative to average wages of full-time workers,I,GRC,Greece,MR_WG_FT,Minimum relative to average wages of full-time workers,PT_WG_A_SAL_FT,Percentage of average wage of full-time employees,_Z,Not applicable,_Z,Not applicable,MEDIAN,Median,_Z,Not applicable,1998,,51.22523462,,_Z,,A,Normal value,0,Units,2,Two
DATAFLOW,OECD.ELS.SAE:DSD_EARNINGS@MIN2AVE(1.0),Minimum relative to average wages of full-time workers,I,GRC,Greece,MR_WG_FT,Minimum relative to average wages of full-time workers,PT_WG_A_SAL_FT,Percentage of average wage of full-time employees,_Z,Not applicable,_Z,Not applicable,MEDIAN,Median,_Z,Not applicable,1999,,50.81018981,,_Z,,A,Normal value,0,Units,2,Two
DATAFLOW,OECD.ELS.SAE:DSD_EARNINGS@MIN2AVE(1.0),Minimum relative to average wages of full-time workers,I,GRC,Greece,MR_WG_FT,Minimum relative to average wages of full-time workers,PT_WG_A_SAL_FT,Percentage of average wage of full-time employees,_Z,Not applicable,_Z,Not applicable,MEDIAN,Median,_Z,Not applicable,2000,,48.3135825,,_Z,,A,Normal value,0,Units,2,Two
DATAFLOW,OECD.ELS.SAE:DSD_EARNINGS@MIN2AVE(1.0),Minimum relative to average wages of full-time workers,I,GRC,Greece,MR_WG_FT,Minimum relative to average wages of full-time workers,PT_WG_A_SAL_FT,Percentage of average wage of full-time employees,_Z,Not applicable,_Z,Not applicable,MEDIAN,Median,_Z,Not applicable,2001,,46.80598291,,_Z,,A,Normal value,0,Units,2,Two
DATAFLOW,OECD.ELS.SAE:DSD_EARNINGS@MIN2AVE(1.0),Minimum relative to average wages of full-time workers,I,GRC,Greece,MR_WG_FT,Minimum relative to average wages of full-time workers,PT_WG_A_SAL_FT,Percentage of average wage of full-time employees,_Z,Not applicable,_Z,Not applicable,MEDIAN,Median,_Z,Not applicable,2002,,46.84206253,,_Z,,A,Normal value,0,Units,2,Two
DATAFLOW,OECD.ELS.SAE:DSD_EARNINGS@MIN2AVE(1.0),Minimum relative to average wages of full-time workers,I,GRC,Greece,MR_WG_FT,Minimum relative to average wages of full-time workers,PT_WG_A_SAL_FT,Percentage of average wage of full-time employees,_Z,Not applicable,_Z,Not applicable,MEDIAN,Median,_Z,Not applicable,2003,,41.8572641,,_Z,,A,Normal value,0,Units,2,Two
DATAFLOW,OECD.ELS.SAE:DSD_EARNINGS@MIN2AVE(1.0),Minimum relative to average wages of full-time workers,I,GRC,Greece,MR_WG_FT,Minimum relative to average wages of full-time workers,PT_WG_A_SAL_FT,Percentage of average wage of full-time employees,_Z,Not applicable,_Z,Not applicable,MEDIAN,Median,_Z,Not applicable,2004,,41.97071838,,_Z,,A,Normal value,0,Units,2,Two
DATAFLOW,OECD.ELS.SAE:DSD_EARNINGS@MIN2AVE(1.0),Minimum relative to average wages of full-time workers,I,GRC,Greece,MR_WG_FT,Minimum relative to average wages of full-time workers,PT_WG_A_SAL_FT,Percentage of average wage of full-time employees,_Z,Not applicable,_Z,Not applicable,MEDIAN,Median,_Z,Not applicable,2005,,43.74784688,,_Z,,A,Normal value,0,Units,2,Two
DATAFLOW,OECD.ELS.SAE:DSD_EARNINGS@MIN2AVE(1.0),Minimum relative to average wages of full-time workers,I,GRC,Greece,MR_WG_FT,Minimum relative to average wages of full-time workers,PT_WG_A_SAL_FT,Percentage of average wage of full-time employees,_Z,Not applicable,_Z,Not applicable,MEDIAN,Median,_Z,Not applicable,2006,,43.65336582,,_Z,,A,Normal value,0,Units,2,Two
DATAFLOW,OECD.ELS.SAE:DSD_EARNINGS@MIN2AVE(1.0),Minimum relative to average wages of full-time workers,I,GRC,Greece,MR_WG_FT,Minimum relative to average wages of full-time workers,PT_WG_A_SAL_FT,Percentage of average wage of full-time employees,_Z,Not applicable,_Z,Not applicable,MEDIAN,Median,_Z,Not applicable,2007,,44.49914543,,_Z,,A,Normal value,0,Units,2,Two
DATAFLOW,OECD.ELS.SAE:DSD_EARNINGS@MIN2AVE(1.0),Minimum relative to average wages of full-time workers,I,GRC,Greece,MR_WG_FT,Minimum relative to average wages of full-time workers,PT_WG_A_SAL_FT,Percentage of average wage of full-time employees,_Z,Not applicable,_Z,Not applicable,MEDIAN,Median,_Z,Not applicable,2008,,46.15605971,,_Z,,A,Normal value,0,Units,2,Two
DATAFLOW,OECD.ELS.SAE:DSD_EARNINGS@MIN2AVE(1.0),Minimum relative to average wages of full-time workers,I,GRC,Greece,MR_WG_FT,Minimum relative to average wages of full-time workers,PT_WG_A_SAL_FT,Percentage of average wage of full-time employees,_Z,Not applicable,_Z,Not applicable,MEDIAN,Median,_Z,Not applicable,2009,,46.3361575,,_Z,,A,Normal value,0,Units,2,Two
DATAFLOW,OECD.ELS.SAE:DSD_EARNINGS@MIN2AVE(1.0),Minimum relative to average wages of full-time workers,I,GRC,Greece,MR_WG_FT,Minimum relative to average wages of full-time workers,PT_WG_A_SAL_FT,Percentage of average wage of full-time employees,_Z,Not applicable,_Z,Not applicable,MEDIAN,Median,_Z,Not applicable,2010,,46.53620387,,_Z,,A,Normal value,0,Units,2,Two
DATAFLOW,OECD.ELS.SAE:DSD_EARNINGS@MIN2AVE(1.0),Minimum relative to average wages of full-time workers,I,GRC,Greece,MR_WG_FT,Minimum relative to average wages of full-time workers,PT_WG_A_SAL_FT,Percentage of average wage of full-time employees,_Z,Not applicable,_Z,Not applicable,MEDIAN,Median,_Z,Not applicable,2011,,48.58238856,,_Z,,A,Normal value,0,Units,2,Two
DATAFLOW,OECD.ELS.SAE:DSD_EARNINGS@MIN2AVE(1.0),Minimum relative to average wages of full-time workers,I,GRC,Greece,MR_WG_FT,Minimum relative to average wages of full-time workers,PT_WG_A_SAL_FT,Percentage of average wage of full-time employees,_Z,Not applicable,_Z,Not applicable,MEDIAN,Median,_Z,Not applicable,2012,,41.07706243,,_Z,,A,Normal value,0,Units,2,Two
DATAFLOW,OECD.ELS.SAE:DSD_EARNINGS@MIN2AVE(1.0),Minimum relative to average wages of full-time workers,I,GRC,Greece,MR_WG_FT,Minimum relative to average wages of full-time workers,PT_WG_A_SAL_FT,Percentage of average wage of full-time employees,_Z,Not applicable,_Z,Not applicable,MEDIAN,Median,_Z,Not applicable,2013,,43.32867776,,_Z,,A,Normal value,0,Units,2,Two
DATAFLOW,OECD.ELS.SAE:DSD_EARNINGS@MIN2AVE(1.0),Minimum relative to average wages of full-time workers,I,GRC,Greece,MR_WG_FT,Minimum relative to average wages of full-time workers,PT_WG_A_SAL_FT,Percentage of average wage of full-time employees,_Z,Not applicable,_Z,Not applicable,MEDIAN,Median,_Z,Not applicable,2014,,42.07753846,,_Z,,A,Normal value,0,Units,2,Two
DATAFLOW,OECD.ELS.SAE:DSD_EARNINGS@MIN2AVE(1.0),Minimum relative to average wages of full-time workers,I,GRC,Greece,MR_WG_FT,Minimum relative to average wages of full-time workers,PT_WG_A_SAL_FT,Percentage of average wage of full-time employees,_Z,Not applicable,_Z,Not applicable,MEDIAN,Median,_Z,Not applicable,2015,,42.34929286,,_Z,,A,Normal value,0,Units,2,Two
DATAFLOW,OECD.ELS.SAE:DSD_EARNINGS@MIN2AVE(1.0),Minimum relative to average wages of full-time workers,I,GRC,Greece,MR_WG_FT,Minimum relative to average wages of full-time workers,PT_WG_A_SAL_FT,Percentage of average wage of full-time employees,_Z,Not applicable,_Z,Not applicable,MEDIAN,Median,_Z,Not applicable,2016,,43.96114153,,_Z,,A,Normal value,0,Units,2,Two
DATAFLOW,OECD.ELS.SAE:DSD_EARNINGS@MIN2AVE(1.0),Minimum relative to average wages of full-time workers,I,GRC,Greece,MR_WG_FT,Minimum relative to average wages of full-time workers,PT_WG_A_SAL_FT,Percentage of average wage of full-time employees,_Z,Not applicable,_Z,Not applicable,MEDIAN,Median,_Z,Not applicable,2017,,43.51868447,,_Z,,A,Normal value,0,Units,2,Two
DATAFLOW,OECD.ELS.SAE:DSD_EARNINGS@MIN2AVE(1.0),Minimum relative to average wages of full-time workers,I,GRC,Greece,MR_WG_FT,Minimum relative to average wages of full-time workers,PT_WG_A_SAL_FT,Percentage of average wage of full-time employees,_Z,Not applicable,_Z,Not applicable,MEDIAN,Median,_Z,Not applicable,2018,,45.50058227,,_Z,,A,Normal value,0,Units,2,Two
DATAFLOW,OECD.ELS.SAE:DSD_EARNINGS@MIN2AVE(1.0),Minimum relative to average wages of full-time workers,I,GRC,Greece,MR_WG_FT,Minimum relative to average wages of full-time workers,PT_WG_A_SAL_FT,Percentage of average wage of full-time employees,_Z,Not applicable,_Z,Not applicable,MEDIAN,Median,_Z,Not applicable,2019,,50.152281,,_Z,,A,Normal value,0,Units,2,Two
DATAFLOW,OECD.ELS.SAE:DSD_EARNINGS@MIN2AVE(1.0),Minimum relative to average wages of full-time workers,I,GRC,Greece,MR_WG_FT,Minimum relative to average wages of full-time workers,PT_WG_A_SAL_FT,Percentage of average wage of full-time employees,_Z,Not applicable,_Z,Not applicable,MEDIAN,Median,_Z,Not applicable,2020,,50.79684141,,_Z,,A,Normal value,0,Units,2,Two
DATAFLOW,OECD.ELS.SAE:DSD_EARNINGS@MIN2AVE(1.0),Minimum relative to average wages of full-time workers,I,GRC,Greece,MR_WG_FT,Minimum relative to average wages of full-time workers,PT_WG_A_SAL_FT,Percentage of average wage of full-time employees,_Z,Not applicable,_Z,Not applicable,MEDIAN,Median,_Z,Not applicable,2021,,49.98879528,,_Z,,A,Normal value,0,Units,2,Two
DATAFLOW,OECD.ELS.SAE:DSD_EARNINGS@MIN2AVE(1.0),Minimum relative to average wages of full-time workers,I,GRC,Greece,MR_WG_FT,Minimum relative to average wages of full-time workers,PT_WG_A_SAL_FT,Percentage of average wage of full-time employees,_Z,Not applicable,_Z,Not applicable,MEDIAN,Median,_Z,Not applicable,2022,,45.2890949,,_Z,,A,Normal value,0,Units,2,Two
DATAFLOW,OECD.ELS.SAE:DSD_EARNINGS@MIN2AVE(1.0),Minimum relative to average wages of full-time workers,I,GRC,Greece,MR_WG_FT,Minimum relative to average wages of full-time workers,PT_WG_A_SAL_FT,Percentage of average wage of full-time employees,_Z,Not applicable,_Z,Not applicable,MEDIAN,Median,_Z,Not applicable,2023,,46.98496511,,_Z,,A,Normal value,0,Units,2,Two
DATAFLOW,OECD.ELS.SAE:DSD_EARNINGS@MIN2AVE(1.0),Minimum relative to average wages of full-time workers,I,GRC,Greece,MR_WG_FT,Minimum relative to average wages of full-time workers,PT_WG_A_SAL_FT,Percentage of average wage of full-time employees,_Z,Not applicable,_Z,Not applicable,MEDIAN,Median,_Z,Not applicable,2024,,48.50111444,,_Z,,A,Normal value,0,Units,2,Two
DATAFLOW,OECD.ELS.SAE:DSD_EARNINGS@MIN2AVE(1.0),Minimum relative to average wages of full-time workers,I,HUN,Hungary,MR_WG_FT,Minimum relative to average wages of full-time workers,PT_WG_A_SAL_FT,Percentage of average wage of full-time employees,_Z,Not applicable,_Z,Not applicable,MEDIAN,Median,_Z,Not applicable,1988,,36.76020096,,_Z,,A,Normal value,0,Units,2,Two
DATAFLOW,OECD.ELS.SAE:DSD_EARNINGS@MIN2AVE(1.0),Minimum relative to average wages of full-time workers,I,HUN,Hungary,MR_WG_FT,Minimum relative to average wages of full-time workers,PT_WG_A_SAL_FT,Percentage of average wage of full-time employees,_Z,Not applicable,_Z,Not applicable,MEDIAN,Median,_Z,Not applicable,1989,,39.00618469,,_Z,,A,Normal value,0,Units,2,Two
DATAFLOW,OECD.ELS.SAE:DSD_EARNINGS@MIN2AVE(1.0),Minimum relative to average wages of full-time workers,I,HUN,Hungary,MR_WG_FT,Minimum relative to average wages of full-time workers,PT_WG_A_SAL_FT,Percentage of average wage of full-time employees,_Z,Not applicable,_Z,Not applicable,MEDIAN,Median,_Z,Not applicable,1990,,42.99425829,,_Z,,A,Normal value,0,Units,2,Two
DATAFLOW,OECD.ELS.SAE:DSD_EARNINGS@MIN2AVE(1.0),Minimum relative to average wages of full-time workers,I,HUN,Hungary,MR_WG_FT,Minimum relative to average wages of full-time workers,PT_WG_A_SAL_FT,Percentage of average wage of full-time employees,_Z,Not applicable,_Z,Not applicable,MEDIAN,Median,_Z,Not applicable,1991,,44.00656814,,_Z,,A,Normal value,0,Units,2,Two
DATAFLOW,OECD.ELS.SAE:DSD_EARNINGS@MIN2AVE(1.0),Minimum relative to average wages of full-time workers,I,HUN,Hungary,MR_WG_FT,Minimum relative to average wages of full-time workers,PT_WG_A_SAL_FT,Percentage of average wage of full-time employees,_Z,Not applicable,_Z,Not applicable,MEDIAN,Median,_Z,Not applicable,1992,,42.64165023,,_Z,,A,Normal value,0,Units,2,Two
DATAFLOW,OECD.ELS.SAE:DSD_EARNINGS@MIN2AVE(1.0),Minimum relative to average wages of full-time workers,I,HUN,Hungary,MR_WG_FT,Minimum relative to average wages of full-time workers,PT_WG_A_SAL_FT,Percentage of average wage of full-time employees,_Z,Not applicable,_Z,Not applicable,MEDIAN,Median,_Z,Not applicable,1993,,40.39411099,,_Z,,A,Normal value,0,Units,2,Two
DATAFLOW,OECD.ELS.SAE:DSD_EARNINGS@MIN2AVE(1.0),Minimum relative to average wages of full-time workers,I,HUN,Hungary,MR_WG_FT,Minimum relative to average wages of full-time workers,PT_WG_A_SAL_FT,Percentage of average wage of full-time employees,_Z,Not applicable,_Z,Not applicable,MEDIAN,Median,_Z,Not applicable,1994,,35.9581326,,_Z,,A,Normal value,0,Units,2,Two
DATAFLOW,OECD.ELS.SAE:DSD_EARNINGS@MIN2AVE(1.0),Minimum relative to average wages of full-time workers,I,HUN,Hungary,MR_WG_FT,Minimum relative to average wages of full-time workers,PT_WG_A_SAL_FT,Percentage of average wage of full-time employees,_Z,Not applicable,_Z,Not applicable,MEDIAN,Median,_Z,Not applicable,1995,,36.52944242,,_Z,,A,Normal value,0,Units,2,Two
DATAFLOW,OECD.ELS.SAE:DSD_EARNINGS@MIN2AVE(1.0),Minimum relative to average wages of full-time workers,I,HUN,Hungary,MR_WG_FT,Minimum relative to average wages of full-time workers,PT_WG_A_SAL_FT,Percentage of average wage of full-time employees,_Z,Not applicable,_Z,Not applicable,MEDIAN,Median,_Z,Not applicable,1996,,37.56563747,,_Z,,A,Normal value,0,Units,2,Two
DATAFLOW,OECD.ELS.SAE:DSD_EARNINGS@MIN2AVE(1.0),Minimum relative to average wages of full-time workers,I,HUN,Hungary,MR_WG_FT,Minimum relative to average wages of full-time workers,PT_WG_A_SAL_FT,Percentage of average wage of full-time employees,_Z,Not applicable,_Z,Not applicable,MEDIAN,Median,_Z,Not applicable,1997,,37.35689015,,_Z,,A,Normal value,0,Units,2,Two
DATAFLOW,OECD.ELS.SAE:DSD_EARNINGS@MIN2AVE(1.0),Minimum relative to average wages of full-time workers,I,HUN,Hungary,MR_WG_FT,Minimum relative to average wages of full-time workers,PT_WG_A_SAL_FT,Percentage of average wage of full-time employees,_Z,Not applicable,_Z,Not applicable,MEDIAN,Median,_Z,Not applicable,1998,,35.86536693,,_Z,,A,Normal value,0,Units,2,Two
DATAFLOW,OECD.ELS.SAE:DSD_EARNINGS@MIN2AVE(1.0),Minimum relative to average wages of full-time workers,I,HUN,Hungary,MR_WG_FT,Minimum relative to average wages of full-time workers,PT_WG_A_SAL_FT,Percentage of average wage of full-time employees,_Z,Not applicable,_Z,Not applicable,MEDIAN,Median,_Z,Not applicable,1999,,35.85428817,,_Z,,A,Normal value,0,Units,2,Two
DATAFLOW,OECD.ELS.SAE:DSD_EARNINGS@MIN2AVE(1.0),Minimum relative to average wages of full-time workers,I,HUN,Hungary,MR_WG_FT,Minimum relative to average wages of full-time workers,PT_WG_A_SAL_FT,Percentage of average wage of full-time employees,_Z,Not applicable,_Z,Not applicable,MEDIAN,Median,_Z,Not applicable,2000,,36.4942611,,_Z,,A,Normal value,0,Units,2,Two
DATAFLOW,OECD.ELS.SAE:DSD_EARNINGS@MIN2AVE(1.0),Minimum relative to average wages of full-time workers,I,HUN,Hungary,MR_WG_FT,Minimum relative to average wages of full-time workers,PT_WG_A_SAL_FT,Percentage of average wage of full-time employees,_Z,Not applicable,_Z,Not applicable,MEDIAN,Median,_Z,Not applicable,2001,,50.03690222,,_Z,,A,Normal value,0,Units,2,Two
DATAFLOW,OECD.ELS.SAE:DSD_EARNINGS@MIN2AVE(1.0),Minimum relative to average wages of full-time workers,I,HUN,Hungary,MR_WG_FT,Minimum relative to average wages of full-time workers,PT_WG_A_SAL_FT,Percentage of average wage of full-time employees,_Z,Not applicable,_Z,Not applicable,MEDIAN,Median,_Z,Not applicable,2002,,56.98265448,,_Z,,A,Normal value,0,Units,2,Two
DATAFLOW,OECD.ELS.SAE:DSD_EARNINGS@MIN2AVE(1.0),Minimum relative to average wages of full-time workers,I,HUN,Hungary,MR_WG_FT,Minimum relative to average wages of full-time workers,PT_WG_A_SAL_FT,Percentage of average wage of full-time employees,_Z,Not applicable,_Z,Not applicable,MEDIAN,Median,_Z,Not applicable,2003,,46.73421318,,_Z,,A,Normal value,0,Units,2,Two
DATAFLOW,OECD.ELS.SAE:DSD_EARNINGS@MIN2AVE(1.0),Minimum relative to average wages of full-time workers,I,HUN,Hungary,MR_WG_FT,Minimum relative to average wages of full-time workers,PT_WG_A_SAL_FT,Percentage of average wage of full-time employees,_Z,Not applicable,_Z,Not applicable,MEDIAN,Median,_Z,Not applicable,2004,,47.26656559,,_Z,,A,Normal value,0,Units,2,Two
DATAFLOW,OECD.ELS.SAE:DSD_EARNINGS@MIN2AVE(1.0),Minimum relative to average wages of full-time workers,I,HUN,Hungary,MR_WG_FT,Minimum relative to average wages of full-time workers,PT_WG_A_SAL_FT,Percentage of average wage of full-time employees,_Z,Not applicable,_Z,Not applicable,MEDIAN,Median,_Z,Not applicable,2005,,46.3252684,,_Z,,A,Normal value,0,Units,2,Two
DATAFLOW,OECD.ELS.SAE:DSD_EARNINGS@MIN2AVE(1.0),Minimum relative to average wages of full-time workers,I,HUN,Hungary,MR_WG_FT,Minimum relative to average wages of full-time workers,PT_WG_A_SAL_FT,Percentage of average wage of full-time employees,_Z,Not applicable,_Z,Not applicable,MEDIAN,Median,_Z,Not applicable,2006,,47.66989551,,_Z,,A,Normal value,0,Units,2,Two
DATAFLOW,OECD.ELS.SAE:DSD_EARNINGS@MIN2AVE(1.0),Minimum relative to average wages of full-time workers,I,HUN,Hungary,MR_WG_FT,Minimum relative to average wages of full-time workers,PT_WG_A_SAL_FT,Percentage of average wage of full-time employees,_Z,Not applicable,_Z,Not applicable,MEDIAN,Median,_Z,Not applicable,2007,,46.74331142,,_Z,,A,Normal value,0,Units,2,Two
DATAFLOW,OECD.ELS.SAE:DSD_EARNINGS@MIN2AVE(1.0),Minimum relative to average wages of full-time workers,I,HUN,Hungary,MR_WG_FT,Minimum relative to average wages of full-time workers,PT_WG_A_SAL_FT,Percentage of average wage of full-time employees,_Z,Not applicable,_Z,Not applicable,MEDIAN,Median,_Z,Not applicable,2008,,46,,_Z,,A,Normal value,0,Units,2,Two
DATAFLOW,OECD.ELS.SAE:DSD_EARNINGS@MIN2AVE(1.0),Minimum relative to average wages of full-time workers,I,HUN,Hungary,MR_WG_FT,Minimum relative to average wages of full-time workers,PT_WG_A_SAL_FT,Percentage of average wage of full-time employees,_Z,Not applicable,_Z,Not applicable,MEDIAN,Median,_Z,Not applicable,2009,,46.66279442,,_Z,,A,Normal value,0,Units,2,Two
DATAFLOW,OECD.ELS.SAE:DSD_EARNINGS@MIN2AVE(1.0),Minimum relative to average wages of full-time workers,I,HUN,Hungary,MR_WG_FT,Minimum relative to average wages of full-time workers,PT_WG_A_SAL_FT,Percentage of average wage of full-time employees,_Z,Not applicable,_Z,Not applicable,MEDIAN,Median,_Z,Not applicable,2010,,47.41935484,,_Z,,A,Normal value,0,Units,2,Two
DATAFLOW,OECD.ELS.SAE:DSD_EARNINGS@MIN2AVE(1.0),Minimum relative to average wages of full-time workers,I,HUN,Hungary,MR_WG_FT,Minimum relative to average wages of full-time workers,PT_WG_A_SAL_FT,Percentage of average wage of full-time employees,_Z,Not applicable,_Z,Not applicable,MEDIAN,Median,_Z,Not applicable,2011,,49.49584045,,_Z,,A,Normal value,0,Units,2,Two
DATAFLOW,OECD.ELS.SAE:DSD_EARNINGS@MIN2AVE(1.0),Minimum relative to average wages of full-time workers,I,HUN,Hungary,MR_WG_FT,Minimum relative to average wages of full-time workers,PT_WG_A_SAL_FT,Percentage of average wage of full-time employees,_Z,Not applicable,_Z,Not applicable,MEDIAN,Median,_Z,Not applicable,2012,,53.89617163,,_Z,,A,Normal value,0,Units,2,Two
DATAFLOW,OECD.ELS.SAE:DSD_EARNINGS@MIN2AVE(1.0),Minimum relative to average wages of full-time workers,I,HUN,Hungary,MR_WG_FT,Minimum relative to average wages of full-time workers,PT_WG_A_SAL_FT,Percentage of average wage of full-time employees,_Z,Not applicable,_Z,Not applicable,MEDIAN,Median,_Z,Not applicable,2013,,53.86124683,,_Z,,A,Normal value,0,Units,2,Two
DATAFLOW,OECD.ELS.SAE:DSD_EARNINGS@MIN2AVE(1.0),Minimum relative to average wages of full-time workers,I,HUN,Hungary,MR_WG_FT,Minimum relative to average wages of full-time workers,PT_WG_A_SAL_FT,Percentage of average wage of full-time employees,_Z,Not applicable,_Z,Not applicable,MEDIAN,Median,_Z,Not applicable,2014,,53.55720067,,_Z,,A,Normal value,0,Units,2,Two
DATAFLOW,OECD.ELS.SAE:DSD_EARNINGS@MIN2AVE(1.0),Minimum relative to average wages of full-time workers,I,HUN,Hungary,MR_WG_FT,Minimum relative to average wages of full-time workers,PT_WG_A_SAL_FT,Percentage of average wage of full-time employees,_Z,Not applicable,_Z,Not applicable,MEDIAN,Median,_Z,Not applicable,2015,,52.5,,_Z,,A,Normal value,0,Units,2,Two
DATAFLOW,OECD.ELS.SAE:DSD_EARNINGS@MIN2AVE(1.0),Minimum relative to average wages of full-time workers,I,HUN,Hungary,MR_WG_FT,Minimum relative to average wages of full-time workers,PT_WG_A_SAL_FT,Percentage of average wage of full-time employees,_Z,Not applicable,_Z,Not applicable,MEDIAN,Median,_Z,Not applicable,2016,,51.19501148,,_Z,,A,Normal value,0,Units,2,Two
DATAFLOW,OECD.ELS.SAE:DSD_EARNINGS@MIN2AVE(1.0),Minimum relative to average wages of full-time workers,I,HUN,Hungary,MR_WG_FT,Minimum relative to average wages of full-time workers,PT_WG_A_SAL_FT,Percentage of average wage of full-time employees,_Z,Not applicable,_Z,Not applicable,MEDIAN,Median,_Z,Not applicable,2017,,52.06166646,,_Z,,A,Normal value,0,Units,2,Two
DATAFLOW,OECD.ELS.SAE:DSD_EARNINGS@MIN2AVE(1.0),Minimum relative to average wages of full-time workers,I,HUN,Hungary,MR_WG_FT,Minimum relative to average wages of full-time workers,PT_WG_A_SAL_FT,Percentage of average wage of full-time employees,_Z,Not applicable,_Z,Not applicable,MEDIAN,Median,_Z,Not applicable,2018,,50.59559818,,_Z,,A,Normal value,0,Units,2,Two
DATAFLOW,OECD.ELS.SAE:DSD_EARNINGS@MIN2AVE(1.0),Minimum relative to average wages of full-time workers,I,HUN,Hungary,MR_WG_FT,Minimum relative to average wages of full-time workers,PT_WG_A_SAL_FT,Percentage of average wage of full-time employees,_Z,Not applicable,_Z,Not applicable,MEDIAN,Median,_Z,Not applicable,2019,,49.370444,,_Z,,A,Normal value,0,Units,2,Two
DATAFLOW,OECD.ELS.SAE:DSD_EARNINGS@MIN2AVE(1.0),Minimum relative to average wages of full-time workers,I,HUN,Hungary,MR_WG_FT,Minimum relative to average wages of full-time workers,PT_WG_A_SAL_FT,Percentage of average wage of full-time employees,_Z,Not applicable,_Z,Not applicable,MEDIAN,Median,_Z,Not applicable,2020,,48.35517325,,_Z,,A,Normal value,0,Units,2,Two
DATAFLOW,OECD.ELS.SAE:DSD_EARNINGS@MIN2AVE(1.0),Minimum relative to average wages of full-time workers,I,HUN,Hungary,MR_WG_FT,Minimum relative to average wages of full-time workers,PT_WG_A_SAL_FT,Percentage of average wage of full-time employees,_Z,Not applicable,_Z,Not applicable,MEDIAN,Median,_Z,Not applicable,2021,,45.53431191,,_Z,,A,Normal value,0,Units,2,Two
DATAFLOW,OECD.ELS.SAE:DSD_EARNINGS@MIN2AVE(1.0),Minimum relative to average wages of full-time workers,I,HUN,Hungary,MR_WG_FT,Minimum relative to average wages of full-time workers,PT_WG_A_SAL_FT,Percentage of average wage of full-time employees,_Z,Not applicable,_Z,Not applicable,MEDIAN,Median,_Z,Not applicable,2022,,47.73155772,,_Z,,A,Normal value,0,Units,2,Two
DATAFLOW,OECD.ELS.SAE:DSD_EARNINGS@MIN2AVE(1.0),Minimum relative to average wages of full-time workers,I,HUN,Hungary,MR_WG_FT,Minimum relative to average wages of full-time workers,PT_WG_A_SAL_FT,Percentage of average wage of full-time employees,_Z,Not applicable,_Z,Not applicable,MEDIAN,Median,_Z,Not applicable,2023,,48.08549269,,_Z,,A,Normal value,0,Units,2,Two
DATAFLOW,OECD.ELS.SAE:DSD_EARNINGS@MIN2AVE(1.0),Minimum relative to average wages of full-time workers,I,HUN,Hungary,MR_WG_FT,Minimum relative to average wages of full-time workers,PT_WG_A_SAL_FT,Percentage of average wage of full-time employees,_Z,Not applicable,_Z,Not applicable,MEDIAN,Median,_Z,Not applicable,2024,,50.2144009,,_Z,,A,Normal value,0,Units,2,Two
DATAFLOW,OECD.ELS.SAE:DSD_EARNINGS@MIN2AVE(1.0),Minimum relative to average wages of full-time workers,I,IRL,Ireland,MR_WG_FT,Minimum relative to average wages of full-time workers,PT_WG_A_SAL_FT,Percentage of average wage of full-time employees,_Z,Not applicable,_Z,Not applicable,MEDIAN,Median,_Z,Not applicable,2000,,48.00565271,,_Z,,A,Normal value,0,Units,2,Two
DATAFLOW,OECD.ELS.SAE:DSD_EARNINGS@MIN2AVE(1.0),Minimum relative to average wages of full-time workers,I,IRL,Ireland,MR_WG_FT,Minimum relative to average wages of full-time workers,PT_WG_A_SAL_FT,Percentage of average wage of full-time employees,_Z,Not applicable,_Z,Not applicable,MEDIAN,Median,_Z,Not applicable,2001,,37.19433719,,_Z,,A,Normal value,0,Units,2,Two
DATAFLOW,OECD.ELS.SAE:DSD_EARNINGS@MIN2AVE(1.0),Minimum relative to average wages of full-time workers,I,IRL,Ireland,MR_WG_FT,Minimum relative to average wages of full-time workers,PT_WG_A_SAL_FT,Percentage of average wage of full-time employees,_Z,Not applicable,_Z,Not applicable,MEDIAN,Median,_Z,Not applicable,2002,,36.45645646,,_Z,,A,Normal value,0,Units,2,Two
DATAFLOW,OECD.ELS.SAE:DSD_EARNINGS@MIN2AVE(1.0),Minimum relative to average wages of full-time workers,I,IRL,Ireland,MR_WG_FT,Minimum relative to average wages of full-time workers,PT_WG_A_SAL_FT,Percentage of average wage of full-time employees,_Z,Not applicable,_Z,Not applicable,MEDIAN,Median,_Z,Not applicable,2003,,36.42567054,,_Z,,A,Normal value,0,Units,2,Two
DATAFLOW,OECD.ELS.SAE:DSD_EARNINGS@MIN2AVE(1.0),Minimum relative to average wages of full-time workers,I,IRL,Ireland,MR_WG_FT,Minimum relative to average wages of full-time workers,PT_WG_A_SAL_FT,Percentage of average wage of full-time employees,_Z,Not applicable,_Z,Not applicable,MEDIAN,Median,_Z,Not applicable,2004,,37.44801832,,_Z,,A,Normal value,0,Units,2,Two
DATAFLOW,OECD.ELS.SAE:DSD_EARNINGS@MIN2AVE(1.0),Minimum relative to average wages of full-time workers,I,IRL,Ireland,MR_WG_FT,Minimum relative to average wages of full-time workers,PT_WG_A_SAL_FT,Percentage of average wage of full-time employees,_Z,Not applicable,_Z,Not applicable,MEDIAN,Median,_Z,Not applicable,2005,,38.45831286,,_Z,,A,Normal value,0,Units,2,Two
DATAFLOW,OECD.ELS.SAE:DSD_EARNINGS@MIN2AVE(1.0),Minimum relative to average wages of full-time workers,I,IRL,Ireland,MR_WG_FT,Minimum relative to average wages of full-time workers,PT_WG_A_SAL_FT,Percentage of average wage of full-time employees,_Z,Not applicable,_Z,Not applicable,MEDIAN,Median,_Z,Not applicable,2006,,42.12555066,,_Z,,A,Normal value,0,Units,2,Two
DATAFLOW,OECD.ELS.SAE:DSD_EARNINGS@MIN2AVE(1.0),Minimum relative to average wages of full-time workers,I,IRL,Ireland,MR_WG_FT,Minimum relative to average wages of full-time workers,PT_WG_A_SAL_FT,Percentage of average wage of full-time employees,_Z,Not applicable,_Z,Not applicable,MEDIAN,Median,_Z,Not applicable,2007,,42.72532863,,_Z,,A,Normal value,0,Units,2,Two
DATAFLOW,OECD.ELS.SAE:DSD_EARNINGS@MIN2AVE(1.0),Minimum relative to average wages of full-time workers,I,IRL,Ireland,MR_WG_FT,Minimum relative to average wages of full-time workers,PT_WG_A_SAL_FT,Percentage of average wage of full-time employees,_Z,Not applicable,_Z,Not applicable,MEDIAN,Median,_Z,Not applicable,2008,,42.1184951,,_Z,,A,Normal value,0,Units,2,Two
DATAFLOW,OECD.ELS.SAE:DSD_EARNINGS@MIN2AVE(1.0),Minimum relative to average wages of full-time workers,I,IRL,Ireland,MR_WG_FT,Minimum relative to average wages of full-time workers,PT_WG_A_SAL_FT,Percentage of average wage of full-time employees,_Z,Not applicable,_Z,Not applicable,MEDIAN,Median,_Z,Not applicable,2009,,37.60726277,,_Z,,A,Normal value,0,Units,2,Two
DATAFLOW,OECD.ELS.SAE:DSD_EARNINGS@MIN2AVE(1.0),Minimum relative to average wages of full-time workers,I,IRL,Ireland,MR_WG_FT,Minimum relative to average wages of full-time workers,PT_WG_A_SAL_FT,Percentage of average wage of full-time employees,_Z,Not applicable,_Z,Not applicable,MEDIAN,Median,_Z,Not applicable,2010,,45.33542977,,_Z,,A,Normal value,0,Units,2,Two
DATAFLOW,OECD.ELS.SAE:DSD_EARNINGS@MIN2AVE(1.0),Minimum relative to average wages of full-time workers,I,IRL,Ireland,MR_WG_FT,Minimum relative to average wages of full-time workers,PT_WG_A_SAL_FT,Percentage of average wage of full-time employees,_Z,Not applicable,_Z,Not applicable,MEDIAN,Median,_Z,Not applicable,2011,,44.42872117,,_Z,,A,Normal value,0,Units,2,Two
DATAFLOW,OECD.ELS.SAE:DSD_EARNINGS@MIN2AVE(1.0),Minimum relative to average wages of full-time workers,I,IRL,Ireland,MR_WG_FT,Minimum relative to average wages of full-time workers,PT_WG_A_SAL_FT,Percentage of average wage of full-time employees,_Z,Not applicable,_Z,Not applicable,MEDIAN,Median,_Z,Not applicable,2012,,45.33542977,,_Z,,A,Normal value,0,Units,2,Two
DATAFLOW,OECD.ELS.SAE:DSD_EARNINGS@MIN2AVE(1.0),Minimum relative to average wages of full-time workers,I,IRL,Ireland,MR_WG_FT,Minimum relative to average wages of full-time workers,PT_WG_A_SAL_FT,Percentage of average wage of full-time employees,_Z,Not applicable,_Z,Not applicable,MEDIAN,Median,_Z,Not applicable,2013,,44.65198108,,_Z,,A,Normal value,0,Units,2,Two
DATAFLOW,OECD.ELS.SAE:DSD_EARNINGS@MIN2AVE(1.0),Minimum relative to average wages of full-time workers,I,IRL,Ireland,MR_WG_FT,Minimum relative to average wages of full-time workers,PT_WG_A_SAL_FT,Percentage of average wage of full-time employees,_Z,Not applicable,_Z,Not applicable,MEDIAN,Median,_Z,Not applicable,2014,,40.45837231,,_Z,,A,Normal value,0,Units,2,Two
DATAFLOW,OECD.ELS.SAE:DSD_EARNINGS@MIN2AVE(1.0),Minimum relative to average wages of full-time workers,I,IRL,Ireland,MR_WG_FT,Minimum relative to average wages of full-time workers,PT_WG_A_SAL_FT,Percentage of average wage of full-time employees,_Z,Not applicable,_Z,Not applicable,MEDIAN,Median,_Z,Not applicable,2015,,39.22613762,,_Z,,A,Normal value,0,Units,2,Two
DATAFLOW,OECD.ELS.SAE:DSD_EARNINGS@MIN2AVE(1.0),Minimum relative to average wages of full-time workers,I,IRL,Ireland,MR_WG_FT,Minimum relative to average wages of full-time workers,PT_WG_A_SAL_FT,Percentage of average wage of full-time employees,_Z,Not applicable,_Z,Not applicable,MEDIAN,Median,_Z,Not applicable,2016,,42.35351425,,_Z,,A,Normal value,0,Units,2,Two
DATAFLOW,OECD.ELS.SAE:DSD_EARNINGS@MIN2AVE(1.0),Minimum relative to average wages of full-time workers,I,IRL,Ireland,MR_WG_FT,Minimum relative to average wages of full-time workers,PT_WG_A_SAL_FT,Percentage of average wage of full-time employees,_Z,Not applicable,_Z,Not applicable,MEDIAN,Median,_Z,Not applicable,2017,,42.16104122,,_Z,,A,Normal value,0,Units,2,Two
DATAFLOW,OECD.ELS.SAE:DSD_EARNINGS@MIN2AVE(1.0),Minimum relative to average wages of full-time workers,I,IRL,Ireland,MR_WG_FT,Minimum relative to average wages of full-time workers,PT_WG_A_SAL_FT,Percentage of average wage of full-time employees,_Z,Not applicable,_Z,Not applicable,MEDIAN,Median,_Z,Not applicable,2018,,49.66198648,,_Z,,A,Normal value,0,Units,2,Two
DATAFLOW,OECD.ELS.SAE:DSD_EARNINGS@MIN2AVE(1.0),Minimum relative to average wages of full-time workers,I,IRL,Ireland,MR_WG_FT,Minimum relative to average wages of full-time workers,PT_WG_A_SAL_FT,Percentage of average wage of full-time employees,_Z,Not applicable,_Z,Not applicable,MEDIAN,Median,_Z,Not applicable,2019,,48.8319486,,_Z,,A,Normal value,0,Units,2,Two
DATAFLOW,OECD.ELS.SAE:DSD_EARNINGS@MIN2AVE(1.0),Minimum relative to average wages of full-time workers,I,IRL,Ireland,MR_WG_FT,Minimum relative to average wages of full-time workers,PT_WG_A_SAL_FT,Percentage of average wage of full-time employees,_Z,Not applicable,_Z,Not applicable,MEDIAN,Median,_Z,Not applicable,2020,,47.84028618,,_Z,,A,Normal value,0,Units,2,Two
DATAFLOW,OECD.ELS.SAE:DSD_EARNINGS@MIN2AVE(1.0),Minimum relative to average wages of full-time workers,I,IRL,Ireland,MR_WG_FT,Minimum relative to average wages of full-time workers,PT_WG_A_SAL_FT,Percentage of average wage of full-time employees,_Z,Not applicable,_Z,Not applicable,MEDIAN,Median,_Z,Not applicable,2021,,47.18284147,,_Z,,A,Normal value,0,Units,2,Two
DATAFLOW,OECD.ELS.SAE:DSD_EARNINGS@MIN2AVE(1.0),Minimum relative to average wages of full-time workers,I,IRL,Ireland,MR_WG_FT,Minimum relative to average wages of full-time workers,PT_WG_A_SAL_FT,Percentage of average wage of full-time employees,_Z,Not applicable,_Z,Not applicable,MEDIAN,Median,_Z,Not applicable,2022,,45.49393414,,_Z,,A,Normal value,0,Units,2,Two
DATAFLOW,OECD.ELS.SAE:DSD_EARNINGS@MIN2AVE(1.0),Minimum relative to average wages of full-time workers,I,IRL,Ireland,MR_WG_FT,Minimum relative to average wages of full-time workers,PT_WG_A_SAL_FT,Percentage of average wage of full-time employees,_Z,Not applicable,_Z,Not applicable,MEDIAN,Median,_Z,Not applicable,2023,,46.93712725,,_Z,,A,Normal value,0,Units,2,Two
DATAFLOW,OECD.ELS.SAE:DSD_EARNINGS@MIN2AVE(1.0),Minimum relative to average wages of full-time workers,I,IRL,Ireland,MR_WG_FT,Minimum relative to average wages of full-time workers,PT_WG_A_SAL_FT,Percentage of average wage of full-time employees,_Z,Not applicable,_Z,Not applicable,MEDIAN,Median,_Z,Not applicable,2024,,50.11389428,,_Z,,A,Normal value,0,Units,2,Two
DATAFLOW,OECD.ELS.SAE:DSD_EARNINGS@MIN2AVE(1.0),Minimum relative to average wages of full-time workers,I,ISR,Israel,MR_WG_FT,Minimum relative to average wages of full-time workers,PT_WG_A_SAL_FT,Percentage of average wage of full-time employees,_Z,Not applicable,_Z,Not applicable,MEDIAN,Median,_Z,Not applicable,2000,,0,,_Z,,A,Normal value,0,Units,2,Two
DATAFLOW,OECD.ELS.SAE:DSD_EARNINGS@MIN2AVE(1.0),Minimum relative to average wages of full-time workers,I,ISR,Israel,MR_WG_FT,Minimum relative to average wages of full-time workers,PT_WG_A_SAL_FT,Percentage of average wage of full-time employees,_Z,Not applicable,_Z,Not applicable,MEDIAN,Median,_Z,Not applicable,2001,,53.82307303,,_Z,,A,Normal value,0,Units,2,Two
DATAFLOW,OECD.ELS.SAE:DSD_EARNINGS@MIN2AVE(1.0),Minimum relative to average wages of full-time workers,I,ISR,Israel,MR_WG_FT,Minimum relative to average wages of full-time workers,PT_WG_A_SAL_FT,Percentage of average wage of full-time employees,_Z,Not applicable,_Z,Not applicable,MEDIAN,Median,_Z,Not applicable,2002,,54.26212625,,_Z,,A,Normal value,0,Units,2,Two
DATAFLOW,OECD.ELS.SAE:DSD_EARNINGS@MIN2AVE(1.0),Minimum relative to average wages of full-time workers,I,ISR,Israel,MR_WG_FT,Minimum relative to average wages of full-time workers,PT_WG_A_SAL_FT,Percentage of average wage of full-time employees,_Z,Not applicable,_Z,Not applicable,MEDIAN,Median,_Z,Not applicable,2003,,55.18166777,,_Z,,A,Normal value,0,Units,2,Two
DATAFLOW,OECD.ELS.SAE:DSD_EARNINGS@MIN2AVE(1.0),Minimum relative to average wages of full-time workers,I,ISR,Israel,MR_WG_FT,Minimum relative to average wages of full-time workers,PT_WG_A_SAL_FT,Percentage of average wage of full-time employees,_Z,Not applicable,_Z,Not applicable,MEDIAN,Median,_Z,Not applicable,2004,,54.07230869,,_Z,,A,Normal value,0,Units,2,Two
DATAFLOW,OECD.ELS.SAE:DSD_EARNINGS@MIN2AVE(1.0),Minimum relative to average wages of full-time workers,I,ISR,Israel,MR_WG_FT,Minimum relative to average wages of full-time workers,PT_WG_A_SAL_FT,Percentage of average wage of full-time employees,_Z,Not applicable,_Z,Not applicable,MEDIAN,Median,_Z,Not applicable,2005,,54.41638114,,_Z,,A,Normal value,0,Units,2,Two
DATAFLOW,OECD.ELS.SAE:DSD_EARNINGS@MIN2AVE(1.0),Minimum relative to average wages of full-time workers,I,ISR,Israel,MR_WG_FT,Minimum relative to average wages of full-time workers,PT_WG_A_SAL_FT,Percentage of average wage of full-time employees,_Z,Not applicable,_Z,Not applicable,MEDIAN,Median,_Z,Not applicable,2006,,56.62704189,,_Z,,A,Normal value,0,Units,2,Two
DATAFLOW,OECD.ELS.SAE:DSD_EARNINGS@MIN2AVE(1.0),Minimum relative to average wages of full-time workers,I,ISR,Israel,MR_WG_FT,Minimum relative to average wages of full-time workers,PT_WG_A_SAL_FT,Percentage of average wage of full-time employees,_Z,Not applicable,_Z,Not applicable,MEDIAN,Median,_Z,Not applicable,2007,,57.29528111,,_Z,,A,Normal value,0,Units,2,Two
DATAFLOW,OECD.ELS.SAE:DSD_EARNINGS@MIN2AVE(1.0),Minimum relative to average wages of full-time workers,I,ISR,Israel,MR_WG_FT,Minimum relative to average wages of full-time workers,PT_WG_A_SAL_FT,Percentage of average wage of full-time employees,_Z,Not applicable,_Z,Not applicable,MEDIAN,Median,_Z,Not applicable,2008,,57.00754034,,_Z,,A,Normal value,0,Units,2,Two
DATAFLOW,OECD.ELS.SAE:DSD_EARNINGS@MIN2AVE(1.0),Minimum relative to average wages of full-time workers,I,ISR,Israel,MR_WG_FT,Minimum relative to average wages of full-time workers,PT_WG_A_SAL_FT,Percentage of average wage of full-time employees,_Z,Not applicable,_Z,Not applicable,MEDIAN,Median,_Z,Not applicable,2009,,56.34640714,,_Z,,A,Normal value,0,Units,2,Two
DATAFLOW,OECD.ELS.SAE:DSD_EARNINGS@MIN2AVE(1.0),Minimum relative to average wages of full-time workers,I,ISR,Israel,MR_WG_FT,Minimum relative to average wages of full-time workers,PT_WG_A_SAL_FT,Percentage of average wage of full-time employees,_Z,Not applicable,_Z,Not applicable,MEDIAN,Median,_Z,Not applicable,2010,,55.75887038,,_Z,,A,Normal value,0,Units,2,Two
DATAFLOW,OECD.ELS.SAE:DSD_EARNINGS@MIN2AVE(1.0),Minimum relative to average wages of full-time workers,I,ISR,Israel,MR_WG_FT,Minimum relative to average wages of full-time workers,PT_WG_A_SAL_FT,Percentage of average wage of full-time employees,_Z,Not applicable,_Z,Not applicable,MEDIAN,Median,_Z,Not applicable,2011,,56.0019674,,_Z,,A,Normal value,0,Units,2,Two
DATAFLOW,OECD.ELS.SAE:DSD_EARNINGS@MIN2AVE(1.0),Minimum relative to average wages of full-time workers,I,ISR,Israel,MR_WG_FT,Minimum relative to average wages of full-time workers,PT_WG_A_SAL_FT,Percentage of average wage of full-time employees,_Z,Not applicable,_Z,Not applicable,MEDIAN,Median,_Z,Not applicable,2012,,56.08108108,,_Z,,A,Normal value,0,Units,2,Two
DATAFLOW,OECD.ELS.SAE:DSD_EARNINGS@MIN2AVE(1.0),Minimum relative to average wages of full-time workers,I,ISR,Israel,MR_WG_FT,Minimum relative to average wages of full-time workers,PT_WG_A_SAL_FT,Percentage of average wage of full-time employees,_Z,Not applicable,_Z,Not applicable,MEDIAN,Median,_Z,Not applicable,2013,,57.48663102,,_Z,,A,Normal value,0,Units,2,Two
DATAFLOW,OECD.ELS.SAE:DSD_EARNINGS@MIN2AVE(1.0),Minimum relative to average wages of full-time workers,I,ISR,Israel,MR_WG_FT,Minimum relative to average wages of full-time workers,PT_WG_A_SAL_FT,Percentage of average wage of full-time employees,_Z,Not applicable,_Z,Not applicable,MEDIAN,Median,_Z,Not applicable,2014,,54.85393545,,_Z,,A,Normal value,0,Units,2,Two
DATAFLOW,OECD.ELS.SAE:DSD_EARNINGS@MIN2AVE(1.0),Minimum relative to average wages of full-time workers,I,ISR,Israel,MR_WG_FT,Minimum relative to average wages of full-time workers,PT_WG_A_SAL_FT,Percentage of average wage of full-time employees,_Z,Not applicable,_Z,Not applicable,MEDIAN,Median,_Z,Not applicable,2015,,57.03125,,_Z,,A,Normal value,0,Units,2,Two
DATAFLOW,OECD.ELS.SAE:DSD_EARNINGS@MIN2AVE(1.0),Minimum relative to average wages of full-time workers,I,ISR,Israel,MR_WG_FT,Minimum relative to average wages of full-time workers,PT_WG_A_SAL_FT,Percentage of average wage of full-time employees,_Z,Not applicable,_Z,Not applicable,MEDIAN,Median,_Z,Not applicable,2016,,57.66187926,,_Z,,A,Normal value,0,Units,2,Two
DATAFLOW,OECD.ELS.SAE:DSD_EARNINGS@MIN2AVE(1.0),Minimum relative to average wages of full-time workers,I,ISR,Israel,MR_WG_FT,Minimum relative to average wages of full-time workers,PT_WG_A_SAL_FT,Percentage of average wage of full-time employees,_Z,Not applicable,_Z,Not applicable,MEDIAN,Median,_Z,Not applicable,2017,,58.00464037,,_Z,,A,Normal value,0,Units,2,Two
DATAFLOW,OECD.ELS.SAE:DSD_EARNINGS@MIN2AVE(1.0),Minimum relative to average wages of full-time workers,I,ISR,Israel,MR_WG_FT,Minimum relative to average wages of full-time workers,PT_WG_A_SAL_FT,Percentage of average wage of full-time employees,_Z,Not applicable,_Z,Not applicable,MEDIAN,Median,_Z,Not applicable,2018,,58.08219178,,_Z,,A,Normal value,0,Units,2,Two
DATAFLOW,OECD.ELS.SAE:DSD_EARNINGS@MIN2AVE(1.0),Minimum relative to average wages of full-time workers,I,ISR,Israel,MR_WG_FT,Minimum relative to average wages of full-time workers,PT_WG_A_SAL_FT,Percentage of average wage of full-time employees,_Z,Not applicable,_Z,Not applicable,MEDIAN,Median,_Z,Not applicable,2019,,58.88888889,,_Z,,A,Normal value,0,Units,2,Two
DATAFLOW,OECD.ELS.SAE:DSD_EARNINGS@MIN2AVE(1.0),Minimum relative to average wages of full-time workers,I,ISR,Israel,MR_WG_FT,Minimum relative to average wages of full-time workers,PT_WG_A_SAL_FT,Percentage of average wage of full-time employees,_Z,Not applicable,_Z,Not applicable,MEDIAN,Median,_Z,Not applicable,2020,,54.52674897,,_Z,,A,Normal value,0,Units,2,Two
DATAFLOW,OECD.ELS.SAE:DSD_EARNINGS@MIN2AVE(1.0),Minimum relative to average wages of full-time workers,I,ISR,Israel,MR_WG_FT,Minimum relative to average wages of full-time workers,PT_WG_A_SAL_FT,Percentage of average wage of full-time employees,_Z,Not applicable,_Z,Not applicable,MEDIAN,Median,_Z,Not applicable,2021,,53.13283208,,_Z,,A,Normal value,0,Units,2,Two
DATAFLOW,OECD.ELS.SAE:DSD_EARNINGS@MIN2AVE(1.0),Minimum relative to average wages of full-time workers,I,ISR,Israel,MR_WG_FT,Minimum relative to average wages of full-time workers,PT_WG_A_SAL_FT,Percentage of average wage of full-time employees,_Z,Not applicable,_Z,Not applicable,MEDIAN,Median,_Z,Not applicable,2022,,51.4354067,,_Z,,A,Normal value,0,Units,2,Two
DATAFLOW,OECD.ELS.SAE:DSD_EARNINGS@MIN2AVE(1.0),Minimum relative to average wages of full-time workers,I,ISR,Israel,MR_WG_FT,Minimum relative to average wages of full-time workers,PT_WG_A_SAL_FT,Percentage of average wage of full-time employees,_Z,Not applicable,_Z,Not applicable,MEDIAN,Median,_Z,Not applicable,2023,,49.82779046,,_Z,,A,Normal value,0,Units,2,Two
DATAFLOW,OECD.ELS.SAE:DSD_EARNINGS@MIN2AVE(1.0),Minimum relative to average wages of full-time workers,I,ISR,Israel,MR_WG_FT,Minimum relative to average wages of full-time workers,PT_WG_A_SAL_FT,Percentage of average wage of full-time employees,_Z,Not applicable,_Z,Not applicable,MEDIAN,Median,_Z,Not applicable,2024,,50.00131775,,_Z,,A,Normal value,0,Units,2,Two
DATAFLOW,OECD.ELS.SAE:DSD_EARNINGS@MIN2AVE(1.0),Minimum relative to average wages of full-time workers,I,JPN,Japan,MR_WG_FT,Minimum relative to average wages of full-time workers,PT_WG_A_SAL_FT,Percentage of average wage of full-time employees,_Z,Not applicable,_Z,Not applicable,MEDIAN,Median,_Z,Not applicable,1975,,27.63320942,,_Z,,A,Normal value,0,Units,2,Two
DATAFLOW,OECD.ELS.SAE:DSD_EARNINGS@MIN2AVE(1.0),Minimum relative to average wages of full-time workers,I,JPN,Japan,MR_WG_FT,Minimum relative to average wages of full-time workers,PT_WG_A_SAL_FT,Percentage of average wage of full-time employees,_Z,Not applicable,_Z,Not applicable,MEDIAN,Median,_Z,Not applicable,1976,,28.73969376,,_Z,,A,Normal value,0,Units,2,Two
DATAFLOW,OECD.ELS.SAE:DSD_EARNINGS@MIN2AVE(1.0),Minimum relative to average wages of full-time workers,I,JPN,Japan,MR_WG_FT,Minimum relative to average wages of full-time workers,PT_WG_A_SAL_FT,Percentage of average wage of full-time employees,_Z,Not applicable,_Z,Not applicable,MEDIAN,Median,_Z,Not applicable,1977,,28.52564103,,_Z,,A,Normal value,0,Units,2,Two
DATAFLOW,OECD.ELS.SAE:DSD_EARNINGS@MIN2AVE(1.0),Minimum relative to average wages of full-time workers,I,JPN,Japan,MR_WG_FT,Minimum relative to average wages of full-time workers,PT_WG_A_SAL_FT,Percentage of average wage of full-time employees,_Z,Not applicable,_Z,Not applicable,MEDIAN,Median,_Z,Not applicable,1978,,29.50654582,,_Z,,A,Normal value,0,Units,2,Two
DATAFLOW,OECD.ELS.SAE:DSD_EARNINGS@MIN2AVE(1.0),Minimum relative to average wages of full-time workers,I,JPN,Japan,MR_WG_FT,Minimum relative to average wages of full-time workers,PT_WG_A_SAL_FT,Percentage of average wage of full-time employees,_Z,Not applicable,_Z,Not applicable,MEDIAN,Median,_Z,Not applicable,1979,,30.13565891,,_Z,,A,Normal value,0,Units,2,Two
DATAFLOW,OECD.ELS.SAE:DSD_EARNINGS@MIN2AVE(1.0),Minimum relative to average wages of full-time workers,I,JPN,Japan,MR_WG_FT,Minimum relative to average wages of full-time workers,PT_WG_A_SAL_FT,Percentage of average wage of full-time employees,_Z,Not applicable,_Z,Not applicable,MEDIAN,Median,_Z,Not applicable,1980,,29.73944295,,_Z,,A,Normal value,0,Units,2,Two
DATAFLOW,OECD.ELS.SAE:DSD_EARNINGS@MIN2AVE(1.0),Minimum relative to average wages of full-time workers,I,JPN,Japan,MR_WG_FT,Minimum relative to average wages of full-time workers,PT_WG_A_SAL_FT,Percentage of average wage of full-time employees,_Z,Not applicable,_Z,Not applicable,MEDIAN,Median,_Z,Not applicable,1981,,29.7979798,,_Z,,A,Normal value,0,Units,2,Two
DATAFLOW,OECD.ELS.SAE:DSD_EARNINGS@MIN2AVE(1.0),Minimum relative to average wages of full-time workers,I,JPN,Japan,MR_WG_FT,Minimum relative to average wages of full-time workers,PT_WG_A_SAL_FT,Percentage of average wage of full-time employees,_Z,Not applicable,_Z,Not applicable,MEDIAN,Median,_Z,Not applicable,1982,,30.25682183,,_Z,,A,Normal value,0,Units,2,Two
DATAFLOW,OECD.ELS.SAE:DSD_EARNINGS@MIN2AVE(1.0),Minimum relative to average wages of full-time workers,I,JPN,Japan,MR_WG_FT,Minimum relative to average wages of full-time workers,PT_WG_A_SAL_FT,Percentage of average wage of full-time employees,_Z,Not applicable,_Z,Not applicable,MEDIAN,Median,_Z,Not applicable,1983,,31.11806099,,_Z,,A,Normal value,0,Units,2,Two
DATAFLOW,OECD.ELS.SAE:DSD_EARNINGS@MIN2AVE(1.0),Minimum relative to average wages of full-time workers,I,JPN,Japan,MR_WG_FT,Minimum relative to average wages of full-time workers,PT_WG_A_SAL_FT,Percentage of average wage of full-time employees,_Z,Not applicable,_Z,Not applicable,MEDIAN,Median,_Z,Not applicable,1984,,31.13052167,,_Z,,A,Normal value,0,Units,2,Two
DATAFLOW,OECD.ELS.SAE:DSD_EARNINGS@MIN2AVE(1.0),Minimum relative to average wages of full-time workers,I,JPN,Japan,MR_WG_FT,Minimum relative to average wages of full-time workers,PT_WG_A_SAL_FT,Percentage of average wage of full-time employees,_Z,Not applicable,_Z,Not applicable,MEDIAN,Median,_Z,Not applicable,1985,,31.14298734,,_Z,,A,Normal value,0,Units,2,Two
DATAFLOW,OECD.ELS.SAE:DSD_EARNINGS@MIN2AVE(1.0),Minimum relative to average wages of full-time workers,I,JPN,Japan,MR_WG_FT,Minimum relative to average wages of full-time workers,PT_WG_A_SAL_FT,Percentage of average wage of full-time employees,_Z,Not applicable,_Z,Not applicable,MEDIAN,Median,_Z,Not applicable,1986,,31.155458,,_Z,,A,Normal value,0,Units,2,Two
DATAFLOW,OECD.ELS.SAE:DSD_EARNINGS@MIN2AVE(1.0),Minimum relative to average wages of full-time workers,I,JPN,Japan,MR_WG_FT,Minimum relative to average wages of full-time workers,PT_WG_A_SAL_FT,Percentage of average wage of full-time employees,_Z,Not applicable,_Z,Not applicable,MEDIAN,Median,_Z,Not applicable,1987,,31.16793366,,_Z,,A,Normal value,0,Units,2,Two
DATAFLOW,OECD.ELS.SAE:DSD_EARNINGS@MIN2AVE(1.0),Minimum relative to average wages of full-time workers,I,JPN,Japan,MR_WG_FT,Minimum relative to average wages of full-time workers,PT_WG_A_SAL_FT,Percentage of average wage of full-time employees,_Z,Not applicable,_Z,Not applicable,MEDIAN,Median,_Z,Not applicable,1988,,31.10661269,,_Z,,A,Normal value,0,Units,2,Two
DATAFLOW,OECD.ELS.SAE:DSD_EARNINGS@MIN2AVE(1.0),Minimum relative to average wages of full-time workers,I,JPN,Japan,MR_WG_FT,Minimum relative to average wages of full-time workers,PT_WG_A_SAL_FT,Percentage of average wage of full-time employees,_Z,Not applicable,_Z,Not applicable,MEDIAN,Median,_Z,Not applicable,1989,,30.63994829,,_Z,,A,Normal value,0,Units,2,Two
DATAFLOW,OECD.ELS.SAE:DSD_EARNINGS@MIN2AVE(1.0),Minimum relative to average wages of full-time workers,I,JPN,Japan,MR_WG_FT,Minimum relative to average wages of full-time workers,PT_WG_A_SAL_FT,Percentage of average wage of full-time employees,_Z,Not applicable,_Z,Not applicable,MEDIAN,Median,_Z,Not applicable,1990,,29.94522215,,_Z,,A,Normal value,0,Units,2,Two
DATAFLOW,OECD.ELS.SAE:DSD_EARNINGS@MIN2AVE(1.0),Minimum relative to average wages of full-time workers,I,JPN,Japan,MR_WG_FT,Minimum relative to average wages of full-time workers,PT_WG_A_SAL_FT,Percentage of average wage of full-time employees,_Z,Not applicable,_Z,Not applicable,MEDIAN,Median,_Z,Not applicable,1991,,28.98876404,,_Z,,A,Normal value,0,Units,2,Two
DATAFLOW,OECD.ELS.SAE:DSD_EARNINGS@MIN2AVE(1.0),Minimum relative to average wages of full-time workers,I,JPN,Japan,MR_WG_FT,Minimum relative to average wages of full-time workers,PT_WG_A_SAL_FT,Percentage of average wage of full-time employees,_Z,Not applicable,_Z,Not applicable,MEDIAN,Median,_Z,Not applicable,1992,,29.31314224,,_Z,,A,Normal value,0,Units,2,Two
DATAFLOW,OECD.ELS.SAE:DSD_EARNINGS@MIN2AVE(1.0),Minimum relative to average wages of full-time workers,I,JPN,Japan,MR_WG_FT,Minimum relative to average wages of full-time workers,PT_WG_A_SAL_FT,Percentage of average wage of full-time employees,_Z,Not applicable,_Z,Not applicable,MEDIAN,Median,_Z,Not applicable,1993,,28.97435897,,_Z,,A,Normal value,0,Units,2,Two
DATAFLOW,OECD.ELS.SAE:DSD_EARNINGS@MIN2AVE(1.0),Minimum relative to average wages of full-time workers,I,JPN,Japan,MR_WG_FT,Minimum relative to average wages of full-time workers,PT_WG_A_SAL_FT,Percentage of average wage of full-time employees,_Z,Not applicable,_Z,Not applicable,MEDIAN,Median,_Z,Not applicable,1994,,29.86680328,,_Z,,A,Normal value,0,Units,2,Two
DATAFLOW,OECD.ELS.SAE:DSD_EARNINGS@MIN2AVE(1.0),Minimum relative to average wages of full-time workers,I,JPN,Japan,MR_WG_FT,Minimum relative to average wages of full-time workers,PT_WG_A_SAL_FT,Percentage of average wage of full-time employees,_Z,Not applicable,_Z,Not applicable,MEDIAN,Median,_Z,Not applicable,1995,,30.55271238,,_Z,,A,Normal value,0,Units,2,Two
DATAFLOW,OECD.ELS.SAE:DSD_EARNINGS@MIN2AVE(1.0),Minimum relative to average wages of full-time workers,I,JPN,Japan,MR_WG_FT,Minimum relative to average wages of full-time workers,PT_WG_A_SAL_FT,Percentage of average wage of full-time employees,_Z,Not applicable,_Z,Not applicable,MEDIAN,Median,_Z,Not applicable,1996,,30.59589384,,_Z,,A,Normal value,0,Units,2,Two
DATAFLOW,OECD.ELS.SAE:DSD_EARNINGS@MIN2AVE(1.0),Minimum relative to average wages of full-time workers,I,JPN,Japan,MR_WG_FT,Minimum relative to average wages of full-time workers,PT_WG_A_SAL_FT,Percentage of average wage of full-time employees,_Z,Not applicable,_Z,Not applicable,MEDIAN,Median,_Z,Not applicable,1997,,30.59921415,,_Z,,A,Normal value,0,Units,2,Two
DATAFLOW,OECD.ELS.SAE:DSD_EARNINGS@MIN2AVE(1.0),Minimum relative to average wages of full-time workers,I,JPN,Japan,MR_WG_FT,Minimum relative to average wages of full-time workers,PT_WG_A_SAL_FT,Percentage of average wage of full-time employees,_Z,Not applicable,_Z,Not applicable,MEDIAN,Median,_Z,Not applicable,1998,,31.08833577,,_Z,,A,Normal value,0,Units,2,Two
DATAFLOW,OECD.ELS.SAE:DSD_EARNINGS@MIN2AVE(1.0),Minimum relative to average wages of full-time workers,I,JPN,Japan,MR_WG_FT,Minimum relative to average wages of full-time workers,PT_WG_A_SAL_FT,Percentage of average wage of full-time employees,_Z,Not applicable,_Z,Not applicable,MEDIAN,Median,_Z,Not applicable,1999,,31.8293281,,_Z,,A,Normal value,0,Units,2,Two
DATAFLOW,OECD.ELS.SAE:DSD_EARNINGS@MIN2AVE(1.0),Minimum relative to average wages of full-time workers,I,JPN,Japan,MR_WG_FT,Minimum relative to average wages of full-time workers,PT_WG_A_SAL_FT,Percentage of average wage of full-time employees,_Z,Not applicable,_Z,Not applicable,MEDIAN,Median,_Z,Not applicable,2000,,32.21674877,,_Z,,A,Normal value,0,Units,2,Two
DATAFLOW,OECD.ELS.SAE:DSD_EARNINGS@MIN2AVE(1.0),Minimum relative to average wages of full-time workers,I,JPN,Japan,MR_WG_FT,Minimum relative to average wages of full-time workers,PT_WG_A_SAL_FT,Percentage of average wage of full-time employees,_Z,Not applicable,_Z,Not applicable,MEDIAN,Median,_Z,Not applicable,2001,,32.11500975,,_Z,,A,Normal value,0,Units,2,Two
DATAFLOW,OECD.ELS.SAE:DSD_EARNINGS@MIN2AVE(1.0),Minimum relative to average wages of full-time workers,I,JPN,Japan,MR_WG_FT,Minimum relative to average wages of full-time workers,PT_WG_A_SAL_FT,Percentage of average wage of full-time employees,_Z,Not applicable,_Z,Not applicable,MEDIAN,Median,_Z,Not applicable,2002,,32.54786451,,_Z,,A,Normal value,0,Units,2,Two
DATAFLOW,OECD.ELS.SAE:DSD_EARNINGS@MIN2AVE(1.0),Minimum relative to average wages of full-time workers,I,JPN,Japan,MR_WG_FT,Minimum relative to average wages of full-time workers,PT_WG_A_SAL_FT,Percentage of average wage of full-time employees,_Z,Not applicable,_Z,Not applicable,MEDIAN,Median,_Z,Not applicable,2003,,33.08383234,,_Z,,A,Normal value,0,Units,2,Two
DATAFLOW,OECD.ELS.SAE:DSD_EARNINGS@MIN2AVE(1.0),Minimum relative to average wages of full-time workers,I,JPN,Japan,MR_WG_FT,Minimum relative to average wages of full-time workers,PT_WG_A_SAL_FT,Percentage of average wage of full-time employees,_Z,Not applicable,_Z,Not applicable,MEDIAN,Median,_Z,Not applicable,2004,,33.58624178,,_Z,,A,Normal value,0,Units,2,Two
DATAFLOW,OECD.ELS.SAE:DSD_EARNINGS@MIN2AVE(1.0),Minimum relative to average wages of full-time workers,I,JPN,Japan,MR_WG_FT,Minimum relative to average wages of full-time workers,PT_WG_A_SAL_FT,Percentage of average wage of full-time employees,_Z,Not applicable,_Z,Not applicable,MEDIAN,Median,_Z,Not applicable,2005,,33.45070423,,_Z,,A,Normal value,0,Units,2,Two
DATAFLOW,OECD.ELS.SAE:DSD_EARNINGS@MIN2AVE(1.0),Minimum relative to average wages of full-time workers,I,JPN,Japan,MR_WG_FT,Minimum relative to average wages of full-time workers,PT_WG_A_SAL_FT,Percentage of average wage of full-time employees,_Z,Not applicable,_Z,Not applicable,MEDIAN,Median,_Z,Not applicable,2006,,33.83991895,,_Z,,A,Normal value,0,Units,2,Two
DATAFLOW,OECD.ELS.SAE:DSD_EARNINGS@MIN2AVE(1.0),Minimum relative to average wages of full-time workers,I,JPN,Japan,MR_WG_FT,Minimum relative to average wages of full-time workers,PT_WG_A_SAL_FT,Percentage of average wage of full-time employees,_Z,Not applicable,_Z,Not applicable,MEDIAN,Median,_Z,Not applicable,2007,,34.07594937,,_Z,,A,Normal value,0,Units,2,Two
DATAFLOW,OECD.ELS.SAE:DSD_EARNINGS@MIN2AVE(1.0),Minimum relative to average wages of full-time workers,I,JPN,Japan,MR_WG_FT,Minimum relative to average wages of full-time workers,PT_WG_A_SAL_FT,Percentage of average wage of full-time employees,_Z,Not applicable,_Z,Not applicable,MEDIAN,Median,_Z,Not applicable,2008,,34.64447806,,_Z,,A,Normal value,0,Units,2,Two
DATAFLOW,OECD.ELS.SAE:DSD_EARNINGS@MIN2AVE(1.0),Minimum relative to average wages of full-time workers,I,JPN,Japan,MR_WG_FT,Minimum relative to average wages of full-time workers,PT_WG_A_SAL_FT,Percentage of average wage of full-time employees,_Z,Not applicable,_Z,Not applicable,MEDIAN,Median,_Z,Not applicable,2009,,36.18116315,,_Z,,A,Normal value,0,Units,2,Two
DATAFLOW,OECD.ELS.SAE:DSD_EARNINGS@MIN2AVE(1.0),Minimum relative to average wages of full-time workers,I,JPN,Japan,MR_WG_FT,Minimum relative to average wages of full-time workers,PT_WG_A_SAL_FT,Percentage of average wage of full-time employees,_Z,Not applicable,_Z,Not applicable,MEDIAN,Median,_Z,Not applicable,2010,,37.31030874,,_Z,,A,Normal value,0,Units,2,Two
DATAFLOW,OECD.ELS.SAE:DSD_EARNINGS@MIN2AVE(1.0),Minimum relative to average wages of full-time workers,I,JPN,Japan,MR_WG_FT,Minimum relative to average wages of full-time workers,PT_WG_A_SAL_FT,Percentage of average wage of full-time employees,_Z,Not applicable,_Z,Not applicable,MEDIAN,Median,_Z,Not applicable,2011,,38.17991632,,_Z,,A,Normal value,0,Units,2,Two
DATAFLOW,OECD.ELS.SAE:DSD_EARNINGS@MIN2AVE(1.0),Minimum relative to average wages of full-time workers,I,JPN,Japan,MR_WG_FT,Minimum relative to average wages of full-time workers,PT_WG_A_SAL_FT,Percentage of average wage of full-time employees,_Z,Not applicable,_Z,Not applicable,MEDIAN,Median,_Z,Not applicable,2012,,38.32553302,,_Z,,A,Normal value,0,Units,2,Two
DATAFLOW,OECD.ELS.SAE:DSD_EARNINGS@MIN2AVE(1.0),Minimum relative to average wages of full-time workers,I,JPN,Japan,MR_WG_FT,Minimum relative to average wages of full-time workers,PT_WG_A_SAL_FT,Percentage of average wage of full-time employees,_Z,Not applicable,_Z,Not applicable,MEDIAN,Median,_Z,Not applicable,2013,,39.01041667,,_Z,,A,Normal value,0,Units,2,Two
DATAFLOW,OECD.ELS.SAE:DSD_EARNINGS@MIN2AVE(1.0),Minimum relative to average wages of full-time workers,I,JPN,Japan,MR_WG_FT,Minimum relative to average wages of full-time workers,PT_WG_A_SAL_FT,Percentage of average wage of full-time employees,_Z,Not applicable,_Z,Not applicable,MEDIAN,Median,_Z,Not applicable,2014,,39.28758797,,_Z,,A,Normal value,0,Units,2,Two
DATAFLOW,OECD.ELS.SAE:DSD_EARNINGS@MIN2AVE(1.0),Minimum relative to average wages of full-time workers,I,JPN,Japan,MR_WG_FT,Minimum relative to average wages of full-time workers,PT_WG_A_SAL_FT,Percentage of average wage of full-time employees,_Z,Not applicable,_Z,Not applicable,MEDIAN,Median,_Z,Not applicable,2015,,39.0835359,,_Z,,A,Normal value,0,Units,2,Two
DATAFLOW,OECD.ELS.SAE:DSD_EARNINGS@MIN2AVE(1.0),Minimum relative to average wages of full-time workers,I,JPN,Japan,MR_WG_FT,Minimum relative to average wages of full-time workers,PT_WG_A_SAL_FT,Percentage of average wage of full-time employees,_Z,Not applicable,_Z,Not applicable,MEDIAN,Median,_Z,Not applicable,2016,,39.72290745,,_Z,,A,Normal value,0,Units,2,Two
DATAFLOW,OECD.ELS.SAE:DSD_EARNINGS@MIN2AVE(1.0),Minimum relative to average wages of full-time workers,I,JPN,Japan,MR_WG_FT,Minimum relative to average wages of full-time workers,PT_WG_A_SAL_FT,Percentage of average wage of full-time employees,_Z,Not applicable,_Z,Not applicable,MEDIAN,Median,_Z,Not applicable,2017,,41.08460916,,_Z,,A,Normal value,0,Units,2,Two
DATAFLOW,OECD.ELS.SAE:DSD_EARNINGS@MIN2AVE(1.0),Minimum relative to average wages of full-time workers,I,JPN,Japan,MR_WG_FT,Minimum relative to average wages of full-time workers,PT_WG_A_SAL_FT,Percentage of average wage of full-time employees,_Z,Not applicable,_Z,Not applicable,MEDIAN,Median,_Z,Not applicable,2018,,41.65366929,,_Z,,A,Normal value,0,Units,2,Two
DATAFLOW,OECD.ELS.SAE:DSD_EARNINGS@MIN2AVE(1.0),Minimum relative to average wages of full-time workers,I,JPN,Japan,MR_WG_FT,Minimum relative to average wages of full-time workers,PT_WG_A_SAL_FT,Percentage of average wage of full-time employees,_Z,Not applicable,_Z,Not applicable,MEDIAN,Median,_Z,Not applicable,2019,,41.66811788,,_Z,,A,Normal value,0,Units,2,Two
DATAFLOW,OECD.ELS.SAE:DSD_EARNINGS@MIN2AVE(1.0),Minimum relative to average wages of full-time workers,I,JPN,Japan,MR_WG_FT,Minimum relative to average wages of full-time workers,PT_WG_A_SAL_FT,Percentage of average wage of full-time employees,_Z,Not applicable,_Z,Not applicable,MEDIAN,Median,_Z,Not applicable,2020,,44.71442281,,_Z,,A,Normal value,0,Units,2,Two
DATAFLOW,OECD.ELS.SAE:DSD_EARNINGS@MIN2AVE(1.0),Minimum relative to average wages of full-time workers,I,JPN,Japan,MR_WG_FT,Minimum relative to average wages of full-time workers,PT_WG_A_SAL_FT,Percentage of average wage of full-time employees,_Z,Not applicable,_Z,Not applicable,MEDIAN,Median,_Z,Not applicable,2021,,44.47403416,,_Z,,A,Normal value,0,Units,2,Two
DATAFLOW,OECD.ELS.SAE:DSD_EARNINGS@MIN2AVE(1.0),Minimum relative to average wages of full-time workers,I,JPN,Japan,MR_WG_FT,Minimum relative to average wages of full-time workers,PT_WG_A_SAL_FT,Percentage of average wage of full-time employees,_Z,Not applicable,_Z,Not applicable,MEDIAN,Median,_Z,Not applicable,2022,,45.44954688,,_Z,,A,Normal value,0,Units,2,Two
DATAFLOW,OECD.ELS.SAE:DSD_EARNINGS@MIN2AVE(1.0),Minimum relative to average wages of full-time workers,I,JPN,Japan,MR_WG_FT,Minimum relative to average wages of full-time workers,PT_WG_A_SAL_FT,Percentage of average wage of full-time employees,_Z,Not applicable,_Z,Not applicable,MEDIAN,Median,_Z,Not applicable,2023,,46.06350748,,_Z,,A,Normal value,0,Units,2,Two
DATAFLOW,OECD.ELS.SAE:DSD_EARNINGS@MIN2AVE(1.0),Minimum relative to average wages of full-time workers,I,JPN,Japan,MR_WG_FT,Minimum relative to average wages of full-time workers,PT_WG_A_SAL_FT,Percentage of average wage of full-time employees,_Z,Not applicable,_Z,Not applicable,MEDIAN,Median,_Z,Not applicable,2024,,46.79124625,,_Z,,A,Normal value,0,Units,2,Two
DATAFLOW,OECD.ELS.SAE:DSD_EARNINGS@MIN2AVE(1.0),Minimum relative to average wages of full-time workers,I,KOR,Korea,MR_WG_FT,Minimum relative to average wages of full-time workers,PT_WG_A_SAL_FT,Percentage of average wage of full-time employees,_Z,Not applicable,_Z,Not applicable,MEDIAN,Median,_Z,Not applicable,1988,,32.95773333,,_Z,,A,Normal value,0,Units,2,Two
DATAFLOW,OECD.ELS.SAE:DSD_EARNINGS@MIN2AVE(1.0),Minimum relative to average wages of full-time workers,I,KOR,Korea,MR_WG_FT,Minimum relative to average wages of full-time workers,PT_WG_A_SAL_FT,Percentage of average wage of full-time employees,_Z,Not applicable,_Z,Not applicable,MEDIAN,Median,_Z,Not applicable,1989,,34.64819697,,_Z,,A,Normal value,0,Units,2,Two
DATAFLOW,OECD.ELS.SAE:DSD_EARNINGS@MIN2AVE(1.0),Minimum relative to average wages of full-time workers,I,KOR,Korea,MR_WG_FT,Minimum relative to average wages of full-time workers,PT_WG_A_SAL_FT,Percentage of average wage of full-time employees,_Z,Not applicable,_Z,Not applicable,MEDIAN,Median,_Z,Not applicable,1990,,33.67003585,,_Z,,A,Normal value,0,Units,2,Two
DATAFLOW,OECD.ELS.SAE:DSD_EARNINGS@MIN2AVE(1.0),Minimum relative to average wages of full-time workers,I,KOR,Korea,MR_WG_FT,Minimum relative to average wages of full-time workers,PT_WG_A_SAL_FT,Percentage of average wage of full-time employees,_Z,Not applicable,_Z,Not applicable,MEDIAN,Median,_Z,Not applicable,1991,,33.30953761,,_Z,,A,Normal value,0,Units,2,Two
DATAFLOW,OECD.ELS.SAE:DSD_EARNINGS@MIN2AVE(1.0),Minimum relative to average wages of full-time workers,I,KOR,Korea,MR_WG_FT,Minimum relative to average wages of full-time workers,PT_WG_A_SAL_FT,Percentage of average wage of full-time employees,_Z,Not applicable,_Z,Not applicable,MEDIAN,Median,_Z,Not applicable,1992,,30.82364189,,_Z,,A,Normal value,0,Units,2,Two
DATAFLOW,OECD.ELS.SAE:DSD_EARNINGS@MIN2AVE(1.0),Minimum relative to average wages of full-time workers,I,KOR,Korea,MR_WG_FT,Minimum relative to average wages of full-time workers,PT_WG_A_SAL_FT,Percentage of average wage of full-time employees,_Z,Not applicable,_Z,Not applicable,MEDIAN,Median,_Z,Not applicable,1993,,30.07741009,,_Z,,A,Normal value,0,Units,2,Two
DATAFLOW,OECD.ELS.SAE:DSD_EARNINGS@MIN2AVE(1.0),Minimum relative to average wages of full-time workers,I,KOR,Korea,MR_WG_FT,Minimum relative to average wages of full-time workers,PT_WG_A_SAL_FT,Percentage of average wage of full-time employees,_Z,Not applicable,_Z,Not applicable,MEDIAN,Median,_Z,Not applicable,1994,,29.12977112,,_Z,,A,Normal value,0,Units,2,Two
DATAFLOW,OECD.ELS.SAE:DSD_EARNINGS@MIN2AVE(1.0),Minimum relative to average wages of full-time workers,I,KOR,Korea,MR_WG_FT,Minimum relative to average wages of full-time workers,PT_WG_A_SAL_FT,Percentage of average wage of full-time employees,_Z,Not applicable,_Z,Not applicable,MEDIAN,Median,_Z,Not applicable,1995,,27.78332056,,_Z,,A,Normal value,0,Units,2,Two
DATAFLOW,OECD.ELS.SAE:DSD_EARNINGS@MIN2AVE(1.0),Minimum relative to average wages of full-time workers,I,KOR,Korea,MR_WG_FT,Minimum relative to average wages of full-time workers,PT_WG_A_SAL_FT,Percentage of average wage of full-time employees,_Z,Not applicable,_Z,Not applicable,MEDIAN,Median,_Z,Not applicable,1996,,27.21443562,,_Z,,A,Normal value,0,Units,2,Two
DATAFLOW,OECD.ELS.SAE:DSD_EARNINGS@MIN2AVE(1.0),Minimum relative to average wages of full-time workers,I,KOR,Korea,MR_WG_FT,Minimum relative to average wages of full-time workers,PT_WG_A_SAL_FT,Percentage of average wage of full-time employees,_Z,Not applicable,_Z,Not applicable,MEDIAN,Median,_Z,Not applicable,1997,,27.11705206,,_Z,,A,Normal value,0,Units,2,Two
DATAFLOW,OECD.ELS.SAE:DSD_EARNINGS@MIN2AVE(1.0),Minimum relative to average wages of full-time workers,I,KOR,Korea,MR_WG_FT,Minimum relative to average wages of full-time workers,PT_WG_A_SAL_FT,Percentage of average wage of full-time employees,_Z,Not applicable,_Z,Not applicable,MEDIAN,Median,_Z,Not applicable,1998,,28.50270925,,_Z,,A,Normal value,0,Units,2,Two
DATAFLOW,OECD.ELS.SAE:DSD_EARNINGS@MIN2AVE(1.0),Minimum relative to average wages of full-time workers,I,KOR,Korea,MR_WG_FT,Minimum relative to average wages of full-time workers,PT_WG_A_SAL_FT,Percentage of average wage of full-time employees,_Z,Not applicable,_Z,Not applicable,MEDIAN,Median,_Z,Not applicable,1999,,29.45961652,,_Z,,A,Normal value,0,Units,2,Two
DATAFLOW,OECD.ELS.SAE:DSD_EARNINGS@MIN2AVE(1.0),Minimum relative to average wages of full-time workers,I,KOR,Korea,MR_WG_FT,Minimum relative to average wages of full-time workers,PT_WG_A_SAL_FT,Percentage of average wage of full-time employees,_Z,Not applicable,_Z,Not applicable,MEDIAN,Median,_Z,Not applicable,2000,,28.79578159,,_Z,,A,Normal value,0,Units,2,Two
DATAFLOW,OECD.ELS.SAE:DSD_EARNINGS@MIN2AVE(1.0),Minimum relative to average wages of full-time workers,I,KOR,Korea,MR_WG_FT,Minimum relative to average wages of full-time workers,PT_WG_A_SAL_FT,Percentage of average wage of full-time employees,_Z,Not applicable,_Z,Not applicable,MEDIAN,Median,_Z,Not applicable,2001,,31.80561384,,_Z,,A,Normal value,0,Units,2,Two
DATAFLOW,OECD.ELS.SAE:DSD_EARNINGS@MIN2AVE(1.0),Minimum relative to average wages of full-time workers,I,KOR,Korea,MR_WG_FT,Minimum relative to average wages of full-time workers,PT_WG_A_SAL_FT,Percentage of average wage of full-time employees,_Z,Not applicable,_Z,Not applicable,MEDIAN,Median,_Z,Not applicable,2002,,33.41781382,,_Z,,A,Normal value,0,Units,2,Two
DATAFLOW,OECD.ELS.SAE:DSD_EARNINGS@MIN2AVE(1.0),Minimum relative to average wages of full-time workers,I,KOR,Korea,MR_WG_FT,Minimum relative to average wages of full-time workers,PT_WG_A_SAL_FT,Percentage of average wage of full-time employees,_Z,Not applicable,_Z,Not applicable,MEDIAN,Median,_Z,Not applicable,2003,,33.99878952,,_Z,,A,Normal value,0,Units,2,Two
DATAFLOW,OECD.ELS.SAE:DSD_EARNINGS@MIN2AVE(1.0),Minimum relative to average wages of full-time workers,I,KOR,Korea,MR_WG_FT,Minimum relative to average wages of full-time workers,PT_WG_A_SAL_FT,Percentage of average wage of full-time employees,_Z,Not applicable,_Z,Not applicable,MEDIAN,Median,_Z,Not applicable,2004,,35.30936841,,_Z,,A,Normal value,0,Units,2,Two
DATAFLOW,OECD.ELS.SAE:DSD_EARNINGS@MIN2AVE(1.0),Minimum relative to average wages of full-time workers,I,KOR,Korea,MR_WG_FT,Minimum relative to average wages of full-time workers,PT_WG_A_SAL_FT,Percentage of average wage of full-time employees,_Z,Not applicable,_Z,Not applicable,MEDIAN,Median,_Z,Not applicable,2005,,37.28654208,,_Z,,A,Normal value,0,Units,2,Two
DATAFLOW,OECD.ELS.SAE:DSD_EARNINGS@MIN2AVE(1.0),Minimum relative to average wages of full-time workers,I,KOR,Korea,MR_WG_FT,Minimum relative to average wages of full-time workers,PT_WG_A_SAL_FT,Percentage of average wage of full-time employees,_Z,Not applicable,_Z,Not applicable,MEDIAN,Median,_Z,Not applicable,2006,,38.92222222,,_Z,,A,Normal value,0,Units,2,Two
DATAFLOW,OECD.ELS.SAE:DSD_EARNINGS@MIN2AVE(1.0),Minimum relative to average wages of full-time workers,I,KOR,Korea,MR_WG_FT,Minimum relative to average wages of full-time workers,PT_WG_A_SAL_FT,Percentage of average wage of full-time employees,_Z,Not applicable,_Z,Not applicable,MEDIAN,Median,_Z,Not applicable,2007,,42.85604525,,_Z,,A,Normal value,0,Units,2,Two
DATAFLOW,OECD.ELS.SAE:DSD_EARNINGS@MIN2AVE(1.0),Minimum relative to average wages of full-time workers,I,KOR,Korea,MR_WG_FT,Minimum relative to average wages of full-time workers,PT_WG_A_SAL_FT,Percentage of average wage of full-time employees,_Z,Not applicable,_Z,Not applicable,MEDIAN,Median,_Z,Not applicable,2008,,43.60388946,,_Z,,A,Normal value,0,Units,2,Two
DATAFLOW,OECD.ELS.SAE:DSD_EARNINGS@MIN2AVE(1.0),Minimum relative to average wages of full-time workers,I,KOR,Korea,MR_WG_FT,Minimum relative to average wages of full-time workers,PT_WG_A_SAL_FT,Percentage of average wage of full-time employees,_Z,Not applicable,_Z,Not applicable,MEDIAN,Median,_Z,Not applicable,2009,,45.2,,_Z,,A,Normal value,0,Units,2,Two
DATAFLOW,OECD.ELS.SAE:DSD_EARNINGS@MIN2AVE(1.0),Minimum relative to average wages of full-time workers,I,KOR,Korea,MR_WG_FT,Minimum relative to average wages of full-time workers,PT_WG_A_SAL_FT,Percentage of average wage of full-time employees,_Z,Not applicable,_Z,Not applicable,MEDIAN,Median,_Z,Not applicable,2010,,45.06841339,,_Z,,A,Normal value,0,Units,2,Two
DATAFLOW,OECD.ELS.SAE:DSD_EARNINGS@MIN2AVE(1.0),Minimum relative to average wages of full-time workers,I,KOR,Korea,MR_WG_FT,Minimum relative to average wages of full-time workers,PT_WG_A_SAL_FT,Percentage of average wage of full-time employees,_Z,Not applicable,_Z,Not applicable,MEDIAN,Median,_Z,Not applicable,2011,,45.47897985,,_Z,,A,Normal value,0,Units,2,Two
DATAFLOW,OECD.ELS.SAE:DSD_EARNINGS@MIN2AVE(1.0),Minimum relative to average wages of full-time workers,I,KOR,Korea,MR_WG_FT,Minimum relative to average wages of full-time workers,PT_WG_A_SAL_FT,Percentage of average wage of full-time employees,_Z,Not applicable,_Z,Not applicable,MEDIAN,Median,_Z,Not applicable,2012,,42.94392104,,_Z,,A,Normal value,0,Units,2,Two
DATAFLOW,OECD.ELS.SAE:DSD_EARNINGS@MIN2AVE(1.0),Minimum relative to average wages of full-time workers,I,KOR,Korea,MR_WG_FT,Minimum relative to average wages of full-time workers,PT_WG_A_SAL_FT,Percentage of average wage of full-time employees,_Z,Not applicable,_Z,Not applicable,MEDIAN,Median,_Z,Not applicable,2013,,44.21868953,,_Z,,A,Normal value,0,Units,2,Two
DATAFLOW,OECD.ELS.SAE:DSD_EARNINGS@MIN2AVE(1.0),Minimum relative to average wages of full-time workers,I,KOR,Korea,MR_WG_FT,Minimum relative to average wages of full-time workers,PT_WG_A_SAL_FT,Percentage of average wage of full-time employees,_Z,Not applicable,_Z,Not applicable,MEDIAN,Median,_Z,Not applicable,2014,,45.848,,_Z,,A,Normal value,0,Units,2,Two
DATAFLOW,OECD.ELS.SAE:DSD_EARNINGS@MIN2AVE(1.0),Minimum relative to average wages of full-time workers,I,KOR,Korea,MR_WG_FT,Minimum relative to average wages of full-time workers,PT_WG_A_SAL_FT,Percentage of average wage of full-time employees,_Z,Not applicable,_Z,Not applicable,MEDIAN,Median,_Z,Not applicable,2015,,48.5925,,_Z,,A,Normal value,0,Units,2,Two
DATAFLOW,OECD.ELS.SAE:DSD_EARNINGS@MIN2AVE(1.0),Minimum relative to average wages of full-time workers,I,KOR,Korea,MR_WG_FT,Minimum relative to average wages of full-time workers,PT_WG_A_SAL_FT,Percentage of average wage of full-time employees,_Z,Not applicable,_Z,Not applicable,MEDIAN,Median,_Z,Not applicable,2016,,50.4108,,_Z,,A,Normal value,0,Units,2,Two
DATAFLOW,OECD.ELS.SAE:DSD_EARNINGS@MIN2AVE(1.0),Minimum relative to average wages of full-time workers,I,KOR,Korea,MR_WG_FT,Minimum relative to average wages of full-time workers,PT_WG_A_SAL_FT,Percentage of average wage of full-time employees,_Z,Not applicable,_Z,Not applicable,MEDIAN,Median,_Z,Not applicable,2017,,52.83696395,,_Z,,A,Normal value,0,Units,2,Two
DATAFLOW,OECD.ELS.SAE:DSD_EARNINGS@MIN2AVE(1.0),Minimum relative to average wages of full-time workers,I,KOR,Korea,MR_WG_FT,Minimum relative to average wages of full-time workers,PT_WG_A_SAL_FT,Percentage of average wage of full-time employees,_Z,Not applicable,_Z,Not applicable,MEDIAN,Median,_Z,Not applicable,2018,,58.56978042,,_Z,,A,Normal value,0,Units,2,Two
DATAFLOW,OECD.ELS.SAE:DSD_EARNINGS@MIN2AVE(1.0),Minimum relative to average wages of full-time workers,I,KOR,Korea,MR_WG_FT,Minimum relative to average wages of full-time workers,PT_WG_A_SAL_FT,Percentage of average wage of full-time employees,_Z,Not applicable,_Z,Not applicable,MEDIAN,Median,_Z,Not applicable,2019,,62.66247756,,_Z,,A,Normal value,0,Units,2,Two
DATAFLOW,OECD.ELS.SAE:DSD_EARNINGS@MIN2AVE(1.0),Minimum relative to average wages of full-time workers,I,KOR,Korea,MR_WG_FT,Minimum relative to average wages of full-time workers,PT_WG_A_SAL_FT,Percentage of average wage of full-time employees,_Z,Not applicable,_Z,Not applicable,MEDIAN,Median,_Z,Not applicable,2020,,62.45099574,,_Z,,A,Normal value,0,Units,2,Two
DATAFLOW,OECD.ELS.SAE:DSD_EARNINGS@MIN2AVE(1.0),Minimum relative to average wages of full-time workers,I,KOR,Korea,MR_WG_FT,Minimum relative to average wages of full-time workers,PT_WG_A_SAL_FT,Percentage of average wage of full-time employees,_Z,Not applicable,_Z,Not applicable,MEDIAN,Median,_Z,Not applicable,2021,,61.36296296,,_Z,,A,Normal value,0,Units,2,Two
DATAFLOW,OECD.ELS.SAE:DSD_EARNINGS@MIN2AVE(1.0),Minimum relative to average wages of full-time workers,I,KOR,Korea,MR_WG_FT,Minimum relative to average wages of full-time workers,PT_WG_A_SAL_FT,Percentage of average wage of full-time employees,_Z,Not applicable,_Z,Not applicable,MEDIAN,Median,_Z,Not applicable,2022,,60.8628199,,_Z,,A,Normal value,0,Units,2,Two
DATAFLOW,OECD.ELS.SAE:DSD_EARNINGS@MIN2AVE(1.0),Minimum relative to average wages of full-time workers,I,KOR,Korea,MR_WG_FT,Minimum relative to average wages of full-time workers,PT_WG_A_SAL_FT,Percentage of average wage of full-time employees,_Z,Not applicable,_Z,Not applicable,MEDIAN,Median,_Z,Not applicable,2023,,60.94513489,,_Z,,A,Normal value,0,Units,2,Two
DATAFLOW,OECD.ELS.SAE:DSD_EARNINGS@MIN2AVE(1.0),Minimum relative to average wages of full-time workers,I,KOR,Korea,MR_WG_FT,Minimum relative to average wages of full-time workers,PT_WG_A_SAL_FT,Percentage of average wage of full-time employees,_Z,Not applicable,_Z,Not applicable,MEDIAN,Median,_Z,Not applicable,2024,,60.50470402,,_Z,,A,Normal value,0,Units,2,Two
DATAFLOW,OECD.ELS.SAE:DSD_EARNINGS@MIN2AVE(1.0),Minimum relative to average wages of full-time workers,I,LVA,Latvia,MR_WG_FT,Minimum relative to average wages of full-time workers,PT_WG_A_SAL_FT,Percentage of average wage of full-time employees,_Z,Not applicable,_Z,Not applicable,MEDIAN,Median,_Z,Not applicable,1997,,33.91291685,,_Z,,A,Normal value,0,Units,2,Two
DATAFLOW,OECD.ELS.SAE:DSD_EARNINGS@MIN2AVE(1.0),Minimum relative to average wages of full-time workers,I,LVA,Latvia,MR_WG_FT,Minimum relative to average wages of full-time workers,PT_WG_A_SAL_FT,Percentage of average wage of full-time employees,_Z,Not applicable,_Z,Not applicable,MEDIAN,Median,_Z,Not applicable,1998,,33.73442781,,_Z,,A,Normal value,0,Units,2,Two
DATAFLOW,OECD.ELS.SAE:DSD_EARNINGS@MIN2AVE(1.0),Minimum relative to average wages of full-time workers,I,LVA,Latvia,MR_WG_FT,Minimum relative to average wages of full-time workers,PT_WG_A_SAL_FT,Percentage of average wage of full-time employees,_Z,Not applicable,_Z,Not applicable,MEDIAN,Median,_Z,Not applicable,1999,,37.96222035,,_Z,,A,Normal value,0,Units,2,Two
DATAFLOW,OECD.ELS.SAE:DSD_EARNINGS@MIN2AVE(1.0),Minimum relative to average wages of full-time workers,I,LVA,Latvia,MR_WG_FT,Minimum relative to average wages of full-time workers,PT_WG_A_SAL_FT,Percentage of average wage of full-time employees,_Z,Not applicable,_Z,Not applicable,MEDIAN,Median,_Z,Not applicable,2000,,35.82350371,,_Z,,A,Normal value,0,Units,2,Two
DATAFLOW,OECD.ELS.SAE:DSD_EARNINGS@MIN2AVE(1.0),Minimum relative to average wages of full-time workers,I,LVA,Latvia,MR_WG_FT,Minimum relative to average wages of full-time workers,PT_WG_A_SAL_FT,Percentage of average wage of full-time employees,_Z,Not applicable,_Z,Not applicable,MEDIAN,Median,_Z,Not applicable,2001,,36.97553709,,_Z,,A,Normal value,0,Units,2,Two
DATAFLOW,OECD.ELS.SAE:DSD_EARNINGS@MIN2AVE(1.0),Minimum relative to average wages of full-time workers,I,LVA,Latvia,MR_WG_FT,Minimum relative to average wages of full-time workers,PT_WG_A_SAL_FT,Percentage of average wage of full-time employees,_Z,Not applicable,_Z,Not applicable,MEDIAN,Median,_Z,Not applicable,2002,,37.2214941,,_Z,,A,Normal value,0,Units,2,Two
DATAFLOW,OECD.ELS.SAE:DSD_EARNINGS@MIN2AVE(1.0),Minimum relative to average wages of full-time workers,I,LVA,Latvia,MR_WG_FT,Minimum relative to average wages of full-time workers,PT_WG_A_SAL_FT,Percentage of average wage of full-time employees,_Z,Not applicable,_Z,Not applicable,MEDIAN,Median,_Z,Not applicable,2003,,43.38025944,,_Z,,A,Normal value,0,Units,2,Two
DATAFLOW,OECD.ELS.SAE:DSD_EARNINGS@MIN2AVE(1.0),Minimum relative to average wages of full-time workers,I,LVA,Latvia,MR_WG_FT,Minimum relative to average wages of full-time workers,PT_WG_A_SAL_FT,Percentage of average wage of full-time employees,_Z,Not applicable,_Z,Not applicable,MEDIAN,Median,_Z,Not applicable,2004,,45.28072795,,_Z,,A,Normal value,0,Units,2,Two
DATAFLOW,OECD.ELS.SAE:DSD_EARNINGS@MIN2AVE(1.0),Minimum relative to average wages of full-time workers,I,LVA,Latvia,MR_WG_FT,Minimum relative to average wages of full-time workers,PT_WG_A_SAL_FT,Percentage of average wage of full-time employees,_Z,Not applicable,_Z,Not applicable,MEDIAN,Median,_Z,Not applicable,2005,,39.01156884,,_Z,,A,Normal value,0,Units,2,Two
DATAFLOW,OECD.ELS.SAE:DSD_EARNINGS@MIN2AVE(1.0),Minimum relative to average wages of full-time workers,I,LVA,Latvia,MR_WG_FT,Minimum relative to average wages of full-time workers,PT_WG_A_SAL_FT,Percentage of average wage of full-time employees,_Z,Not applicable,_Z,Not applicable,MEDIAN,Median,_Z,Not applicable,2006,,35.59888579,,_Z,,A,Normal value,0,Units,2,Two
DATAFLOW,OECD.ELS.SAE:DSD_EARNINGS@MIN2AVE(1.0),Minimum relative to average wages of full-time workers,I,LVA,Latvia,MR_WG_FT,Minimum relative to average wages of full-time workers,PT_WG_A_SAL_FT,Percentage of average wage of full-time employees,_Z,Not applicable,_Z,Not applicable,MEDIAN,Median,_Z,Not applicable,2007,,36.62972843,,_Z,,A,Normal value,0,Units,2,Two
DATAFLOW,OECD.ELS.SAE:DSD_EARNINGS@MIN2AVE(1.0),Minimum relative to average wages of full-time workers,I,LVA,Latvia,MR_WG_FT,Minimum relative to average wages of full-time workers,PT_WG_A_SAL_FT,Percentage of average wage of full-time employees,_Z,Not applicable,_Z,Not applicable,MEDIAN,Median,_Z,Not applicable,2008,,40.45029306,,_Z,,A,Normal value,0,Units,2,Two
DATAFLOW,OECD.ELS.SAE:DSD_EARNINGS@MIN2AVE(1.0),Minimum relative to average wages of full-time workers,I,LVA,Latvia,MR_WG_FT,Minimum relative to average wages of full-time workers,PT_WG_A_SAL_FT,Percentage of average wage of full-time employees,_Z,Not applicable,_Z,Not applicable,MEDIAN,Median,_Z,Not applicable,2009,,47.37298436,,_Z,,A,Normal value,0,Units,2,Two
DATAFLOW,OECD.ELS.SAE:DSD_EARNINGS@MIN2AVE(1.0),Minimum relative to average wages of full-time workers,I,LVA,Latvia,MR_WG_FT,Minimum relative to average wages of full-time workers,PT_WG_A_SAL_FT,Percentage of average wage of full-time employees,_Z,Not applicable,_Z,Not applicable,MEDIAN,Median,_Z,Not applicable,2010,,48.96551724,,_Z,,A,Normal value,0,Units,2,Two
DATAFLOW,OECD.ELS.SAE:DSD_EARNINGS@MIN2AVE(1.0),Minimum relative to average wages of full-time workers,I,LVA,Latvia,MR_WG_FT,Minimum relative to average wages of full-time workers,PT_WG_A_SAL_FT,Percentage of average wage of full-time employees,_Z,Not applicable,_Z,Not applicable,MEDIAN,Median,_Z,Not applicable,2011,,50.65179861,,_Z,,A,Normal value,0,Units,2,Two
DATAFLOW,OECD.ELS.SAE:DSD_EARNINGS@MIN2AVE(1.0),Minimum relative to average wages of full-time workers,I,LVA,Latvia,MR_WG_FT,Minimum relative to average wages of full-time workers,PT_WG_A_SAL_FT,Percentage of average wage of full-time employees,_Z,Not applicable,_Z,Not applicable,MEDIAN,Median,_Z,Not applicable,2012,,48.84497353,,_Z,,A,Normal value,0,Units,2,Two
DATAFLOW,OECD.ELS.SAE:DSD_EARNINGS@MIN2AVE(1.0),Minimum relative to average wages of full-time workers,I,LVA,Latvia,MR_WG_FT,Minimum relative to average wages of full-time workers,PT_WG_A_SAL_FT,Percentage of average wage of full-time employees,_Z,Not applicable,_Z,Not applicable,MEDIAN,Median,_Z,Not applicable,2013,,46.68242372,,_Z,,A,Normal value,0,Units,2,Two
DATAFLOW,OECD.ELS.SAE:DSD_EARNINGS@MIN2AVE(1.0),Minimum relative to average wages of full-time workers,I,LVA,Latvia,MR_WG_FT,Minimum relative to average wages of full-time workers,PT_WG_A_SAL_FT,Percentage of average wage of full-time employees,_Z,Not applicable,_Z,Not applicable,MEDIAN,Median,_Z,Not applicable,2014,,49.23076923,,_Z,,A,Normal value,0,Units,2,Two
DATAFLOW,OECD.ELS.SAE:DSD_EARNINGS@MIN2AVE(1.0),Minimum relative to average wages of full-time workers,I,LVA,Latvia,MR_WG_FT,Minimum relative to average wages of full-time workers,PT_WG_A_SAL_FT,Percentage of average wage of full-time employees,_Z,Not applicable,_Z,Not applicable,MEDIAN,Median,_Z,Not applicable,2015,,51.82780522,,_Z,,A,Normal value,0,Units,2,Two
DATAFLOW,OECD.ELS.SAE:DSD_EARNINGS@MIN2AVE(1.0),Minimum relative to average wages of full-time workers,I,LVA,Latvia,MR_WG_FT,Minimum relative to average wages of full-time workers,PT_WG_A_SAL_FT,Percentage of average wage of full-time employees,_Z,Not applicable,_Z,Not applicable,MEDIAN,Median,_Z,Not applicable,2016,,50.72353389,,_Z,,A,Normal value,0,Units,2,Two
DATAFLOW,OECD.ELS.SAE:DSD_EARNINGS@MIN2AVE(1.0),Minimum relative to average wages of full-time workers,I,LVA,Latvia,MR_WG_FT,Minimum relative to average wages of full-time workers,PT_WG_A_SAL_FT,Percentage of average wage of full-time employees,_Z,Not applicable,_Z,Not applicable,MEDIAN,Median,_Z,Not applicable,2017,,48.310102,,_Z,,A,Normal value,0,Units,2,Two
DATAFLOW,OECD.ELS.SAE:DSD_EARNINGS@MIN2AVE(1.0),Minimum relative to average wages of full-time workers,I,LVA,Latvia,MR_WG_FT,Minimum relative to average wages of full-time workers,PT_WG_A_SAL_FT,Percentage of average wage of full-time employees,_Z,Not applicable,_Z,Not applicable,MEDIAN,Median,_Z,Not applicable,2018,,46.73913043,,_Z,,A,Normal value,0,Units,2,Two
DATAFLOW,OECD.ELS.SAE:DSD_EARNINGS@MIN2AVE(1.0),Minimum relative to average wages of full-time workers,I,LVA,Latvia,MR_WG_FT,Minimum relative to average wages of full-time workers,PT_WG_A_SAL_FT,Percentage of average wage of full-time employees,_Z,Not applicable,_Z,Not applicable,MEDIAN,Median,_Z,Not applicable,2019,,43.8762809,,_Z,,A,Normal value,0,Units,2,Two
DATAFLOW,OECD.ELS.SAE:DSD_EARNINGS@MIN2AVE(1.0),Minimum relative to average wages of full-time workers,I,LVA,Latvia,MR_WG_FT,Minimum relative to average wages of full-time workers,PT_WG_A_SAL_FT,Percentage of average wage of full-time employees,_Z,Not applicable,_Z,Not applicable,MEDIAN,Median,_Z,Not applicable,2020,,41.76310134,,_Z,,A,Normal value,0,Units,2,Two
DATAFLOW,OECD.ELS.SAE:DSD_EARNINGS@MIN2AVE(1.0),Minimum relative to average wages of full-time workers,I,LVA,Latvia,MR_WG_FT,Minimum relative to average wages of full-time workers,PT_WG_A_SAL_FT,Percentage of average wage of full-time employees,_Z,Not applicable,_Z,Not applicable,MEDIAN,Median,_Z,Not applicable,2021,,43.98991664,,_Z,,A,Normal value,0,Units,2,Two
DATAFLOW,OECD.ELS.SAE:DSD_EARNINGS@MIN2AVE(1.0),Minimum relative to average wages of full-time workers,I,LVA,Latvia,MR_WG_FT,Minimum relative to average wages of full-time workers,PT_WG_A_SAL_FT,Percentage of average wage of full-time employees,_Z,Not applicable,_Z,Not applicable,MEDIAN,Median,_Z,Not applicable,2022,,40.98360656,,_Z,,A,Normal value,0,Units,2,Two
DATAFLOW,OECD.ELS.SAE:DSD_EARNINGS@MIN2AVE(1.0),Minimum relative to average wages of full-time workers,I,LVA,Latvia,MR_WG_FT,Minimum relative to average wages of full-time workers,PT_WG_A_SAL_FT,Percentage of average wage of full-time employees,_Z,Not applicable,_Z,Not applicable,MEDIAN,Median,_Z,Not applicable,2023,,44.84576782,,_Z,,A,Normal value,0,Units,2,Two
DATAFLOW,OECD.ELS.SAE:DSD_EARNINGS@MIN2AVE(1.0),Minimum relative to average wages of full-time workers,I,LVA,Latvia,MR_WG_FT,Minimum relative to average wages of full-time workers,PT_WG_A_SAL_FT,Percentage of average wage of full-time employees,_Z,Not applicable,_Z,Not applicable,MEDIAN,Median,_Z,Not applicable,2024,,45.70714087,,_Z,,A,Normal value,0,Units,2,Two
DATAFLOW,OECD.ELS.SAE:DSD_EARNINGS@MIN2AVE(1.0),Minimum relative to average wages of full-time workers,I,LTU,Lithuania,MR_WG_FT,Minimum relative to average wages of full-time workers,PT_WG_A_SAL_FT,Percentage of average wage of full-time employees,_Z,Not applicable,_Z,Not applicable,MEDIAN,Median,_Z,Not applicable,1997,,51.27420266,,_Z,,A,Normal value,0,Units,2,Two
DATAFLOW,OECD.ELS.SAE:DSD_EARNINGS@MIN2AVE(1.0),Minimum relative to average wages of full-time workers,I,LTU,Lithuania,MR_WG_FT,Minimum relative to average wages of full-time workers,PT_WG_A_SAL_FT,Percentage of average wage of full-time employees,_Z,Not applicable,_Z,Not applicable,MEDIAN,Median,_Z,Not applicable,1998,,47.85659637,,_Z,,A,Normal value,0,Units,2,Two
DATAFLOW,OECD.ELS.SAE:DSD_EARNINGS@MIN2AVE(1.0),Minimum relative to average wages of full-time workers,I,LTU,Lithuania,MR_WG_FT,Minimum relative to average wages of full-time workers,PT_WG_A_SAL_FT,Percentage of average wage of full-time employees,_Z,Not applicable,_Z,Not applicable,MEDIAN,Median,_Z,Not applicable,1999,,46.40676311,,_Z,,A,Normal value,0,Units,2,Two
DATAFLOW,OECD.ELS.SAE:DSD_EARNINGS@MIN2AVE(1.0),Minimum relative to average wages of full-time workers,I,LTU,Lithuania,MR_WG_FT,Minimum relative to average wages of full-time workers,PT_WG_A_SAL_FT,Percentage of average wage of full-time employees,_Z,Not applicable,_Z,Not applicable,MEDIAN,Median,_Z,Not applicable,2000,,47.20028626,,_Z,,A,Normal value,0,Units,2,Two
DATAFLOW,OECD.ELS.SAE:DSD_EARNINGS@MIN2AVE(1.0),Minimum relative to average wages of full-time workers,I,LTU,Lithuania,MR_WG_FT,Minimum relative to average wages of full-time workers,PT_WG_A_SAL_FT,Percentage of average wage of full-time employees,_Z,Not applicable,_Z,Not applicable,MEDIAN,Median,_Z,Not applicable,2001,,46.64770223,,_Z,,A,Normal value,0,Units,2,Two
DATAFLOW,OECD.ELS.SAE:DSD_EARNINGS@MIN2AVE(1.0),Minimum relative to average wages of full-time workers,I,LTU,Lithuania,MR_WG_FT,Minimum relative to average wages of full-time workers,PT_WG_A_SAL_FT,Percentage of average wage of full-time employees,_Z,Not applicable,_Z,Not applicable,MEDIAN,Median,_Z,Not applicable,2002,,45.19384347,,_Z,,A,Normal value,0,Units,2,Two
DATAFLOW,OECD.ELS.SAE:DSD_EARNINGS@MIN2AVE(1.0),Minimum relative to average wages of full-time workers,I,LTU,Lithuania,MR_WG_FT,Minimum relative to average wages of full-time workers,PT_WG_A_SAL_FT,Percentage of average wage of full-time employees,_Z,Not applicable,_Z,Not applicable,MEDIAN,Median,_Z,Not applicable,2003,,43.40680113,,_Z,,A,Normal value,0,Units,2,Two
DATAFLOW,OECD.ELS.SAE:DSD_EARNINGS@MIN2AVE(1.0),Minimum relative to average wages of full-time workers,I,LTU,Lithuania,MR_WG_FT,Minimum relative to average wages of full-time workers,PT_WG_A_SAL_FT,Percentage of average wage of full-time employees,_Z,Not applicable,_Z,Not applicable,MEDIAN,Median,_Z,Not applicable,2004,,44.83319377,,_Z,,A,Normal value,0,Units,2,Two
DATAFLOW,OECD.ELS.SAE:DSD_EARNINGS@MIN2AVE(1.0),Minimum relative to average wages of full-time workers,I,LTU,Lithuania,MR_WG_FT,Minimum relative to average wages of full-time workers,PT_WG_A_SAL_FT,Percentage of average wage of full-time employees,_Z,Not applicable,_Z,Not applicable,MEDIAN,Median,_Z,Not applicable,2005,,43.86473626,,_Z,,A,Normal value,0,Units,2,Two
DATAFLOW,OECD.ELS.SAE:DSD_EARNINGS@MIN2AVE(1.0),Minimum relative to average wages of full-time workers,I,LTU,Lithuania,MR_WG_FT,Minimum relative to average wages of full-time workers,PT_WG_A_SAL_FT,Percentage of average wage of full-time employees,_Z,Not applicable,_Z,Not applicable,MEDIAN,Median,_Z,Not applicable,2006,,41.9395466,,_Z,,A,Normal value,0,Units,2,Two
DATAFLOW,OECD.ELS.SAE:DSD_EARNINGS@MIN2AVE(1.0),Minimum relative to average wages of full-time workers,I,LTU,Lithuania,MR_WG_FT,Minimum relative to average wages of full-time workers,PT_WG_A_SAL_FT,Percentage of average wage of full-time employees,_Z,Not applicable,_Z,Not applicable,MEDIAN,Median,_Z,Not applicable,2007,,39.36205449,,_Z,,A,Normal value,0,Units,2,Two
DATAFLOW,OECD.ELS.SAE:DSD_EARNINGS@MIN2AVE(1.0),Minimum relative to average wages of full-time workers,I,LTU,Lithuania,MR_WG_FT,Minimum relative to average wages of full-time workers,PT_WG_A_SAL_FT,Percentage of average wage of full-time employees,_Z,Not applicable,_Z,Not applicable,MEDIAN,Median,_Z,Not applicable,2008,,40.56920809,,_Z,,A,Normal value,0,Units,2,Two
DATAFLOW,OECD.ELS.SAE:DSD_EARNINGS@MIN2AVE(1.0),Minimum relative to average wages of full-time workers,I,LTU,Lithuania,MR_WG_FT,Minimum relative to average wages of full-time workers,PT_WG_A_SAL_FT,Percentage of average wage of full-time employees,_Z,Not applicable,_Z,Not applicable,MEDIAN,Median,_Z,Not applicable,2009,,42.45630643,,_Z,,A,Normal value,0,Units,2,Two
DATAFLOW,OECD.ELS.SAE:DSD_EARNINGS@MIN2AVE(1.0),Minimum relative to average wages of full-time workers,I,LTU,Lithuania,MR_WG_FT,Minimum relative to average wages of full-time workers,PT_WG_A_SAL_FT,Percentage of average wage of full-time employees,_Z,Not applicable,_Z,Not applicable,MEDIAN,Median,_Z,Not applicable,2010,,49.82795699,,_Z,,A,Normal value,0,Units,2,Two
DATAFLOW,OECD.ELS.SAE:DSD_EARNINGS@MIN2AVE(1.0),Minimum relative to average wages of full-time workers,I,LTU,Lithuania,MR_WG_FT,Minimum relative to average wages of full-time workers,PT_WG_A_SAL_FT,Percentage of average wage of full-time employees,_Z,Not applicable,_Z,Not applicable,MEDIAN,Median,_Z,Not applicable,2011,,48.42352343,,_Z,,A,Normal value,0,Units,2,Two
DATAFLOW,OECD.ELS.SAE:DSD_EARNINGS@MIN2AVE(1.0),Minimum relative to average wages of full-time workers,I,LTU,Lithuania,MR_WG_FT,Minimum relative to average wages of full-time workers,PT_WG_A_SAL_FT,Percentage of average wage of full-time employees,_Z,Not applicable,_Z,Not applicable,MEDIAN,Median,_Z,Not applicable,2012,,48.26932577,,_Z,,A,Normal value,0,Units,2,Two
DATAFLOW,OECD.ELS.SAE:DSD_EARNINGS@MIN2AVE(1.0),Minimum relative to average wages of full-time workers,I,LTU,Lithuania,MR_WG_FT,Minimum relative to average wages of full-time workers,PT_WG_A_SAL_FT,Percentage of average wage of full-time employees,_Z,Not applicable,_Z,Not applicable,MEDIAN,Median,_Z,Not applicable,2013,,55.78303265,,_Z,,A,Normal value,0,Units,2,Two
DATAFLOW,OECD.ELS.SAE:DSD_EARNINGS@MIN2AVE(1.0),Minimum relative to average wages of full-time workers,I,LTU,Lithuania,MR_WG_FT,Minimum relative to average wages of full-time workers,PT_WG_A_SAL_FT,Percentage of average wage of full-time employees,_Z,Not applicable,_Z,Not applicable,MEDIAN,Median,_Z,Not applicable,2014,,51.17338004,,_Z,,A,Normal value,0,Units,2,Two
DATAFLOW,OECD.ELS.SAE:DSD_EARNINGS@MIN2AVE(1.0),Minimum relative to average wages of full-time workers,I,LTU,Lithuania,MR_WG_FT,Minimum relative to average wages of full-time workers,PT_WG_A_SAL_FT,Percentage of average wage of full-time employees,_Z,Not applicable,_Z,Not applicable,MEDIAN,Median,_Z,Not applicable,2015,,51.83659014,,_Z,,A,Normal value,0,Units,2,Two
DATAFLOW,OECD.ELS.SAE:DSD_EARNINGS@MIN2AVE(1.0),Minimum relative to average wages of full-time workers,I,LTU,Lithuania,MR_WG_FT,Minimum relative to average wages of full-time workers,PT_WG_A_SAL_FT,Percentage of average wage of full-time employees,_Z,Not applicable,_Z,Not applicable,MEDIAN,Median,_Z,Not applicable,2016,,55.8393539,,_Z,,A,Normal value,0,Units,2,Two
DATAFLOW,OECD.ELS.SAE:DSD_EARNINGS@MIN2AVE(1.0),Minimum relative to average wages of full-time workers,I,LTU,Lithuania,MR_WG_FT,Minimum relative to average wages of full-time workers,PT_WG_A_SAL_FT,Percentage of average wage of full-time employees,_Z,Not applicable,_Z,Not applicable,MEDIAN,Median,_Z,Not applicable,2017,,53.57210474,,_Z,,A,Normal value,0,Units,2,Two
DATAFLOW,OECD.ELS.SAE:DSD_EARNINGS@MIN2AVE(1.0),Minimum relative to average wages of full-time workers,I,LTU,Lithuania,MR_WG_FT,Minimum relative to average wages of full-time workers,PT_WG_A_SAL_FT,Percentage of average wage of full-time employees,_Z,Not applicable,_Z,Not applicable,MEDIAN,Median,_Z,Not applicable,2018,,49.68944099,,_Z,,A,Normal value,0,Units,2,Two
DATAFLOW,OECD.ELS.SAE:DSD_EARNINGS@MIN2AVE(1.0),Minimum relative to average wages of full-time workers,I,LTU,Lithuania,MR_WG_FT,Minimum relative to average wages of full-time workers,PT_WG_A_SAL_FT,Percentage of average wage of full-time employees,_Z,Not applicable,_Z,Not applicable,MEDIAN,Median,_Z,Not applicable,2019,,49.16635199,,_Z,,A,Normal value,0,Units,2,Two
DATAFLOW,OECD.ELS.SAE:DSD_EARNINGS@MIN2AVE(1.0),Minimum relative to average wages of full-time workers,I,LTU,Lithuania,MR_WG_FT,Minimum relative to average wages of full-time workers,PT_WG_A_SAL_FT,Percentage of average wage of full-time employees,_Z,Not applicable,_Z,Not applicable,MEDIAN,Median,_Z,Not applicable,2020,,48.77574236,,_Z,,A,Normal value,0,Units,2,Two
DATAFLOW,OECD.ELS.SAE:DSD_EARNINGS@MIN2AVE(1.0),Minimum relative to average wages of full-time workers,I,LTU,Lithuania,MR_WG_FT,Minimum relative to average wages of full-time workers,PT_WG_A_SAL_FT,Percentage of average wage of full-time employees,_Z,Not applicable,_Z,Not applicable,MEDIAN,Median,_Z,Not applicable,2021,,46.69101474,,_Z,,A,Normal value,0,Units,2,Two
DATAFLOW,OECD.ELS.SAE:DSD_EARNINGS@MIN2AVE(1.0),Minimum relative to average wages of full-time workers,I,LTU,Lithuania,MR_WG_FT,Minimum relative to average wages of full-time workers,PT_WG_A_SAL_FT,Percentage of average wage of full-time employees,_Z,Not applicable,_Z,Not applicable,MEDIAN,Median,_Z,Not applicable,2022,,47.52604167,,_Z,,A,Normal value,0,Units,2,Two
DATAFLOW,OECD.ELS.SAE:DSD_EARNINGS@MIN2AVE(1.0),Minimum relative to average wages of full-time workers,I,LTU,Lithuania,MR_WG_FT,Minimum relative to average wages of full-time workers,PT_WG_A_SAL_FT,Percentage of average wage of full-time employees,_Z,Not applicable,_Z,Not applicable,MEDIAN,Median,_Z,Not applicable,2023,,48.71935215,,_Z,,A,Normal value,0,Units,2,Two
DATAFLOW,OECD.ELS.SAE:DSD_EARNINGS@MIN2AVE(1.0),Minimum relative to average wages of full-time workers,I,LTU,Lithuania,MR_WG_FT,Minimum relative to average wages of full-time workers,PT_WG_A_SAL_FT,Percentage of average wage of full-time employees,_Z,Not applicable,_Z,Not applicable,MEDIAN,Median,_Z,Not applicable,2024,,48.51738817,,_Z,,A,Normal value,0,Units,2,Two
DATAFLOW,OECD.ELS.SAE:DSD_EARNINGS@MIN2AVE(1.0),Minimum relative to average wages of full-time workers,I,MEX,Mexico,MR_WG_FT,Minimum relative to average wages of full-time workers,PT_WG_A_SAL_FT,Percentage of average wage of full-time employees,_Z,Not applicable,_Z,Not applicable,MEDIAN,Median,_Z,Not applicable,2005,,38.12488268,,_Z,,A,Normal value,0,Units,2,Two
DATAFLOW,OECD.ELS.SAE:DSD_EARNINGS@MIN2AVE(1.0),Minimum relative to average wages of full-time workers,I,MEX,Mexico,MR_WG_FT,Minimum relative to average wages of full-time workers,PT_WG_A_SAL_FT,Percentage of average wage of full-time employees,_Z,Not applicable,_Z,Not applicable,MEDIAN,Median,_Z,Not applicable,2006,,37.64,,_Z,,A,Normal value,0,Units,2,Two
DATAFLOW,OECD.ELS.SAE:DSD_EARNINGS@MIN2AVE(1.0),Minimum relative to average wages of full-time workers,I,MEX,Mexico,MR_WG_FT,Minimum relative to average wages of full-time workers,PT_WG_A_SAL_FT,Percentage of average wage of full-time employees,_Z,Not applicable,_Z,Not applicable,MEDIAN,Median,_Z,Not applicable,2007,,36.65999301,,_Z,,A,Normal value,0,Units,2,Two
DATAFLOW,OECD.ELS.SAE:DSD_EARNINGS@MIN2AVE(1.0),Minimum relative to average wages of full-time workers,I,MEX,Mexico,MR_WG_FT,Minimum relative to average wages of full-time workers,PT_WG_A_SAL_FT,Percentage of average wage of full-time employees,_Z,Not applicable,_Z,Not applicable,MEDIAN,Median,_Z,Not applicable,2008,,36.16742493,,_Z,,A,Normal value,0,Units,2,Two
DATAFLOW,OECD.ELS.SAE:DSD_EARNINGS@MIN2AVE(1.0),Minimum relative to average wages of full-time workers,I,MEX,Mexico,MR_WG_FT,Minimum relative to average wages of full-time workers,PT_WG_A_SAL_FT,Percentage of average wage of full-time employees,_Z,Not applicable,_Z,Not applicable,MEDIAN,Median,_Z,Not applicable,2009,,36.75807951,,_Z,,A,Normal value,0,Units,2,Two
DATAFLOW,OECD.ELS.SAE:DSD_EARNINGS@MIN2AVE(1.0),Minimum relative to average wages of full-time workers,I,MEX,Mexico,MR_WG_FT,Minimum relative to average wages of full-time workers,PT_WG_A_SAL_FT,Percentage of average wage of full-time employees,_Z,Not applicable,_Z,Not applicable,MEDIAN,Median,_Z,Not applicable,2010,,34.85625,,_Z,,A,Normal value,0,Units,2,Two
DATAFLOW,OECD.ELS.SAE:DSD_EARNINGS@MIN2AVE(1.0),Minimum relative to average wages of full-time workers,I,MEX,Mexico,MR_WG_FT,Minimum relative to average wages of full-time workers,PT_WG_A_SAL_FT,Percentage of average wage of full-time employees,_Z,Not applicable,_Z,Not applicable,MEDIAN,Median,_Z,Not applicable,2011,,36.2875,,_Z,,A,Normal value,0,Units,2,Two
DATAFLOW,OECD.ELS.SAE:DSD_EARNINGS@MIN2AVE(1.0),Minimum relative to average wages of full-time workers,I,MEX,Mexico,MR_WG_FT,Minimum relative to average wages of full-time workers,PT_WG_A_SAL_FT,Percentage of average wage of full-time employees,_Z,Not applicable,_Z,Not applicable,MEDIAN,Median,_Z,Not applicable,2012,,36.32520581,,_Z,,A,Normal value,0,Units,2,Two
DATAFLOW,OECD.ELS.SAE:DSD_EARNINGS@MIN2AVE(1.0),Minimum relative to average wages of full-time workers,I,MEX,Mexico,MR_WG_FT,Minimum relative to average wages of full-time workers,PT_WG_A_SAL_FT,Percentage of average wage of full-time employees,_Z,Not applicable,_Z,Not applicable,MEDIAN,Median,_Z,Not applicable,2013,,36.82000245,,_Z,,A,Normal value,0,Units,2,Two
DATAFLOW,OECD.ELS.SAE:DSD_EARNINGS@MIN2AVE(1.0),Minimum relative to average wages of full-time workers,I,MEX,Mexico,MR_WG_FT,Minimum relative to average wages of full-time workers,PT_WG_A_SAL_FT,Percentage of average wage of full-time employees,_Z,Not applicable,_Z,Not applicable,MEDIAN,Median,_Z,Not applicable,2014,,37.47428571,,_Z,,A,Normal value,0,Units,2,Two
DATAFLOW,OECD.ELS.SAE:DSD_EARNINGS@MIN2AVE(1.0),Minimum relative to average wages of full-time workers,I,MEX,Mexico,MR_WG_FT,Minimum relative to average wages of full-time workers,PT_WG_A_SAL_FT,Percentage of average wage of full-time employees,_Z,Not applicable,_Z,Not applicable,MEDIAN,Median,_Z,Not applicable,2015,,38.66231637,,_Z,,A,Normal value,0,Units,2,Two
DATAFLOW,OECD.ELS.SAE:DSD_EARNINGS@MIN2AVE(1.0),Minimum relative to average wages of full-time workers,I,MEX,Mexico,MR_WG_FT,Minimum relative to average wages of full-time workers,PT_WG_A_SAL_FT,Percentage of average wage of full-time employees,_Z,Not applicable,_Z,Not applicable,MEDIAN,Median,_Z,Not applicable,2016,,38.44110175,,_Z,,A,Normal value,0,Units,2,Two
DATAFLOW,OECD.ELS.SAE:DSD_EARNINGS@MIN2AVE(1.0),Minimum relative to average wages of full-time workers,I,MEX,Mexico,MR_WG_FT,Minimum relative to average wages of full-time workers,PT_WG_A_SAL_FT,Percentage of average wage of full-time employees,_Z,Not applicable,_Z,Not applicable,MEDIAN,Median,_Z,Not applicable,2017,,40.02,,_Z,,A,Normal value,0,Units,2,Two
DATAFLOW,OECD.ELS.SAE:DSD_EARNINGS@MIN2AVE(1.0),Minimum relative to average wages of full-time workers,I,MEX,Mexico,MR_WG_FT,Minimum relative to average wages of full-time workers,PT_WG_A_SAL_FT,Percentage of average wage of full-time employees,_Z,Not applicable,_Z,Not applicable,MEDIAN,Median,_Z,Not applicable,2018,,42.21644557,,_Z,,A,Normal value,0,Units,2,Two
DATAFLOW,OECD.ELS.SAE:DSD_EARNINGS@MIN2AVE(1.0),Minimum relative to average wages of full-time workers,I,MEX,Mexico,MR_WG_FT,Minimum relative to average wages of full-time workers,PT_WG_A_SAL_FT,Percentage of average wage of full-time employees,_Z,Not applicable,_Z,Not applicable,MEDIAN,Median,_Z,Not applicable,2019,,45.99879672,,_Z,,A,Normal value,0,Units,2,Two
DATAFLOW,OECD.ELS.SAE:DSD_EARNINGS@MIN2AVE(1.0),Minimum relative to average wages of full-time workers,I,MEX,Mexico,MR_WG_FT,Minimum relative to average wages of full-time workers,PT_WG_A_SAL_FT,Percentage of average wage of full-time employees,_Z,Not applicable,_Z,Not applicable,MEDIAN,Median,_Z,Not applicable,2020,,51.34166667,,_Z,,A,Normal value,0,Units,2,Two
DATAFLOW,OECD.ELS.SAE:DSD_EARNINGS@MIN2AVE(1.0),Minimum relative to average wages of full-time workers,I,MEX,Mexico,MR_WG_FT,Minimum relative to average wages of full-time workers,PT_WG_A_SAL_FT,Percentage of average wage of full-time employees,_Z,Not applicable,_Z,Not applicable,MEDIAN,Median,_Z,Not applicable,2021,,56.68,,_Z,,A,Normal value,0,Units,2,Two
DATAFLOW,OECD.ELS.SAE:DSD_EARNINGS@MIN2AVE(1.0),Minimum relative to average wages of full-time workers,I,MEX,Mexico,MR_WG_FT,Minimum relative to average wages of full-time workers,PT_WG_A_SAL_FT,Percentage of average wage of full-time employees,_Z,Not applicable,_Z,Not applicable,MEDIAN,Median,_Z,Not applicable,2022,,63.02552871,,_Z,,A,Normal value,0,Units,2,Two
DATAFLOW,OECD.ELS.SAE:DSD_EARNINGS@MIN2AVE(1.0),Minimum relative to average wages of full-time workers,I,MEX,Mexico,MR_WG_FT,Minimum relative to average wages of full-time workers,PT_WG_A_SAL_FT,Percentage of average wage of full-time employees,_Z,Not applicable,_Z,Not applicable,MEDIAN,Median,_Z,Not applicable,2023,,68.32046276,,_Z,,A,Normal value,0,Units,2,Two
DATAFLOW,OECD.ELS.SAE:DSD_EARNINGS@MIN2AVE(1.0),Minimum relative to average wages of full-time workers,I,MEX,Mexico,MR_WG_FT,Minimum relative to average wages of full-time workers,PT_WG_A_SAL_FT,Percentage of average wage of full-time employees,_Z,Not applicable,_Z,Not applicable,MEDIAN,Median,_Z,Not applicable,2024,,73.69638546,,_Z,,A,Normal value,0,Units,2,Two
DATAFLOW,OECD.ELS.SAE:DSD_EARNINGS@MIN2AVE(1.0),Minimum relative to average wages of full-time workers,I,NLD,Netherlands,MR_WG_FT,Minimum relative to average wages of full-time workers,PT_WG_A_SAL_FT,Percentage of average wage of full-time employees,_Z,Not applicable,_Z,Not applicable,MEDIAN,Median,_Z,Not applicable,1964,,69.53016403,,_Z,,A,Normal value,0,Units,2,Two
DATAFLOW,OECD.ELS.SAE:DSD_EARNINGS@MIN2AVE(1.0),Minimum relative to average wages of full-time workers,I,NLD,Netherlands,MR_WG_FT,Minimum relative to average wages of full-time workers,PT_WG_A_SAL_FT,Percentage of average wage of full-time employees,_Z,Not applicable,_Z,Not applicable,MEDIAN,Median,_Z,Not applicable,1965,,70.23991833,,_Z,,A,Normal value,0,Units,2,Two
DATAFLOW,OECD.ELS.SAE:DSD_EARNINGS@MIN2AVE(1.0),Minimum relative to average wages of full-time workers,I,NLD,Netherlands,MR_WG_FT,Minimum relative to average wages of full-time workers,PT_WG_A_SAL_FT,Percentage of average wage of full-time employees,_Z,Not applicable,_Z,Not applicable,MEDIAN,Median,_Z,Not applicable,1966,,68.3982684,,_Z,,A,Normal value,0,Units,2,Two
DATAFLOW,OECD.ELS.SAE:DSD_EARNINGS@MIN2AVE(1.0),Minimum relative to average wages of full-time workers,I,NLD,Netherlands,MR_WG_FT,Minimum relative to average wages of full-time workers,PT_WG_A_SAL_FT,Percentage of average wage of full-time employees,_Z,Not applicable,_Z,Not applicable,MEDIAN,Median,_Z,Not applicable,1967,,68.05912596,,_Z,,A,Normal value,0,Units,2,Two
DATAFLOW,OECD.ELS.SAE:DSD_EARNINGS@MIN2AVE(1.0),Minimum relative to average wages of full-time workers,I,NLD,Netherlands,MR_WG_FT,Minimum relative to average wages of full-time workers,PT_WG_A_SAL_FT,Percentage of average wage of full-time employees,_Z,Not applicable,_Z,Not applicable,MEDIAN,Median,_Z,Not applicable,1968,,66.38722555,,_Z,,A,Normal value,0,Units,2,Two
DATAFLOW,OECD.ELS.SAE:DSD_EARNINGS@MIN2AVE(1.0),Minimum relative to average wages of full-time workers,I,NLD,Netherlands,MR_WG_FT,Minimum relative to average wages of full-time workers,PT_WG_A_SAL_FT,Percentage of average wage of full-time employees,_Z,Not applicable,_Z,Not applicable,MEDIAN,Median,_Z,Not applicable,1969,,65.51724138,,_Z,,A,Normal value,0,Units,2,Two
DATAFLOW,OECD.ELS.SAE:DSD_EARNINGS@MIN2AVE(1.0),Minimum relative to average wages of full-time workers,I,NLD,Netherlands,MR_WG_FT,Minimum relative to average wages of full-time workers,PT_WG_A_SAL_FT,Percentage of average wage of full-time employees,_Z,Not applicable,_Z,Not applicable,MEDIAN,Median,_Z,Not applicable,1970,,61.93664272,,_Z,,A,Normal value,0,Units,2,Two
DATAFLOW,OECD.ELS.SAE:DSD_EARNINGS@MIN2AVE(1.0),Minimum relative to average wages of full-time workers,I,NLD,Netherlands,MR_WG_FT,Minimum relative to average wages of full-time workers,PT_WG_A_SAL_FT,Percentage of average wage of full-time employees,_Z,Not applicable,_Z,Not applicable,MEDIAN,Median,_Z,Not applicable,1971,,61.03877724,,_Z,,A,Normal value,0,Units,2,Two
DATAFLOW,OECD.ELS.SAE:DSD_EARNINGS@MIN2AVE(1.0),Minimum relative to average wages of full-time workers,I,NLD,Netherlands,MR_WG_FT,Minimum relative to average wages of full-time workers,PT_WG_A_SAL_FT,Percentage of average wage of full-time employees,_Z,Not applicable,_Z,Not applicable,MEDIAN,Median,_Z,Not applicable,1972,,62.70108978,,_Z,,A,Normal value,0,Units,2,Two
DATAFLOW,OECD.ELS.SAE:DSD_EARNINGS@MIN2AVE(1.0),Minimum relative to average wages of full-time workers,I,NLD,Netherlands,MR_WG_FT,Minimum relative to average wages of full-time workers,PT_WG_A_SAL_FT,Percentage of average wage of full-time employees,_Z,Not applicable,_Z,Not applicable,MEDIAN,Median,_Z,Not applicable,1973,,63.68324547,,_Z,,A,Normal value,0,Units,2,Two
DATAFLOW,OECD.ELS.SAE:DSD_EARNINGS@MIN2AVE(1.0),Minimum relative to average wages of full-time workers,I,NLD,Netherlands,MR_WG_FT,Minimum relative to average wages of full-time workers,PT_WG_A_SAL_FT,Percentage of average wage of full-time employees,_Z,Not applicable,_Z,Not applicable,MEDIAN,Median,_Z,Not applicable,1974,,64.58271605,,_Z,,A,Normal value,0,Units,2,Two
DATAFLOW,OECD.ELS.SAE:DSD_EARNINGS@MIN2AVE(1.0),Minimum relative to average wages of full-time workers,I,NLD,Netherlands,MR_WG_FT,Minimum relative to average wages of full-time workers,PT_WG_A_SAL_FT,Percentage of average wage of full-time employees,_Z,Not applicable,_Z,Not applicable,MEDIAN,Median,_Z,Not applicable,1975,,66.62284162,,_Z,,A,Normal value,0,Units,2,Two
DATAFLOW,OECD.ELS.SAE:DSD_EARNINGS@MIN2AVE(1.0),Minimum relative to average wages of full-time workers,I,NLD,Netherlands,MR_WG_FT,Minimum relative to average wages of full-time workers,PT_WG_A_SAL_FT,Percentage of average wage of full-time employees,_Z,Not applicable,_Z,Not applicable,MEDIAN,Median,_Z,Not applicable,1976,,68.82633665,,_Z,,A,Normal value,0,Units,2,Two
DATAFLOW,OECD.ELS.SAE:DSD_EARNINGS@MIN2AVE(1.0),Minimum relative to average wages of full-time workers,I,NLD,Netherlands,MR_WG_FT,Minimum relative to average wages of full-time workers,PT_WG_A_SAL_FT,Percentage of average wage of full-time employees,_Z,Not applicable,_Z,Not applicable,MEDIAN,Median,_Z,Not applicable,1977,,66.11546272,,_Z,,A,Normal value,0,Units,2,Two
DATAFLOW,OECD.ELS.SAE:DSD_EARNINGS@MIN2AVE(1.0),Minimum relative to average wages of full-time workers,I,NLD,Netherlands,MR_WG_FT,Minimum relative to average wages of full-time workers,PT_WG_A_SAL_FT,Percentage of average wage of full-time employees,_Z,Not applicable,_Z,Not applicable,MEDIAN,Median,_Z,Not applicable,1978,,67.50836006,,_Z,,A,Normal value,0,Units,2,Two
DATAFLOW,OECD.ELS.SAE:DSD_EARNINGS@MIN2AVE(1.0),Minimum relative to average wages of full-time workers,I,NLD,Netherlands,MR_WG_FT,Minimum relative to average wages of full-time workers,PT_WG_A_SAL_FT,Percentage of average wage of full-time employees,_Z,Not applicable,_Z,Not applicable,MEDIAN,Median,_Z,Not applicable,1979,,66.10495291,,_Z,,A,Normal value,0,Units,2,Two
DATAFLOW,OECD.ELS.SAE:DSD_EARNINGS@MIN2AVE(1.0),Minimum relative to average wages of full-time workers,I,NLD,Netherlands,MR_WG_FT,Minimum relative to average wages of full-time workers,PT_WG_A_SAL_FT,Percentage of average wage of full-time employees,_Z,Not applicable,_Z,Not applicable,MEDIAN,Median,_Z,Not applicable,1980,,66.05017396,,_Z,,A,Normal value,0,Units,2,Two
DATAFLOW,OECD.ELS.SAE:DSD_EARNINGS@MIN2AVE(1.0),Minimum relative to average wages of full-time workers,I,NLD,Netherlands,MR_WG_FT,Minimum relative to average wages of full-time workers,PT_WG_A_SAL_FT,Percentage of average wage of full-time employees,_Z,Not applicable,_Z,Not applicable,MEDIAN,Median,_Z,Not applicable,1981,,64.57126304,,_Z,,A,Normal value,0,Units,2,Two
DATAFLOW,OECD.ELS.SAE:DSD_EARNINGS@MIN2AVE(1.0),Minimum relative to average wages of full-time workers,I,NLD,Netherlands,MR_WG_FT,Minimum relative to average wages of full-time workers,PT_WG_A_SAL_FT,Percentage of average wage of full-time employees,_Z,Not applicable,_Z,Not applicable,MEDIAN,Median,_Z,Not applicable,1982,,63.73268134,,_Z,,A,Normal value,0,Units,2,Two
DATAFLOW,OECD.ELS.SAE:DSD_EARNINGS@MIN2AVE(1.0),Minimum relative to average wages of full-time workers,I,NLD,Netherlands,MR_WG_FT,Minimum relative to average wages of full-time workers,PT_WG_A_SAL_FT,Percentage of average wage of full-time employees,_Z,Not applicable,_Z,Not applicable,MEDIAN,Median,_Z,Not applicable,1983,,64.18517527,,_Z,,A,Normal value,0,Units,2,Two
DATAFLOW,OECD.ELS.SAE:DSD_EARNINGS@MIN2AVE(1.0),Minimum relative to average wages of full-time workers,I,NLD,Netherlands,MR_WG_FT,Minimum relative to average wages of full-time workers,PT_WG_A_SAL_FT,Percentage of average wage of full-time employees,_Z,Not applicable,_Z,Not applicable,MEDIAN,Median,_Z,Not applicable,1984,,61.68690028,,_Z,,A,Normal value,0,Units,2,Two
DATAFLOW,OECD.ELS.SAE:DSD_EARNINGS@MIN2AVE(1.0),Minimum relative to average wages of full-time workers,I,NLD,Netherlands,MR_WG_FT,Minimum relative to average wages of full-time workers,PT_WG_A_SAL_FT,Percentage of average wage of full-time employees,_Z,Not applicable,_Z,Not applicable,MEDIAN,Median,_Z,Not applicable,1985,,61.53683431,,_Z,,A,Normal value,0,Units,2,Two
DATAFLOW,OECD.ELS.SAE:DSD_EARNINGS@MIN2AVE(1.0),Minimum relative to average wages of full-time workers,I,NLD,Netherlands,MR_WG_FT,Minimum relative to average wages of full-time workers,PT_WG_A_SAL_FT,Percentage of average wage of full-time employees,_Z,Not applicable,_Z,Not applicable,MEDIAN,Median,_Z,Not applicable,1986,,60.50018198,,_Z,,A,Normal value,0,Units,2,Two
DATAFLOW,OECD.ELS.SAE:DSD_EARNINGS@MIN2AVE(1.0),Minimum relative to average wages of full-time workers,I,NLD,Netherlands,MR_WG_FT,Minimum relative to average wages of full-time workers,PT_WG_A_SAL_FT,Percentage of average wage of full-time employees,_Z,Not applicable,_Z,Not applicable,MEDIAN,Median,_Z,Not applicable,1987,,59.8195982,,_Z,,A,Normal value,0,Units,2,Two
DATAFLOW,OECD.ELS.SAE:DSD_EARNINGS@MIN2AVE(1.0),Minimum relative to average wages of full-time workers,I,NLD,Netherlands,MR_WG_FT,Minimum relative to average wages of full-time workers,PT_WG_A_SAL_FT,Percentage of average wage of full-time employees,_Z,Not applicable,_Z,Not applicable,MEDIAN,Median,_Z,Not applicable,1988,,59.07023749,,_Z,,A,Normal value,0,Units,2,Two
DATAFLOW,OECD.ELS.SAE:DSD_EARNINGS@MIN2AVE(1.0),Minimum relative to average wages of full-time workers,I,NLD,Netherlands,MR_WG_FT,Minimum relative to average wages of full-time workers,PT_WG_A_SAL_FT,Percentage of average wage of full-time employees,_Z,Not applicable,_Z,Not applicable,MEDIAN,Median,_Z,Not applicable,1989,,57.85123967,,_Z,,A,Normal value,0,Units,2,Two
DATAFLOW,OECD.ELS.SAE:DSD_EARNINGS@MIN2AVE(1.0),Minimum relative to average wages of full-time workers,I,NLD,Netherlands,MR_WG_FT,Minimum relative to average wages of full-time workers,PT_WG_A_SAL_FT,Percentage of average wage of full-time employees,_Z,Not applicable,_Z,Not applicable,MEDIAN,Median,_Z,Not applicable,1990,,56.4139043,,_Z,,A,Normal value,0,Units,2,Two
DATAFLOW,OECD.ELS.SAE:DSD_EARNINGS@MIN2AVE(1.0),Minimum relative to average wages of full-time workers,I,NLD,Netherlands,MR_WG_FT,Minimum relative to average wages of full-time workers,PT_WG_A_SAL_FT,Percentage of average wage of full-time employees,_Z,Not applicable,_Z,Not applicable,MEDIAN,Median,_Z,Not applicable,1991,,56.28041502,,_Z,,A,Normal value,0,Units,2,Two
DATAFLOW,OECD.ELS.SAE:DSD_EARNINGS@MIN2AVE(1.0),Minimum relative to average wages of full-time workers,I,NLD,Netherlands,MR_WG_FT,Minimum relative to average wages of full-time workers,PT_WG_A_SAL_FT,Percentage of average wage of full-time employees,_Z,Not applicable,_Z,Not applicable,MEDIAN,Median,_Z,Not applicable,1992,,55.51942345,,_Z,,A,Normal value,0,Units,2,Two
DATAFLOW,OECD.ELS.SAE:DSD_EARNINGS@MIN2AVE(1.0),Minimum relative to average wages of full-time workers,I,NLD,Netherlands,MR_WG_FT,Minimum relative to average wages of full-time workers,PT_WG_A_SAL_FT,Percentage of average wage of full-time employees,_Z,Not applicable,_Z,Not applicable,MEDIAN,Median,_Z,Not applicable,1993,,54.24502153,,_Z,,A,Normal value,0,Units,2,Two
DATAFLOW,OECD.ELS.SAE:DSD_EARNINGS@MIN2AVE(1.0),Minimum relative to average wages of full-time workers,I,NLD,Netherlands,MR_WG_FT,Minimum relative to average wages of full-time workers,PT_WG_A_SAL_FT,Percentage of average wage of full-time employees,_Z,Not applicable,_Z,Not applicable,MEDIAN,Median,_Z,Not applicable,1994,,53.29730183,,_Z,,A,Normal value,0,Units,2,Two
DATAFLOW,OECD.ELS.SAE:DSD_EARNINGS@MIN2AVE(1.0),Minimum relative to average wages of full-time workers,I,NLD,Netherlands,MR_WG_FT,Minimum relative to average wages of full-time workers,PT_WG_A_SAL_FT,Percentage of average wage of full-time employees,_Z,Not applicable,_Z,Not applicable,MEDIAN,Median,_Z,Not applicable,1995,,52.51857969,,_Z,,A,Normal value,0,Units,2,Two
DATAFLOW,OECD.ELS.SAE:DSD_EARNINGS@MIN2AVE(1.0),Minimum relative to average wages of full-time workers,I,NLD,Netherlands,MR_WG_FT,Minimum relative to average wages of full-time workers,PT_WG_A_SAL_FT,Percentage of average wage of full-time employees,_Z,Not applicable,_Z,Not applicable,MEDIAN,Median,_Z,Not applicable,1996,,52.45274118,,_Z,,A,Normal value,0,Units,2,Two
DATAFLOW,OECD.ELS.SAE:DSD_EARNINGS@MIN2AVE(1.0),Minimum relative to average wages of full-time workers,I,NLD,Netherlands,MR_WG_FT,Minimum relative to average wages of full-time workers,PT_WG_A_SAL_FT,Percentage of average wage of full-time employees,_Z,Not applicable,_Z,Not applicable,MEDIAN,Median,_Z,Not applicable,1997,,51.76678211,,_Z,,A,Normal value,0,Units,2,Two
DATAFLOW,OECD.ELS.SAE:DSD_EARNINGS@MIN2AVE(1.0),Minimum relative to average wages of full-time workers,I,NLD,Netherlands,MR_WG_FT,Minimum relative to average wages of full-time workers,PT_WG_A_SAL_FT,Percentage of average wage of full-time employees,_Z,Not applicable,_Z,Not applicable,MEDIAN,Median,_Z,Not applicable,1998,,54.56196482,,_Z,,A,Normal value,0,Units,2,Two
DATAFLOW,OECD.ELS.SAE:DSD_EARNINGS@MIN2AVE(1.0),Minimum relative to average wages of full-time workers,I,NLD,Netherlands,MR_WG_FT,Minimum relative to average wages of full-time workers,PT_WG_A_SAL_FT,Percentage of average wage of full-time employees,_Z,Not applicable,_Z,Not applicable,MEDIAN,Median,_Z,Not applicable,1999,,53.91561937,,_Z,,A,Normal value,0,Units,2,Two
DATAFLOW,OECD.ELS.SAE:DSD_EARNINGS@MIN2AVE(1.0),Minimum relative to average wages of full-time workers,I,NLD,Netherlands,MR_WG_FT,Minimum relative to average wages of full-time workers,PT_WG_A_SAL_FT,Percentage of average wage of full-time employees,_Z,Not applicable,_Z,Not applicable,MEDIAN,Median,_Z,Not applicable,2000,,52.85369989,,_Z,,A,Normal value,0,Units,2,Two
DATAFLOW,OECD.ELS.SAE:DSD_EARNINGS@MIN2AVE(1.0),Minimum relative to average wages of full-time workers,I,NLD,Netherlands,MR_WG_FT,Minimum relative to average wages of full-time workers,PT_WG_A_SAL_FT,Percentage of average wage of full-time employees,_Z,Not applicable,_Z,Not applicable,MEDIAN,Median,_Z,Not applicable,2001,,53.41431091,,_Z,,A,Normal value,0,Units,2,Two
DATAFLOW,OECD.ELS.SAE:DSD_EARNINGS@MIN2AVE(1.0),Minimum relative to average wages of full-time workers,I,NLD,Netherlands,MR_WG_FT,Minimum relative to average wages of full-time workers,PT_WG_A_SAL_FT,Percentage of average wage of full-time employees,_Z,Not applicable,_Z,Not applicable,MEDIAN,Median,_Z,Not applicable,2002,,47.66761209,,_Z,,A,Normal value,0,Units,2,Two
DATAFLOW,OECD.ELS.SAE:DSD_EARNINGS@MIN2AVE(1.0),Minimum relative to average wages of full-time workers,I,NLD,Netherlands,MR_WG_FT,Minimum relative to average wages of full-time workers,PT_WG_A_SAL_FT,Percentage of average wage of full-time employees,_Z,Not applicable,_Z,Not applicable,MEDIAN,Median,_Z,Not applicable,2003,,47.5402899,,_Z,,A,Normal value,0,Units,2,Two
DATAFLOW,OECD.ELS.SAE:DSD_EARNINGS@MIN2AVE(1.0),Minimum relative to average wages of full-time workers,I,NLD,Netherlands,MR_WG_FT,Minimum relative to average wages of full-time workers,PT_WG_A_SAL_FT,Percentage of average wage of full-time employees,_Z,Not applicable,_Z,Not applicable,MEDIAN,Median,_Z,Not applicable,2004,,46.76779103,,_Z,,A,Normal value,0,Units,2,Two
DATAFLOW,OECD.ELS.SAE:DSD_EARNINGS@MIN2AVE(1.0),Minimum relative to average wages of full-time workers,I,NLD,Netherlands,MR_WG_FT,Minimum relative to average wages of full-time workers,PT_WG_A_SAL_FT,Percentage of average wage of full-time employees,_Z,Not applicable,_Z,Not applicable,MEDIAN,Median,_Z,Not applicable,2005,,45.8412099,,_Z,,A,Normal value,0,Units,2,Two
DATAFLOW,OECD.ELS.SAE:DSD_EARNINGS@MIN2AVE(1.0),Minimum relative to average wages of full-time workers,I,NLD,Netherlands,MR_WG_FT,Minimum relative to average wages of full-time workers,PT_WG_A_SAL_FT,Percentage of average wage of full-time employees,_Z,Not applicable,_Z,Not applicable,MEDIAN,Median,_Z,Not applicable,2006,,49.25550569,,_Z,,A,Normal value,0,Units,2,Two
DATAFLOW,OECD.ELS.SAE:DSD_EARNINGS@MIN2AVE(1.0),Minimum relative to average wages of full-time workers,I,NLD,Netherlands,MR_WG_FT,Minimum relative to average wages of full-time workers,PT_WG_A_SAL_FT,Percentage of average wage of full-time employees,_Z,Not applicable,_Z,Not applicable,MEDIAN,Median,_Z,Not applicable,2007,,48.73255614,,_Z,,A,Normal value,0,Units,2,Two
DATAFLOW,OECD.ELS.SAE:DSD_EARNINGS@MIN2AVE(1.0),Minimum relative to average wages of full-time workers,I,NLD,Netherlands,MR_WG_FT,Minimum relative to average wages of full-time workers,PT_WG_A_SAL_FT,Percentage of average wage of full-time employees,_Z,Not applicable,_Z,Not applicable,MEDIAN,Median,_Z,Not applicable,2008,,48.75909777,,_Z,,A,Normal value,0,Units,2,Two
DATAFLOW,OECD.ELS.SAE:DSD_EARNINGS@MIN2AVE(1.0),Minimum relative to average wages of full-time workers,I,NLD,Netherlands,MR_WG_FT,Minimum relative to average wages of full-time workers,PT_WG_A_SAL_FT,Percentage of average wage of full-time employees,_Z,Not applicable,_Z,Not applicable,MEDIAN,Median,_Z,Not applicable,2009,,49.01811855,,_Z,,A,Normal value,0,Units,2,Two
DATAFLOW,OECD.ELS.SAE:DSD_EARNINGS@MIN2AVE(1.0),Minimum relative to average wages of full-time workers,I,NLD,Netherlands,MR_WG_FT,Minimum relative to average wages of full-time workers,PT_WG_A_SAL_FT,Percentage of average wage of full-time employees,_Z,Not applicable,_Z,Not applicable,MEDIAN,Median,_Z,Not applicable,2010,,47.33410943,,_Z,,A,Normal value,0,Units,2,Two
DATAFLOW,OECD.ELS.SAE:DSD_EARNINGS@MIN2AVE(1.0),Minimum relative to average wages of full-time workers,I,NLD,Netherlands,MR_WG_FT,Minimum relative to average wages of full-time workers,PT_WG_A_SAL_FT,Percentage of average wage of full-time employees,_Z,Not applicable,_Z,Not applicable,MEDIAN,Median,_Z,Not applicable,2011,,46.97324139,,_Z,,A,Normal value,0,Units,2,Two
DATAFLOW,OECD.ELS.SAE:DSD_EARNINGS@MIN2AVE(1.0),Minimum relative to average wages of full-time workers,I,NLD,Netherlands,MR_WG_FT,Minimum relative to average wages of full-time workers,PT_WG_A_SAL_FT,Percentage of average wage of full-time employees,_Z,Not applicable,_Z,Not applicable,MEDIAN,Median,_Z,Not applicable,2012,,46.9569352,,_Z,,A,Normal value,0,Units,2,Two
DATAFLOW,OECD.ELS.SAE:DSD_EARNINGS@MIN2AVE(1.0),Minimum relative to average wages of full-time workers,I,NLD,Netherlands,MR_WG_FT,Minimum relative to average wages of full-time workers,PT_WG_A_SAL_FT,Percentage of average wage of full-time employees,_Z,Not applicable,_Z,Not applicable,MEDIAN,Median,_Z,Not applicable,2013,,46.6039924,,_Z,,A,Normal value,0,Units,2,Two
DATAFLOW,OECD.ELS.SAE:DSD_EARNINGS@MIN2AVE(1.0),Minimum relative to average wages of full-time workers,I,NLD,Netherlands,MR_WG_FT,Minimum relative to average wages of full-time workers,PT_WG_A_SAL_FT,Percentage of average wage of full-time employees,_Z,Not applicable,_Z,Not applicable,MEDIAN,Median,_Z,Not applicable,2014,,46.89715451,,_Z,,A,Normal value,0,Units,2,Two
DATAFLOW,OECD.ELS.SAE:DSD_EARNINGS@MIN2AVE(1.0),Minimum relative to average wages of full-time workers,I,NLD,Netherlands,MR_WG_FT,Minimum relative to average wages of full-time workers,PT_WG_A_SAL_FT,Percentage of average wage of full-time employees,_Z,Not applicable,_Z,Not applicable,MEDIAN,Median,_Z,Not applicable,2015,,46.61867953,,_Z,,A,Normal value,0,Units,2,Two
DATAFLOW,OECD.ELS.SAE:DSD_EARNINGS@MIN2AVE(1.0),Minimum relative to average wages of full-time workers,I,NLD,Netherlands,MR_WG_FT,Minimum relative to average wages of full-time workers,PT_WG_A_SAL_FT,Percentage of average wage of full-time employees,_Z,Not applicable,_Z,Not applicable,MEDIAN,Median,_Z,Not applicable,2016,,46.95014352,,_Z,,A,Normal value,0,Units,2,Two
DATAFLOW,OECD.ELS.SAE:DSD_EARNINGS@MIN2AVE(1.0),Minimum relative to average wages of full-time workers,I,NLD,Netherlands,MR_WG_FT,Minimum relative to average wages of full-time workers,PT_WG_A_SAL_FT,Percentage of average wage of full-time employees,_Z,Not applicable,_Z,Not applicable,MEDIAN,Median,_Z,Not applicable,2017,,47.318344,,_Z,,A,Normal value,0,Units,2,Two
DATAFLOW,OECD.ELS.SAE:DSD_EARNINGS@MIN2AVE(1.0),Minimum relative to average wages of full-time workers,I,NLD,Netherlands,MR_WG_FT,Minimum relative to average wages of full-time workers,PT_WG_A_SAL_FT,Percentage of average wage of full-time employees,_Z,Not applicable,_Z,Not applicable,MEDIAN,Median,_Z,Not applicable,2018,,47.12517194,,_Z,,A,Normal value,0,Units,2,Two
DATAFLOW,OECD.ELS.SAE:DSD_EARNINGS@MIN2AVE(1.0),Minimum relative to average wages of full-time workers,I,NLD,Netherlands,MR_WG_FT,Minimum relative to average wages of full-time workers,PT_WG_A_SAL_FT,Percentage of average wage of full-time employees,_Z,Not applicable,_Z,Not applicable,MEDIAN,Median,_Z,Not applicable,2019,,47.18023057,,_Z,,A,Normal value,0,Units,2,Two
DATAFLOW,OECD.ELS.SAE:DSD_EARNINGS@MIN2AVE(1.0),Minimum relative to average wages of full-time workers,I,NLD,Netherlands,MR_WG_FT,Minimum relative to average wages of full-time workers,PT_WG_A_SAL_FT,Percentage of average wage of full-time employees,_Z,Not applicable,_Z,Not applicable,MEDIAN,Median,_Z,Not applicable,2020,,46.62261682,,_Z,,A,Normal value,0,Units,2,Two
DATAFLOW,OECD.ELS.SAE:DSD_EARNINGS@MIN2AVE(1.0),Minimum relative to average wages of full-time workers,I,NLD,Netherlands,MR_WG_FT,Minimum relative to average wages of full-time workers,PT_WG_A_SAL_FT,Percentage of average wage of full-time employees,_Z,Not applicable,_Z,Not applicable,MEDIAN,Median,_Z,Not applicable,2021,,46.40805216,,_Z,,A,Normal value,0,Units,2,Two
DATAFLOW,OECD.ELS.SAE:DSD_EARNINGS@MIN2AVE(1.0),Minimum relative to average wages of full-time workers,I,NLD,Netherlands,MR_WG_FT,Minimum relative to average wages of full-time workers,PT_WG_A_SAL_FT,Percentage of average wage of full-time employees,_Z,Not applicable,_Z,Not applicable,MEDIAN,Median,_Z,Not applicable,2022,,44.77037272,,_Z,,A,Normal value,0,Units,2,Two
DATAFLOW,OECD.ELS.SAE:DSD_EARNINGS@MIN2AVE(1.0),Minimum relative to average wages of full-time workers,I,NLD,Netherlands,MR_WG_FT,Minimum relative to average wages of full-time workers,PT_WG_A_SAL_FT,Percentage of average wage of full-time employees,_Z,Not applicable,_Z,Not applicable,MEDIAN,Median,_Z,Not applicable,2023,,47.4728486,,_Z,,A,Normal value,0,Units,2,Two
DATAFLOW,OECD.ELS.SAE:DSD_EARNINGS@MIN2AVE(1.0),Minimum relative to average wages of full-time workers,I,NLD,Netherlands,MR_WG_FT,Minimum relative to average wages of full-time workers,PT_WG_A_SAL_FT,Percentage of average wage of full-time employees,_Z,Not applicable,_Z,Not applicable,MEDIAN,Median,_Z,Not applicable,2024,,48.28572757,,_Z,,A,Normal value,0,Units,2,Two
DATAFLOW,OECD.ELS.SAE:DSD_EARNINGS@MIN2AVE(1.0),Minimum relative to average wages of full-time workers,I,POL,Poland,MR_WG_FT,Minimum relative to average wages of full-time workers,PT_WG_A_SAL_FT,Percentage of average wage of full-time employees,_Z,Not applicable,_Z,Not applicable,MEDIAN,Median,_Z,Not applicable,1989,,9.701492537,,_Z,,A,Normal value,0,Units,2,Two
DATAFLOW,OECD.ELS.SAE:DSD_EARNINGS@MIN2AVE(1.0),Minimum relative to average wages of full-time workers,I,POL,Poland,MR_WG_FT,Minimum relative to average wages of full-time workers,PT_WG_A_SAL_FT,Percentage of average wage of full-time employees,_Z,Not applicable,_Z,Not applicable,MEDIAN,Median,_Z,Not applicable,1990,,16.74107143,,_Z,,A,Normal value,0,Units,2,Two
DATAFLOW,OECD.ELS.SAE:DSD_EARNINGS@MIN2AVE(1.0),Minimum relative to average wages of full-time workers,I,POL,Poland,MR_WG_FT,Minimum relative to average wages of full-time workers,PT_WG_A_SAL_FT,Percentage of average wage of full-time employees,_Z,Not applicable,_Z,Not applicable,MEDIAN,Median,_Z,Not applicable,1991,,39.97469956,,_Z,,A,Normal value,0,Units,2,Two
DATAFLOW,OECD.ELS.SAE:DSD_EARNINGS@MIN2AVE(1.0),Minimum relative to average wages of full-time workers,I,POL,Poland,MR_WG_FT,Minimum relative to average wages of full-time workers,PT_WG_A_SAL_FT,Percentage of average wage of full-time employees,_Z,Not applicable,_Z,Not applicable,MEDIAN,Median,_Z,Not applicable,1992,,47.25554344,,_Z,,A,Normal value,0,Units,2,Two
DATAFLOW,OECD.ELS.SAE:DSD_EARNINGS@MIN2AVE(1.0),Minimum relative to average wages of full-time workers,I,POL,Poland,MR_WG_FT,Minimum relative to average wages of full-time workers,PT_WG_A_SAL_FT,Percentage of average wage of full-time employees,_Z,Not applicable,_Z,Not applicable,MEDIAN,Median,_Z,Not applicable,1993,,46.47887324,,_Z,,A,Normal value,0,Units,2,Two
DATAFLOW,OECD.ELS.SAE:DSD_EARNINGS@MIN2AVE(1.0),Minimum relative to average wages of full-time workers,I,POL,Poland,MR_WG_FT,Minimum relative to average wages of full-time workers,PT_WG_A_SAL_FT,Percentage of average wage of full-time employees,_Z,Not applicable,_Z,Not applicable,MEDIAN,Median,_Z,Not applicable,1994,,46.7886006,,_Z,,A,Normal value,0,Units,2,Two
DATAFLOW,OECD.ELS.SAE:DSD_EARNINGS@MIN2AVE(1.0),Minimum relative to average wages of full-time workers,I,POL,Poland,MR_WG_FT,Minimum relative to average wages of full-time workers,PT_WG_A_SAL_FT,Percentage of average wage of full-time employees,_Z,Not applicable,_Z,Not applicable,MEDIAN,Median,_Z,Not applicable,1995,,47.81354339,,_Z,,A,Normal value,0,Units,2,Two
DATAFLOW,OECD.ELS.SAE:DSD_EARNINGS@MIN2AVE(1.0),Minimum relative to average wages of full-time workers,I,POL,Poland,MR_WG_FT,Minimum relative to average wages of full-time workers,PT_WG_A_SAL_FT,Percentage of average wage of full-time employees,_Z,Not applicable,_Z,Not applicable,MEDIAN,Median,_Z,Not applicable,1996,,47.56701163,,_Z,,A,Normal value,0,Units,2,Two
DATAFLOW,OECD.ELS.SAE:DSD_EARNINGS@MIN2AVE(1.0),Minimum relative to average wages of full-time workers,I,POL,Poland,MR_WG_FT,Minimum relative to average wages of full-time workers,PT_WG_A_SAL_FT,Percentage of average wage of full-time employees,_Z,Not applicable,_Z,Not applicable,MEDIAN,Median,_Z,Not applicable,1997,,47.64728305,,_Z,,A,Normal value,0,Units,2,Two
DATAFLOW,OECD.ELS.SAE:DSD_EARNINGS@MIN2AVE(1.0),Minimum relative to average wages of full-time workers,I,POL,Poland,MR_WG_FT,Minimum relative to average wages of full-time workers,PT_WG_A_SAL_FT,Percentage of average wage of full-time employees,_Z,Not applicable,_Z,Not applicable,MEDIAN,Median,_Z,Not applicable,1998,,45.38934984,,_Z,,A,Normal value,0,Units,2,Two
DATAFLOW,OECD.ELS.SAE:DSD_EARNINGS@MIN2AVE(1.0),Minimum relative to average wages of full-time workers,I,POL,Poland,MR_WG_FT,Minimum relative to average wages of full-time workers,PT_WG_A_SAL_FT,Percentage of average wage of full-time employees,_Z,Not applicable,_Z,Not applicable,MEDIAN,Median,_Z,Not applicable,1999,,35.50057151,,_Z,,A,Normal value,0,Units,2,Two
DATAFLOW,OECD.ELS.SAE:DSD_EARNINGS@MIN2AVE(1.0),Minimum relative to average wages of full-time workers,I,POL,Poland,MR_WG_FT,Minimum relative to average wages of full-time workers,PT_WG_A_SAL_FT,Percentage of average wage of full-time employees,_Z,Not applicable,_Z,Not applicable,MEDIAN,Median,_Z,Not applicable,2000,,39.64497041,,_Z,,A,Normal value,0,Units,2,Two
DATAFLOW,OECD.ELS.SAE:DSD_EARNINGS@MIN2AVE(1.0),Minimum relative to average wages of full-time workers,I,POL,Poland,MR_WG_FT,Minimum relative to average wages of full-time workers,PT_WG_A_SAL_FT,Percentage of average wage of full-time employees,_Z,Not applicable,_Z,Not applicable,MEDIAN,Median,_Z,Not applicable,2001,,41.62285314,,_Z,,A,Normal value,0,Units,2,Two
DATAFLOW,OECD.ELS.SAE:DSD_EARNINGS@MIN2AVE(1.0),Minimum relative to average wages of full-time workers,I,POL,Poland,MR_WG_FT,Minimum relative to average wages of full-time workers,PT_WG_A_SAL_FT,Percentage of average wage of full-time employees,_Z,Not applicable,_Z,Not applicable,MEDIAN,Median,_Z,Not applicable,2002,,41.74149929,,_Z,,A,Normal value,0,Units,2,Two
DATAFLOW,OECD.ELS.SAE:DSD_EARNINGS@MIN2AVE(1.0),Minimum relative to average wages of full-time workers,I,POL,Poland,MR_WG_FT,Minimum relative to average wages of full-time workers,PT_WG_A_SAL_FT,Percentage of average wage of full-time employees,_Z,Not applicable,_Z,Not applicable,MEDIAN,Median,_Z,Not applicable,2003,,43.10344828,,_Z,,A,Normal value,0,Units,2,Two
DATAFLOW,OECD.ELS.SAE:DSD_EARNINGS@MIN2AVE(1.0),Minimum relative to average wages of full-time workers,I,POL,Poland,MR_WG_FT,Minimum relative to average wages of full-time workers,PT_WG_A_SAL_FT,Percentage of average wage of full-time employees,_Z,Not applicable,_Z,Not applicable,MEDIAN,Median,_Z,Not applicable,2004,,43.19541206,,_Z,,A,Normal value,0,Units,2,Two
DATAFLOW,OECD.ELS.SAE:DSD_EARNINGS@MIN2AVE(1.0),Minimum relative to average wages of full-time workers,I,POL,Poland,MR_WG_FT,Minimum relative to average wages of full-time workers,PT_WG_A_SAL_FT,Percentage of average wage of full-time employees,_Z,Not applicable,_Z,Not applicable,MEDIAN,Median,_Z,Not applicable,2005,,42.13399504,,_Z,,A,Normal value,0,Units,2,Two
DATAFLOW,OECD.ELS.SAE:DSD_EARNINGS@MIN2AVE(1.0),Minimum relative to average wages of full-time workers,I,POL,Poland,MR_WG_FT,Minimum relative to average wages of full-time workers,PT_WG_A_SAL_FT,Percentage of average wage of full-time employees,_Z,Not applicable,_Z,Not applicable,MEDIAN,Median,_Z,Not applicable,2006,,42.19805391,,_Z,,A,Normal value,0,Units,2,Two
DATAFLOW,OECD.ELS.SAE:DSD_EARNINGS@MIN2AVE(1.0),Minimum relative to average wages of full-time workers,I,POL,Poland,MR_WG_FT,Minimum relative to average wages of full-time workers,PT_WG_A_SAL_FT,Percentage of average wage of full-time employees,_Z,Not applicable,_Z,Not applicable,MEDIAN,Median,_Z,Not applicable,2007,,39.61066441,,_Z,,A,Normal value,0,Units,2,Two
DATAFLOW,OECD.ELS.SAE:DSD_EARNINGS@MIN2AVE(1.0),Minimum relative to average wages of full-time workers,I,POL,Poland,MR_WG_FT,Minimum relative to average wages of full-time workers,PT_WG_A_SAL_FT,Percentage of average wage of full-time employees,_Z,Not applicable,_Z,Not applicable,MEDIAN,Median,_Z,Not applicable,2008,,42.659433,,_Z,,A,Normal value,0,Units,2,Two
DATAFLOW,OECD.ELS.SAE:DSD_EARNINGS@MIN2AVE(1.0),Minimum relative to average wages of full-time workers,I,POL,Poland,MR_WG_FT,Minimum relative to average wages of full-time workers,PT_WG_A_SAL_FT,Percentage of average wage of full-time employees,_Z,Not applicable,_Z,Not applicable,MEDIAN,Median,_Z,Not applicable,2009,,45.8639324,,_Z,,A,Normal value,0,Units,2,Two
DATAFLOW,OECD.ELS.SAE:DSD_EARNINGS@MIN2AVE(1.0),Minimum relative to average wages of full-time workers,I,POL,Poland,MR_WG_FT,Minimum relative to average wages of full-time workers,PT_WG_A_SAL_FT,Percentage of average wage of full-time employees,_Z,Not applicable,_Z,Not applicable,MEDIAN,Median,_Z,Not applicable,2010,,45.30786644,,_Z,,A,Normal value,0,Units,2,Two
DATAFLOW,OECD.ELS.SAE:DSD_EARNINGS@MIN2AVE(1.0),Minimum relative to average wages of full-time workers,I,POL,Poland,MR_WG_FT,Minimum relative to average wages of full-time workers,PT_WG_A_SAL_FT,Percentage of average wage of full-time employees,_Z,Not applicable,_Z,Not applicable,MEDIAN,Median,_Z,Not applicable,2011,,45.23353113,,_Z,,A,Normal value,0,Units,2,Two
DATAFLOW,OECD.ELS.SAE:DSD_EARNINGS@MIN2AVE(1.0),Minimum relative to average wages of full-time workers,I,POL,Poland,MR_WG_FT,Minimum relative to average wages of full-time workers,PT_WG_A_SAL_FT,Percentage of average wage of full-time employees,_Z,Not applicable,_Z,Not applicable,MEDIAN,Median,_Z,Not applicable,2012,,48.15239269,,_Z,,A,Normal value,0,Units,2,Two
DATAFLOW,OECD.ELS.SAE:DSD_EARNINGS@MIN2AVE(1.0),Minimum relative to average wages of full-time workers,I,POL,Poland,MR_WG_FT,Minimum relative to average wages of full-time workers,PT_WG_A_SAL_FT,Percentage of average wage of full-time employees,_Z,Not applicable,_Z,Not applicable,MEDIAN,Median,_Z,Not applicable,2013,,49.55588654,,_Z,,A,Normal value,0,Units,2,Two
DATAFLOW,OECD.ELS.SAE:DSD_EARNINGS@MIN2AVE(1.0),Minimum relative to average wages of full-time workers,I,POL,Poland,MR_WG_FT,Minimum relative to average wages of full-time workers,PT_WG_A_SAL_FT,Percentage of average wage of full-time employees,_Z,Not applicable,_Z,Not applicable,MEDIAN,Median,_Z,Not applicable,2014,,51.03962863,,_Z,,A,Normal value,0,Units,2,Two
DATAFLOW,OECD.ELS.SAE:DSD_EARNINGS@MIN2AVE(1.0),Minimum relative to average wages of full-time workers,I,POL,Poland,MR_WG_FT,Minimum relative to average wages of full-time workers,PT_WG_A_SAL_FT,Percentage of average wage of full-time employees,_Z,Not applicable,_Z,Not applicable,MEDIAN,Median,_Z,Not applicable,2015,,51.28484869,,_Z,,A,Normal value,0,Units,2,Two
DATAFLOW,OECD.ELS.SAE:DSD_EARNINGS@MIN2AVE(1.0),Minimum relative to average wages of full-time workers,I,POL,Poland,MR_WG_FT,Minimum relative to average wages of full-time workers,PT_WG_A_SAL_FT,Percentage of average wage of full-time employees,_Z,Not applicable,_Z,Not applicable,MEDIAN,Median,_Z,Not applicable,2016,,52.69649383,,_Z,,A,Normal value,0,Units,2,Two
DATAFLOW,OECD.ELS.SAE:DSD_EARNINGS@MIN2AVE(1.0),Minimum relative to average wages of full-time workers,I,POL,Poland,MR_WG_FT,Minimum relative to average wages of full-time workers,PT_WG_A_SAL_FT,Percentage of average wage of full-time employees,_Z,Not applicable,_Z,Not applicable,MEDIAN,Median,_Z,Not applicable,2017,,53.98263142,,_Z,,A,Normal value,0,Units,2,Two
DATAFLOW,OECD.ELS.SAE:DSD_EARNINGS@MIN2AVE(1.0),Minimum relative to average wages of full-time workers,I,POL,Poland,MR_WG_FT,Minimum relative to average wages of full-time workers,PT_WG_A_SAL_FT,Percentage of average wage of full-time employees,_Z,Not applicable,_Z,Not applicable,MEDIAN,Median,_Z,Not applicable,2018,,51.28230175,,_Z,,A,Normal value,0,Units,2,Two
DATAFLOW,OECD.ELS.SAE:DSD_EARNINGS@MIN2AVE(1.0),Minimum relative to average wages of full-time workers,I,POL,Poland,MR_WG_FT,Minimum relative to average wages of full-time workers,PT_WG_A_SAL_FT,Percentage of average wage of full-time employees,_Z,Not applicable,_Z,Not applicable,MEDIAN,Median,_Z,Not applicable,2019,,51.1498486,,_Z,,A,Normal value,0,Units,2,Two
DATAFLOW,OECD.ELS.SAE:DSD_EARNINGS@MIN2AVE(1.0),Minimum relative to average wages of full-time workers,I,POL,Poland,MR_WG_FT,Minimum relative to average wages of full-time workers,PT_WG_A_SAL_FT,Percentage of average wage of full-time employees,_Z,Not applicable,_Z,Not applicable,MEDIAN,Median,_Z,Not applicable,2020,,55.2873881,,_Z,,A,Normal value,0,Units,2,Two
DATAFLOW,OECD.ELS.SAE:DSD_EARNINGS@MIN2AVE(1.0),Minimum relative to average wages of full-time workers,I,POL,Poland,MR_WG_FT,Minimum relative to average wages of full-time workers,PT_WG_A_SAL_FT,Percentage of average wage of full-time employees,_Z,Not applicable,_Z,Not applicable,MEDIAN,Median,_Z,Not applicable,2021,,53.82379627,,_Z,,A,Normal value,0,Units,2,Two
DATAFLOW,OECD.ELS.SAE:DSD_EARNINGS@MIN2AVE(1.0),Minimum relative to average wages of full-time workers,I,POL,Poland,MR_WG_FT,Minimum relative to average wages of full-time workers,PT_WG_A_SAL_FT,Percentage of average wage of full-time employees,_Z,Not applicable,_Z,Not applicable,MEDIAN,Median,_Z,Not applicable,2022,,52.7920135,,_Z,,A,Normal value,0,Units,2,Two
DATAFLOW,OECD.ELS.SAE:DSD_EARNINGS@MIN2AVE(1.0),Minimum relative to average wages of full-time workers,I,POL,Poland,MR_WG_FT,Minimum relative to average wages of full-time workers,PT_WG_A_SAL_FT,Percentage of average wage of full-time employees,_Z,Not applicable,_Z,Not applicable,MEDIAN,Median,_Z,Not applicable,2023,,54.04072468,,_Z,,A,Normal value,0,Units,2,Two
DATAFLOW,OECD.ELS.SAE:DSD_EARNINGS@MIN2AVE(1.0),Minimum relative to average wages of full-time workers,I,POL,Poland,MR_WG_FT,Minimum relative to average wages of full-time workers,PT_WG_A_SAL_FT,Percentage of average wage of full-time employees,_Z,Not applicable,_Z,Not applicable,MEDIAN,Median,_Z,Not applicable,2024,,59.13338834,,_Z,,A,Normal value,0,Units,2,Two
DATAFLOW,OECD.ELS.SAE:DSD_EARNINGS@MIN2AVE(1.0),Minimum relative to average wages of full-time workers,I,PRT,Portugal,MR_WG_FT,Minimum relative to average wages of full-time workers,PT_WG_A_SAL_FT,Percentage of average wage of full-time employees,_Z,Not applicable,_Z,Not applicable,MEDIAN,Median,_Z,Not applicable,1975,,69.98918919,,_Z,,A,Normal value,0,Units,2,Two
DATAFLOW,OECD.ELS.SAE:DSD_EARNINGS@MIN2AVE(1.0),Minimum relative to average wages of full-time workers,I,PRT,Portugal,MR_WG_FT,Minimum relative to average wages of full-time workers,PT_WG_A_SAL_FT,Percentage of average wage of full-time employees,_Z,Not applicable,_Z,Not applicable,MEDIAN,Median,_Z,Not applicable,1976,,60.59219089,,_Z,,A,Normal value,0,Units,2,Two
DATAFLOW,OECD.ELS.SAE:DSD_EARNINGS@MIN2AVE(1.0),Minimum relative to average wages of full-time workers,I,PRT,Portugal,MR_WG_FT,Minimum relative to average wages of full-time workers,PT_WG_A_SAL_FT,Percentage of average wage of full-time employees,_Z,Not applicable,_Z,Not applicable,MEDIAN,Median,_Z,Not applicable,1977,,57.76470588,,_Z,,A,Normal value,0,Units,2,Two
DATAFLOW,OECD.ELS.SAE:DSD_EARNINGS@MIN2AVE(1.0),Minimum relative to average wages of full-time workers,I,PRT,Portugal,MR_WG_FT,Minimum relative to average wages of full-time workers,PT_WG_A_SAL_FT,Percentage of average wage of full-time employees,_Z,Not applicable,_Z,Not applicable,MEDIAN,Median,_Z,Not applicable,1978,,58.46356589,,_Z,,A,Normal value,0,Units,2,Two
DATAFLOW,OECD.ELS.SAE:DSD_EARNINGS@MIN2AVE(1.0),Minimum relative to average wages of full-time workers,I,PRT,Portugal,MR_WG_FT,Minimum relative to average wages of full-time workers,PT_WG_A_SAL_FT,Percentage of average wage of full-time employees,_Z,Not applicable,_Z,Not applicable,MEDIAN,Median,_Z,Not applicable,1979,,58.19241192,,_Z,,A,Normal value,0,Units,2,Two
DATAFLOW,OECD.ELS.SAE:DSD_EARNINGS@MIN2AVE(1.0),Minimum relative to average wages of full-time workers,I,PRT,Portugal,MR_WG_FT,Minimum relative to average wages of full-time workers,PT_WG_A_SAL_FT,Percentage of average wage of full-time employees,_Z,Not applicable,_Z,Not applicable,MEDIAN,Median,_Z,Not applicable,1980,,59.83895539,,_Z,,A,Normal value,0,Units,2,Two
DATAFLOW,OECD.ELS.SAE:DSD_EARNINGS@MIN2AVE(1.0),Minimum relative to average wages of full-time workers,I,PRT,Portugal,MR_WG_FT,Minimum relative to average wages of full-time workers,PT_WG_A_SAL_FT,Percentage of average wage of full-time employees,_Z,Not applicable,_Z,Not applicable,MEDIAN,Median,_Z,Not applicable,1981,,59.08078995,,_Z,,A,Normal value,0,Units,2,Two
DATAFLOW,OECD.ELS.SAE:DSD_EARNINGS@MIN2AVE(1.0),Minimum relative to average wages of full-time workers,I,PRT,Portugal,MR_WG_FT,Minimum relative to average wages of full-time workers,PT_WG_A_SAL_FT,Percentage of average wage of full-time employees,_Z,Not applicable,_Z,Not applicable,MEDIAN,Median,_Z,Not applicable,1982,,56.34992459,,_Z,,A,Normal value,0,Units,2,Two
DATAFLOW,OECD.ELS.SAE:DSD_EARNINGS@MIN2AVE(1.0),Minimum relative to average wages of full-time workers,I,PRT,Portugal,MR_WG_FT,Minimum relative to average wages of full-time workers,PT_WG_A_SAL_FT,Percentage of average wage of full-time employees,_Z,Not applicable,_Z,Not applicable,MEDIAN,Median,_Z,Not applicable,1983,,57.60215736,,_Z,,A,Normal value,0,Units,2,Two
DATAFLOW,OECD.ELS.SAE:DSD_EARNINGS@MIN2AVE(1.0),Minimum relative to average wages of full-time workers,I,PRT,Portugal,MR_WG_FT,Minimum relative to average wages of full-time workers,PT_WG_A_SAL_FT,Percentage of average wage of full-time employees,_Z,Not applicable,_Z,Not applicable,MEDIAN,Median,_Z,Not applicable,1984,,59.04444444,,_Z,,A,Normal value,0,Units,2,Two
DATAFLOW,OECD.ELS.SAE:DSD_EARNINGS@MIN2AVE(1.0),Minimum relative to average wages of full-time workers,I,PRT,Portugal,MR_WG_FT,Minimum relative to average wages of full-time workers,PT_WG_A_SAL_FT,Percentage of average wage of full-time employees,_Z,Not applicable,_Z,Not applicable,MEDIAN,Median,_Z,Not applicable,1985,,59.3523683,,_Z,,A,Normal value,0,Units,2,Two
DATAFLOW,OECD.ELS.SAE:DSD_EARNINGS@MIN2AVE(1.0),Minimum relative to average wages of full-time workers,I,PRT,Portugal,MR_WG_FT,Minimum relative to average wages of full-time workers,PT_WG_A_SAL_FT,Percentage of average wage of full-time employees,_Z,Not applicable,_Z,Not applicable,MEDIAN,Median,_Z,Not applicable,1986,,58.84681648,,_Z,,A,Normal value,0,Units,2,Two
DATAFLOW,OECD.ELS.SAE:DSD_EARNINGS@MIN2AVE(1.0),Minimum relative to average wages of full-time workers,I,PRT,Portugal,MR_WG_FT,Minimum relative to average wages of full-time workers,PT_WG_A_SAL_FT,Percentage of average wage of full-time employees,_Z,Not applicable,_Z,Not applicable,MEDIAN,Median,_Z,Not applicable,1987,,57.45217107,,_Z,,A,Normal value,0,Units,2,Two
DATAFLOW,OECD.ELS.SAE:DSD_EARNINGS@MIN2AVE(1.0),Minimum relative to average wages of full-time workers,I,PRT,Portugal,MR_WG_FT,Minimum relative to average wages of full-time workers,PT_WG_A_SAL_FT,Percentage of average wage of full-time employees,_Z,Not applicable,_Z,Not applicable,MEDIAN,Median,_Z,Not applicable,1988,,55.21569767,,_Z,,A,Normal value,0,Units,2,Two
DATAFLOW,OECD.ELS.SAE:DSD_EARNINGS@MIN2AVE(1.0),Minimum relative to average wages of full-time workers,I,PRT,Portugal,MR_WG_FT,Minimum relative to average wages of full-time workers,PT_WG_A_SAL_FT,Percentage of average wage of full-time employees,_Z,Not applicable,_Z,Not applicable,MEDIAN,Median,_Z,Not applicable,1989,,53.28337469,,_Z,,A,Normal value,0,Units,2,Two
DATAFLOW,OECD.ELS.SAE:DSD_EARNINGS@MIN2AVE(1.0),Minimum relative to average wages of full-time workers,I,PRT,Portugal,MR_WG_FT,Minimum relative to average wages of full-time workers,PT_WG_A_SAL_FT,Percentage of average wage of full-time employees,_Z,Not applicable,_Z,Not applicable,MEDIAN,Median,_Z,Not applicable,1990,,52.70886349,,_Z,,A,Normal value,0,Units,2,Two
DATAFLOW,OECD.ELS.SAE:DSD_EARNINGS@MIN2AVE(1.0),Minimum relative to average wages of full-time workers,I,PRT,Portugal,MR_WG_FT,Minimum relative to average wages of full-time workers,PT_WG_A_SAL_FT,Percentage of average wage of full-time employees,_Z,Not applicable,_Z,Not applicable,MEDIAN,Median,_Z,Not applicable,1991,,52.87481118,,_Z,,A,Normal value,0,Units,2,Two
DATAFLOW,OECD.ELS.SAE:DSD_EARNINGS@MIN2AVE(1.0),Minimum relative to average wages of full-time workers,I,PRT,Portugal,MR_WG_FT,Minimum relative to average wages of full-time workers,PT_WG_A_SAL_FT,Percentage of average wage of full-time employees,_Z,Not applicable,_Z,Not applicable,MEDIAN,Median,_Z,Not applicable,1992,,51.52561764,,_Z,,A,Normal value,0,Units,2,Two
DATAFLOW,OECD.ELS.SAE:DSD_EARNINGS@MIN2AVE(1.0),Minimum relative to average wages of full-time workers,I,PRT,Portugal,MR_WG_FT,Minimum relative to average wages of full-time workers,PT_WG_A_SAL_FT,Percentage of average wage of full-time employees,_Z,Not applicable,_Z,Not applicable,MEDIAN,Median,_Z,Not applicable,1993,,52.69893329,,_Z,,A,Normal value,0,Units,2,Two
DATAFLOW,OECD.ELS.SAE:DSD_EARNINGS@MIN2AVE(1.0),Minimum relative to average wages of full-time workers,I,PRT,Portugal,MR_WG_FT,Minimum relative to average wages of full-time workers,PT_WG_A_SAL_FT,Percentage of average wage of full-time employees,_Z,Not applicable,_Z,Not applicable,MEDIAN,Median,_Z,Not applicable,1994,,52.04383976,,_Z,,A,Normal value,0,Units,2,Two
DATAFLOW,OECD.ELS.SAE:DSD_EARNINGS@MIN2AVE(1.0),Minimum relative to average wages of full-time workers,I,PRT,Portugal,MR_WG_FT,Minimum relative to average wages of full-time workers,PT_WG_A_SAL_FT,Percentage of average wage of full-time employees,_Z,Not applicable,_Z,Not applicable,MEDIAN,Median,_Z,Not applicable,1995,,51.80838921,,_Z,,A,Normal value,0,Units,2,Two
DATAFLOW,OECD.ELS.SAE:DSD_EARNINGS@MIN2AVE(1.0),Minimum relative to average wages of full-time workers,I,PRT,Portugal,MR_WG_FT,Minimum relative to average wages of full-time workers,PT_WG_A_SAL_FT,Percentage of average wage of full-time employees,_Z,Not applicable,_Z,Not applicable,MEDIAN,Median,_Z,Not applicable,1996,,51.13061553,,_Z,,A,Normal value,0,Units,2,Two
DATAFLOW,OECD.ELS.SAE:DSD_EARNINGS@MIN2AVE(1.0),Minimum relative to average wages of full-time workers,I,PRT,Portugal,MR_WG_FT,Minimum relative to average wages of full-time workers,PT_WG_A_SAL_FT,Percentage of average wage of full-time employees,_Z,Not applicable,_Z,Not applicable,MEDIAN,Median,_Z,Not applicable,1997,,48.38049853,,_Z,,A,Normal value,0,Units,2,Two
DATAFLOW,OECD.ELS.SAE:DSD_EARNINGS@MIN2AVE(1.0),Minimum relative to average wages of full-time workers,I,PRT,Portugal,MR_WG_FT,Minimum relative to average wages of full-time workers,PT_WG_A_SAL_FT,Percentage of average wage of full-time employees,_Z,Not applicable,_Z,Not applicable,MEDIAN,Median,_Z,Not applicable,1998,,48.02767398,,_Z,,A,Normal value,0,Units,2,Two
DATAFLOW,OECD.ELS.SAE:DSD_EARNINGS@MIN2AVE(1.0),Minimum relative to average wages of full-time workers,I,PRT,Portugal,MR_WG_FT,Minimum relative to average wages of full-time workers,PT_WG_A_SAL_FT,Percentage of average wage of full-time employees,_Z,Not applicable,_Z,Not applicable,MEDIAN,Median,_Z,Not applicable,1999,,49.12416801,,_Z,,A,Normal value,0,Units,2,Two
DATAFLOW,OECD.ELS.SAE:DSD_EARNINGS@MIN2AVE(1.0),Minimum relative to average wages of full-time workers,I,PRT,Portugal,MR_WG_FT,Minimum relative to average wages of full-time workers,PT_WG_A_SAL_FT,Percentage of average wage of full-time employees,_Z,Not applicable,_Z,Not applicable,MEDIAN,Median,_Z,Not applicable,2000,,49.16420216,,_Z,,A,Normal value,0,Units,2,Two
DATAFLOW,OECD.ELS.SAE:DSD_EARNINGS@MIN2AVE(1.0),Minimum relative to average wages of full-time workers,I,PRT,Portugal,MR_WG_FT,Minimum relative to average wages of full-time workers,PT_WG_A_SAL_FT,Percentage of average wage of full-time employees,_Z,Not applicable,_Z,Not applicable,MEDIAN,Median,_Z,Not applicable,2001,,48.77222975,,_Z,,A,Normal value,0,Units,2,Two
DATAFLOW,OECD.ELS.SAE:DSD_EARNINGS@MIN2AVE(1.0),Minimum relative to average wages of full-time workers,I,PRT,Portugal,MR_WG_FT,Minimum relative to average wages of full-time workers,PT_WG_A_SAL_FT,Percentage of average wage of full-time employees,_Z,Not applicable,_Z,Not applicable,MEDIAN,Median,_Z,Not applicable,2002,,50.68282534,,_Z,,A,Normal value,0,Units,2,Two
DATAFLOW,OECD.ELS.SAE:DSD_EARNINGS@MIN2AVE(1.0),Minimum relative to average wages of full-time workers,I,PRT,Portugal,MR_WG_FT,Minimum relative to average wages of full-time workers,PT_WG_A_SAL_FT,Percentage of average wage of full-time employees,_Z,Not applicable,_Z,Not applicable,MEDIAN,Median,_Z,Not applicable,2003,,50.13212927,,_Z,,A,Normal value,0,Units,2,Two
DATAFLOW,OECD.ELS.SAE:DSD_EARNINGS@MIN2AVE(1.0),Minimum relative to average wages of full-time workers,I,PRT,Portugal,MR_WG_FT,Minimum relative to average wages of full-time workers,PT_WG_A_SAL_FT,Percentage of average wage of full-time employees,_Z,Not applicable,_Z,Not applicable,MEDIAN,Median,_Z,Not applicable,2004,,50.33106603,,_Z,,A,Normal value,0,Units,2,Two
DATAFLOW,OECD.ELS.SAE:DSD_EARNINGS@MIN2AVE(1.0),Minimum relative to average wages of full-time workers,I,PRT,Portugal,MR_WG_FT,Minimum relative to average wages of full-time workers,PT_WG_A_SAL_FT,Percentage of average wage of full-time employees,_Z,Not applicable,_Z,Not applicable,MEDIAN,Median,_Z,Not applicable,2005,,49.99384437,,_Z,,A,Normal value,0,Units,2,Two
DATAFLOW,OECD.ELS.SAE:DSD_EARNINGS@MIN2AVE(1.0),Minimum relative to average wages of full-time workers,I,PRT,Portugal,MR_WG_FT,Minimum relative to average wages of full-time workers,PT_WG_A_SAL_FT,Percentage of average wage of full-time employees,_Z,Not applicable,_Z,Not applicable,MEDIAN,Median,_Z,Not applicable,2006,,47.40370273,,_Z,,A,Normal value,0,Units,2,Two
DATAFLOW,OECD.ELS.SAE:DSD_EARNINGS@MIN2AVE(1.0),Minimum relative to average wages of full-time workers,I,PRT,Portugal,MR_WG_FT,Minimum relative to average wages of full-time workers,PT_WG_A_SAL_FT,Percentage of average wage of full-time employees,_Z,Not applicable,_Z,Not applicable,MEDIAN,Median,_Z,Not applicable,2007,,47.69208888,,_Z,,A,Normal value,0,Units,2,Two
DATAFLOW,OECD.ELS.SAE:DSD_EARNINGS@MIN2AVE(1.0),Minimum relative to average wages of full-time workers,I,PRT,Portugal,MR_WG_FT,Minimum relative to average wages of full-time workers,PT_WG_A_SAL_FT,Percentage of average wage of full-time employees,_Z,Not applicable,_Z,Not applicable,MEDIAN,Median,_Z,Not applicable,2008,,48.60474259,,_Z,,A,Normal value,0,Units,2,Two
DATAFLOW,OECD.ELS.SAE:DSD_EARNINGS@MIN2AVE(1.0),Minimum relative to average wages of full-time workers,I,PRT,Portugal,MR_WG_FT,Minimum relative to average wages of full-time workers,PT_WG_A_SAL_FT,Percentage of average wage of full-time employees,_Z,Not applicable,_Z,Not applicable,MEDIAN,Median,_Z,Not applicable,2009,,49.8716558,,_Z,,A,Normal value,0,Units,2,Two
DATAFLOW,OECD.ELS.SAE:DSD_EARNINGS@MIN2AVE(1.0),Minimum relative to average wages of full-time workers,I,PRT,Portugal,MR_WG_FT,Minimum relative to average wages of full-time workers,PT_WG_A_SAL_FT,Percentage of average wage of full-time employees,_Z,Not applicable,_Z,Not applicable,MEDIAN,Median,_Z,Not applicable,2010,,52.78196682,,_Z,,A,Normal value,0,Units,2,Two
DATAFLOW,OECD.ELS.SAE:DSD_EARNINGS@MIN2AVE(1.0),Minimum relative to average wages of full-time workers,I,PRT,Portugal,MR_WG_FT,Minimum relative to average wages of full-time workers,PT_WG_A_SAL_FT,Percentage of average wage of full-time employees,_Z,Not applicable,_Z,Not applicable,MEDIAN,Median,_Z,Not applicable,2011,,52.72679799,,_Z,,A,Normal value,0,Units,2,Two
DATAFLOW,OECD.ELS.SAE:DSD_EARNINGS@MIN2AVE(1.0),Minimum relative to average wages of full-time workers,I,PRT,Portugal,MR_WG_FT,Minimum relative to average wages of full-time workers,PT_WG_A_SAL_FT,Percentage of average wage of full-time employees,_Z,Not applicable,_Z,Not applicable,MEDIAN,Median,_Z,Not applicable,2012,,52.19548258,,_Z,,A,Normal value,0,Units,2,Two
DATAFLOW,OECD.ELS.SAE:DSD_EARNINGS@MIN2AVE(1.0),Minimum relative to average wages of full-time workers,I,PRT,Portugal,MR_WG_FT,Minimum relative to average wages of full-time workers,PT_WG_A_SAL_FT,Percentage of average wage of full-time employees,_Z,Not applicable,_Z,Not applicable,MEDIAN,Median,_Z,Not applicable,2013,,52.27994438,,_Z,,A,Normal value,0,Units,2,Two
DATAFLOW,OECD.ELS.SAE:DSD_EARNINGS@MIN2AVE(1.0),Minimum relative to average wages of full-time workers,I,PRT,Portugal,MR_WG_FT,Minimum relative to average wages of full-time workers,PT_WG_A_SAL_FT,Percentage of average wage of full-time employees,_Z,Not applicable,_Z,Not applicable,MEDIAN,Median,_Z,Not applicable,2014,,54.86683196,,_Z,,A,Normal value,0,Units,2,Two
DATAFLOW,OECD.ELS.SAE:DSD_EARNINGS@MIN2AVE(1.0),Minimum relative to average wages of full-time workers,I,PRT,Portugal,MR_WG_FT,Minimum relative to average wages of full-time workers,PT_WG_A_SAL_FT,Percentage of average wage of full-time employees,_Z,Not applicable,_Z,Not applicable,MEDIAN,Median,_Z,Not applicable,2015,,56.36853855,,_Z,,A,Normal value,0,Units,2,Two
DATAFLOW,OECD.ELS.SAE:DSD_EARNINGS@MIN2AVE(1.0),Minimum relative to average wages of full-time workers,I,PRT,Portugal,MR_WG_FT,Minimum relative to average wages of full-time workers,PT_WG_A_SAL_FT,Percentage of average wage of full-time employees,_Z,Not applicable,_Z,Not applicable,MEDIAN,Median,_Z,Not applicable,2016,,58.56098697,,_Z,,A,Normal value,0,Units,2,Two
DATAFLOW,OECD.ELS.SAE:DSD_EARNINGS@MIN2AVE(1.0),Minimum relative to average wages of full-time workers,I,PRT,Portugal,MR_WG_FT,Minimum relative to average wages of full-time workers,PT_WG_A_SAL_FT,Percentage of average wage of full-time employees,_Z,Not applicable,_Z,Not applicable,MEDIAN,Median,_Z,Not applicable,2017,,60.1603218,,_Z,,A,Normal value,0,Units,2,Two
DATAFLOW,OECD.ELS.SAE:DSD_EARNINGS@MIN2AVE(1.0),Minimum relative to average wages of full-time workers,I,PRT,Portugal,MR_WG_FT,Minimum relative to average wages of full-time workers,PT_WG_A_SAL_FT,Percentage of average wage of full-time employees,_Z,Not applicable,_Z,Not applicable,MEDIAN,Median,_Z,Not applicable,2018,,63.26482275,,_Z,,A,Normal value,0,Units,2,Two
DATAFLOW,OECD.ELS.SAE:DSD_EARNINGS@MIN2AVE(1.0),Minimum relative to average wages of full-time workers,I,PRT,Portugal,MR_WG_FT,Minimum relative to average wages of full-time workers,PT_WG_A_SAL_FT,Percentage of average wage of full-time employees,_Z,Not applicable,_Z,Not applicable,MEDIAN,Median,_Z,Not applicable,2022,,58.80250223,,_Z,,A,Normal value,0,Units,2,Two
DATAFLOW,OECD.ELS.SAE:DSD_EARNINGS@MIN2AVE(1.0),Minimum relative to average wages of full-time workers,I,PRT,Portugal,MR_WG_FT,Minimum relative to average wages of full-time workers,PT_WG_A_SAL_FT,Percentage of average wage of full-time employees,_Z,Not applicable,_Z,Not applicable,MEDIAN,Median,_Z,Not applicable,2023,,58.66930697,,_Z,,A,Normal value,0,Units,2,Two
DATAFLOW,OECD.ELS.SAE:DSD_EARNINGS@MIN2AVE(1.0),Minimum relative to average wages of full-time workers,I,PRT,Portugal,MR_WG_FT,Minimum relative to average wages of full-time workers,PT_WG_A_SAL_FT,Percentage of average wage of full-time employees,_Z,Not applicable,_Z,Not applicable,MEDIAN,Median,_Z,Not applicable,2024,,58.85032181,,_Z,,A,Normal value,0,Units,2,Two
DATAFLOW,OECD.ELS.SAE:DSD_EARNINGS@MIN2AVE(1.0),Minimum relative to average wages of full-time workers,I,SVK,Slovak Republic,MR_WG_FT,Minimum relative to average wages of full-time workers,PT_WG_A_SAL_FT,Percentage of average wage of full-time employees,_Z,Not applicable,_Z,Not applicable,MEDIAN,Median,_Z,Not applicable,1991,,58.76106195,,_Z,,A,Normal value,0,Units,2,Two
DATAFLOW,OECD.ELS.SAE:DSD_EARNINGS@MIN2AVE(1.0),Minimum relative to average wages of full-time workers,I,SVK,Slovak Republic,MR_WG_FT,Minimum relative to average wages of full-time workers,PT_WG_A_SAL_FT,Percentage of average wage of full-time employees,_Z,Not applicable,_Z,Not applicable,MEDIAN,Median,_Z,Not applicable,1992,,53.67647059,,_Z,,A,Normal value,0,Units,2,Two
DATAFLOW,OECD.ELS.SAE:DSD_EARNINGS@MIN2AVE(1.0),Minimum relative to average wages of full-time workers,I,SVK,Slovak Republic,MR_WG_FT,Minimum relative to average wages of full-time workers,PT_WG_A_SAL_FT,Percentage of average wage of full-time employees,_Z,Not applicable,_Z,Not applicable,MEDIAN,Median,_Z,Not applicable,1993,,46.64596273,,_Z,,A,Normal value,0,Units,2,Two
DATAFLOW,OECD.ELS.SAE:DSD_EARNINGS@MIN2AVE(1.0),Minimum relative to average wages of full-time workers,I,SVK,Slovak Republic,MR_WG_FT,Minimum relative to average wages of full-time workers,PT_WG_A_SAL_FT,Percentage of average wage of full-time employees,_Z,Not applicable,_Z,Not applicable,MEDIAN,Median,_Z,Not applicable,1994,,43.24468085,,_Z,,A,Normal value,0,Units,2,Two
DATAFLOW,OECD.ELS.SAE:DSD_EARNINGS@MIN2AVE(1.0),Minimum relative to average wages of full-time workers,I,SVK,Slovak Republic,MR_WG_FT,Minimum relative to average wages of full-time workers,PT_WG_A_SAL_FT,Percentage of average wage of full-time employees,_Z,Not applicable,_Z,Not applicable,MEDIAN,Median,_Z,Not applicable,1995,,37.81395349,,_Z,,A,Normal value,0,Units,2,Two
DATAFLOW,OECD.ELS.SAE:DSD_EARNINGS@MIN2AVE(1.0),Minimum relative to average wages of full-time workers,I,SVK,Slovak Republic,MR_WG_FT,Minimum relative to average wages of full-time workers,PT_WG_A_SAL_FT,Percentage of average wage of full-time employees,_Z,Not applicable,_Z,Not applicable,MEDIAN,Median,_Z,Not applicable,1996,,35.86065574,,_Z,,A,Normal value,0,Units,2,Two
DATAFLOW,OECD.ELS.SAE:DSD_EARNINGS@MIN2AVE(1.0),Minimum relative to average wages of full-time workers,I,SVK,Slovak Republic,MR_WG_FT,Minimum relative to average wages of full-time workers,PT_WG_A_SAL_FT,Percentage of average wage of full-time employees,_Z,Not applicable,_Z,Not applicable,MEDIAN,Median,_Z,Not applicable,1997,,32.46376812,,_Z,,A,Normal value,0,Units,2,Two
DATAFLOW,OECD.ELS.SAE:DSD_EARNINGS@MIN2AVE(1.0),Minimum relative to average wages of full-time workers,I,SVK,Slovak Republic,MR_WG_FT,Minimum relative to average wages of full-time workers,PT_WG_A_SAL_FT,Percentage of average wage of full-time employees,_Z,Not applicable,_Z,Not applicable,MEDIAN,Median,_Z,Not applicable,1998,,35.31914894,,_Z,,A,Normal value,0,Units,2,Two
DATAFLOW,OECD.ELS.SAE:DSD_EARNINGS@MIN2AVE(1.0),Minimum relative to average wages of full-time workers,I,SVK,Slovak Republic,MR_WG_FT,Minimum relative to average wages of full-time workers,PT_WG_A_SAL_FT,Percentage of average wage of full-time employees,_Z,Not applicable,_Z,Not applicable,MEDIAN,Median,_Z,Not applicable,1999,,38.94557823,,_Z,,A,Normal value,0,Units,2,Two
DATAFLOW,OECD.ELS.SAE:DSD_EARNINGS@MIN2AVE(1.0),Minimum relative to average wages of full-time workers,I,SVK,Slovak Republic,MR_WG_FT,Minimum relative to average wages of full-time workers,PT_WG_A_SAL_FT,Percentage of average wage of full-time employees,_Z,Not applicable,_Z,Not applicable,MEDIAN,Median,_Z,Not applicable,2000,,42.00617284,,_Z,,A,Normal value,0,Units,2,Two
DATAFLOW,OECD.ELS.SAE:DSD_EARNINGS@MIN2AVE(1.0),Minimum relative to average wages of full-time workers,I,SVK,Slovak Republic,MR_WG_FT,Minimum relative to average wages of full-time workers,PT_WG_A_SAL_FT,Percentage of average wage of full-time employees,_Z,Not applicable,_Z,Not applicable,MEDIAN,Median,_Z,Not applicable,2001,,43.2183908,,_Z,,A,Normal value,0,Units,2,Two
DATAFLOW,OECD.ELS.SAE:DSD_EARNINGS@MIN2AVE(1.0),Minimum relative to average wages of full-time workers,I,SVK,Slovak Republic,MR_WG_FT,Minimum relative to average wages of full-time workers,PT_WG_A_SAL_FT,Percentage of average wage of full-time employees,_Z,Not applicable,_Z,Not applicable,MEDIAN,Median,_Z,Not applicable,2002,,41.7988107,,_Z,,A,Normal value,0,Units,2,Two
DATAFLOW,OECD.ELS.SAE:DSD_EARNINGS@MIN2AVE(1.0),Minimum relative to average wages of full-time workers,I,SVK,Slovak Republic,MR_WG_FT,Minimum relative to average wages of full-time workers,PT_WG_A_SAL_FT,Percentage of average wage of full-time employees,_Z,Not applicable,_Z,Not applicable,MEDIAN,Median,_Z,Not applicable,2003,,44.74680549,,_Z,,A,Normal value,0,Units,2,Two
DATAFLOW,OECD.ELS.SAE:DSD_EARNINGS@MIN2AVE(1.0),Minimum relative to average wages of full-time workers,I,SVK,Slovak Republic,MR_WG_FT,Minimum relative to average wages of full-time workers,PT_WG_A_SAL_FT,Percentage of average wage of full-time employees,_Z,Not applicable,_Z,Not applicable,MEDIAN,Median,_Z,Not applicable,2004,,44.18854929,,_Z,,A,Normal value,0,Units,2,Two
DATAFLOW,OECD.ELS.SAE:DSD_EARNINGS@MIN2AVE(1.0),Minimum relative to average wages of full-time workers,I,SVK,Slovak Republic,MR_WG_FT,Minimum relative to average wages of full-time workers,PT_WG_A_SAL_FT,Percentage of average wage of full-time employees,_Z,Not applicable,_Z,Not applicable,MEDIAN,Median,_Z,Not applicable,2005,,43.22351549,,_Z,,A,Normal value,0,Units,2,Two
DATAFLOW,OECD.ELS.SAE:DSD_EARNINGS@MIN2AVE(1.0),Minimum relative to average wages of full-time workers,I,SVK,Slovak Republic,MR_WG_FT,Minimum relative to average wages of full-time workers,PT_WG_A_SAL_FT,Percentage of average wage of full-time employees,_Z,Not applicable,_Z,Not applicable,MEDIAN,Median,_Z,Not applicable,2006,,44.53717754,,_Z,,A,Normal value,0,Units,2,Two
DATAFLOW,OECD.ELS.SAE:DSD_EARNINGS@MIN2AVE(1.0),Minimum relative to average wages of full-time workers,I,SVK,Slovak Republic,MR_WG_FT,Minimum relative to average wages of full-time workers,PT_WG_A_SAL_FT,Percentage of average wage of full-time employees,_Z,Not applicable,_Z,Not applicable,MEDIAN,Median,_Z,Not applicable,2007,,44.31386104,,_Z,,A,Normal value,0,Units,2,Two
DATAFLOW,OECD.ELS.SAE:DSD_EARNINGS@MIN2AVE(1.0),Minimum relative to average wages of full-time workers,I,SVK,Slovak Republic,MR_WG_FT,Minimum relative to average wages of full-time workers,PT_WG_A_SAL_FT,Percentage of average wage of full-time employees,_Z,Not applicable,_Z,Not applicable,MEDIAN,Median,_Z,Not applicable,2008,,42.82529065,,_Z,,A,Normal value,0,Units,2,Two
DATAFLOW,OECD.ELS.SAE:DSD_EARNINGS@MIN2AVE(1.0),Minimum relative to average wages of full-time workers,I,SVK,Slovak Republic,MR_WG_FT,Minimum relative to average wages of full-time workers,PT_WG_A_SAL_FT,Percentage of average wage of full-time employees,_Z,Not applicable,_Z,Not applicable,MEDIAN,Median,_Z,Not applicable,2009,,45.36243898,,_Z,,A,Normal value,0,Units,2,Two
DATAFLOW,OECD.ELS.SAE:DSD_EARNINGS@MIN2AVE(1.0),Minimum relative to average wages of full-time workers,I,SVK,Slovak Republic,MR_WG_FT,Minimum relative to average wages of full-time workers,PT_WG_A_SAL_FT,Percentage of average wage of full-time employees,_Z,Not applicable,_Z,Not applicable,MEDIAN,Median,_Z,Not applicable,2010,,45.68603287,,_Z,,A,Normal value,0,Units,2,Two
DATAFLOW,OECD.ELS.SAE:DSD_EARNINGS@MIN2AVE(1.0),Minimum relative to average wages of full-time workers,I,SVK,Slovak Republic,MR_WG_FT,Minimum relative to average wages of full-time workers,PT_WG_A_SAL_FT,Percentage of average wage of full-time employees,_Z,Not applicable,_Z,Not applicable,MEDIAN,Median,_Z,Not applicable,2011,,45.67196865,,_Z,,A,Normal value,0,Units,2,Two
DATAFLOW,OECD.ELS.SAE:DSD_EARNINGS@MIN2AVE(1.0),Minimum relative to average wages of full-time workers,I,SVK,Slovak Republic,MR_WG_FT,Minimum relative to average wages of full-time workers,PT_WG_A_SAL_FT,Percentage of average wage of full-time employees,_Z,Not applicable,_Z,Not applicable,MEDIAN,Median,_Z,Not applicable,2012,,45.12309904,,_Z,,A,Normal value,0,Units,2,Two
DATAFLOW,OECD.ELS.SAE:DSD_EARNINGS@MIN2AVE(1.0),Minimum relative to average wages of full-time workers,I,SVK,Slovak Republic,MR_WG_FT,Minimum relative to average wages of full-time workers,PT_WG_A_SAL_FT,Percentage of average wage of full-time employees,_Z,Not applicable,_Z,Not applicable,MEDIAN,Median,_Z,Not applicable,2013,,45.54343282,,_Z,,A,Normal value,0,Units,2,Two
DATAFLOW,OECD.ELS.SAE:DSD_EARNINGS@MIN2AVE(1.0),Minimum relative to average wages of full-time workers,I,SVK,Slovak Republic,MR_WG_FT,Minimum relative to average wages of full-time workers,PT_WG_A_SAL_FT,Percentage of average wage of full-time employees,_Z,Not applicable,_Z,Not applicable,MEDIAN,Median,_Z,Not applicable,2014,,45.1091205,,_Z,,A,Normal value,0,Units,2,Two
DATAFLOW,OECD.ELS.SAE:DSD_EARNINGS@MIN2AVE(1.0),Minimum relative to average wages of full-time workers,I,SVK,Slovak Republic,MR_WG_FT,Minimum relative to average wages of full-time workers,PT_WG_A_SAL_FT,Percentage of average wage of full-time employees,_Z,Not applicable,_Z,Not applicable,MEDIAN,Median,_Z,Not applicable,2015,,47.30310084,,_Z,,A,Normal value,0,Units,2,Two
DATAFLOW,OECD.ELS.SAE:DSD_EARNINGS@MIN2AVE(1.0),Minimum relative to average wages of full-time workers,I,SVK,Slovak Republic,MR_WG_FT,Minimum relative to average wages of full-time workers,PT_WG_A_SAL_FT,Percentage of average wage of full-time employees,_Z,Not applicable,_Z,Not applicable,MEDIAN,Median,_Z,Not applicable,2016,,47.71779343,,_Z,,A,Normal value,0,Units,2,Two
DATAFLOW,OECD.ELS.SAE:DSD_EARNINGS@MIN2AVE(1.0),Minimum relative to average wages of full-time workers,I,SVK,Slovak Republic,MR_WG_FT,Minimum relative to average wages of full-time workers,PT_WG_A_SAL_FT,Percentage of average wage of full-time employees,_Z,Not applicable,_Z,Not applicable,MEDIAN,Median,_Z,Not applicable,2017,,47.9650682,,_Z,,A,Normal value,0,Units,2,Two
DATAFLOW,OECD.ELS.SAE:DSD_EARNINGS@MIN2AVE(1.0),Minimum relative to average wages of full-time workers,I,SVK,Slovak Republic,MR_WG_FT,Minimum relative to average wages of full-time workers,PT_WG_A_SAL_FT,Percentage of average wage of full-time employees,_Z,Not applicable,_Z,Not applicable,MEDIAN,Median,_Z,Not applicable,2018,,49.29396662,,_Z,,A,Normal value,0,Units,2,Two
DATAFLOW,OECD.ELS.SAE:DSD_EARNINGS@MIN2AVE(1.0),Minimum relative to average wages of full-time workers,I,SVK,Slovak Republic,MR_WG_FT,Minimum relative to average wages of full-time workers,PT_WG_A_SAL_FT,Percentage of average wage of full-time employees,_Z,Not applicable,_Z,Not applicable,MEDIAN,Median,_Z,Not applicable,2019,,49.37690149,,_Z,,A,Normal value,0,Units,2,Two
DATAFLOW,OECD.ELS.SAE:DSD_EARNINGS@MIN2AVE(1.0),Minimum relative to average wages of full-time workers,I,SVK,Slovak Republic,MR_WG_FT,Minimum relative to average wages of full-time workers,PT_WG_A_SAL_FT,Percentage of average wage of full-time employees,_Z,Not applicable,_Z,Not applicable,MEDIAN,Median,_Z,Not applicable,2020,,51.77351053,,_Z,,A,Normal value,0,Units,2,Two
DATAFLOW,OECD.ELS.SAE:DSD_EARNINGS@MIN2AVE(1.0),Minimum relative to average wages of full-time workers,I,SVK,Slovak Republic,MR_WG_FT,Minimum relative to average wages of full-time workers,PT_WG_A_SAL_FT,Percentage of average wage of full-time employees,_Z,Not applicable,_Z,Not applicable,MEDIAN,Median,_Z,Not applicable,2021,,52.40957875,,_Z,,A,Normal value,0,Units,2,Two
DATAFLOW,OECD.ELS.SAE:DSD_EARNINGS@MIN2AVE(1.0),Minimum relative to average wages of full-time workers,I,SVK,Slovak Republic,MR_WG_FT,Minimum relative to average wages of full-time workers,PT_WG_A_SAL_FT,Percentage of average wage of full-time employees,_Z,Not applicable,_Z,Not applicable,MEDIAN,Median,_Z,Not applicable,2022,,50.76481197,,_Z,,A,Normal value,0,Units,2,Two
DATAFLOW,OECD.ELS.SAE:DSD_EARNINGS@MIN2AVE(1.0),Minimum relative to average wages of full-time workers,I,SVK,Slovak Republic,MR_WG_FT,Minimum relative to average wages of full-time workers,PT_WG_A_SAL_FT,Percentage of average wage of full-time employees,_Z,Not applicable,_Z,Not applicable,MEDIAN,Median,_Z,Not applicable,2023,,50.76061151,,_Z,,A,Normal value,0,Units,2,Two
DATAFLOW,OECD.ELS.SAE:DSD_EARNINGS@MIN2AVE(1.0),Minimum relative to average wages of full-time workers,I,SVK,Slovak Republic,MR_WG_FT,Minimum relative to average wages of full-time workers,PT_WG_A_SAL_FT,Percentage of average wage of full-time employees,_Z,Not applicable,_Z,Not applicable,MEDIAN,Median,_Z,Not applicable,2024,,51.01910832,,_Z,,A,Normal value,0,Units,2,Two
DATAFLOW,OECD.ELS.SAE:DSD_EARNINGS@MIN2AVE(1.0),Minimum relative to average wages of full-time workers,I,SVN,Slovenia,MR_WG_FT,Minimum relative to average wages of full-time workers,PT_WG_A_SAL_FT,Percentage of average wage of full-time employees,_Z,Not applicable,_Z,Not applicable,MEDIAN,Median,_Z,Not applicable,2005,,51.17685202,,_Z,,A,Normal value,0,Units,2,Two
DATAFLOW,OECD.ELS.SAE:DSD_EARNINGS@MIN2AVE(1.0),Minimum relative to average wages of full-time workers,I,SVN,Slovenia,MR_WG_FT,Minimum relative to average wages of full-time workers,PT_WG_A_SAL_FT,Percentage of average wage of full-time employees,_Z,Not applicable,_Z,Not applicable,MEDIAN,Median,_Z,Not applicable,2006,,51.1765873,,_Z,,A,Normal value,0,Units,2,Two
DATAFLOW,OECD.ELS.SAE:DSD_EARNINGS@MIN2AVE(1.0),Minimum relative to average wages of full-time workers,I,SVN,Slovenia,MR_WG_FT,Minimum relative to average wages of full-time workers,PT_WG_A_SAL_FT,Percentage of average wage of full-time employees,_Z,Not applicable,_Z,Not applicable,MEDIAN,Median,_Z,Not applicable,2007,,49.51989807,,_Z,,A,Normal value,0,Units,2,Two
DATAFLOW,OECD.ELS.SAE:DSD_EARNINGS@MIN2AVE(1.0),Minimum relative to average wages of full-time workers,I,SVN,Slovenia,MR_WG_FT,Minimum relative to average wages of full-time workers,PT_WG_A_SAL_FT,Percentage of average wage of full-time employees,_Z,Not applicable,_Z,Not applicable,MEDIAN,Median,_Z,Not applicable,2008,,49.40138437,,_Z,,A,Normal value,0,Units,2,Two
DATAFLOW,OECD.ELS.SAE:DSD_EARNINGS@MIN2AVE(1.0),Minimum relative to average wages of full-time workers,I,SVN,Slovenia,MR_WG_FT,Minimum relative to average wages of full-time workers,PT_WG_A_SAL_FT,Percentage of average wage of full-time employees,_Z,Not applicable,_Z,Not applicable,MEDIAN,Median,_Z,Not applicable,2009,,49.5514353,,_Z,,A,Normal value,0,Units,2,Two
DATAFLOW,OECD.ELS.SAE:DSD_EARNINGS@MIN2AVE(1.0),Minimum relative to average wages of full-time workers,I,SVN,Slovenia,MR_WG_FT,Minimum relative to average wages of full-time workers,PT_WG_A_SAL_FT,Percentage of average wage of full-time employees,_Z,Not applicable,_Z,Not applicable,MEDIAN,Median,_Z,Not applicable,2010,,58.98507463,,_Z,,A,Normal value,0,Units,2,Two
DATAFLOW,OECD.ELS.SAE:DSD_EARNINGS@MIN2AVE(1.0),Minimum relative to average wages of full-time workers,I,SVN,Slovenia,MR_WG_FT,Minimum relative to average wages of full-time workers,PT_WG_A_SAL_FT,Percentage of average wage of full-time employees,_Z,Not applicable,_Z,Not applicable,MEDIAN,Median,_Z,Not applicable,2011,,60.63167946,,_Z,,A,Normal value,0,Units,2,Two
DATAFLOW,OECD.ELS.SAE:DSD_EARNINGS@MIN2AVE(1.0),Minimum relative to average wages of full-time workers,I,SVN,Slovenia,MR_WG_FT,Minimum relative to average wages of full-time workers,PT_WG_A_SAL_FT,Percentage of average wage of full-time employees,_Z,Not applicable,_Z,Not applicable,MEDIAN,Median,_Z,Not applicable,2012,,62.00075327,,_Z,,A,Normal value,0,Units,2,Two
DATAFLOW,OECD.ELS.SAE:DSD_EARNINGS@MIN2AVE(1.0),Minimum relative to average wages of full-time workers,I,SVN,Slovenia,MR_WG_FT,Minimum relative to average wages of full-time workers,PT_WG_A_SAL_FT,Percentage of average wage of full-time employees,_Z,Not applicable,_Z,Not applicable,MEDIAN,Median,_Z,Not applicable,2013,,63.77279845,,_Z,,A,Normal value,0,Units,2,Two
DATAFLOW,OECD.ELS.SAE:DSD_EARNINGS@MIN2AVE(1.0),Minimum relative to average wages of full-time workers,I,SVN,Slovenia,MR_WG_FT,Minimum relative to average wages of full-time workers,PT_WG_A_SAL_FT,Percentage of average wage of full-time employees,_Z,Not applicable,_Z,Not applicable,MEDIAN,Median,_Z,Not applicable,2014,,60.02207002,,_Z,,A,Normal value,0,Units,2,Two
DATAFLOW,OECD.ELS.SAE:DSD_EARNINGS@MIN2AVE(1.0),Minimum relative to average wages of full-time workers,I,SVN,Slovenia,MR_WG_FT,Minimum relative to average wages of full-time workers,PT_WG_A_SAL_FT,Percentage of average wage of full-time employees,_Z,Not applicable,_Z,Not applicable,MEDIAN,Median,_Z,Not applicable,2015,,59.79857199,,_Z,,A,Normal value,0,Units,2,Two
DATAFLOW,OECD.ELS.SAE:DSD_EARNINGS@MIN2AVE(1.0),Minimum relative to average wages of full-time workers,I,SVN,Slovenia,MR_WG_FT,Minimum relative to average wages of full-time workers,PT_WG_A_SAL_FT,Percentage of average wage of full-time employees,_Z,Not applicable,_Z,Not applicable,MEDIAN,Median,_Z,Not applicable,2016,,58.71581539,,_Z,,A,Normal value,0,Units,2,Two
DATAFLOW,OECD.ELS.SAE:DSD_EARNINGS@MIN2AVE(1.0),Minimum relative to average wages of full-time workers,I,SVN,Slovenia,MR_WG_FT,Minimum relative to average wages of full-time workers,PT_WG_A_SAL_FT,Percentage of average wage of full-time employees,_Z,Not applicable,_Z,Not applicable,MEDIAN,Median,_Z,Not applicable,2017,,58.21234417,,_Z,,A,Normal value,0,Units,2,Two
DATAFLOW,OECD.ELS.SAE:DSD_EARNINGS@MIN2AVE(1.0),Minimum relative to average wages of full-time workers,I,SVN,Slovenia,MR_WG_FT,Minimum relative to average wages of full-time workers,PT_WG_A_SAL_FT,Percentage of average wage of full-time employees,_Z,Not applicable,_Z,Not applicable,MEDIAN,Median,_Z,Not applicable,2018,,58.24395301,,_Z,,A,Normal value,0,Units,2,Two
DATAFLOW,OECD.ELS.SAE:DSD_EARNINGS@MIN2AVE(1.0),Minimum relative to average wages of full-time workers,I,SVN,Slovenia,MR_WG_FT,Minimum relative to average wages of full-time workers,PT_WG_A_SAL_FT,Percentage of average wage of full-time employees,_Z,Not applicable,_Z,Not applicable,MEDIAN,Median,_Z,Not applicable,2019,,58.74318512,,_Z,,A,Normal value,0,Units,2,Two
DATAFLOW,OECD.ELS.SAE:DSD_EARNINGS@MIN2AVE(1.0),Minimum relative to average wages of full-time workers,I,SVN,Slovenia,MR_WG_FT,Minimum relative to average wages of full-time workers,PT_WG_A_SAL_FT,Percentage of average wage of full-time employees,_Z,Not applicable,_Z,Not applicable,MEDIAN,Median,_Z,Not applicable,2020,,58.80576126,,_Z,,A,Normal value,0,Units,2,Two
DATAFLOW,OECD.ELS.SAE:DSD_EARNINGS@MIN2AVE(1.0),Minimum relative to average wages of full-time workers,I,SVN,Slovenia,MR_WG_FT,Minimum relative to average wages of full-time workers,PT_WG_A_SAL_FT,Percentage of average wage of full-time employees,_Z,Not applicable,_Z,Not applicable,MEDIAN,Median,_Z,Not applicable,2021,,60.41462667,,_Z,,A,Normal value,0,Units,2,Two
DATAFLOW,OECD.ELS.SAE:DSD_EARNINGS@MIN2AVE(1.0),Minimum relative to average wages of full-time workers,I,SVN,Slovenia,MR_WG_FT,Minimum relative to average wages of full-time workers,PT_WG_A_SAL_FT,Percentage of average wage of full-time employees,_Z,Not applicable,_Z,Not applicable,MEDIAN,Median,_Z,Not applicable,2022,,61.68774113,,_Z,,A,Normal value,0,Units,2,Two
DATAFLOW,OECD.ELS.SAE:DSD_EARNINGS@MIN2AVE(1.0),Minimum relative to average wages of full-time workers,I,SVN,Slovenia,MR_WG_FT,Minimum relative to average wages of full-time workers,PT_WG_A_SAL_FT,Percentage of average wage of full-time employees,_Z,Not applicable,_Z,Not applicable,MEDIAN,Median,_Z,Not applicable,2023,,62.95413567,,_Z,,A,Normal value,0,Units,2,Two
DATAFLOW,OECD.ELS.SAE:DSD_EARNINGS@MIN2AVE(1.0),Minimum relative to average wages of full-time workers,I,SVN,Slovenia,MR_WG_FT,Minimum relative to average wages of full-time workers,PT_WG_A_SAL_FT,Percentage of average wage of full-time employees,_Z,Not applicable,_Z,Not applicable,MEDIAN,Median,_Z,Not applicable,2024,,60.76233814,,_Z,,A,Normal value,0,Units,2,Two
DATAFLOW,OECD.ELS.SAE:DSD_EARNINGS@MIN2AVE(1.0),Minimum relative to average wages of full-time workers,I,ESP,Spain,MR_WG_FT,Minimum relative to average wages of full-time workers,PT_WG_A_SAL_FT,Percentage of average wage of full-time employees,_Z,Not applicable,_Z,Not applicable,MEDIAN,Median,_Z,Not applicable,1964,,68.22522523,,_Z,,A,Normal value,0,Units,2,Two
DATAFLOW,OECD.ELS.SAE:DSD_EARNINGS@MIN2AVE(1.0),Minimum relative to average wages of full-time workers,I,ESP,Spain,MR_WG_FT,Minimum relative to average wages of full-time workers,PT_WG_A_SAL_FT,Percentage of average wage of full-time employees,_Z,Not applicable,_Z,Not applicable,MEDIAN,Median,_Z,Not applicable,1965,,58.25384615,,_Z,,A,Normal value,0,Units,2,Two
DATAFLOW,OECD.ELS.SAE:DSD_EARNINGS@MIN2AVE(1.0),Minimum relative to average wages of full-time workers,I,ESP,Spain,MR_WG_FT,Minimum relative to average wages of full-time workers,PT_WG_A_SAL_FT,Percentage of average wage of full-time employees,_Z,Not applicable,_Z,Not applicable,MEDIAN,Median,_Z,Not applicable,1966,,54.98349835,,_Z,,A,Normal value,0,Units,2,Two
DATAFLOW,OECD.ELS.SAE:DSD_EARNINGS@MIN2AVE(1.0),Minimum relative to average wages of full-time workers,I,ESP,Spain,MR_WG_FT,Minimum relative to average wages of full-time workers,PT_WG_A_SAL_FT,Percentage of average wage of full-time employees,_Z,Not applicable,_Z,Not applicable,MEDIAN,Median,_Z,Not applicable,1967,,63.47109827,,_Z,,A,Normal value,0,Units,2,Two
DATAFLOW,OECD.ELS.SAE:DSD_EARNINGS@MIN2AVE(1.0),Minimum relative to average wages of full-time workers,I,ESP,Spain,MR_WG_FT,Minimum relative to average wages of full-time workers,PT_WG_A_SAL_FT,Percentage of average wage of full-time employees,_Z,Not applicable,_Z,Not applicable,MEDIAN,Median,_Z,Not applicable,1968,,64.27851459,,_Z,,A,Normal value,0,Units,2,Two
DATAFLOW,OECD.ELS.SAE:DSD_EARNINGS@MIN2AVE(1.0),Minimum relative to average wages of full-time workers,I,ESP,Spain,MR_WG_FT,Minimum relative to average wages of full-time workers,PT_WG_A_SAL_FT,Percentage of average wage of full-time employees,_Z,Not applicable,_Z,Not applicable,MEDIAN,Median,_Z,Not applicable,1969,,61.1567696,,_Z,,A,Normal value,0,Units,2,Two
DATAFLOW,OECD.ELS.SAE:DSD_EARNINGS@MIN2AVE(1.0),Minimum relative to average wages of full-time workers,I,ESP,Spain,MR_WG_FT,Minimum relative to average wages of full-time workers,PT_WG_A_SAL_FT,Percentage of average wage of full-time employees,_Z,Not applicable,_Z,Not applicable,MEDIAN,Median,_Z,Not applicable,1970,,60.99372385,,_Z,,A,Normal value,0,Units,2,Two
DATAFLOW,OECD.ELS.SAE:DSD_EARNINGS@MIN2AVE(1.0),Minimum relative to average wages of full-time workers,I,ESP,Spain,MR_WG_FT,Minimum relative to average wages of full-time workers,PT_WG_A_SAL_FT,Percentage of average wage of full-time employees,_Z,Not applicable,_Z,Not applicable,MEDIAN,Median,_Z,Not applicable,1971,,61.36279926,,_Z,,A,Normal value,0,Units,2,Two
DATAFLOW,OECD.ELS.SAE:DSD_EARNINGS@MIN2AVE(1.0),Minimum relative to average wages of full-time workers,I,ESP,Spain,MR_WG_FT,Minimum relative to average wages of full-time workers,PT_WG_A_SAL_FT,Percentage of average wage of full-time employees,_Z,Not applicable,_Z,Not applicable,MEDIAN,Median,_Z,Not applicable,1972,,60.59777424,,_Z,,A,Normal value,0,Units,2,Two
DATAFLOW,OECD.ELS.SAE:DSD_EARNINGS@MIN2AVE(1.0),Minimum relative to average wages of full-time workers,I,ESP,Spain,MR_WG_FT,Minimum relative to average wages of full-time workers,PT_WG_A_SAL_FT,Percentage of average wage of full-time employees,_Z,Not applicable,_Z,Not applicable,MEDIAN,Median,_Z,Not applicable,1973,,60.56182796,,_Z,,A,Normal value,0,Units,2,Two
DATAFLOW,OECD.ELS.SAE:DSD_EARNINGS@MIN2AVE(1.0),Minimum relative to average wages of full-time workers,I,ESP,Spain,MR_WG_FT,Minimum relative to average wages of full-time workers,PT_WG_A_SAL_FT,Percentage of average wage of full-time employees,_Z,Not applicable,_Z,Not applicable,MEDIAN,Median,_Z,Not applicable,1974,,57.80212766,,_Z,,A,Normal value,0,Units,2,Two
DATAFLOW,OECD.ELS.SAE:DSD_EARNINGS@MIN2AVE(1.0),Minimum relative to average wages of full-time workers,I,ESP,Spain,MR_WG_FT,Minimum relative to average wages of full-time workers,PT_WG_A_SAL_FT,Percentage of average wage of full-time employees,_Z,Not applicable,_Z,Not applicable,MEDIAN,Median,_Z,Not applicable,1975,,56.24100418,,_Z,,A,Normal value,0,Units,2,Two
DATAFLOW,OECD.ELS.SAE:DSD_EARNINGS@MIN2AVE(1.0),Minimum relative to average wages of full-time workers,I,ESP,Spain,MR_WG_FT,Minimum relative to average wages of full-time workers,PT_WG_A_SAL_FT,Percentage of average wage of full-time employees,_Z,Not applicable,_Z,Not applicable,MEDIAN,Median,_Z,Not applicable,1976,,56.08492429,,_Z,,A,Normal value,0,Units,2,Two
DATAFLOW,OECD.ELS.SAE:DSD_EARNINGS@MIN2AVE(1.0),Minimum relative to average wages of full-time workers,I,ESP,Spain,MR_WG_FT,Minimum relative to average wages of full-time workers,PT_WG_A_SAL_FT,Percentage of average wage of full-time employees,_Z,Not applicable,_Z,Not applicable,MEDIAN,Median,_Z,Not applicable,1977,,52.76342043,,_Z,,A,Normal value,0,Units,2,Two
DATAFLOW,OECD.ELS.SAE:DSD_EARNINGS@MIN2AVE(1.0),Minimum relative to average wages of full-time workers,I,ESP,Spain,MR_WG_FT,Minimum relative to average wages of full-time workers,PT_WG_A_SAL_FT,Percentage of average wage of full-time employees,_Z,Not applicable,_Z,Not applicable,MEDIAN,Median,_Z,Not applicable,1978,,51.96137983,,_Z,,A,Normal value,0,Units,2,Two
DATAFLOW,OECD.ELS.SAE:DSD_EARNINGS@MIN2AVE(1.0),Minimum relative to average wages of full-time workers,I,ESP,Spain,MR_WG_FT,Minimum relative to average wages of full-time workers,PT_WG_A_SAL_FT,Percentage of average wage of full-time employees,_Z,Not applicable,_Z,Not applicable,MEDIAN,Median,_Z,Not applicable,1979,,49.45057962,,_Z,,A,Normal value,0,Units,2,Two
DATAFLOW,OECD.ELS.SAE:DSD_EARNINGS@MIN2AVE(1.0),Minimum relative to average wages of full-time workers,I,ESP,Spain,MR_WG_FT,Minimum relative to average wages of full-time workers,PT_WG_A_SAL_FT,Percentage of average wage of full-time employees,_Z,Not applicable,_Z,Not applicable,MEDIAN,Median,_Z,Not applicable,1980,,48.7154192,,_Z,,A,Normal value,0,Units,2,Two
DATAFLOW,OECD.ELS.SAE:DSD_EARNINGS@MIN2AVE(1.0),Minimum relative to average wages of full-time workers,I,ESP,Spain,MR_WG_FT,Minimum relative to average wages of full-time workers,PT_WG_A_SAL_FT,Percentage of average wage of full-time employees,_Z,Not applicable,_Z,Not applicable,MEDIAN,Median,_Z,Not applicable,1981,,46.09104904,,_Z,,A,Normal value,0,Units,2,Two
DATAFLOW,OECD.ELS.SAE:DSD_EARNINGS@MIN2AVE(1.0),Minimum relative to average wages of full-time workers,I,ESP,Spain,MR_WG_FT,Minimum relative to average wages of full-time workers,PT_WG_A_SAL_FT,Percentage of average wage of full-time employees,_Z,Not applicable,_Z,Not applicable,MEDIAN,Median,_Z,Not applicable,1982,,45.98366641,,_Z,,A,Normal value,0,Units,2,Two
DATAFLOW,OECD.ELS.SAE:DSD_EARNINGS@MIN2AVE(1.0),Minimum relative to average wages of full-time workers,I,ESP,Spain,MR_WG_FT,Minimum relative to average wages of full-time workers,PT_WG_A_SAL_FT,Percentage of average wage of full-time employees,_Z,Not applicable,_Z,Not applicable,MEDIAN,Median,_Z,Not applicable,1983,,45.82557155,,_Z,,A,Normal value,0,Units,2,Two
DATAFLOW,OECD.ELS.SAE:DSD_EARNINGS@MIN2AVE(1.0),Minimum relative to average wages of full-time workers,I,ESP,Spain,MR_WG_FT,Minimum relative to average wages of full-time workers,PT_WG_A_SAL_FT,Percentage of average wage of full-time employees,_Z,Not applicable,_Z,Not applicable,MEDIAN,Median,_Z,Not applicable,1984,,45.29800093,,_Z,,A,Normal value,0,Units,2,Two
DATAFLOW,OECD.ELS.SAE:DSD_EARNINGS@MIN2AVE(1.0),Minimum relative to average wages of full-time workers,I,ESP,Spain,MR_WG_FT,Minimum relative to average wages of full-time workers,PT_WG_A_SAL_FT,Percentage of average wage of full-time employees,_Z,Not applicable,_Z,Not applicable,MEDIAN,Median,_Z,Not applicable,1985,,44.23066044,,_Z,,A,Normal value,0,Units,2,Two
DATAFLOW,OECD.ELS.SAE:DSD_EARNINGS@MIN2AVE(1.0),Minimum relative to average wages of full-time workers,I,ESP,Spain,MR_WG_FT,Minimum relative to average wages of full-time workers,PT_WG_A_SAL_FT,Percentage of average wage of full-time employees,_Z,Not applicable,_Z,Not applicable,MEDIAN,Median,_Z,Not applicable,1986,,42.89370079,,_Z,,A,Normal value,0,Units,2,Two
DATAFLOW,OECD.ELS.SAE:DSD_EARNINGS@MIN2AVE(1.0),Minimum relative to average wages of full-time workers,I,ESP,Spain,MR_WG_FT,Minimum relative to average wages of full-time workers,PT_WG_A_SAL_FT,Percentage of average wage of full-time employees,_Z,Not applicable,_Z,Not applicable,MEDIAN,Median,_Z,Not applicable,1987,,42.05585201,,_Z,,A,Normal value,0,Units,2,Two
DATAFLOW,OECD.ELS.SAE:DSD_EARNINGS@MIN2AVE(1.0),Minimum relative to average wages of full-time workers,I,ESP,Spain,MR_WG_FT,Minimum relative to average wages of full-time workers,PT_WG_A_SAL_FT,Percentage of average wage of full-time employees,_Z,Not applicable,_Z,Not applicable,MEDIAN,Median,_Z,Not applicable,1988,,41.46357838,,_Z,,A,Normal value,0,Units,2,Two
DATAFLOW,OECD.ELS.SAE:DSD_EARNINGS@MIN2AVE(1.0),Minimum relative to average wages of full-time workers,I,ESP,Spain,MR_WG_FT,Minimum relative to average wages of full-time workers,PT_WG_A_SAL_FT,Percentage of average wage of full-time employees,_Z,Not applicable,_Z,Not applicable,MEDIAN,Median,_Z,Not applicable,1989,,41.55888266,,_Z,,A,Normal value,0,Units,2,Two
DATAFLOW,OECD.ELS.SAE:DSD_EARNINGS@MIN2AVE(1.0),Minimum relative to average wages of full-time workers,I,ESP,Spain,MR_WG_FT,Minimum relative to average wages of full-time workers,PT_WG_A_SAL_FT,Percentage of average wage of full-time employees,_Z,Not applicable,_Z,Not applicable,MEDIAN,Median,_Z,Not applicable,1990,,41.02095925,,_Z,,A,Normal value,0,Units,2,Two
DATAFLOW,OECD.ELS.SAE:DSD_EARNINGS@MIN2AVE(1.0),Minimum relative to average wages of full-time workers,I,ESP,Spain,MR_WG_FT,Minimum relative to average wages of full-time workers,PT_WG_A_SAL_FT,Percentage of average wage of full-time employees,_Z,Not applicable,_Z,Not applicable,MEDIAN,Median,_Z,Not applicable,1991,,40.60676092,,_Z,,A,Normal value,0,Units,2,Two
DATAFLOW,OECD.ELS.SAE:DSD_EARNINGS@MIN2AVE(1.0),Minimum relative to average wages of full-time workers,I,ESP,Spain,MR_WG_FT,Minimum relative to average wages of full-time workers,PT_WG_A_SAL_FT,Percentage of average wage of full-time employees,_Z,Not applicable,_Z,Not applicable,MEDIAN,Median,_Z,Not applicable,1992,,39.91478422,,_Z,,A,Normal value,0,Units,2,Two
DATAFLOW,OECD.ELS.SAE:DSD_EARNINGS@MIN2AVE(1.0),Minimum relative to average wages of full-time workers,I,ESP,Spain,MR_WG_FT,Minimum relative to average wages of full-time workers,PT_WG_A_SAL_FT,Percentage of average wage of full-time employees,_Z,Not applicable,_Z,Not applicable,MEDIAN,Median,_Z,Not applicable,1993,,39.0269435,,_Z,,A,Normal value,0,Units,2,Two
DATAFLOW,OECD.ELS.SAE:DSD_EARNINGS@MIN2AVE(1.0),Minimum relative to average wages of full-time workers,I,ESP,Spain,MR_WG_FT,Minimum relative to average wages of full-time workers,PT_WG_A_SAL_FT,Percentage of average wage of full-time employees,_Z,Not applicable,_Z,Not applicable,MEDIAN,Median,_Z,Not applicable,1994,,38.559885,,_Z,,A,Normal value,0,Units,2,Two
DATAFLOW,OECD.ELS.SAE:DSD_EARNINGS@MIN2AVE(1.0),Minimum relative to average wages of full-time workers,I,ESP,Spain,MR_WG_FT,Minimum relative to average wages of full-time workers,PT_WG_A_SAL_FT,Percentage of average wage of full-time employees,_Z,Not applicable,_Z,Not applicable,MEDIAN,Median,_Z,Not applicable,1995,,38.19175481,,_Z,,A,Normal value,0,Units,2,Two
DATAFLOW,OECD.ELS.SAE:DSD_EARNINGS@MIN2AVE(1.0),Minimum relative to average wages of full-time workers,I,ESP,Spain,MR_WG_FT,Minimum relative to average wages of full-time workers,PT_WG_A_SAL_FT,Percentage of average wage of full-time employees,_Z,Not applicable,_Z,Not applicable,MEDIAN,Median,_Z,Not applicable,1996,,37.81309705,,_Z,,A,Normal value,0,Units,2,Two
DATAFLOW,OECD.ELS.SAE:DSD_EARNINGS@MIN2AVE(1.0),Minimum relative to average wages of full-time workers,I,ESP,Spain,MR_WG_FT,Minimum relative to average wages of full-time workers,PT_WG_A_SAL_FT,Percentage of average wage of full-time employees,_Z,Not applicable,_Z,Not applicable,MEDIAN,Median,_Z,Not applicable,1997,,37.22188288,,_Z,,A,Normal value,0,Units,2,Two
DATAFLOW,OECD.ELS.SAE:DSD_EARNINGS@MIN2AVE(1.0),Minimum relative to average wages of full-time workers,I,ESP,Spain,MR_WG_FT,Minimum relative to average wages of full-time workers,PT_WG_A_SAL_FT,Percentage of average wage of full-time employees,_Z,Not applicable,_Z,Not applicable,MEDIAN,Median,_Z,Not applicable,1998,,36.90691078,,_Z,,A,Normal value,0,Units,2,Two
DATAFLOW,OECD.ELS.SAE:DSD_EARNINGS@MIN2AVE(1.0),Minimum relative to average wages of full-time workers,I,ESP,Spain,MR_WG_FT,Minimum relative to average wages of full-time workers,PT_WG_A_SAL_FT,Percentage of average wage of full-time employees,_Z,Not applicable,_Z,Not applicable,MEDIAN,Median,_Z,Not applicable,1999,,36.5859017,,_Z,,A,Normal value,0,Units,2,Two
DATAFLOW,OECD.ELS.SAE:DSD_EARNINGS@MIN2AVE(1.0),Minimum relative to average wages of full-time workers,I,ESP,Spain,MR_WG_FT,Minimum relative to average wages of full-time workers,PT_WG_A_SAL_FT,Percentage of average wage of full-time employees,_Z,Not applicable,_Z,Not applicable,MEDIAN,Median,_Z,Not applicable,2000,,36.45191542,,_Z,,A,Normal value,0,Units,2,Two
DATAFLOW,OECD.ELS.SAE:DSD_EARNINGS@MIN2AVE(1.0),Minimum relative to average wages of full-time workers,I,ESP,Spain,MR_WG_FT,Minimum relative to average wages of full-time workers,PT_WG_A_SAL_FT,Percentage of average wage of full-time employees,_Z,Not applicable,_Z,Not applicable,MEDIAN,Median,_Z,Not applicable,2001,,36.02861723,,_Z,,A,Normal value,0,Units,2,Two
DATAFLOW,OECD.ELS.SAE:DSD_EARNINGS@MIN2AVE(1.0),Minimum relative to average wages of full-time workers,I,ESP,Spain,MR_WG_FT,Minimum relative to average wages of full-time workers,PT_WG_A_SAL_FT,Percentage of average wage of full-time employees,_Z,Not applicable,_Z,Not applicable,MEDIAN,Median,_Z,Not applicable,2002,,35.32351934,,_Z,,A,Normal value,0,Units,2,Two
DATAFLOW,OECD.ELS.SAE:DSD_EARNINGS@MIN2AVE(1.0),Minimum relative to average wages of full-time workers,I,ESP,Spain,MR_WG_FT,Minimum relative to average wages of full-time workers,PT_WG_A_SAL_FT,Percentage of average wage of full-time employees,_Z,Not applicable,_Z,Not applicable,MEDIAN,Median,_Z,Not applicable,2003,,34.57706174,,_Z,,A,Normal value,0,Units,2,Two
DATAFLOW,OECD.ELS.SAE:DSD_EARNINGS@MIN2AVE(1.0),Minimum relative to average wages of full-time workers,I,ESP,Spain,MR_WG_FT,Minimum relative to average wages of full-time workers,PT_WG_A_SAL_FT,Percentage of average wage of full-time employees,_Z,Not applicable,_Z,Not applicable,MEDIAN,Median,_Z,Not applicable,2004,,35.3396401,,_Z,,A,Normal value,0,Units,2,Two
DATAFLOW,OECD.ELS.SAE:DSD_EARNINGS@MIN2AVE(1.0),Minimum relative to average wages of full-time workers,I,ESP,Spain,MR_WG_FT,Minimum relative to average wages of full-time workers,PT_WG_A_SAL_FT,Percentage of average wage of full-time employees,_Z,Not applicable,_Z,Not applicable,MEDIAN,Median,_Z,Not applicable,2005,,36.91332989,,_Z,,A,Normal value,0,Units,2,Two
DATAFLOW,OECD.ELS.SAE:DSD_EARNINGS@MIN2AVE(1.0),Minimum relative to average wages of full-time workers,I,ESP,Spain,MR_WG_FT,Minimum relative to average wages of full-time workers,PT_WG_A_SAL_FT,Percentage of average wage of full-time employees,_Z,Not applicable,_Z,Not applicable,MEDIAN,Median,_Z,Not applicable,2006,,38.68512464,,_Z,,A,Normal value,0,Units,2,Two
DATAFLOW,OECD.ELS.SAE:DSD_EARNINGS@MIN2AVE(1.0),Minimum relative to average wages of full-time workers,I,ESP,Spain,MR_WG_FT,Minimum relative to average wages of full-time workers,PT_WG_A_SAL_FT,Percentage of average wage of full-time employees,_Z,Not applicable,_Z,Not applicable,MEDIAN,Median,_Z,Not applicable,2007,,39.2150026,,_Z,,A,Normal value,0,Units,2,Two
DATAFLOW,OECD.ELS.SAE:DSD_EARNINGS@MIN2AVE(1.0),Minimum relative to average wages of full-time workers,I,ESP,Spain,MR_WG_FT,Minimum relative to average wages of full-time workers,PT_WG_A_SAL_FT,Percentage of average wage of full-time employees,_Z,Not applicable,_Z,Not applicable,MEDIAN,Median,_Z,Not applicable,2008,,39.16621301,,_Z,,A,Normal value,0,Units,2,Two
DATAFLOW,OECD.ELS.SAE:DSD_EARNINGS@MIN2AVE(1.0),Minimum relative to average wages of full-time workers,I,ESP,Spain,MR_WG_FT,Minimum relative to average wages of full-time workers,PT_WG_A_SAL_FT,Percentage of average wage of full-time employees,_Z,Not applicable,_Z,Not applicable,MEDIAN,Median,_Z,Not applicable,2009,,39.1002705,,_Z,,A,Normal value,0,Units,2,Two
DATAFLOW,OECD.ELS.SAE:DSD_EARNINGS@MIN2AVE(1.0),Minimum relative to average wages of full-time workers,I,ESP,Spain,MR_WG_FT,Minimum relative to average wages of full-time workers,PT_WG_A_SAL_FT,Percentage of average wage of full-time employees,_Z,Not applicable,_Z,Not applicable,MEDIAN,Median,_Z,Not applicable,2010,,37.74050741,,_Z,,A,Normal value,0,Units,2,Two
DATAFLOW,OECD.ELS.SAE:DSD_EARNINGS@MIN2AVE(1.0),Minimum relative to average wages of full-time workers,I,ESP,Spain,MR_WG_FT,Minimum relative to average wages of full-time workers,PT_WG_A_SAL_FT,Percentage of average wage of full-time employees,_Z,Not applicable,_Z,Not applicable,MEDIAN,Median,_Z,Not applicable,2011,,38.19146842,,_Z,,A,Normal value,0,Units,2,Two
DATAFLOW,OECD.ELS.SAE:DSD_EARNINGS@MIN2AVE(1.0),Minimum relative to average wages of full-time workers,I,ESP,Spain,MR_WG_FT,Minimum relative to average wages of full-time workers,PT_WG_A_SAL_FT,Percentage of average wage of full-time employees,_Z,Not applicable,_Z,Not applicable,MEDIAN,Median,_Z,Not applicable,2012,,38.00903985,,_Z,,A,Normal value,0,Units,2,Two
DATAFLOW,OECD.ELS.SAE:DSD_EARNINGS@MIN2AVE(1.0),Minimum relative to average wages of full-time workers,I,ESP,Spain,MR_WG_FT,Minimum relative to average wages of full-time workers,PT_WG_A_SAL_FT,Percentage of average wage of full-time employees,_Z,Not applicable,_Z,Not applicable,MEDIAN,Median,_Z,Not applicable,2013,,37.87023551,,_Z,,A,Normal value,0,Units,2,Two
DATAFLOW,OECD.ELS.SAE:DSD_EARNINGS@MIN2AVE(1.0),Minimum relative to average wages of full-time workers,I,ESP,Spain,MR_WG_FT,Minimum relative to average wages of full-time workers,PT_WG_A_SAL_FT,Percentage of average wage of full-time employees,_Z,Not applicable,_Z,Not applicable,MEDIAN,Median,_Z,Not applicable,2014,,36.98775945,,_Z,,A,Normal value,0,Units,2,Two
DATAFLOW,OECD.ELS.SAE:DSD_EARNINGS@MIN2AVE(1.0),Minimum relative to average wages of full-time workers,I,ESP,Spain,MR_WG_FT,Minimum relative to average wages of full-time workers,PT_WG_A_SAL_FT,Percentage of average wage of full-time employees,_Z,Not applicable,_Z,Not applicable,MEDIAN,Median,_Z,Not applicable,2015,,37.07071746,,_Z,,A,Normal value,0,Units,2,Two
DATAFLOW,OECD.ELS.SAE:DSD_EARNINGS@MIN2AVE(1.0),Minimum relative to average wages of full-time workers,I,ESP,Spain,MR_WG_FT,Minimum relative to average wages of full-time workers,PT_WG_A_SAL_FT,Percentage of average wage of full-time employees,_Z,Not applicable,_Z,Not applicable,MEDIAN,Median,_Z,Not applicable,2016,,37.67761167,,_Z,,A,Normal value,0,Units,2,Two
DATAFLOW,OECD.ELS.SAE:DSD_EARNINGS@MIN2AVE(1.0),Minimum relative to average wages of full-time workers,I,ESP,Spain,MR_WG_FT,Minimum relative to average wages of full-time workers,PT_WG_A_SAL_FT,Percentage of average wage of full-time employees,_Z,Not applicable,_Z,Not applicable,MEDIAN,Median,_Z,Not applicable,2017,,39.99282025,,_Z,,A,Normal value,0,Units,2,Two
DATAFLOW,OECD.ELS.SAE:DSD_EARNINGS@MIN2AVE(1.0),Minimum relative to average wages of full-time workers,I,ESP,Spain,MR_WG_FT,Minimum relative to average wages of full-time workers,PT_WG_A_SAL_FT,Percentage of average wage of full-time employees,_Z,Not applicable,_Z,Not applicable,MEDIAN,Median,_Z,Not applicable,2018,,41.0086375,,_Z,,A,Normal value,0,Units,2,Two
DATAFLOW,OECD.ELS.SAE:DSD_EARNINGS@MIN2AVE(1.0),Minimum relative to average wages of full-time workers,I,ESP,Spain,MR_WG_FT,Minimum relative to average wages of full-time workers,PT_WG_A_SAL_FT,Percentage of average wage of full-time employees,_Z,Not applicable,_Z,Not applicable,MEDIAN,Median,_Z,Not applicable,2019,,49.5493163,,_Z,,A,Normal value,0,Units,2,Two
DATAFLOW,OECD.ELS.SAE:DSD_EARNINGS@MIN2AVE(1.0),Minimum relative to average wages of full-time workers,I,ESP,Spain,MR_WG_FT,Minimum relative to average wages of full-time workers,PT_WG_A_SAL_FT,Percentage of average wage of full-time employees,_Z,Not applicable,_Z,Not applicable,MEDIAN,Median,_Z,Not applicable,2020,,51.45256388,,_Z,,A,Normal value,0,Units,2,Two
DATAFLOW,OECD.ELS.SAE:DSD_EARNINGS@MIN2AVE(1.0),Minimum relative to average wages of full-time workers,I,ESP,Spain,MR_WG_FT,Minimum relative to average wages of full-time workers,PT_WG_A_SAL_FT,Percentage of average wage of full-time employees,_Z,Not applicable,_Z,Not applicable,MEDIAN,Median,_Z,Not applicable,2021,,48.4582135,,_Z,,A,Normal value,0,Units,2,Two
DATAFLOW,OECD.ELS.SAE:DSD_EARNINGS@MIN2AVE(1.0),Minimum relative to average wages of full-time workers,I,ESP,Spain,MR_WG_FT,Minimum relative to average wages of full-time workers,PT_WG_A_SAL_FT,Percentage of average wage of full-time employees,_Z,Not applicable,_Z,Not applicable,MEDIAN,Median,_Z,Not applicable,2022,,50.98881888,,_Z,,A,Normal value,0,Units,2,Two
DATAFLOW,OECD.ELS.SAE:DSD_EARNINGS@MIN2AVE(1.0),Minimum relative to average wages of full-time workers,I,ESP,Spain,MR_WG_FT,Minimum relative to average wages of full-time workers,PT_WG_A_SAL_FT,Percentage of average wage of full-time employees,_Z,Not applicable,_Z,Not applicable,MEDIAN,Median,_Z,Not applicable,2023,,52.57399402,,_Z,,A,Normal value,0,Units,2,Two
DATAFLOW,OECD.ELS.SAE:DSD_EARNINGS@MIN2AVE(1.0),Minimum relative to average wages of full-time workers,I,ESP,Spain,MR_WG_FT,Minimum relative to average wages of full-time workers,PT_WG_A_SAL_FT,Percentage of average wage of full-time employees,_Z,Not applicable,_Z,Not applicable,MEDIAN,Median,_Z,Not applicable,2024,,53.38666844,,_Z,,A,Normal value,0,Units,2,Two
DATAFLOW,OECD.ELS.SAE:DSD_EARNINGS@MIN2AVE(1.0),Minimum relative to average wages of full-time workers,I,TUR,Türkiye,MR_WG_FT,Minimum relative to average wages of full-time workers,PT_WG_A_SAL_FT,Percentage of average wage of full-time employees,_Z,Not applicable,_Z,Not applicable,MEDIAN,Median,_Z,Not applicable,1970,,82.72306465,,_Z,,A,Normal value,0,Units,2,Two
DATAFLOW,OECD.ELS.SAE:DSD_EARNINGS@MIN2AVE(1.0),Minimum relative to average wages of full-time workers,I,TUR,Türkiye,MR_WG_FT,Minimum relative to average wages of full-time workers,PT_WG_A_SAL_FT,Percentage of average wage of full-time employees,_Z,Not applicable,_Z,Not applicable,MEDIAN,Median,_Z,Not applicable,1971,,62.36293052,,_Z,,A,Normal value,0,Units,2,Two
DATAFLOW,OECD.ELS.SAE:DSD_EARNINGS@MIN2AVE(1.0),Minimum relative to average wages of full-time workers,I,TUR,Türkiye,MR_WG_FT,Minimum relative to average wages of full-time workers,PT_WG_A_SAL_FT,Percentage of average wage of full-time employees,_Z,Not applicable,_Z,Not applicable,MEDIAN,Median,_Z,Not applicable,1972,,62.156856,,_Z,,A,Normal value,0,Units,2,Two
DATAFLOW,OECD.ELS.SAE:DSD_EARNINGS@MIN2AVE(1.0),Minimum relative to average wages of full-time workers,I,TUR,Türkiye,MR_WG_FT,Minimum relative to average wages of full-time workers,PT_WG_A_SAL_FT,Percentage of average wage of full-time employees,_Z,Not applicable,_Z,Not applicable,MEDIAN,Median,_Z,Not applicable,1973,,70.34312056,,_Z,,A,Normal value,0,Units,2,Two
DATAFLOW,OECD.ELS.SAE:DSD_EARNINGS@MIN2AVE(1.0),Minimum relative to average wages of full-time workers,I,TUR,Türkiye,MR_WG_FT,Minimum relative to average wages of full-time workers,PT_WG_A_SAL_FT,Percentage of average wage of full-time employees,_Z,Not applicable,_Z,Not applicable,MEDIAN,Median,_Z,Not applicable,1974,,71.10127813,,_Z,,A,Normal value,0,Units,2,Two
DATAFLOW,OECD.ELS.SAE:DSD_EARNINGS@MIN2AVE(1.0),Minimum relative to average wages of full-time workers,I,TUR,Türkiye,MR_WG_FT,Minimum relative to average wages of full-time workers,PT_WG_A_SAL_FT,Percentage of average wage of full-time employees,_Z,Not applicable,_Z,Not applicable,MEDIAN,Median,_Z,Not applicable,1975,,66.96899575,,_Z,,A,Normal value,0,Units,2,Two
DATAFLOW,OECD.ELS.SAE:DSD_EARNINGS@MIN2AVE(1.0),Minimum relative to average wages of full-time workers,I,TUR,Türkiye,MR_WG_FT,Minimum relative to average wages of full-time workers,PT_WG_A_SAL_FT,Percentage of average wage of full-time employees,_Z,Not applicable,_Z,Not applicable,MEDIAN,Median,_Z,Not applicable,1976,,63.90260949,,_Z,,A,Normal value,0,Units,2,Two
DATAFLOW,OECD.ELS.SAE:DSD_EARNINGS@MIN2AVE(1.0),Minimum relative to average wages of full-time workers,I,TUR,Türkiye,MR_WG_FT,Minimum relative to average wages of full-time workers,PT_WG_A_SAL_FT,Percentage of average wage of full-time employees,_Z,Not applicable,_Z,Not applicable,MEDIAN,Median,_Z,Not applicable,1977,,57.50431721,,_Z,,A,Normal value,0,Units,2,Two
DATAFLOW,OECD.ELS.SAE:DSD_EARNINGS@MIN2AVE(1.0),Minimum relative to average wages of full-time workers,I,TUR,Türkiye,MR_WG_FT,Minimum relative to average wages of full-time workers,PT_WG_A_SAL_FT,Percentage of average wage of full-time employees,_Z,Not applicable,_Z,Not applicable,MEDIAN,Median,_Z,Not applicable,1978,,69.60362,,_Z,,A,Normal value,0,Units,2,Two
DATAFLOW,OECD.ELS.SAE:DSD_EARNINGS@MIN2AVE(1.0),Minimum relative to average wages of full-time workers,I,TUR,Türkiye,MR_WG_FT,Minimum relative to average wages of full-time workers,PT_WG_A_SAL_FT,Percentage of average wage of full-time employees,_Z,Not applicable,_Z,Not applicable,MEDIAN,Median,_Z,Not applicable,1979,,63.39529993,,_Z,,A,Normal value,0,Units,2,Two
DATAFLOW,OECD.ELS.SAE:DSD_EARNINGS@MIN2AVE(1.0),Minimum relative to average wages of full-time workers,I,TUR,Türkiye,MR_WG_FT,Minimum relative to average wages of full-time workers,PT_WG_A_SAL_FT,Percentage of average wage of full-time employees,_Z,Not applicable,_Z,Not applicable,MEDIAN,Median,_Z,Not applicable,1980,,47.4244565,,_Z,,A,Normal value,0,Units,2,Two
DATAFLOW,OECD.ELS.SAE:DSD_EARNINGS@MIN2AVE(1.0),Minimum relative to average wages of full-time workers,I,TUR,Türkiye,MR_WG_FT,Minimum relative to average wages of full-time workers,PT_WG_A_SAL_FT,Percentage of average wage of full-time employees,_Z,Not applicable,_Z,Not applicable,MEDIAN,Median,_Z,Not applicable,1981,,50.16472092,,_Z,,A,Normal value,0,Units,2,Two
DATAFLOW,OECD.ELS.SAE:DSD_EARNINGS@MIN2AVE(1.0),Minimum relative to average wages of full-time workers,I,TUR,Türkiye,MR_WG_FT,Minimum relative to average wages of full-time workers,PT_WG_A_SAL_FT,Percentage of average wage of full-time employees,_Z,Not applicable,_Z,Not applicable,MEDIAN,Median,_Z,Not applicable,1982,,44.01320939,,_Z,,A,Normal value,0,Units,2,Two
DATAFLOW,OECD.ELS.SAE:DSD_EARNINGS@MIN2AVE(1.0),Minimum relative to average wages of full-time workers,I,TUR,Türkiye,MR_WG_FT,Minimum relative to average wages of full-time workers,PT_WG_A_SAL_FT,Percentage of average wage of full-time employees,_Z,Not applicable,_Z,Not applicable,MEDIAN,Median,_Z,Not applicable,1983,,51.34723941,,_Z,,A,Normal value,0,Units,2,Two
DATAFLOW,OECD.ELS.SAE:DSD_EARNINGS@MIN2AVE(1.0),Minimum relative to average wages of full-time workers,I,TUR,Türkiye,MR_WG_FT,Minimum relative to average wages of full-time workers,PT_WG_A_SAL_FT,Percentage of average wage of full-time employees,_Z,Not applicable,_Z,Not applicable,MEDIAN,Median,_Z,Not applicable,1984,,52.07194558,,_Z,,A,Normal value,0,Units,2,Two
DATAFLOW,OECD.ELS.SAE:DSD_EARNINGS@MIN2AVE(1.0),Minimum relative to average wages of full-time workers,I,TUR,Türkiye,MR_WG_FT,Minimum relative to average wages of full-time workers,PT_WG_A_SAL_FT,Percentage of average wage of full-time employees,_Z,Not applicable,_Z,Not applicable,MEDIAN,Median,_Z,Not applicable,1985,,47.98156345,,_Z,,A,Normal value,0,Units,2,Two
DATAFLOW,OECD.ELS.SAE:DSD_EARNINGS@MIN2AVE(1.0),Minimum relative to average wages of full-time workers,I,TUR,Türkiye,MR_WG_FT,Minimum relative to average wages of full-time workers,PT_WG_A_SAL_FT,Percentage of average wage of full-time employees,_Z,Not applicable,_Z,Not applicable,MEDIAN,Median,_Z,Not applicable,1986,,51.63332142,,_Z,,A,Normal value,0,Units,2,Two
DATAFLOW,OECD.ELS.SAE:DSD_EARNINGS@MIN2AVE(1.0),Minimum relative to average wages of full-time workers,I,TUR,Türkiye,MR_WG_FT,Minimum relative to average wages of full-time workers,PT_WG_A_SAL_FT,Percentage of average wage of full-time employees,_Z,Not applicable,_Z,Not applicable,MEDIAN,Median,_Z,Not applicable,1987,,48.96428103,,_Z,,A,Normal value,0,Units,2,Two
DATAFLOW,OECD.ELS.SAE:DSD_EARNINGS@MIN2AVE(1.0),Minimum relative to average wages of full-time workers,I,TUR,Türkiye,MR_WG_FT,Minimum relative to average wages of full-time workers,PT_WG_A_SAL_FT,Percentage of average wage of full-time employees,_Z,Not applicable,_Z,Not applicable,MEDIAN,Median,_Z,Not applicable,1988,,52.14888867,,_Z,,A,Normal value,0,Units,2,Two
DATAFLOW,OECD.ELS.SAE:DSD_EARNINGS@MIN2AVE(1.0),Minimum relative to average wages of full-time workers,I,TUR,Türkiye,MR_WG_FT,Minimum relative to average wages of full-time workers,PT_WG_A_SAL_FT,Percentage of average wage of full-time employees,_Z,Not applicable,_Z,Not applicable,MEDIAN,Median,_Z,Not applicable,1989,,38.71561273,,_Z,,A,Normal value,0,Units,2,Two
DATAFLOW,OECD.ELS.SAE:DSD_EARNINGS@MIN2AVE(1.0),Minimum relative to average wages of full-time workers,I,TUR,Türkiye,MR_WG_FT,Minimum relative to average wages of full-time workers,PT_WG_A_SAL_FT,Percentage of average wage of full-time employees,_Z,Not applicable,_Z,Not applicable,MEDIAN,Median,_Z,Not applicable,1990,,37.22458676,,_Z,,A,Normal value,0,Units,2,Two
DATAFLOW,OECD.ELS.SAE:DSD_EARNINGS@MIN2AVE(1.0),Minimum relative to average wages of full-time workers,I,TUR,Türkiye,MR_WG_FT,Minimum relative to average wages of full-time workers,PT_WG_A_SAL_FT,Percentage of average wage of full-time employees,_Z,Not applicable,_Z,Not applicable,MEDIAN,Median,_Z,Not applicable,1991,,30.72943252,,_Z,,A,Normal value,0,Units,2,Two
DATAFLOW,OECD.ELS.SAE:DSD_EARNINGS@MIN2AVE(1.0),Minimum relative to average wages of full-time workers,I,TUR,Türkiye,MR_WG_FT,Minimum relative to average wages of full-time workers,PT_WG_A_SAL_FT,Percentage of average wage of full-time employees,_Z,Not applicable,_Z,Not applicable,MEDIAN,Median,_Z,Not applicable,1992,,33.30252692,,_Z,,A,Normal value,0,Units,2,Two
DATAFLOW,OECD.ELS.SAE:DSD_EARNINGS@MIN2AVE(1.0),Minimum relative to average wages of full-time workers,I,TUR,Türkiye,MR_WG_FT,Minimum relative to average wages of full-time workers,PT_WG_A_SAL_FT,Percentage of average wage of full-time employees,_Z,Not applicable,_Z,Not applicable,MEDIAN,Median,_Z,Not applicable,1993,,34.76938267,,_Z,,A,Normal value,0,Units,2,Two
DATAFLOW,OECD.ELS.SAE:DSD_EARNINGS@MIN2AVE(1.0),Minimum relative to average wages of full-time workers,I,TUR,Türkiye,MR_WG_FT,Minimum relative to average wages of full-time workers,PT_WG_A_SAL_FT,Percentage of average wage of full-time employees,_Z,Not applicable,_Z,Not applicable,MEDIAN,Median,_Z,Not applicable,1994,,35.17813584,,_Z,,A,Normal value,0,Units,2,Two
DATAFLOW,OECD.ELS.SAE:DSD_EARNINGS@MIN2AVE(1.0),Minimum relative to average wages of full-time workers,I,TUR,Türkiye,MR_WG_FT,Minimum relative to average wages of full-time workers,PT_WG_A_SAL_FT,Percentage of average wage of full-time employees,_Z,Not applicable,_Z,Not applicable,MEDIAN,Median,_Z,Not applicable,1995,,38.64892709,,_Z,,A,Normal value,0,Units,2,Two
DATAFLOW,OECD.ELS.SAE:DSD_EARNINGS@MIN2AVE(1.0),Minimum relative to average wages of full-time workers,I,TUR,Türkiye,MR_WG_FT,Minimum relative to average wages of full-time workers,PT_WG_A_SAL_FT,Percentage of average wage of full-time employees,_Z,Not applicable,_Z,Not applicable,MEDIAN,Median,_Z,Not applicable,1996,,47.25866358,,_Z,,A,Normal value,0,Units,2,Two
DATAFLOW,OECD.ELS.SAE:DSD_EARNINGS@MIN2AVE(1.0),Minimum relative to average wages of full-time workers,I,TUR,Türkiye,MR_WG_FT,Minimum relative to average wages of full-time workers,PT_WG_A_SAL_FT,Percentage of average wage of full-time employees,_Z,Not applicable,_Z,Not applicable,MEDIAN,Median,_Z,Not applicable,1997,,51.43403873,,_Z,,A,Normal value,0,Units,2,Two
DATAFLOW,OECD.ELS.SAE:DSD_EARNINGS@MIN2AVE(1.0),Minimum relative to average wages of full-time workers,I,TUR,Türkiye,MR_WG_FT,Minimum relative to average wages of full-time workers,PT_WG_A_SAL_FT,Percentage of average wage of full-time employees,_Z,Not applicable,_Z,Not applicable,MEDIAN,Median,_Z,Not applicable,1998,,45.74596437,,_Z,,A,Normal value,0,Units,2,Two
DATAFLOW,OECD.ELS.SAE:DSD_EARNINGS@MIN2AVE(1.0),Minimum relative to average wages of full-time workers,I,TUR,Türkiye,MR_WG_FT,Minimum relative to average wages of full-time workers,PT_WG_A_SAL_FT,Percentage of average wage of full-time employees,_Z,Not applicable,_Z,Not applicable,MEDIAN,Median,_Z,Not applicable,1999,,54.14159011,,_Z,,A,Normal value,0,Units,2,Two
DATAFLOW,OECD.ELS.SAE:DSD_EARNINGS@MIN2AVE(1.0),Minimum relative to average wages of full-time workers,I,TUR,Türkiye,MR_WG_FT,Minimum relative to average wages of full-time workers,PT_WG_A_SAL_FT,Percentage of average wage of full-time employees,_Z,Not applicable,_Z,Not applicable,MEDIAN,Median,_Z,Not applicable,2000,,45.81128514,,_Z,,A,Normal value,0,Units,2,Two
DATAFLOW,OECD.ELS.SAE:DSD_EARNINGS@MIN2AVE(1.0),Minimum relative to average wages of full-time workers,I,TUR,Türkiye,MR_WG_FT,Minimum relative to average wages of full-time workers,PT_WG_A_SAL_FT,Percentage of average wage of full-time employees,_Z,Not applicable,_Z,Not applicable,MEDIAN,Median,_Z,Not applicable,2001,,46.01984057,,_Z,,A,Normal value,0,Units,2,Two
DATAFLOW,OECD.ELS.SAE:DSD_EARNINGS@MIN2AVE(1.0),Minimum relative to average wages of full-time workers,I,TUR,Türkiye,MR_WG_FT,Minimum relative to average wages of full-time workers,PT_WG_A_SAL_FT,Percentage of average wage of full-time employees,_Z,Not applicable,_Z,Not applicable,MEDIAN,Median,_Z,Not applicable,2002,,53.23876587,,_Z,,A,Normal value,0,Units,2,Two
DATAFLOW,OECD.ELS.SAE:DSD_EARNINGS@MIN2AVE(1.0),Minimum relative to average wages of full-time workers,I,TUR,Türkiye,MR_WG_FT,Minimum relative to average wages of full-time workers,PT_WG_A_SAL_FT,Percentage of average wage of full-time employees,_Z,Not applicable,_Z,Not applicable,MEDIAN,Median,_Z,Not applicable,2003,,58.58348791,,_Z,,A,Normal value,0,Units,2,Two
DATAFLOW,OECD.ELS.SAE:DSD_EARNINGS@MIN2AVE(1.0),Minimum relative to average wages of full-time workers,I,TUR,Türkiye,MR_WG_FT,Minimum relative to average wages of full-time workers,PT_WG_A_SAL_FT,Percentage of average wage of full-time employees,_Z,Not applicable,_Z,Not applicable,MEDIAN,Median,_Z,Not applicable,2004,,74.02188518,,_Z,,A,Normal value,0,Units,2,Two
DATAFLOW,OECD.ELS.SAE:DSD_EARNINGS@MIN2AVE(1.0),Minimum relative to average wages of full-time workers,I,TUR,Türkiye,MR_WG_FT,Minimum relative to average wages of full-time workers,PT_WG_A_SAL_FT,Percentage of average wage of full-time employees,_Z,Not applicable,_Z,Not applicable,MEDIAN,Median,_Z,Not applicable,2005,,74.44675405,,_Z,,A,Normal value,0,Units,2,Two
DATAFLOW,OECD.ELS.SAE:DSD_EARNINGS@MIN2AVE(1.0),Minimum relative to average wages of full-time workers,I,TUR,Türkiye,MR_WG_FT,Minimum relative to average wages of full-time workers,PT_WG_A_SAL_FT,Percentage of average wage of full-time employees,_Z,Not applicable,_Z,Not applicable,MEDIAN,Median,_Z,Not applicable,2006,,72.53685469,,_Z,,A,Normal value,0,Units,2,Two
DATAFLOW,OECD.ELS.SAE:DSD_EARNINGS@MIN2AVE(1.0),Minimum relative to average wages of full-time workers,I,TUR,Türkiye,MR_WG_FT,Minimum relative to average wages of full-time workers,PT_WG_A_SAL_FT,Percentage of average wage of full-time employees,_Z,Not applicable,_Z,Not applicable,MEDIAN,Median,_Z,Not applicable,2007,,71.54194645,,_Z,,A,Normal value,0,Units,2,Two
DATAFLOW,OECD.ELS.SAE:DSD_EARNINGS@MIN2AVE(1.0),Minimum relative to average wages of full-time workers,I,TUR,Türkiye,MR_WG_FT,Minimum relative to average wages of full-time workers,PT_WG_A_SAL_FT,Percentage of average wage of full-time employees,_Z,Not applicable,_Z,Not applicable,MEDIAN,Median,_Z,Not applicable,2008,,70.90626816,,_Z,,A,Normal value,0,Units,2,Two
DATAFLOW,OECD.ELS.SAE:DSD_EARNINGS@MIN2AVE(1.0),Minimum relative to average wages of full-time workers,I,TUR,Türkiye,MR_WG_FT,Minimum relative to average wages of full-time workers,PT_WG_A_SAL_FT,Percentage of average wage of full-time employees,_Z,Not applicable,_Z,Not applicable,MEDIAN,Median,_Z,Not applicable,2009,,71.26704471,,_Z,,A,Normal value,0,Units,2,Two
DATAFLOW,OECD.ELS.SAE:DSD_EARNINGS@MIN2AVE(1.0),Minimum relative to average wages of full-time workers,I,TUR,Türkiye,MR_WG_FT,Minimum relative to average wages of full-time workers,PT_WG_A_SAL_FT,Percentage of average wage of full-time employees,_Z,Not applicable,_Z,Not applicable,MEDIAN,Median,_Z,Not applicable,2010,,69.77419612,,_Z,,A,Normal value,0,Units,2,Two
DATAFLOW,OECD.ELS.SAE:DSD_EARNINGS@MIN2AVE(1.0),Minimum relative to average wages of full-time workers,I,TUR,Türkiye,MR_WG_FT,Minimum relative to average wages of full-time workers,PT_WG_A_SAL_FT,Percentage of average wage of full-time employees,_Z,Not applicable,_Z,Not applicable,MEDIAN,Median,_Z,Not applicable,2011,,71.37409614,,_Z,,A,Normal value,0,Units,2,Two
DATAFLOW,OECD.ELS.SAE:DSD_EARNINGS@MIN2AVE(1.0),Minimum relative to average wages of full-time workers,I,TUR,Türkiye,MR_WG_FT,Minimum relative to average wages of full-time workers,PT_WG_A_SAL_FT,Percentage of average wage of full-time employees,_Z,Not applicable,_Z,Not applicable,MEDIAN,Median,_Z,Not applicable,2012,,72.93995249,,_Z,,A,Normal value,0,Units,2,Two
DATAFLOW,OECD.ELS.SAE:DSD_EARNINGS@MIN2AVE(1.0),Minimum relative to average wages of full-time workers,I,TUR,Türkiye,MR_WG_FT,Minimum relative to average wages of full-time workers,PT_WG_A_SAL_FT,Percentage of average wage of full-time employees,_Z,Not applicable,_Z,Not applicable,MEDIAN,Median,_Z,Not applicable,2013,,72.22211379,,_Z,,A,Normal value,0,Units,2,Two
DATAFLOW,OECD.ELS.SAE:DSD_EARNINGS@MIN2AVE(1.0),Minimum relative to average wages of full-time workers,I,TUR,Türkiye,MR_WG_FT,Minimum relative to average wages of full-time workers,PT_WG_A_SAL_FT,Percentage of average wage of full-time employees,_Z,Not applicable,_Z,Not applicable,MEDIAN,Median,_Z,Not applicable,2014,,68.96109562,,_Z,,A,Normal value,0,Units,2,Two
DATAFLOW,OECD.ELS.SAE:DSD_EARNINGS@MIN2AVE(1.0),Minimum relative to average wages of full-time workers,I,TUR,Türkiye,MR_WG_FT,Minimum relative to average wages of full-time workers,PT_WG_A_SAL_FT,Percentage of average wage of full-time employees,_Z,Not applicable,_Z,Not applicable,MEDIAN,Median,_Z,Not applicable,2015,,69.91902153,,_Z,,A,Normal value,0,Units,2,Two
DATAFLOW,OECD.ELS.SAE:DSD_EARNINGS@MIN2AVE(1.0),Minimum relative to average wages of full-time workers,I,TUR,Türkiye,MR_WG_FT,Minimum relative to average wages of full-time workers,PT_WG_A_SAL_FT,Percentage of average wage of full-time employees,_Z,Not applicable,_Z,Not applicable,MEDIAN,Median,_Z,Not applicable,2016,,74.92955162,,_Z,,A,Normal value,0,Units,2,Two
DATAFLOW,OECD.ELS.SAE:DSD_EARNINGS@MIN2AVE(1.0),Minimum relative to average wages of full-time workers,I,TUR,Türkiye,MR_WG_FT,Minimum relative to average wages of full-time workers,PT_WG_A_SAL_FT,Percentage of average wage of full-time employees,_Z,Not applicable,_Z,Not applicable,MEDIAN,Median,_Z,Not applicable,2017,,71.32277079,,_Z,,A,Normal value,0,Units,2,Two
DATAFLOW,OECD.ELS.SAE:DSD_EARNINGS@MIN2AVE(1.0),Minimum relative to average wages of full-time workers,I,TUR,Türkiye,MR_WG_FT,Minimum relative to average wages of full-time workers,PT_WG_A_SAL_FT,Percentage of average wage of full-time employees,_Z,Not applicable,_Z,Not applicable,MEDIAN,Median,_Z,Not applicable,2018,,70.98058243,,_Z,,A,Normal value,0,Units,2,Two
DATAFLOW,OECD.ELS.SAE:DSD_EARNINGS@MIN2AVE(1.0),Minimum relative to average wages of full-time workers,I,TUR,Türkiye,MR_WG_FT,Minimum relative to average wages of full-time workers,PT_WG_A_SAL_FT,Percentage of average wage of full-time employees,_Z,Not applicable,_Z,Not applicable,MEDIAN,Median,_Z,Not applicable,2019,,70.97113281,,_Z,,A,Normal value,0,Units,2,Two
DATAFLOW,OECD.ELS.SAE:DSD_EARNINGS@MIN2AVE(1.0),Minimum relative to average wages of full-time workers,I,TUR,Türkiye,MR_WG_FT,Minimum relative to average wages of full-time workers,PT_WG_A_SAL_FT,Percentage of average wage of full-time employees,_Z,Not applicable,_Z,Not applicable,MEDIAN,Median,_Z,Not applicable,2020,,69.10247754,,_Z,,A,Normal value,0,Units,2,Two
DATAFLOW,OECD.ELS.SAE:DSD_EARNINGS@MIN2AVE(1.0),Minimum relative to average wages of full-time workers,I,TUR,Türkiye,MR_WG_FT,Minimum relative to average wages of full-time workers,PT_WG_A_SAL_FT,Percentage of average wage of full-time employees,_Z,Not applicable,_Z,Not applicable,MEDIAN,Median,_Z,Not applicable,2021,,70.41841679,,_Z,,A,Normal value,0,Units,2,Two
DATAFLOW,OECD.ELS.SAE:DSD_EARNINGS@MIN2AVE(1.0),Minimum relative to average wages of full-time workers,I,TUR,Türkiye,MR_WG_FT,Minimum relative to average wages of full-time workers,PT_WG_A_SAL_FT,Percentage of average wage of full-time employees,_Z,Not applicable,_Z,Not applicable,MEDIAN,Median,_Z,Not applicable,2022,,70.20107484,,_Z,,A,Normal value,0,Units,2,Two
DATAFLOW,OECD.ELS.SAE:DSD_EARNINGS@MIN2AVE(1.0),Minimum relative to average wages of full-time workers,I,TUR,Türkiye,MR_WG_FT,Minimum relative to average wages of full-time workers,PT_WG_A_SAL_FT,Percentage of average wage of full-time employees,_Z,Not applicable,_Z,Not applicable,MEDIAN,Median,_Z,Not applicable,2023,,64.34493939,,_Z,,A,Normal value,0,Units,2,Two
DATAFLOW,OECD.ELS.SAE:DSD_EARNINGS@MIN2AVE(1.0),Minimum relative to average wages of full-time workers,I,TUR,Türkiye,MR_WG_FT,Minimum relative to average wages of full-time workers,PT_WG_A_SAL_FT,Percentage of average wage of full-time employees,_Z,Not applicable,_Z,Not applicable,MEDIAN,Median,_Z,Not applicable,2024,,56.27630483,,_Z,,A,Normal value,0,Units,2,Two
DATAFLOW,OECD.ELS.SAE:DSD_EARNINGS@MIN2AVE(1.0),Minimum relative to average wages of full-time workers,I,GBR,United Kingdom,MR_WG_FT,Minimum relative to average wages of full-time workers,PT_WG_A_SAL_FT,Percentage of average wage of full-time employees,_Z,Not applicable,_Z,Not applicable,MEDIAN,Median,_Z,Not applicable,2000,,40.86265607,,_Z,,A,Normal value,0,Units,2,Two
DATAFLOW,OECD.ELS.SAE:DSD_EARNINGS@MIN2AVE(1.0),Minimum relative to average wages of full-time workers,I,GBR,United Kingdom,MR_WG_FT,Minimum relative to average wages of full-time workers,PT_WG_A_SAL_FT,Percentage of average wage of full-time employees,_Z,Not applicable,_Z,Not applicable,MEDIAN,Median,_Z,Not applicable,2001,,40.17372421,,_Z,,A,Normal value,0,Units,2,Two
DATAFLOW,OECD.ELS.SAE:DSD_EARNINGS@MIN2AVE(1.0),Minimum relative to average wages of full-time workers,I,GBR,United Kingdom,MR_WG_FT,Minimum relative to average wages of full-time workers,PT_WG_A_SAL_FT,Percentage of average wage of full-time employees,_Z,Not applicable,_Z,Not applicable,MEDIAN,Median,_Z,Not applicable,2002,,42.57528557,,_Z,,A,Normal value,0,Units,2,Two
DATAFLOW,OECD.ELS.SAE:DSD_EARNINGS@MIN2AVE(1.0),Minimum relative to average wages of full-time workers,I,GBR,United Kingdom,MR_WG_FT,Minimum relative to average wages of full-time workers,PT_WG_A_SAL_FT,Percentage of average wage of full-time employees,_Z,Not applicable,_Z,Not applicable,MEDIAN,Median,_Z,Not applicable,2003,,42.1686747,,_Z,,A,Normal value,0,Units,2,Two
DATAFLOW,OECD.ELS.SAE:DSD_EARNINGS@MIN2AVE(1.0),Minimum relative to average wages of full-time workers,I,GBR,United Kingdom,MR_WG_FT,Minimum relative to average wages of full-time workers,PT_WG_A_SAL_FT,Percentage of average wage of full-time employees,_Z,Not applicable,_Z,Not applicable,MEDIAN,Median,_Z,Not applicable,2004,,43.10344828,,_Z,,A,Normal value,0,Units,2,Two
DATAFLOW,OECD.ELS.SAE:DSD_EARNINGS@MIN2AVE(1.0),Minimum relative to average wages of full-time workers,I,GBR,United Kingdom,MR_WG_FT,Minimum relative to average wages of full-time workers,PT_WG_A_SAL_FT,Percentage of average wage of full-time employees,_Z,Not applicable,_Z,Not applicable,MEDIAN,Median,_Z,Not applicable,2005,,45.03249768,,_Z,,A,Normal value,0,Units,2,Two
DATAFLOW,OECD.ELS.SAE:DSD_EARNINGS@MIN2AVE(1.0),Minimum relative to average wages of full-time workers,I,GBR,United Kingdom,MR_WG_FT,Minimum relative to average wages of full-time workers,PT_WG_A_SAL_FT,Percentage of average wage of full-time employees,_Z,Not applicable,_Z,Not applicable,MEDIAN,Median,_Z,Not applicable,2006,,45.41366906,,_Z,,A,Normal value,0,Units,2,Two
DATAFLOW,OECD.ELS.SAE:DSD_EARNINGS@MIN2AVE(1.0),Minimum relative to average wages of full-time workers,I,GBR,United Kingdom,MR_WG_FT,Minimum relative to average wages of full-time workers,PT_WG_A_SAL_FT,Percentage of average wage of full-time employees,_Z,Not applicable,_Z,Not applicable,MEDIAN,Median,_Z,Not applicable,2007,,46.64341761,,_Z,,A,Normal value,0,Units,2,Two
DATAFLOW,OECD.ELS.SAE:DSD_EARNINGS@MIN2AVE(1.0),Minimum relative to average wages of full-time workers,I,GBR,United Kingdom,MR_WG_FT,Minimum relative to average wages of full-time workers,PT_WG_A_SAL_FT,Percentage of average wage of full-time employees,_Z,Not applicable,_Z,Not applicable,MEDIAN,Median,_Z,Not applicable,2008,,46.07679466,,_Z,,A,Normal value,0,Units,2,Two
DATAFLOW,OECD.ELS.SAE:DSD_EARNINGS@MIN2AVE(1.0),Minimum relative to average wages of full-time workers,I,GBR,United Kingdom,MR_WG_FT,Minimum relative to average wages of full-time workers,PT_WG_A_SAL_FT,Percentage of average wage of full-time employees,_Z,Not applicable,_Z,Not applicable,MEDIAN,Median,_Z,Not applicable,2009,,46.1352657,,_Z,,A,Normal value,0,Units,2,Two
DATAFLOW,OECD.ELS.SAE:DSD_EARNINGS@MIN2AVE(1.0),Minimum relative to average wages of full-time workers,I,GBR,United Kingdom,MR_WG_FT,Minimum relative to average wages of full-time workers,PT_WG_A_SAL_FT,Percentage of average wage of full-time employees,_Z,Not applicable,_Z,Not applicable,MEDIAN,Median,_Z,Not applicable,2010,,46.141607,,_Z,,A,Normal value,0,Units,2,Two
DATAFLOW,OECD.ELS.SAE:DSD_EARNINGS@MIN2AVE(1.0),Minimum relative to average wages of full-time workers,I,GBR,United Kingdom,MR_WG_FT,Minimum relative to average wages of full-time workers,PT_WG_A_SAL_FT,Percentage of average wage of full-time employees,_Z,Not applicable,_Z,Not applicable,MEDIAN,Median,_Z,Not applicable,2011,,46.91455696,,_Z,,A,Normal value,0,Units,2,Two
DATAFLOW,OECD.ELS.SAE:DSD_EARNINGS@MIN2AVE(1.0),Minimum relative to average wages of full-time workers,I,GBR,United Kingdom,MR_WG_FT,Minimum relative to average wages of full-time workers,PT_WG_A_SAL_FT,Percentage of average wage of full-time employees,_Z,Not applicable,_Z,Not applicable,MEDIAN,Median,_Z,Not applicable,2012,,47.38893219,,_Z,,A,Normal value,0,Units,2,Two
DATAFLOW,OECD.ELS.SAE:DSD_EARNINGS@MIN2AVE(1.0),Minimum relative to average wages of full-time workers,I,GBR,United Kingdom,MR_WG_FT,Minimum relative to average wages of full-time workers,PT_WG_A_SAL_FT,Percentage of average wage of full-time employees,_Z,Not applicable,_Z,Not applicable,MEDIAN,Median,_Z,Not applicable,2013,,47.14394516,,_Z,,A,Normal value,0,Units,2,Two
DATAFLOW,OECD.ELS.SAE:DSD_EARNINGS@MIN2AVE(1.0),Minimum relative to average wages of full-time workers,I,GBR,United Kingdom,MR_WG_FT,Minimum relative to average wages of full-time workers,PT_WG_A_SAL_FT,Percentage of average wage of full-time employees,_Z,Not applicable,_Z,Not applicable,MEDIAN,Median,_Z,Not applicable,2014,,47.94832827,,_Z,,A,Normal value,0,Units,2,Two
DATAFLOW,OECD.ELS.SAE:DSD_EARNINGS@MIN2AVE(1.0),Minimum relative to average wages of full-time workers,I,GBR,United Kingdom,MR_WG_FT,Minimum relative to average wages of full-time workers,PT_WG_A_SAL_FT,Percentage of average wage of full-time employees,_Z,Not applicable,_Z,Not applicable,MEDIAN,Median,_Z,Not applicable,2015,,48.68913858,,_Z,,A,Normal value,0,Units,2,Two
DATAFLOW,OECD.ELS.SAE:DSD_EARNINGS@MIN2AVE(1.0),Minimum relative to average wages of full-time workers,I,GBR,United Kingdom,MR_WG_FT,Minimum relative to average wages of full-time workers,PT_WG_A_SAL_FT,Percentage of average wage of full-time employees,_Z,Not applicable,_Z,Not applicable,MEDIAN,Median,_Z,Not applicable,2016,,52.70863836,,_Z,,A,Normal value,0,Units,2,Two
DATAFLOW,OECD.ELS.SAE:DSD_EARNINGS@MIN2AVE(1.0),Minimum relative to average wages of full-time workers,I,GBR,United Kingdom,MR_WG_FT,Minimum relative to average wages of full-time workers,PT_WG_A_SAL_FT,Percentage of average wage of full-time employees,_Z,Not applicable,_Z,Not applicable,MEDIAN,Median,_Z,Not applicable,2017,,53.57142857,,_Z,,A,Normal value,0,Units,2,Two
DATAFLOW,OECD.ELS.SAE:DSD_EARNINGS@MIN2AVE(1.0),Minimum relative to average wages of full-time workers,I,GBR,United Kingdom,MR_WG_FT,Minimum relative to average wages of full-time workers,PT_WG_A_SAL_FT,Percentage of average wage of full-time employees,_Z,Not applicable,_Z,Not applicable,MEDIAN,Median,_Z,Not applicable,2018,,54.48851775,,_Z,,A,Normal value,0,Units,2,Two
DATAFLOW,OECD.ELS.SAE:DSD_EARNINGS@MIN2AVE(1.0),Minimum relative to average wages of full-time workers,I,GBR,United Kingdom,MR_WG_FT,Minimum relative to average wages of full-time workers,PT_WG_A_SAL_FT,Percentage of average wage of full-time employees,_Z,Not applicable,_Z,Not applicable,MEDIAN,Median,_Z,Not applicable,2019,,55.10067114,,_Z,,A,Normal value,0,Units,2,Two
DATAFLOW,OECD.ELS.SAE:DSD_EARNINGS@MIN2AVE(1.0),Minimum relative to average wages of full-time workers,I,GBR,United Kingdom,MR_WG_FT,Minimum relative to average wages of full-time workers,PT_WG_A_SAL_FT,Percentage of average wage of full-time employees,_Z,Not applicable,_Z,Not applicable,MEDIAN,Median,_Z,Not applicable,2020,,57.55775578,,_Z,,A,Normal value,0,Units,2,Two
DATAFLOW,OECD.ELS.SAE:DSD_EARNINGS@MIN2AVE(1.0),Minimum relative to average wages of full-time workers,I,GBR,United Kingdom,MR_WG_FT,Minimum relative to average wages of full-time workers,PT_WG_A_SAL_FT,Percentage of average wage of full-time employees,_Z,Not applicable,_Z,Not applicable,MEDIAN,Median,_Z,Not applicable,2021,,56.96930946,,_Z,,A,Normal value,0,Units,2,Two
DATAFLOW,OECD.ELS.SAE:DSD_EARNINGS@MIN2AVE(1.0),Minimum relative to average wages of full-time workers,I,GBR,United Kingdom,MR_WG_FT,Minimum relative to average wages of full-time workers,PT_WG_A_SAL_FT,Percentage of average wage of full-time employees,_Z,Not applicable,_Z,Not applicable,MEDIAN,Median,_Z,Not applicable,2022,,57.92682927,,_Z,,A,Normal value,0,Units,2,Two
DATAFLOW,OECD.ELS.SAE:DSD_EARNINGS@MIN2AVE(1.0),Minimum relative to average wages of full-time workers,I,GBR,United Kingdom,MR_WG_FT,Minimum relative to average wages of full-time workers,PT_WG_A_SAL_FT,Percentage of average wage of full-time employees,_Z,Not applicable,_Z,Not applicable,MEDIAN,Median,_Z,Not applicable,2023,,59.20454545,,_Z,,A,Normal value,0,Units,2,Two
DATAFLOW,OECD.ELS.SAE:DSD_EARNINGS@MIN2AVE(1.0),Minimum relative to average wages of full-time workers,I,GBR,United Kingdom,MR_WG_FT,Minimum relative to average wages of full-time workers,PT_WG_A_SAL_FT,Percentage of average wage of full-time employees,_Z,Not applicable,_Z,Not applicable,MEDIAN,Median,_Z,Not applicable,2024,,61.11111111,,_Z,,A,Normal value,0,Units,2,Two
DATAFLOW,OECD.ELS.SAE:DSD_EARNINGS@MIN2AVE(1.0),Minimum relative to average wages of full-time workers,I,BGR,Bulgaria,MR_WG_FT,Minimum relative to average wages of full-time workers,PT_WG_A_SAL_FT,Percentage of average wage of full-time employees,_Z,Not applicable,_Z,Not applicable,MEDIAN,Median,_Z,Not applicable,2006,,54.5,,_Z,,A,Normal value,0,Units,2,Two
DATAFLOW,OECD.ELS.SAE:DSD_EARNINGS@MIN2AVE(1.0),Minimum relative to average wages of full-time workers,I,BGR,Bulgaria,MR_WG_FT,Minimum relative to average wages of full-time workers,PT_WG_A_SAL_FT,Percentage of average wage of full-time employees,_Z,Not applicable,_Z,Not applicable,MEDIAN,Median,_Z,Not applicable,2014,,55.5,,_Z,,A,Normal value,0,Units,2,Two
DATAFLOW,OECD.ELS.SAE:DSD_EARNINGS@MIN2AVE(1.0),Minimum relative to average wages of full-time workers,I,BGR,Bulgaria,MR_WG_FT,Minimum relative to average wages of full-time workers,PT_WG_A_SAL_FT,Percentage of average wage of full-time employees,_Z,Not applicable,_Z,Not applicable,MEDIAN,Median,_Z,Not applicable,2018,,57.3105185,,_Z,,A,Normal value,0,Units,2,Two
DATAFLOW,OECD.ELS.SAE:DSD_EARNINGS@MIN2AVE(1.0),Minimum relative to average wages of full-time workers,I,BGR,Bulgaria,MR_WG_FT,Minimum relative to average wages of full-time workers,PT_WG_A_SAL_FT,Percentage of average wage of full-time employees,_Z,Not applicable,_Z,Not applicable,MEDIAN,Median,_Z,Not applicable,2019,,57.50001649,,_Z,,A,Normal value,0,Units,2,Two
DATAFLOW,OECD.ELS.SAE:DSD_EARNINGS@MIN2AVE(1.0),Minimum relative to average wages of full-time workers,I,BGR,Bulgaria,MR_WG_FT,Minimum relative to average wages of full-time workers,PT_WG_A_SAL_FT,Percentage of average wage of full-time employees,_Z,Not applicable,_Z,Not applicable,MEDIAN,Median,_Z,Not applicable,2020,,56.15532284,,_Z,,A,Normal value,0,Units,2,Two
DATAFLOW,OECD.ELS.SAE:DSD_EARNINGS@MIN2AVE(1.0),Minimum relative to average wages of full-time workers,I,BGR,Bulgaria,MR_WG_FT,Minimum relative to average wages of full-time workers,PT_WG_A_SAL_FT,Percentage of average wage of full-time employees,_Z,Not applicable,_Z,Not applicable,MEDIAN,Median,_Z,Not applicable,2021,,53.74273278,,_Z,,A,Normal value,0,Units,2,Two
DATAFLOW,OECD.ELS.SAE:DSD_EARNINGS@MIN2AVE(1.0),Minimum relative to average wages of full-time workers,I,BGR,Bulgaria,MR_WG_FT,Minimum relative to average wages of full-time workers,PT_WG_A_SAL_FT,Percentage of average wage of full-time employees,_Z,Not applicable,_Z,Not applicable,MEDIAN,Median,_Z,Not applicable,2022,,51.64060374,,_Z,,A,Normal value,0,Units,2,Two
DATAFLOW,OECD.ELS.SAE:DSD_EARNINGS@MIN2AVE(1.0),Minimum relative to average wages of full-time workers,I,BGR,Bulgaria,MR_WG_FT,Minimum relative to average wages of full-time workers,PT_WG_A_SAL_FT,Percentage of average wage of full-time employees,_Z,Not applicable,_Z,Not applicable,MEDIAN,Median,_Z,Not applicable,2023,,49.5623675,,_Z,,A,Normal value,0,Units,2,Two
DATAFLOW,OECD.ELS.SAE:DSD_EARNINGS@MIN2AVE(1.0),Minimum relative to average wages of full-time workers,I,BGR,Bulgaria,MR_WG_FT,Minimum relative to average wages of full-time workers,PT_WG_A_SAL_FT,Percentage of average wage of full-time employees,_Z,Not applicable,_Z,Not applicable,MEDIAN,Median,_Z,Not applicable,2024,,51.41365891,,_Z,,A,Normal value,0,Units,2,Two
DATAFLOW,OECD.ELS.SAE:DSD_EARNINGS@MIN2AVE(1.0),Minimum relative to average wages of full-time workers,I,HRV,Croatia,MR_WG_FT,Minimum relative to average wages of full-time workers,PT_WG_A_SAL_FT,Percentage of average wage of full-time employees,_Z,Not applicable,_Z,Not applicable,MEDIAN,Median,_Z,Not applicable,2010,,45.38614824,,_Z,,A,Normal value,0,Units,2,Two
DATAFLOW,OECD.ELS.SAE:DSD_EARNINGS@MIN2AVE(1.0),Minimum relative to average wages of full-time workers,I,HRV,Croatia,MR_WG_FT,Minimum relative to average wages of full-time workers,PT_WG_A_SAL_FT,Percentage of average wage of full-time employees,_Z,Not applicable,_Z,Not applicable,MEDIAN,Median,_Z,Not applicable,2014,,44.50611111,,_Z,,A,Normal value,0,Units,2,Two
DATAFLOW,OECD.ELS.SAE:DSD_EARNINGS@MIN2AVE(1.0),Minimum relative to average wages of full-time workers,I,HRV,Croatia,MR_WG_FT,Minimum relative to average wages of full-time workers,PT_WG_A_SAL_FT,Percentage of average wage of full-time employees,_Z,Not applicable,_Z,Not applicable,MEDIAN,Median,_Z,Not applicable,2018,,45.56846307,,_Z,,A,Normal value,0,Units,2,Two
DATAFLOW,OECD.ELS.SAE:DSD_EARNINGS@MIN2AVE(1.0),Minimum relative to average wages of full-time workers,I,HRV,Croatia,MR_WG_FT,Minimum relative to average wages of full-time workers,PT_WG_A_SAL_FT,Percentage of average wage of full-time employees,_Z,Not applicable,_Z,Not applicable,MEDIAN,Median,_Z,Not applicable,2019,,46.20461796,,_Z,,A,Normal value,0,Units,2,Two
DATAFLOW,OECD.ELS.SAE:DSD_EARNINGS@MIN2AVE(1.0),Minimum relative to average wages of full-time workers,I,HRV,Croatia,MR_WG_FT,Minimum relative to average wages of full-time workers,PT_WG_A_SAL_FT,Percentage of average wage of full-time employees,_Z,Not applicable,_Z,Not applicable,MEDIAN,Median,_Z,Not applicable,2020,,45.80103116,,_Z,,A,Normal value,0,Units,2,Two
DATAFLOW,OECD.ELS.SAE:DSD_EARNINGS@MIN2AVE(1.0),Minimum relative to average wages of full-time workers,I,HRV,Croatia,MR_WG_FT,Minimum relative to average wages of full-time workers,PT_WG_A_SAL_FT,Percentage of average wage of full-time employees,_Z,Not applicable,_Z,Not applicable,MEDIAN,Median,_Z,Not applicable,2021,,46.06955002,,_Z,,A,Normal value,0,Units,2,Two
DATAFLOW,OECD.ELS.SAE:DSD_EARNINGS@MIN2AVE(1.0),Minimum relative to average wages of full-time workers,I,HRV,Croatia,MR_WG_FT,Minimum relative to average wages of full-time workers,PT_WG_A_SAL_FT,Percentage of average wage of full-time employees,_Z,Not applicable,_Z,Not applicable,MEDIAN,Median,_Z,Not applicable,2022,,46.61873648,,_Z,,A,Normal value,0,Units,2,Two
DATAFLOW,OECD.ELS.SAE:DSD_EARNINGS@MIN2AVE(1.0),Minimum relative to average wages of full-time workers,I,HRV,Croatia,MR_WG_FT,Minimum relative to average wages of full-time workers,PT_WG_A_SAL_FT,Percentage of average wage of full-time employees,_Z,Not applicable,_Z,Not applicable,MEDIAN,Median,_Z,Not applicable,2023,,45.00247709,,_Z,,A,Normal value,0,Units,2,Two
DATAFLOW,OECD.ELS.SAE:DSD_EARNINGS@MIN2AVE(1.0),Minimum relative to average wages of full-time workers,I,HRV,Croatia,MR_WG_FT,Minimum relative to average wages of full-time workers,PT_WG_A_SAL_FT,Percentage of average wage of full-time employees,_Z,Not applicable,_Z,Not applicable,MEDIAN,Median,_Z,Not applicable,2024,,46.88602448,,_Z,,A,Normal value,0,Units,2,Two
DATAFLOW,OECD.ELS.SAE:DSD_EARNINGS@MIN2AVE(1.0),Minimum relative to average wages of full-time workers,I,ROU,Romania,MR_WG_FT,Minimum relative to average wages of full-time workers,PT_WG_A_SAL_FT,Percentage of average wage of full-time employees,_Z,Not applicable,_Z,Not applicable,MEDIAN,Median,_Z,Not applicable,1960,,41.31070482,,_Z,,A,Normal value,0,Units,2,Two
DATAFLOW,OECD.ELS.SAE:DSD_EARNINGS@MIN2AVE(1.0),Minimum relative to average wages of full-time workers,I,ROU,Romania,MR_WG_FT,Minimum relative to average wages of full-time workers,PT_WG_A_SAL_FT,Percentage of average wage of full-time employees,_Z,Not applicable,_Z,Not applicable,MEDIAN,Median,_Z,Not applicable,1961,,40.2687366,,_Z,,A,Normal value,0,Units,2,Two
DATAFLOW,OECD.ELS.SAE:DSD_EARNINGS@MIN2AVE(1.0),Minimum relative to average wages of full-time workers,I,ROU,Romania,MR_WG_FT,Minimum relative to average wages of full-time workers,PT_WG_A_SAL_FT,Percentage of average wage of full-time employees,_Z,Not applicable,_Z,Not applicable,MEDIAN,Median,_Z,Not applicable,1962,,44.70455153,,_Z,,A,Normal value,0,Units,2,Two
DATAFLOW,OECD.ELS.SAE:DSD_EARNINGS@MIN2AVE(1.0),Minimum relative to average wages of full-time workers,I,ROU,Romania,MR_WG_FT,Minimum relative to average wages of full-time workers,PT_WG_A_SAL_FT,Percentage of average wage of full-time employees,_Z,Not applicable,_Z,Not applicable,MEDIAN,Median,_Z,Not applicable,1963,,42.12458736,,_Z,,A,Normal value,0,Units,2,Two
DATAFLOW,OECD.ELS.SAE:DSD_EARNINGS@MIN2AVE(1.0),Minimum relative to average wages of full-time workers,I,ROU,Romania,MR_WG_FT,Minimum relative to average wages of full-time workers,PT_WG_A_SAL_FT,Percentage of average wage of full-time employees,_Z,Not applicable,_Z,Not applicable,MEDIAN,Median,_Z,Not applicable,1964,,40.47343241,,_Z,,A,Normal value,0,Units,2,Two
DATAFLOW,OECD.ELS.SAE:DSD_EARNINGS@MIN2AVE(1.0),Minimum relative to average wages of full-time workers,I,ROU,Romania,MR_WG_FT,Minimum relative to average wages of full-time workers,PT_WG_A_SAL_FT,Percentage of average wage of full-time employees,_Z,Not applicable,_Z,Not applicable,MEDIAN,Median,_Z,Not applicable,1965,,39.55083174,,_Z,,A,Normal value,0,Units,2,Two
DATAFLOW,OECD.ELS.SAE:DSD_EARNINGS@MIN2AVE(1.0),Minimum relative to average wages of full-time workers,I,ROU,Romania,MR_WG_FT,Minimum relative to average wages of full-time workers,PT_WG_A_SAL_FT,Percentage of average wage of full-time employees,_Z,Not applicable,_Z,Not applicable,MEDIAN,Median,_Z,Not applicable,1966,,41.14427068,,_Z,,A,Normal value,0,Units,2,Two
DATAFLOW,OECD.ELS.SAE:DSD_EARNINGS@MIN2AVE(1.0),Minimum relative to average wages of full-time workers,I,ROU,Romania,MR_WG_FT,Minimum relative to average wages of full-time workers,PT_WG_A_SAL_FT,Percentage of average wage of full-time employees,_Z,Not applicable,_Z,Not applicable,MEDIAN,Median,_Z,Not applicable,1967,,44.4636334,,_Z,,A,Normal value,0,Units,2,Two
DATAFLOW,OECD.ELS.SAE:DSD_EARNINGS@MIN2AVE(1.0),Minimum relative to average wages of full-time workers,I,ROU,Romania,MR_WG_FT,Minimum relative to average wages of full-time workers,PT_WG_A_SAL_FT,Percentage of average wage of full-time employees,_Z,Not applicable,_Z,Not applicable,MEDIAN,Median,_Z,Not applicable,1968,,49.47023105,,_Z,,A,Normal value,0,Units,2,Two
DATAFLOW,OECD.ELS.SAE:DSD_EARNINGS@MIN2AVE(1.0),Minimum relative to average wages of full-time workers,I,ROU,Romania,MR_WG_FT,Minimum relative to average wages of full-time workers,PT_WG_A_SAL_FT,Percentage of average wage of full-time employees,_Z,Not applicable,_Z,Not applicable,MEDIAN,Median,_Z,Not applicable,1969,,47.60127089,,_Z,,A,Normal value,0,Units,2,Two
DATAFLOW,OECD.ELS.SAE:DSD_EARNINGS@MIN2AVE(1.0),Minimum relative to average wages of full-time workers,I,ROU,Romania,MR_WG_FT,Minimum relative to average wages of full-time workers,PT_WG_A_SAL_FT,Percentage of average wage of full-time employees,_Z,Not applicable,_Z,Not applicable,MEDIAN,Median,_Z,Not applicable,1970,,47.97400051,,_Z,,A,Normal value,0,Units,2,Two
DATAFLOW,OECD.ELS.SAE:DSD_EARNINGS@MIN2AVE(1.0),Minimum relative to average wages of full-time workers,I,ROU,Romania,MR_WG_FT,Minimum relative to average wages of full-time workers,PT_WG_A_SAL_FT,Percentage of average wage of full-time employees,_Z,Not applicable,_Z,Not applicable,MEDIAN,Median,_Z,Not applicable,1971,,47.96647439,,_Z,,A,Normal value,0,Units,2,Two
DATAFLOW,OECD.ELS.SAE:DSD_EARNINGS@MIN2AVE(1.0),Minimum relative to average wages of full-time workers,I,ROU,Romania,MR_WG_FT,Minimum relative to average wages of full-time workers,PT_WG_A_SAL_FT,Percentage of average wage of full-time employees,_Z,Not applicable,_Z,Not applicable,MEDIAN,Median,_Z,Not applicable,1972,,51.81211763,,_Z,,A,Normal value,0,Units,2,Two
DATAFLOW,OECD.ELS.SAE:DSD_EARNINGS@MIN2AVE(1.0),Minimum relative to average wages of full-time workers,I,ROU,Romania,MR_WG_FT,Minimum relative to average wages of full-time workers,PT_WG_A_SAL_FT,Percentage of average wage of full-time employees,_Z,Not applicable,_Z,Not applicable,MEDIAN,Median,_Z,Not applicable,1973,,56.42888982,,_Z,,A,Normal value,0,Units,2,Two
DATAFLOW,OECD.ELS.SAE:DSD_EARNINGS@MIN2AVE(1.0),Minimum relative to average wages of full-time workers,I,ROU,Romania,MR_WG_FT,Minimum relative to average wages of full-time workers,PT_WG_A_SAL_FT,Percentage of average wage of full-time employees,_Z,Not applicable,_Z,Not applicable,MEDIAN,Median,_Z,Not applicable,1974,,56.21783288,,_Z,,A,Normal value,0,Units,2,Two
DATAFLOW,OECD.ELS.SAE:DSD_EARNINGS@MIN2AVE(1.0),Minimum relative to average wages of full-time workers,I,ROU,Romania,MR_WG_FT,Minimum relative to average wages of full-time workers,PT_WG_A_SAL_FT,Percentage of average wage of full-time employees,_Z,Not applicable,_Z,Not applicable,MEDIAN,Median,_Z,Not applicable,1975,,56.9178572,,_Z,,A,Normal value,0,Units,2,Two
DATAFLOW,OECD.ELS.SAE:DSD_EARNINGS@MIN2AVE(1.0),Minimum relative to average wages of full-time workers,I,ROU,Romania,MR_WG_FT,Minimum relative to average wages of full-time workers,PT_WG_A_SAL_FT,Percentage of average wage of full-time employees,_Z,Not applicable,_Z,Not applicable,MEDIAN,Median,_Z,Not applicable,1976,,53.88901514,,_Z,,A,Normal value,0,Units,2,Two
DATAFLOW,OECD.ELS.SAE:DSD_EARNINGS@MIN2AVE(1.0),Minimum relative to average wages of full-time workers,I,ROU,Romania,MR_WG_FT,Minimum relative to average wages of full-time workers,PT_WG_A_SAL_FT,Percentage of average wage of full-time employees,_Z,Not applicable,_Z,Not applicable,MEDIAN,Median,_Z,Not applicable,1977,,50.35110644,,_Z,,A,Normal value,0,Units,2,Two
DATAFLOW,OECD.ELS.SAE:DSD_EARNINGS@MIN2AVE(1.0),Minimum relative to average wages of full-time workers,I,ROU,Romania,MR_WG_FT,Minimum relative to average wages of full-time workers,PT_WG_A_SAL_FT,Percentage of average wage of full-time employees,_Z,Not applicable,_Z,Not applicable,MEDIAN,Median,_Z,Not applicable,1978,,45.15274136,,_Z,,A,Normal value,0,Units,2,Two
DATAFLOW,OECD.ELS.SAE:DSD_EARNINGS@MIN2AVE(1.0),Minimum relative to average wages of full-time workers,I,ROU,Romania,MR_WG_FT,Minimum relative to average wages of full-time workers,PT_WG_A_SAL_FT,Percentage of average wage of full-time employees,_Z,Not applicable,_Z,Not applicable,MEDIAN,Median,_Z,Not applicable,1979,,46.30682852,,_Z,,A,Normal value,0,Units,2,Two
DATAFLOW,OECD.ELS.SAE:DSD_EARNINGS@MIN2AVE(1.0),Minimum relative to average wages of full-time workers,I,ROU,Romania,MR_WG_FT,Minimum relative to average wages of full-time workers,PT_WG_A_SAL_FT,Percentage of average wage of full-time employees,_Z,Not applicable,_Z,Not applicable,MEDIAN,Median,_Z,Not applicable,1980,,48.47180913,,_Z,,A,Normal value,0,Units,2,Two
DATAFLOW,OECD.ELS.SAE:DSD_EARNINGS@MIN2AVE(1.0),Minimum relative to average wages of full-time workers,I,ROU,Romania,MR_WG_FT,Minimum relative to average wages of full-time workers,PT_WG_A_SAL_FT,Percentage of average wage of full-time employees,_Z,Not applicable,_Z,Not applicable,MEDIAN,Median,_Z,Not applicable,1981,,46.35194684,,_Z,,A,Normal value,0,Units,2,Two
DATAFLOW,OECD.ELS.SAE:DSD_EARNINGS@MIN2AVE(1.0),Minimum relative to average wages of full-time workers,I,ROU,Romania,MR_WG_FT,Minimum relative to average wages of full-time workers,PT_WG_A_SAL_FT,Percentage of average wage of full-time employees,_Z,Not applicable,_Z,Not applicable,MEDIAN,Median,_Z,Not applicable,1982,,42.95764555,,_Z,,A,Normal value,0,Units,2,Two
DATAFLOW,OECD.ELS.SAE:DSD_EARNINGS@MIN2AVE(1.0),Minimum relative to average wages of full-time workers,I,ROU,Romania,MR_WG_FT,Minimum relative to average wages of full-time workers,PT_WG_A_SAL_FT,Percentage of average wage of full-time employees,_Z,Not applicable,_Z,Not applicable,MEDIAN,Median,_Z,Not applicable,1983,,42.29087779,,_Z,,A,Normal value,0,Units,2,Two
DATAFLOW,OECD.ELS.SAE:DSD_EARNINGS@MIN2AVE(1.0),Minimum relative to average wages of full-time workers,I,ROU,Romania,MR_WG_FT,Minimum relative to average wages of full-time workers,PT_WG_A_SAL_FT,Percentage of average wage of full-time employees,_Z,Not applicable,_Z,Not applicable,MEDIAN,Median,_Z,Not applicable,1984,,41.0352147,,_Z,,A,Normal value,0,Units,2,Two
DATAFLOW,OECD.ELS.SAE:DSD_EARNINGS@MIN2AVE(1.0),Minimum relative to average wages of full-time workers,I,ROU,Romania,MR_WG_FT,Minimum relative to average wages of full-time workers,PT_WG_A_SAL_FT,Percentage of average wage of full-time employees,_Z,Not applicable,_Z,Not applicable,MEDIAN,Median,_Z,Not applicable,1985,,40.27322136,,_Z,,A,Normal value,0,Units,2,Two
DATAFLOW,OECD.ELS.SAE:DSD_EARNINGS@MIN2AVE(1.0),Minimum relative to average wages of full-time workers,I,ROU,Romania,MR_WG_FT,Minimum relative to average wages of full-time workers,PT_WG_A_SAL_FT,Percentage of average wage of full-time employees,_Z,Not applicable,_Z,Not applicable,MEDIAN,Median,_Z,Not applicable,1986,,39.88469466,,_Z,,A,Normal value,0,Units,2,Two
DATAFLOW,OECD.ELS.SAE:DSD_EARNINGS@MIN2AVE(1.0),Minimum relative to average wages of full-time workers,I,ROU,Romania,MR_WG_FT,Minimum relative to average wages of full-time workers,PT_WG_A_SAL_FT,Percentage of average wage of full-time employees,_Z,Not applicable,_Z,Not applicable,MEDIAN,Median,_Z,Not applicable,1987,,39.64564944,,_Z,,A,Normal value,0,Units,2,Two
DATAFLOW,OECD.ELS.SAE:DSD_EARNINGS@MIN2AVE(1.0),Minimum relative to average wages of full-time workers,I,ROU,Romania,MR_WG_FT,Minimum relative to average wages of full-time workers,PT_WG_A_SAL_FT,Percentage of average wage of full-time employees,_Z,Not applicable,_Z,Not applicable,MEDIAN,Median,_Z,Not applicable,1988,,45.10436028,,_Z,,A,Normal value,0,Units,2,Two
DATAFLOW,OECD.ELS.SAE:DSD_EARNINGS@MIN2AVE(1.0),Minimum relative to average wages of full-time workers,I,ROU,Romania,MR_WG_FT,Minimum relative to average wages of full-time workers,PT_WG_A_SAL_FT,Percentage of average wage of full-time employees,_Z,Not applicable,_Z,Not applicable,MEDIAN,Median,_Z,Not applicable,1989,,49.85774719,,_Z,,A,Normal value,0,Units,2,Two
DATAFLOW,OECD.ELS.SAE:DSD_EARNINGS@MIN2AVE(1.0),Minimum relative to average wages of full-time workers,I,ROU,Romania,MR_WG_FT,Minimum relative to average wages of full-time workers,PT_WG_A_SAL_FT,Percentage of average wage of full-time employees,_Z,Not applicable,_Z,Not applicable,MEDIAN,Median,_Z,Not applicable,1990,,43.98920438,,_Z,,A,Normal value,0,Units,2,Two
DATAFLOW,OECD.ELS.SAE:DSD_EARNINGS@MIN2AVE(1.0),Minimum relative to average wages of full-time workers,I,ROU,Romania,MR_WG_FT,Minimum relative to average wages of full-time workers,PT_WG_A_SAL_FT,Percentage of average wage of full-time employees,_Z,Not applicable,_Z,Not applicable,MEDIAN,Median,_Z,Not applicable,1991,,50.48390678,,_Z,,A,Normal value,0,Units,2,Two
DATAFLOW,OECD.ELS.SAE:DSD_EARNINGS@MIN2AVE(1.0),Minimum relative to average wages of full-time workers,I,ROU,Romania,MR_WG_FT,Minimum relative to average wages of full-time workers,PT_WG_A_SAL_FT,Percentage of average wage of full-time employees,_Z,Not applicable,_Z,Not applicable,MEDIAN,Median,_Z,Not applicable,1992,,39.56770043,,_Z,,A,Normal value,0,Units,2,Two
DATAFLOW,OECD.ELS.SAE:DSD_EARNINGS@MIN2AVE(1.0),Minimum relative to average wages of full-time workers,I,ROU,Romania,MR_WG_FT,Minimum relative to average wages of full-time workers,PT_WG_A_SAL_FT,Percentage of average wage of full-time employees,_Z,Not applicable,_Z,Not applicable,MEDIAN,Median,_Z,Not applicable,1993,,33.051887,,_Z,,A,Normal value,0,Units,2,Two
DATAFLOW,OECD.ELS.SAE:DSD_EARNINGS@MIN2AVE(1.0),Minimum relative to average wages of full-time workers,I,ROU,Romania,MR_WG_FT,Minimum relative to average wages of full-time workers,PT_WG_A_SAL_FT,Percentage of average wage of full-time employees,_Z,Not applicable,_Z,Not applicable,MEDIAN,Median,_Z,Not applicable,1994,,28.6483864,,_Z,,A,Normal value,0,Units,2,Two
DATAFLOW,OECD.ELS.SAE:DSD_EARNINGS@MIN2AVE(1.0),Minimum relative to average wages of full-time workers,I,ROU,Romania,MR_WG_FT,Minimum relative to average wages of full-time workers,PT_WG_A_SAL_FT,Percentage of average wage of full-time employees,_Z,Not applicable,_Z,Not applicable,MEDIAN,Median,_Z,Not applicable,1995,,23.1827453,,_Z,,A,Normal value,0,Units,2,Two
DATAFLOW,OECD.ELS.SAE:DSD_EARNINGS@MIN2AVE(1.0),Minimum relative to average wages of full-time workers,I,ROU,Romania,MR_WG_FT,Minimum relative to average wages of full-time workers,PT_WG_A_SAL_FT,Percentage of average wage of full-time employees,_Z,Not applicable,_Z,Not applicable,MEDIAN,Median,_Z,Not applicable,1996,,17.42486708,,_Z,,A,Normal value,0,Units,2,Two
DATAFLOW,OECD.ELS.SAE:DSD_EARNINGS@MIN2AVE(1.0),Minimum relative to average wages of full-time workers,I,ROU,Romania,MR_WG_FT,Minimum relative to average wages of full-time workers,PT_WG_A_SAL_FT,Percentage of average wage of full-time employees,_Z,Not applicable,_Z,Not applicable,MEDIAN,Median,_Z,Not applicable,1997,,26.14629474,,_Z,,A,Normal value,0,Units,2,Two
DATAFLOW,OECD.ELS.SAE:DSD_EARNINGS@MIN2AVE(1.0),Minimum relative to average wages of full-time workers,I,ROU,Romania,MR_WG_FT,Minimum relative to average wages of full-time workers,PT_WG_A_SAL_FT,Percentage of average wage of full-time employees,_Z,Not applicable,_Z,Not applicable,MEDIAN,Median,_Z,Not applicable,1998,,25.78252021,,_Z,,A,Normal value,0,Units,2,Two
DATAFLOW,OECD.ELS.SAE:DSD_EARNINGS@MIN2AVE(1.0),Minimum relative to average wages of full-time workers,I,ROU,Romania,MR_WG_FT,Minimum relative to average wages of full-time workers,PT_WG_A_SAL_FT,Percentage of average wage of full-time employees,_Z,Not applicable,_Z,Not applicable,MEDIAN,Median,_Z,Not applicable,1999,,24.28108136,,_Z,,A,Normal value,0,Units,2,Two
DATAFLOW,OECD.ELS.SAE:DSD_EARNINGS@MIN2AVE(1.0),Minimum relative to average wages of full-time workers,I,ROU,Romania,MR_WG_FT,Minimum relative to average wages of full-time workers,PT_WG_A_SAL_FT,Percentage of average wage of full-time employees,_Z,Not applicable,_Z,Not applicable,MEDIAN,Median,_Z,Not applicable,2000,,25.34179337,,_Z,,A,Normal value,0,Units,2,Two
DATAFLOW,OECD.ELS.SAE:DSD_EARNINGS@MIN2AVE(1.0),Minimum relative to average wages of full-time workers,I,ROU,Romania,MR_WG_FT,Minimum relative to average wages of full-time workers,PT_WG_A_SAL_FT,Percentage of average wage of full-time employees,_Z,Not applicable,_Z,Not applicable,MEDIAN,Median,_Z,Not applicable,2001,,37.17855578,,_Z,,A,Normal value,0,Units,2,Two
DATAFLOW,OECD.ELS.SAE:DSD_EARNINGS@MIN2AVE(1.0),Minimum relative to average wages of full-time workers,I,ROU,Romania,MR_WG_FT,Minimum relative to average wages of full-time workers,PT_WG_A_SAL_FT,Percentage of average wage of full-time employees,_Z,Not applicable,_Z,Not applicable,MEDIAN,Median,_Z,Not applicable,2002,,37.0623728,,_Z,,A,Normal value,0,Units,2,Two
DATAFLOW,OECD.ELS.SAE:DSD_EARNINGS@MIN2AVE(1.0),Minimum relative to average wages of full-time workers,I,ROU,Romania,MR_WG_FT,Minimum relative to average wages of full-time workers,PT_WG_A_SAL_FT,Percentage of average wage of full-time employees,_Z,Not applicable,_Z,Not applicable,MEDIAN,Median,_Z,Not applicable,2003,,45.79345607,,_Z,,A,Normal value,0,Units,2,Two
DATAFLOW,OECD.ELS.SAE:DSD_EARNINGS@MIN2AVE(1.0),Minimum relative to average wages of full-time workers,I,ROU,Romania,MR_WG_FT,Minimum relative to average wages of full-time workers,PT_WG_A_SAL_FT,Percentage of average wage of full-time employees,_Z,Not applicable,_Z,Not applicable,MEDIAN,Median,_Z,Not applicable,2004,,43.83180732,,_Z,,A,Normal value,0,Units,2,Two
DATAFLOW,OECD.ELS.SAE:DSD_EARNINGS@MIN2AVE(1.0),Minimum relative to average wages of full-time workers,I,ROU,Romania,MR_WG_FT,Minimum relative to average wages of full-time workers,PT_WG_A_SAL_FT,Percentage of average wage of full-time employees,_Z,Not applicable,_Z,Not applicable,MEDIAN,Median,_Z,Not applicable,2005,,41.53237151,,_Z,,A,Normal value,0,Units,2,Two
DATAFLOW,OECD.ELS.SAE:DSD_EARNINGS@MIN2AVE(1.0),Minimum relative to average wages of full-time workers,I,ROU,Romania,MR_WG_FT,Minimum relative to average wages of full-time workers,PT_WG_A_SAL_FT,Percentage of average wage of full-time employees,_Z,Not applicable,_Z,Not applicable,MEDIAN,Median,_Z,Not applicable,2006,,37.14118241,,_Z,,A,Normal value,0,Units,2,Two
DATAFLOW,OECD.ELS.SAE:DSD_EARNINGS@MIN2AVE(1.0),Minimum relative to average wages of full-time workers,I,ROU,Romania,MR_WG_FT,Minimum relative to average wages of full-time workers,PT_WG_A_SAL_FT,Percentage of average wage of full-time employees,_Z,Not applicable,_Z,Not applicable,MEDIAN,Median,_Z,Not applicable,2007,,38.0844426,,_Z,,A,Normal value,0,Units,2,Two
DATAFLOW,OECD.ELS.SAE:DSD_EARNINGS@MIN2AVE(1.0),Minimum relative to average wages of full-time workers,I,ROU,Romania,MR_WG_FT,Minimum relative to average wages of full-time workers,PT_WG_A_SAL_FT,Percentage of average wage of full-time employees,_Z,Not applicable,_Z,Not applicable,MEDIAN,Median,_Z,Not applicable,2008,,40.65862749,,_Z,,A,Normal value,0,Units,2,Two
DATAFLOW,OECD.ELS.SAE:DSD_EARNINGS@MIN2AVE(1.0),Minimum relative to average wages of full-time workers,I,ROU,Romania,MR_WG_FT,Minimum relative to average wages of full-time workers,PT_WG_A_SAL_FT,Percentage of average wage of full-time employees,_Z,Not applicable,_Z,Not applicable,MEDIAN,Median,_Z,Not applicable,2009,,43.51655123,,_Z,,A,Normal value,0,Units,2,Two
DATAFLOW,OECD.ELS.SAE:DSD_EARNINGS@MIN2AVE(1.0),Minimum relative to average wages of full-time workers,I,ROU,Romania,MR_WG_FT,Minimum relative to average wages of full-time workers,PT_WG_A_SAL_FT,Percentage of average wage of full-time employees,_Z,Not applicable,_Z,Not applicable,MEDIAN,Median,_Z,Not applicable,2010,,42.64771819,,_Z,,A,Normal value,0,Units,2,Two
DATAFLOW,OECD.ELS.SAE:DSD_EARNINGS@MIN2AVE(1.0),Minimum relative to average wages of full-time workers,I,ROU,Romania,MR_WG_FT,Minimum relative to average wages of full-time workers,PT_WG_A_SAL_FT,Percentage of average wage of full-time employees,_Z,Not applicable,_Z,Not applicable,MEDIAN,Median,_Z,Not applicable,2011,,45.48575964,,_Z,,A,Normal value,0,Units,2,Two
DATAFLOW,OECD.ELS.SAE:DSD_EARNINGS@MIN2AVE(1.0),Minimum relative to average wages of full-time workers,I,ROU,Romania,MR_WG_FT,Minimum relative to average wages of full-time workers,PT_WG_A_SAL_FT,Percentage of average wage of full-time employees,_Z,Not applicable,_Z,Not applicable,MEDIAN,Median,_Z,Not applicable,2012,,45.25265732,,_Z,,A,Normal value,0,Units,2,Two
DATAFLOW,OECD.ELS.SAE:DSD_EARNINGS@MIN2AVE(1.0),Minimum relative to average wages of full-time workers,I,ROU,Romania,MR_WG_FT,Minimum relative to average wages of full-time workers,PT_WG_A_SAL_FT,Percentage of average wage of full-time employees,_Z,Not applicable,_Z,Not applicable,MEDIAN,Median,_Z,Not applicable,2013,,47.70882145,,_Z,,A,Normal value,0,Units,2,Two
DATAFLOW,OECD.ELS.SAE:DSD_EARNINGS@MIN2AVE(1.0),Minimum relative to average wages of full-time workers,I,ROU,Romania,MR_WG_FT,Minimum relative to average wages of full-time workers,PT_WG_A_SAL_FT,Percentage of average wage of full-time employees,_Z,Not applicable,_Z,Not applicable,MEDIAN,Median,_Z,Not applicable,2014,,51.38849718,,_Z,,A,Normal value,0,Units,2,Two
DATAFLOW,OECD.ELS.SAE:DSD_EARNINGS@MIN2AVE(1.0),Minimum relative to average wages of full-time workers,I,ROU,Romania,MR_WG_FT,Minimum relative to average wages of full-time workers,PT_WG_A_SAL_FT,Percentage of average wage of full-time employees,_Z,Not applicable,_Z,Not applicable,MEDIAN,Median,_Z,Not applicable,2015,,54.90590191,,_Z,,A,Normal value,0,Units,2,Two
DATAFLOW,OECD.ELS.SAE:DSD_EARNINGS@MIN2AVE(1.0),Minimum relative to average wages of full-time workers,I,ROU,Romania,MR_WG_FT,Minimum relative to average wages of full-time workers,PT_WG_A_SAL_FT,Percentage of average wage of full-time employees,_Z,Not applicable,_Z,Not applicable,MEDIAN,Median,_Z,Not applicable,2016,,55.74670566,,_Z,,A,Normal value,0,Units,2,Two
DATAFLOW,OECD.ELS.SAE:DSD_EARNINGS@MIN2AVE(1.0),Minimum relative to average wages of full-time workers,I,ROU,Romania,MR_WG_FT,Minimum relative to average wages of full-time workers,PT_WG_A_SAL_FT,Percentage of average wage of full-time employees,_Z,Not applicable,_Z,Not applicable,MEDIAN,Median,_Z,Not applicable,2017,,59.66395777,,_Z,,A,Normal value,0,Units,2,Two
DATAFLOW,OECD.ELS.SAE:DSD_EARNINGS@MIN2AVE(1.0),Minimum relative to average wages of full-time workers,I,ROU,Romania,MR_WG_FT,Minimum relative to average wages of full-time workers,PT_WG_A_SAL_FT,Percentage of average wage of full-time employees,_Z,Not applicable,_Z,Not applicable,MEDIAN,Median,_Z,Not applicable,2018,,58.39383207,,_Z,,A,Normal value,0,Units,2,Two
DATAFLOW,OECD.ELS.SAE:DSD_EARNINGS@MIN2AVE(1.0),Minimum relative to average wages of full-time workers,I,ROU,Romania,MR_WG_FT,Minimum relative to average wages of full-time workers,PT_WG_A_SAL_FT,Percentage of average wage of full-time employees,_Z,Not applicable,_Z,Not applicable,MEDIAN,Median,_Z,Not applicable,2019,,56.55571265,,_Z,,A,Normal value,0,Units,2,Two
DATAFLOW,OECD.ELS.SAE:DSD_EARNINGS@MIN2AVE(1.0),Minimum relative to average wages of full-time workers,I,ROU,Romania,MR_WG_FT,Minimum relative to average wages of full-time workers,PT_WG_A_SAL_FT,Percentage of average wage of full-time employees,_Z,Not applicable,_Z,Not applicable,MEDIAN,Median,_Z,Not applicable,2020,,57.00671954,,_Z,,A,Normal value,0,Units,2,Two
DATAFLOW,OECD.ELS.SAE:DSD_EARNINGS@MIN2AVE(1.0),Minimum relative to average wages of full-time workers,I,ROU,Romania,MR_WG_FT,Minimum relative to average wages of full-time workers,PT_WG_A_SAL_FT,Percentage of average wage of full-time employees,_Z,Not applicable,_Z,Not applicable,MEDIAN,Median,_Z,Not applicable,2021,,54.89722249,,_Z,,A,Normal value,0,Units,2,Two
DATAFLOW,OECD.ELS.SAE:DSD_EARNINGS@MIN2AVE(1.0),Minimum relative to average wages of full-time workers,I,ROU,Romania,MR_WG_FT,Minimum relative to average wages of full-time workers,PT_WG_A_SAL_FT,Percentage of average wage of full-time employees,_Z,Not applicable,_Z,Not applicable,MEDIAN,Median,_Z,Not applicable,2022,,54.70468135,,_Z,,A,Normal value,0,Units,2,Two
DATAFLOW,OECD.ELS.SAE:DSD_EARNINGS@MIN2AVE(1.0),Minimum relative to average wages of full-time workers,I,ROU,Romania,MR_WG_FT,Minimum relative to average wages of full-time workers,PT_WG_A_SAL_FT,Percentage of average wage of full-time employees,_Z,Not applicable,_Z,Not applicable,MEDIAN,Median,_Z,Not applicable,2023,,56.19520674,,_Z,,A,Normal value,0,Units,2,Two
DATAFLOW,OECD.ELS.SAE:DSD_EARNINGS@MIN2AVE(1.0),Minimum relative to average wages of full-time workers,I,ROU,Romania,MR_WG_FT,Minimum relative to average wages of full-time workers,PT_WG_A_SAL_FT,Percentage of average wage of full-time employees,_Z,Not applicable,_Z,Not applicable,MEDIAN,Median,_Z,Not applicable,2024,,56.74588113,,_Z,,A,Normal value,0,Units,2,Two
DATAFLOW,OECD.ELS.SAE:DSD_EARNINGS@MIN2AVE(1.0),Minimum relative to average wages of full-time workers,I,USA,United States,MR_WG_FT,Minimum relative to average wages of full-time workers,PT_WG_A_SAL_FT,Percentage of average wage of full-time employees,_Z,Not applicable,_Z,Not applicable,MEDIAN,Median,_Z,Not applicable,1960,,46.94835681,,_Z,,A,Normal value,0,Units,2,Two
DATAFLOW,OECD.ELS.SAE:DSD_EARNINGS@MIN2AVE(1.0),Minimum relative to average wages of full-time workers,I,USA,United States,MR_WG_FT,Minimum relative to average wages of full-time workers,PT_WG_A_SAL_FT,Percentage of average wage of full-time employees,_Z,Not applicable,_Z,Not applicable,MEDIAN,Median,_Z,Not applicable,1961,,48.16513761,,_Z,,A,Normal value,0,Units,2,Two
DATAFLOW,OECD.ELS.SAE:DSD_EARNINGS@MIN2AVE(1.0),Minimum relative to average wages of full-time workers,I,USA,United States,MR_WG_FT,Minimum relative to average wages of full-time workers,PT_WG_A_SAL_FT,Percentage of average wage of full-time employees,_Z,Not applicable,_Z,Not applicable,MEDIAN,Median,_Z,Not applicable,1962,,50.88495575,,_Z,,A,Normal value,0,Units,2,Two
DATAFLOW,OECD.ELS.SAE:DSD_EARNINGS@MIN2AVE(1.0),Minimum relative to average wages of full-time workers,I,USA,United States,MR_WG_FT,Minimum relative to average wages of full-time workers,PT_WG_A_SAL_FT,Percentage of average wage of full-time employees,_Z,Not applicable,_Z,Not applicable,MEDIAN,Median,_Z,Not applicable,1963,,50.86206897,,_Z,,A,Normal value,0,Units,2,Two
DATAFLOW,OECD.ELS.SAE:DSD_EARNINGS@MIN2AVE(1.0),Minimum relative to average wages of full-time workers,I,USA,United States,MR_WG_FT,Minimum relative to average wages of full-time workers,PT_WG_A_SAL_FT,Percentage of average wage of full-time employees,_Z,Not applicable,_Z,Not applicable,MEDIAN,Median,_Z,Not applicable,1964,,52.08333333,,_Z,,A,Normal value,0,Units,2,Two
DATAFLOW,OECD.ELS.SAE:DSD_EARNINGS@MIN2AVE(1.0),Minimum relative to average wages of full-time workers,I,USA,United States,MR_WG_FT,Minimum relative to average wages of full-time workers,PT_WG_A_SAL_FT,Percentage of average wage of full-time employees,_Z,Not applicable,_Z,Not applicable,MEDIAN,Median,_Z,Not applicable,1965,,49.80079681,,_Z,,A,Normal value,0,Units,2,Two
DATAFLOW,OECD.ELS.SAE:DSD_EARNINGS@MIN2AVE(1.0),Minimum relative to average wages of full-time workers,I,USA,United States,MR_WG_FT,Minimum relative to average wages of full-time workers,PT_WG_A_SAL_FT,Percentage of average wage of full-time employees,_Z,Not applicable,_Z,Not applicable,MEDIAN,Median,_Z,Not applicable,1966,,47.89272031,,_Z,,A,Normal value,0,Units,2,Two
DATAFLOW,OECD.ELS.SAE:DSD_EARNINGS@MIN2AVE(1.0),Minimum relative to average wages of full-time workers,I,USA,United States,MR_WG_FT,Minimum relative to average wages of full-time workers,PT_WG_A_SAL_FT,Percentage of average wage of full-time employees,_Z,Not applicable,_Z,Not applicable,MEDIAN,Median,_Z,Not applicable,1967,,50.91575092,,_Z,,A,Normal value,0,Units,2,Two
DATAFLOW,OECD.ELS.SAE:DSD_EARNINGS@MIN2AVE(1.0),Minimum relative to average wages of full-time workers,I,USA,United States,MR_WG_FT,Minimum relative to average wages of full-time workers,PT_WG_A_SAL_FT,Percentage of average wage of full-time employees,_Z,Not applicable,_Z,Not applicable,MEDIAN,Median,_Z,Not applicable,1968,,55.05226481,,_Z,,A,Normal value,0,Units,2,Two
DATAFLOW,OECD.ELS.SAE:DSD_EARNINGS@MIN2AVE(1.0),Minimum relative to average wages of full-time workers,I,USA,United States,MR_WG_FT,Minimum relative to average wages of full-time workers,PT_WG_A_SAL_FT,Percentage of average wage of full-time employees,_Z,Not applicable,_Z,Not applicable,MEDIAN,Median,_Z,Not applicable,1969,,52.80528053,,_Z,,A,Normal value,0,Units,2,Two
DATAFLOW,OECD.ELS.SAE:DSD_EARNINGS@MIN2AVE(1.0),Minimum relative to average wages of full-time workers,I,USA,United States,MR_WG_FT,Minimum relative to average wages of full-time workers,PT_WG_A_SAL_FT,Percentage of average wage of full-time employees,_Z,Not applicable,_Z,Not applicable,MEDIAN,Median,_Z,Not applicable,1970,,49.23076923,,_Z,,A,Normal value,0,Units,2,Two
DATAFLOW,OECD.ELS.SAE:DSD_EARNINGS@MIN2AVE(1.0),Minimum relative to average wages of full-time workers,I,USA,United States,MR_WG_FT,Minimum relative to average wages of full-time workers,PT_WG_A_SAL_FT,Percentage of average wage of full-time employees,_Z,Not applicable,_Z,Not applicable,MEDIAN,Median,_Z,Not applicable,1971,,46.37681159,,_Z,,A,Normal value,0,Units,2,Two
DATAFLOW,OECD.ELS.SAE:DSD_EARNINGS@MIN2AVE(1.0),Minimum relative to average wages of full-time workers,I,USA,United States,MR_WG_FT,Minimum relative to average wages of full-time workers,PT_WG_A_SAL_FT,Percentage of average wage of full-time employees,_Z,Not applicable,_Z,Not applicable,MEDIAN,Median,_Z,Not applicable,1972,,44.44444444,,_Z,,A,Normal value,0,Units,2,Two
DATAFLOW,OECD.ELS.SAE:DSD_EARNINGS@MIN2AVE(1.0),Minimum relative to average wages of full-time workers,I,USA,United States,MR_WG_FT,Minimum relative to average wages of full-time workers,PT_WG_A_SAL_FT,Percentage of average wage of full-time employees,_Z,Not applicable,_Z,Not applicable,MEDIAN,Median,_Z,Not applicable,1973,,40.20100503,,_Z,,A,Normal value,0,Units,2,Two
DATAFLOW,OECD.ELS.SAE:DSD_EARNINGS@MIN2AVE(1.0),Minimum relative to average wages of full-time workers,I,USA,United States,MR_WG_FT,Minimum relative to average wages of full-time workers,PT_WG_A_SAL_FT,Percentage of average wage of full-time employees,_Z,Not applicable,_Z,Not applicable,MEDIAN,Median,_Z,Not applicable,1974,,44.20803783,,_Z,,A,Normal value,0,Units,2,Two
DATAFLOW,OECD.ELS.SAE:DSD_EARNINGS@MIN2AVE(1.0),Minimum relative to average wages of full-time workers,I,USA,United States,MR_WG_FT,Minimum relative to average wages of full-time workers,PT_WG_A_SAL_FT,Percentage of average wage of full-time employees,_Z,Not applicable,_Z,Not applicable,MEDIAN,Median,_Z,Not applicable,1975,,45.35637149,,_Z,,A,Normal value,0,Units,2,Two
DATAFLOW,OECD.ELS.SAE:DSD_EARNINGS@MIN2AVE(1.0),Minimum relative to average wages of full-time workers,I,USA,United States,MR_WG_FT,Minimum relative to average wages of full-time workers,PT_WG_A_SAL_FT,Percentage of average wage of full-time employees,_Z,Not applicable,_Z,Not applicable,MEDIAN,Median,_Z,Not applicable,1976,,46.65314402,,_Z,,A,Normal value,0,Units,2,Two
DATAFLOW,OECD.ELS.SAE:DSD_EARNINGS@MIN2AVE(1.0),Minimum relative to average wages of full-time workers,I,USA,United States,MR_WG_FT,Minimum relative to average wages of full-time workers,PT_WG_A_SAL_FT,Percentage of average wage of full-time employees,_Z,Not applicable,_Z,Not applicable,MEDIAN,Median,_Z,Not applicable,1977,,43.39622642,,_Z,,A,Normal value,0,Units,2,Two
DATAFLOW,OECD.ELS.SAE:DSD_EARNINGS@MIN2AVE(1.0),Minimum relative to average wages of full-time workers,I,USA,United States,MR_WG_FT,Minimum relative to average wages of full-time workers,PT_WG_A_SAL_FT,Percentage of average wage of full-time employees,_Z,Not applicable,_Z,Not applicable,MEDIAN,Median,_Z,Not applicable,1978,,46.65492958,,_Z,,A,Normal value,0,Units,2,Two
DATAFLOW,OECD.ELS.SAE:DSD_EARNINGS@MIN2AVE(1.0),Minimum relative to average wages of full-time workers,I,USA,United States,MR_WG_FT,Minimum relative to average wages of full-time workers,PT_WG_A_SAL_FT,Percentage of average wage of full-time employees,_Z,Not applicable,_Z,Not applicable,MEDIAN,Median,_Z,Not applicable,1979,,47.54098361,,_Z,,A,Normal value,0,Units,2,Two
DATAFLOW,OECD.ELS.SAE:DSD_EARNINGS@MIN2AVE(1.0),Minimum relative to average wages of full-time workers,I,USA,United States,MR_WG_FT,Minimum relative to average wages of full-time workers,PT_WG_A_SAL_FT,Percentage of average wage of full-time employees,_Z,Not applicable,_Z,Not applicable,MEDIAN,Median,_Z,Not applicable,1980,,46.61654135,,_Z,,A,Normal value,0,Units,2,Two
DATAFLOW,OECD.ELS.SAE:DSD_EARNINGS@MIN2AVE(1.0),Minimum relative to average wages of full-time workers,I,USA,United States,MR_WG_FT,Minimum relative to average wages of full-time workers,PT_WG_A_SAL_FT,Percentage of average wage of full-time employees,_Z,Not applicable,_Z,Not applicable,MEDIAN,Median,_Z,Not applicable,1981,,46.46324549,,_Z,,A,Normal value,0,Units,2,Two
DATAFLOW,OECD.ELS.SAE:DSD_EARNINGS@MIN2AVE(1.0),Minimum relative to average wages of full-time workers,I,USA,United States,MR_WG_FT,Minimum relative to average wages of full-time workers,PT_WG_A_SAL_FT,Percentage of average wage of full-time employees,_Z,Not applicable,_Z,Not applicable,MEDIAN,Median,_Z,Not applicable,1982,,43.39378238,,_Z,,A,Normal value,0,Units,2,Two
DATAFLOW,OECD.ELS.SAE:DSD_EARNINGS@MIN2AVE(1.0),Minimum relative to average wages of full-time workers,I,USA,United States,MR_WG_FT,Minimum relative to average wages of full-time workers,PT_WG_A_SAL_FT,Percentage of average wage of full-time employees,_Z,Not applicable,_Z,Not applicable,MEDIAN,Median,_Z,Not applicable,1983,,43.39378238,,_Z,,A,Normal value,0,Units,2,Two
DATAFLOW,OECD.ELS.SAE:DSD_EARNINGS@MIN2AVE(1.0),Minimum relative to average wages of full-time workers,I,USA,United States,MR_WG_FT,Minimum relative to average wages of full-time workers,PT_WG_A_SAL_FT,Percentage of average wage of full-time employees,_Z,Not applicable,_Z,Not applicable,MEDIAN,Median,_Z,Not applicable,1984,,41.05392157,,_Z,,A,Normal value,0,Units,2,Two
DATAFLOW,OECD.ELS.SAE:DSD_EARNINGS@MIN2AVE(1.0),Minimum relative to average wages of full-time workers,I,USA,United States,MR_WG_FT,Minimum relative to average wages of full-time workers,PT_WG_A_SAL_FT,Percentage of average wage of full-time employees,_Z,Not applicable,_Z,Not applicable,MEDIAN,Median,_Z,Not applicable,1985,,38.41743119,,_Z,,A,Normal value,0,Units,2,Two
DATAFLOW,OECD.ELS.SAE:DSD_EARNINGS@MIN2AVE(1.0),Minimum relative to average wages of full-time workers,I,USA,United States,MR_WG_FT,Minimum relative to average wages of full-time workers,PT_WG_A_SAL_FT,Percentage of average wage of full-time employees,_Z,Not applicable,_Z,Not applicable,MEDIAN,Median,_Z,Not applicable,1986,,37.47203579,,_Z,,A,Normal value,0,Units,2,Two
DATAFLOW,OECD.ELS.SAE:DSD_EARNINGS@MIN2AVE(1.0),Minimum relative to average wages of full-time workers,I,USA,United States,MR_WG_FT,Minimum relative to average wages of full-time workers,PT_WG_A_SAL_FT,Percentage of average wage of full-time employees,_Z,Not applicable,_Z,Not applicable,MEDIAN,Median,_Z,Not applicable,1987,,36.06027987,,_Z,,A,Normal value,0,Units,2,Two
DATAFLOW,OECD.ELS.SAE:DSD_EARNINGS@MIN2AVE(1.0),Minimum relative to average wages of full-time workers,I,USA,United States,MR_WG_FT,Minimum relative to average wages of full-time workers,PT_WG_A_SAL_FT,Percentage of average wage of full-time employees,_Z,Not applicable,_Z,Not applicable,MEDIAN,Median,_Z,Not applicable,1988,,34.53608247,,_Z,,A,Normal value,0,Units,2,Two
DATAFLOW,OECD.ELS.SAE:DSD_EARNINGS@MIN2AVE(1.0),Minimum relative to average wages of full-time workers,I,USA,United States,MR_WG_FT,Minimum relative to average wages of full-time workers,PT_WG_A_SAL_FT,Percentage of average wage of full-time employees,_Z,Not applicable,_Z,Not applicable,MEDIAN,Median,_Z,Not applicable,1989,,33.60080241,,_Z,,A,Normal value,0,Units,2,Two
DATAFLOW,OECD.ELS.SAE:DSD_EARNINGS@MIN2AVE(1.0),Minimum relative to average wages of full-time workers,I,USA,United States,MR_WG_FT,Minimum relative to average wages of full-time workers,PT_WG_A_SAL_FT,Percentage of average wage of full-time employees,_Z,Not applicable,_Z,Not applicable,MEDIAN,Median,_Z,Not applicable,1990,,35.61776062,,_Z,,A,Normal value,0,Units,2,Two
DATAFLOW,OECD.ELS.SAE:DSD_EARNINGS@MIN2AVE(1.0),Minimum relative to average wages of full-time workers,I,USA,United States,MR_WG_FT,Minimum relative to average wages of full-time workers,PT_WG_A_SAL_FT,Percentage of average wage of full-time employees,_Z,Not applicable,_Z,Not applicable,MEDIAN,Median,_Z,Not applicable,1991,,38.54748603,,_Z,,A,Normal value,0,Units,2,Two
DATAFLOW,OECD.ELS.SAE:DSD_EARNINGS@MIN2AVE(1.0),Minimum relative to average wages of full-time workers,I,USA,United States,MR_WG_FT,Minimum relative to average wages of full-time workers,PT_WG_A_SAL_FT,Percentage of average wage of full-time employees,_Z,Not applicable,_Z,Not applicable,MEDIAN,Median,_Z,Not applicable,1992,,38.25382538,,_Z,,A,Normal value,0,Units,2,Two
DATAFLOW,OECD.ELS.SAE:DSD_EARNINGS@MIN2AVE(1.0),Minimum relative to average wages of full-time workers,I,USA,United States,MR_WG_FT,Minimum relative to average wages of full-time workers,PT_WG_A_SAL_FT,Percentage of average wage of full-time employees,_Z,Not applicable,_Z,Not applicable,MEDIAN,Median,_Z,Not applicable,1993,,36.73292999,,_Z,,A,Normal value,0,Units,2,Two
DATAFLOW,OECD.ELS.SAE:DSD_EARNINGS@MIN2AVE(1.0),Minimum relative to average wages of full-time workers,I,USA,United States,MR_WG_FT,Minimum relative to average wages of full-time workers,PT_WG_A_SAL_FT,Percentage of average wage of full-time employees,_Z,Not applicable,_Z,Not applicable,MEDIAN,Median,_Z,Not applicable,1994,,36.3869863,,_Z,,A,Normal value,0,Units,2,Two
DATAFLOW,OECD.ELS.SAE:DSD_EARNINGS@MIN2AVE(1.0),Minimum relative to average wages of full-time workers,I,USA,United States,MR_WG_FT,Minimum relative to average wages of full-time workers,PT_WG_A_SAL_FT,Percentage of average wage of full-time employees,_Z,Not applicable,_Z,Not applicable,MEDIAN,Median,_Z,Not applicable,1995,,35.47579299,,_Z,,A,Normal value,0,Units,2,Two
DATAFLOW,OECD.ELS.SAE:DSD_EARNINGS@MIN2AVE(1.0),Minimum relative to average wages of full-time workers,I,USA,United States,MR_WG_FT,Minimum relative to average wages of full-time workers,PT_WG_A_SAL_FT,Percentage of average wage of full-time employees,_Z,Not applicable,_Z,Not applicable,MEDIAN,Median,_Z,Not applicable,1996,,35.75510204,,_Z,,A,Normal value,0,Units,2,Two
DATAFLOW,OECD.ELS.SAE:DSD_EARNINGS@MIN2AVE(1.0),Minimum relative to average wages of full-time workers,I,USA,United States,MR_WG_FT,Minimum relative to average wages of full-time workers,PT_WG_A_SAL_FT,Percentage of average wage of full-time employees,_Z,Not applicable,_Z,Not applicable,MEDIAN,Median,_Z,Not applicable,1997,,38.79173291,,_Z,,A,Normal value,0,Units,2,Two
DATAFLOW,OECD.ELS.SAE:DSD_EARNINGS@MIN2AVE(1.0),Minimum relative to average wages of full-time workers,I,USA,United States,MR_WG_FT,Minimum relative to average wages of full-time workers,PT_WG_A_SAL_FT,Percentage of average wage of full-time employees,_Z,Not applicable,_Z,Not applicable,MEDIAN,Median,_Z,Not applicable,1998,,39.37308869,,_Z,,A,Normal value,0,Units,2,Two
DATAFLOW,OECD.ELS.SAE:DSD_EARNINGS@MIN2AVE(1.0),Minimum relative to average wages of full-time workers,I,USA,United States,MR_WG_FT,Minimum relative to average wages of full-time workers,PT_WG_A_SAL_FT,Percentage of average wage of full-time employees,_Z,Not applicable,_Z,Not applicable,MEDIAN,Median,_Z,Not applicable,1999,,37.50910415,,_Z,,A,Normal value,0,Units,2,Two
DATAFLOW,OECD.ELS.SAE:DSD_EARNINGS@MIN2AVE(1.0),Minimum relative to average wages of full-time workers,I,USA,United States,MR_WG_FT,Minimum relative to average wages of full-time workers,PT_WG_A_SAL_FT,Percentage of average wage of full-time employees,_Z,Not applicable,_Z,Not applicable,MEDIAN,Median,_Z,Not applicable,2000,,35.76388889,,_Z,,A,Normal value,0,Units,2,Two
DATAFLOW,OECD.ELS.SAE:DSD_EARNINGS@MIN2AVE(1.0),Minimum relative to average wages of full-time workers,I,USA,United States,MR_WG_FT,Minimum relative to average wages of full-time workers,PT_WG_A_SAL_FT,Percentage of average wage of full-time employees,_Z,Not applicable,_Z,Not applicable,MEDIAN,Median,_Z,Not applicable,2001,,34.49430676,,_Z,,A,Normal value,0,Units,2,Two
DATAFLOW,OECD.ELS.SAE:DSD_EARNINGS@MIN2AVE(1.0),Minimum relative to average wages of full-time workers,I,USA,United States,MR_WG_FT,Minimum relative to average wages of full-time workers,PT_WG_A_SAL_FT,Percentage of average wage of full-time employees,_Z,Not applicable,_Z,Not applicable,MEDIAN,Median,_Z,Not applicable,2002,,33.88157895,,_Z,,A,Normal value,0,Units,2,Two
DATAFLOW,OECD.ELS.SAE:DSD_EARNINGS@MIN2AVE(1.0),Minimum relative to average wages of full-time workers,I,USA,United States,MR_WG_FT,Minimum relative to average wages of full-time workers,PT_WG_A_SAL_FT,Percentage of average wage of full-time employees,_Z,Not applicable,_Z,Not applicable,MEDIAN,Median,_Z,Not applicable,2003,,33.22580645,,_Z,,A,Normal value,0,Units,2,Two
DATAFLOW,OECD.ELS.SAE:DSD_EARNINGS@MIN2AVE(1.0),Minimum relative to average wages of full-time workers,I,USA,United States,MR_WG_FT,Minimum relative to average wages of full-time workers,PT_WG_A_SAL_FT,Percentage of average wage of full-time employees,_Z,Not applicable,_Z,Not applicable,MEDIAN,Median,_Z,Not applicable,2004,,32.28840125,,_Z,,A,Normal value,0,Units,2,Two
DATAFLOW,OECD.ELS.SAE:DSD_EARNINGS@MIN2AVE(1.0),Minimum relative to average wages of full-time workers,I,USA,United States,MR_WG_FT,Minimum relative to average wages of full-time workers,PT_WG_A_SAL_FT,Percentage of average wage of full-time employees,_Z,Not applicable,_Z,Not applicable,MEDIAN,Median,_Z,Not applicable,2005,,31.63390663,,_Z,,A,Normal value,0,Units,2,Two
DATAFLOW,OECD.ELS.SAE:DSD_EARNINGS@MIN2AVE(1.0),Minimum relative to average wages of full-time workers,I,USA,United States,MR_WG_FT,Minimum relative to average wages of full-time workers,PT_WG_A_SAL_FT,Percentage of average wage of full-time employees,_Z,Not applicable,_Z,Not applicable,MEDIAN,Median,_Z,Not applicable,2006,,30.69129917,,_Z,,A,Normal value,0,Units,2,Two
DATAFLOW,OECD.ELS.SAE:DSD_EARNINGS@MIN2AVE(1.0),Minimum relative to average wages of full-time workers,I,USA,United States,MR_WG_FT,Minimum relative to average wages of full-time workers,PT_WG_A_SAL_FT,Percentage of average wage of full-time employees,_Z,Not applicable,_Z,Not applicable,MEDIAN,Median,_Z,Not applicable,2007,,31.41542002,,_Z,,A,Normal value,0,Units,2,Two
DATAFLOW,OECD.ELS.SAE:DSD_EARNINGS@MIN2AVE(1.0),Minimum relative to average wages of full-time workers,I,USA,United States,MR_WG_FT,Minimum relative to average wages of full-time workers,PT_WG_A_SAL_FT,Percentage of average wage of full-time employees,_Z,Not applicable,_Z,Not applicable,MEDIAN,Median,_Z,Not applicable,2008,,34.12742382,,_Z,,A,Normal value,0,Units,2,Two
DATAFLOW,OECD.ELS.SAE:DSD_EARNINGS@MIN2AVE(1.0),Minimum relative to average wages of full-time workers,I,USA,United States,MR_WG_FT,Minimum relative to average wages of full-time workers,PT_WG_A_SAL_FT,Percentage of average wage of full-time employees,_Z,Not applicable,_Z,Not applicable,MEDIAN,Median,_Z,Not applicable,2009,,37.12121212,,_Z,,A,Normal value,0,Units,2,Two
DATAFLOW,OECD.ELS.SAE:DSD_EARNINGS@MIN2AVE(1.0),Minimum relative to average wages of full-time workers,I,USA,United States,MR_WG_FT,Minimum relative to average wages of full-time workers,PT_WG_A_SAL_FT,Percentage of average wage of full-time employees,_Z,Not applicable,_Z,Not applicable,MEDIAN,Median,_Z,Not applicable,2010,,38.81156317,,_Z,,A,Normal value,0,Units,2,Two
DATAFLOW,OECD.ELS.SAE:DSD_EARNINGS@MIN2AVE(1.0),Minimum relative to average wages of full-time workers,I,USA,United States,MR_WG_FT,Minimum relative to average wages of full-time workers,PT_WG_A_SAL_FT,Percentage of average wage of full-time employees,_Z,Not applicable,_Z,Not applicable,MEDIAN,Median,_Z,Not applicable,2011,,38.33950291,,_Z,,A,Normal value,0,Units,2,Two
DATAFLOW,OECD.ELS.SAE:DSD_EARNINGS@MIN2AVE(1.0),Minimum relative to average wages of full-time workers,I,USA,United States,MR_WG_FT,Minimum relative to average wages of full-time workers,PT_WG_A_SAL_FT,Percentage of average wage of full-time employees,_Z,Not applicable,_Z,Not applicable,MEDIAN,Median,_Z,Not applicable,2012,,37.74076002,,_Z,,A,Normal value,0,Units,2,Two
DATAFLOW,OECD.ELS.SAE:DSD_EARNINGS@MIN2AVE(1.0),Minimum relative to average wages of full-time workers,I,USA,United States,MR_WG_FT,Minimum relative to average wages of full-time workers,PT_WG_A_SAL_FT,Percentage of average wage of full-time employees,_Z,Not applicable,_Z,Not applicable,MEDIAN,Median,_Z,Not applicable,2013,,37.35188047,,_Z,,A,Normal value,0,Units,2,Two
DATAFLOW,OECD.ELS.SAE:DSD_EARNINGS@MIN2AVE(1.0),Minimum relative to average wages of full-time workers,I,USA,United States,MR_WG_FT,Minimum relative to average wages of full-time workers,PT_WG_A_SAL_FT,Percentage of average wage of full-time employees,_Z,Not applicable,_Z,Not applicable,MEDIAN,Median,_Z,Not applicable,2014,,36.65318504,,_Z,,A,Normal value,0,Units,2,Two
DATAFLOW,OECD.ELS.SAE:DSD_EARNINGS@MIN2AVE(1.0),Minimum relative to average wages of full-time workers,I,USA,United States,MR_WG_FT,Minimum relative to average wages of full-time workers,PT_WG_A_SAL_FT,Percentage of average wage of full-time employees,_Z,Not applicable,_Z,Not applicable,MEDIAN,Median,_Z,Not applicable,2015,,35.83786456,,_Z,,A,Normal value,0,Units,2,Two
DATAFLOW,OECD.ELS.SAE:DSD_EARNINGS@MIN2AVE(1.0),Minimum relative to average wages of full-time workers,I,USA,United States,MR_WG_FT,Minimum relative to average wages of full-time workers,PT_WG_A_SAL_FT,Percentage of average wage of full-time employees,_Z,Not applicable,_Z,Not applicable,MEDIAN,Median,_Z,Not applicable,2016,,34.85576923,,_Z,,A,Normal value,0,Units,2,Two
DATAFLOW,OECD.ELS.SAE:DSD_EARNINGS@MIN2AVE(1.0),Minimum relative to average wages of full-time workers,I,USA,United States,MR_WG_FT,Minimum relative to average wages of full-time workers,PT_WG_A_SAL_FT,Percentage of average wage of full-time employees,_Z,Not applicable,_Z,Not applicable,MEDIAN,Median,_Z,Not applicable,2017,,33.72093023,,_Z,,A,Normal value,0,Units,2,Two
DATAFLOW,OECD.ELS.SAE:DSD_EARNINGS@MIN2AVE(1.0),Minimum relative to average wages of full-time workers,I,USA,United States,MR_WG_FT,Minimum relative to average wages of full-time workers,PT_WG_A_SAL_FT,Percentage of average wage of full-time employees,_Z,Not applicable,_Z,Not applicable,MEDIAN,Median,_Z,Not applicable,2018,,32.73137698,,_Z,,A,Normal value,0,Units,2,Two
DATAFLOW,OECD.ELS.SAE:DSD_EARNINGS@MIN2AVE(1.0),Minimum relative to average wages of full-time workers,I,USA,United States,MR_WG_FT,Minimum relative to average wages of full-time workers,PT_WG_A_SAL_FT,Percentage of average wage of full-time employees,_Z,Not applicable,_Z,Not applicable,MEDIAN,Median,_Z,Not applicable,2019,,31.61796773,,_Z,,A,Normal value,0,Units,2,Two
DATAFLOW,OECD.ELS.SAE:DSD_EARNINGS@MIN2AVE(1.0),Minimum relative to average wages of full-time workers,I,USA,United States,MR_WG_FT,Minimum relative to average wages of full-time workers,PT_WG_A_SAL_FT,Percentage of average wage of full-time employees,_Z,Not applicable,_Z,Not applicable,MEDIAN,Median,_Z,Not applicable,2020,,29.47154472,,_Z,,A,Normal value,0,Units,2,Two
DATAFLOW,OECD.ELS.SAE:DSD_EARNINGS@MIN2AVE(1.0),Minimum relative to average wages of full-time workers,I,USA,United States,MR_WG_FT,Minimum relative to average wages of full-time workers,PT_WG_A_SAL_FT,Percentage of average wage of full-time employees,_Z,Not applicable,_Z,Not applicable,MEDIAN,Median,_Z,Not applicable,2021,,29.05811623,,_Z,,A,Normal value,0,Units,2,Two
DATAFLOW,OECD.ELS.SAE:DSD_EARNINGS@MIN2AVE(1.0),Minimum relative to average wages of full-time workers,I,USA,United States,MR_WG_FT,Minimum relative to average wages of full-time workers,PT_WG_A_SAL_FT,Percentage of average wage of full-time employees,_Z,Not applicable,_Z,Not applicable,MEDIAN,Median,_Z,Not applicable,2022,,27.37915408,,_Z,,A,Normal value,0,Units,2,Two
DATAFLOW,OECD.ELS.SAE:DSD_EARNINGS@MIN2AVE(1.0),Minimum relative to average wages of full-time workers,I,USA,United States,MR_WG_FT,Minimum relative to average wages of full-time workers,PT_WG_A_SAL_FT,Percentage of average wage of full-time employees,_Z,Not applicable,_Z,Not applicable,MEDIAN,Median,_Z,Not applicable,2023,,25.95775152,,_Z,,A,Normal value,0,Units,2,Two
DATAFLOW,OECD.ELS.SAE:DSD_EARNINGS@MIN2AVE(1.0),Minimum relative to average wages of full-time workers,I,USA,United States,MR_WG_FT,Minimum relative to average wages of full-time workers,PT_WG_A_SAL_FT,Percentage of average wage of full-time employees,_Z,Not applicable,_Z,Not applicable,MEDIAN,Median,_Z,Not applicable,2024,,25.01725328,,_Z,,A,Normal value,0,Units,2,Two
DATAFLOW,OECD.ELS.SAE:DSD_EARNINGS@MIN2AVE(1.0),Minimum relative to average wages of full-time workers,I,NZL,New Zealand,MR_WG_FT,Minimum relative to average wages of full-time workers,PT_WG_A_SAL_FT,Percentage of average wage of full-time employees,_Z,Not applicable,_Z,Not applicable,MEDIAN,Median,_Z,Not applicable,1960,,78.37301587,,_Z,,A,Normal value,0,Units,2,Two
DATAFLOW,OECD.ELS.SAE:DSD_EARNINGS@MIN2AVE(1.0),Minimum relative to average wages of full-time workers,I,NZL,New Zealand,MR_WG_FT,Minimum relative to average wages of full-time workers,PT_WG_A_SAL_FT,Percentage of average wage of full-time employees,_Z,Not applicable,_Z,Not applicable,MEDIAN,Median,_Z,Not applicable,1961,,74.81060606,,_Z,,A,Normal value,0,Units,2,Two
DATAFLOW,OECD.ELS.SAE:DSD_EARNINGS@MIN2AVE(1.0),Minimum relative to average wages of full-time workers,I,NZL,New Zealand,MR_WG_FT,Minimum relative to average wages of full-time workers,PT_WG_A_SAL_FT,Percentage of average wage of full-time employees,_Z,Not applicable,_Z,Not applicable,MEDIAN,Median,_Z,Not applicable,1962,,74.74264706,,_Z,,A,Normal value,0,Units,2,Two
DATAFLOW,OECD.ELS.SAE:DSD_EARNINGS@MIN2AVE(1.0),Minimum relative to average wages of full-time workers,I,NZL,New Zealand,MR_WG_FT,Minimum relative to average wages of full-time workers,PT_WG_A_SAL_FT,Percentage of average wage of full-time employees,_Z,Not applicable,_Z,Not applicable,MEDIAN,Median,_Z,Not applicable,1963,,71.58450704,,_Z,,A,Normal value,0,Units,2,Two
DATAFLOW,OECD.ELS.SAE:DSD_EARNINGS@MIN2AVE(1.0),Minimum relative to average wages of full-time workers,I,NZL,New Zealand,MR_WG_FT,Minimum relative to average wages of full-time workers,PT_WG_A_SAL_FT,Percentage of average wage of full-time employees,_Z,Not applicable,_Z,Not applicable,MEDIAN,Median,_Z,Not applicable,1964,,73.20945946,,_Z,,A,Normal value,0,Units,2,Two
DATAFLOW,OECD.ELS.SAE:DSD_EARNINGS@MIN2AVE(1.0),Minimum relative to average wages of full-time workers,I,NZL,New Zealand,MR_WG_FT,Minimum relative to average wages of full-time workers,PT_WG_A_SAL_FT,Percentage of average wage of full-time employees,_Z,Not applicable,_Z,Not applicable,MEDIAN,Median,_Z,Not applicable,1965,,67.71875,,_Z,,A,Normal value,0,Units,2,Two
DATAFLOW,OECD.ELS.SAE:DSD_EARNINGS@MIN2AVE(1.0),Minimum relative to average wages of full-time workers,I,NZL,New Zealand,MR_WG_FT,Minimum relative to average wages of full-time workers,PT_WG_A_SAL_FT,Percentage of average wage of full-time employees,_Z,Not applicable,_Z,Not applicable,MEDIAN,Median,_Z,Not applicable,1966,,65.27108434,,_Z,,A,Normal value,0,Units,2,Two
DATAFLOW,OECD.ELS.SAE:DSD_EARNINGS@MIN2AVE(1.0),Minimum relative to average wages of full-time workers,I,NZL,New Zealand,MR_WG_FT,Minimum relative to average wages of full-time workers,PT_WG_A_SAL_FT,Percentage of average wage of full-time employees,_Z,Not applicable,_Z,Not applicable,MEDIAN,Median,_Z,Not applicable,1967,,64.68023256,,_Z,,A,Normal value,0,Units,2,Two
DATAFLOW,OECD.ELS.SAE:DSD_EARNINGS@MIN2AVE(1.0),Minimum relative to average wages of full-time workers,I,NZL,New Zealand,MR_WG_FT,Minimum relative to average wages of full-time workers,PT_WG_A_SAL_FT,Percentage of average wage of full-time employees,_Z,Not applicable,_Z,Not applicable,MEDIAN,Median,_Z,Not applicable,1968,,65.27777778,,_Z,,A,Normal value,0,Units,2,Two
DATAFLOW,OECD.ELS.SAE:DSD_EARNINGS@MIN2AVE(1.0),Minimum relative to average wages of full-time workers,I,NZL,New Zealand,MR_WG_FT,Minimum relative to average wages of full-time workers,PT_WG_A_SAL_FT,Percentage of average wage of full-time employees,_Z,Not applicable,_Z,Not applicable,MEDIAN,Median,_Z,Not applicable,1969,,67.01030928,,_Z,,A,Normal value,0,Units,2,Two
DATAFLOW,OECD.ELS.SAE:DSD_EARNINGS@MIN2AVE(1.0),Minimum relative to average wages of full-time workers,I,NZL,New Zealand,MR_WG_FT,Minimum relative to average wages of full-time workers,PT_WG_A_SAL_FT,Percentage of average wage of full-time employees,_Z,Not applicable,_Z,Not applicable,MEDIAN,Median,_Z,Not applicable,1970,,60.18518519,,_Z,,A,Normal value,0,Units,2,Two
DATAFLOW,OECD.ELS.SAE:DSD_EARNINGS@MIN2AVE(1.0),Minimum relative to average wages of full-time workers,I,NZL,New Zealand,MR_WG_FT,Minimum relative to average wages of full-time workers,PT_WG_A_SAL_FT,Percentage of average wage of full-time employees,_Z,Not applicable,_Z,Not applicable,MEDIAN,Median,_Z,Not applicable,1971,,53.57142857,,_Z,,A,Normal value,0,Units,2,Two
DATAFLOW,OECD.ELS.SAE:DSD_EARNINGS@MIN2AVE(1.0),Minimum relative to average wages of full-time workers,I,NZL,New Zealand,MR_WG_FT,Minimum relative to average wages of full-time workers,PT_WG_A_SAL_FT,Percentage of average wage of full-time employees,_Z,Not applicable,_Z,Not applicable,MEDIAN,Median,_Z,Not applicable,1972,,47.87234043,,_Z,,A,Normal value,0,Units,2,Two
DATAFLOW,OECD.ELS.SAE:DSD_EARNINGS@MIN2AVE(1.0),Minimum relative to average wages of full-time workers,I,NZL,New Zealand,MR_WG_FT,Minimum relative to average wages of full-time workers,PT_WG_A_SAL_FT,Percentage of average wage of full-time employees,_Z,Not applicable,_Z,Not applicable,MEDIAN,Median,_Z,Not applicable,1973,,69.8757764,,_Z,,A,Normal value,0,Units,2,Two
DATAFLOW,OECD.ELS.SAE:DSD_EARNINGS@MIN2AVE(1.0),Minimum relative to average wages of full-time workers,I,NZL,New Zealand,MR_WG_FT,Minimum relative to average wages of full-time workers,PT_WG_A_SAL_FT,Percentage of average wage of full-time employees,_Z,Not applicable,_Z,Not applicable,MEDIAN,Median,_Z,Not applicable,1974,,64.70588235,,_Z,,A,Normal value,0,Units,2,Two
DATAFLOW,OECD.ELS.SAE:DSD_EARNINGS@MIN2AVE(1.0),Minimum relative to average wages of full-time workers,I,NZL,New Zealand,MR_WG_FT,Minimum relative to average wages of full-time workers,PT_WG_A_SAL_FT,Percentage of average wage of full-time employees,_Z,Not applicable,_Z,Not applicable,MEDIAN,Median,_Z,Not applicable,1975,,64.71698113,,_Z,,A,Normal value,0,Units,2,Two
DATAFLOW,OECD.ELS.SAE:DSD_EARNINGS@MIN2AVE(1.0),Minimum relative to average wages of full-time workers,I,NZL,New Zealand,MR_WG_FT,Minimum relative to average wages of full-time workers,PT_WG_A_SAL_FT,Percentage of average wage of full-time employees,_Z,Not applicable,_Z,Not applicable,MEDIAN,Median,_Z,Not applicable,1976,,63.82352941,,_Z,,A,Normal value,0,Units,2,Two
DATAFLOW,OECD.ELS.SAE:DSD_EARNINGS@MIN2AVE(1.0),Minimum relative to average wages of full-time workers,I,NZL,New Zealand,MR_WG_FT,Minimum relative to average wages of full-time workers,PT_WG_A_SAL_FT,Percentage of average wage of full-time employees,_Z,Not applicable,_Z,Not applicable,MEDIAN,Median,_Z,Not applicable,1977,,59.41881919,,_Z,,A,Normal value,0,Units,2,Two
DATAFLOW,OECD.ELS.SAE:DSD_EARNINGS@MIN2AVE(1.0),Minimum relative to average wages of full-time workers,I,NZL,New Zealand,MR_WG_FT,Minimum relative to average wages of full-time workers,PT_WG_A_SAL_FT,Percentage of average wage of full-time employees,_Z,Not applicable,_Z,Not applicable,MEDIAN,Median,_Z,Not applicable,1978,,60.84983498,,_Z,,A,Normal value,0,Units,2,Two
DATAFLOW,OECD.ELS.SAE:DSD_EARNINGS@MIN2AVE(1.0),Minimum relative to average wages of full-time workers,I,NZL,New Zealand,MR_WG_FT,Minimum relative to average wages of full-time workers,PT_WG_A_SAL_FT,Percentage of average wage of full-time employees,_Z,Not applicable,_Z,Not applicable,MEDIAN,Median,_Z,Not applicable,1979,,54.27464789,,_Z,,A,Normal value,0,Units,2,Two
DATAFLOW,OECD.ELS.SAE:DSD_EARNINGS@MIN2AVE(1.0),Minimum relative to average wages of full-time workers,I,NZL,New Zealand,MR_WG_FT,Minimum relative to average wages of full-time workers,PT_WG_A_SAL_FT,Percentage of average wage of full-time employees,_Z,Not applicable,_Z,Not applicable,MEDIAN,Median,_Z,Not applicable,1980,,47.71428571,,_Z,,A,Normal value,0,Units,2,Two
DATAFLOW,OECD.ELS.SAE:DSD_EARNINGS@MIN2AVE(1.0),Minimum relative to average wages of full-time workers,I,NZL,New Zealand,MR_WG_FT,Minimum relative to average wages of full-time workers,PT_WG_A_SAL_FT,Percentage of average wage of full-time employees,_Z,Not applicable,_Z,Not applicable,MEDIAN,Median,_Z,Not applicable,1981,,40.5511811,,_Z,,A,Normal value,0,Units,2,Two
DATAFLOW,OECD.ELS.SAE:DSD_EARNINGS@MIN2AVE(1.0),Minimum relative to average wages of full-time workers,I,NZL,New Zealand,MR_WG_FT,Minimum relative to average wages of full-time workers,PT_WG_A_SAL_FT,Percentage of average wage of full-time employees,_Z,Not applicable,_Z,Not applicable,MEDIAN,Median,_Z,Not applicable,1982,,36.14457831,,_Z,,A,Normal value,0,Units,2,Two
DATAFLOW,OECD.ELS.SAE:DSD_EARNINGS@MIN2AVE(1.0),Minimum relative to average wages of full-time workers,I,NZL,New Zealand,MR_WG_FT,Minimum relative to average wages of full-time workers,PT_WG_A_SAL_FT,Percentage of average wage of full-time employees,_Z,Not applicable,_Z,Not applicable,MEDIAN,Median,_Z,Not applicable,1983,,34.76821192,,_Z,,A,Normal value,0,Units,2,Two
DATAFLOW,OECD.ELS.SAE:DSD_EARNINGS@MIN2AVE(1.0),Minimum relative to average wages of full-time workers,I,NZL,New Zealand,MR_WG_FT,Minimum relative to average wages of full-time workers,PT_WG_A_SAL_FT,Percentage of average wage of full-time employees,_Z,Not applicable,_Z,Not applicable,MEDIAN,Median,_Z,Not applicable,1984,,33.28305366,,_Z,,A,Normal value,0,Units,2,Two
DATAFLOW,OECD.ELS.SAE:DSD_EARNINGS@MIN2AVE(1.0),Minimum relative to average wages of full-time workers,I,NZL,New Zealand,MR_WG_FT,Minimum relative to average wages of full-time workers,PT_WG_A_SAL_FT,Percentage of average wage of full-time employees,_Z,Not applicable,_Z,Not applicable,MEDIAN,Median,_Z,Not applicable,1985,,44.65592972,,_Z,,A,Normal value,0,Units,2,Two
DATAFLOW,OECD.ELS.SAE:DSD_EARNINGS@MIN2AVE(1.0),Minimum relative to average wages of full-time workers,I,NZL,New Zealand,MR_WG_FT,Minimum relative to average wages of full-time workers,PT_WG_A_SAL_FT,Percentage of average wage of full-time employees,_Z,Not applicable,_Z,Not applicable,MEDIAN,Median,_Z,Not applicable,1986,,53.23798531,,_Z,,A,Normal value,0,Units,2,Two
DATAFLOW,OECD.ELS.SAE:DSD_EARNINGS@MIN2AVE(1.0),Minimum relative to average wages of full-time workers,I,NZL,New Zealand,MR_WG_FT,Minimum relative to average wages of full-time workers,PT_WG_A_SAL_FT,Percentage of average wage of full-time employees,_Z,Not applicable,_Z,Not applicable,MEDIAN,Median,_Z,Not applicable,1987,,56.78059537,,_Z,,A,Normal value,0,Units,2,Two
DATAFLOW,OECD.ELS.SAE:DSD_EARNINGS@MIN2AVE(1.0),Minimum relative to average wages of full-time workers,I,NZL,New Zealand,MR_WG_FT,Minimum relative to average wages of full-time workers,PT_WG_A_SAL_FT,Percentage of average wage of full-time employees,_Z,Not applicable,_Z,Not applicable,MEDIAN,Median,_Z,Not applicable,1988,,54.79767153,,_Z,,A,Normal value,0,Units,2,Two
DATAFLOW,OECD.ELS.SAE:DSD_EARNINGS@MIN2AVE(1.0),Minimum relative to average wages of full-time workers,I,NZL,New Zealand,MR_WG_FT,Minimum relative to average wages of full-time workers,PT_WG_A_SAL_FT,Percentage of average wage of full-time employees,_Z,Not applicable,_Z,Not applicable,MEDIAN,Median,_Z,Not applicable,1989,,53.17387305,,_Z,,A,Normal value,0,Units,2,Two
DATAFLOW,OECD.ELS.SAE:DSD_EARNINGS@MIN2AVE(1.0),Minimum relative to average wages of full-time workers,I,NZL,New Zealand,MR_WG_FT,Minimum relative to average wages of full-time workers,PT_WG_A_SAL_FT,Percentage of average wage of full-time employees,_Z,Not applicable,_Z,Not applicable,MEDIAN,Median,_Z,Not applicable,1990,,51.60853506,,_Z,,A,Normal value,0,Units,2,Two
DATAFLOW,OECD.ELS.SAE:DSD_EARNINGS@MIN2AVE(1.0),Minimum relative to average wages of full-time workers,I,NZL,New Zealand,MR_WG_FT,Minimum relative to average wages of full-time workers,PT_WG_A_SAL_FT,Percentage of average wage of full-time employees,_Z,Not applicable,_Z,Not applicable,MEDIAN,Median,_Z,Not applicable,1991,,52.03735144,,_Z,,A,Normal value,0,Units,2,Two
DATAFLOW,OECD.ELS.SAE:DSD_EARNINGS@MIN2AVE(1.0),Minimum relative to average wages of full-time workers,I,NZL,New Zealand,MR_WG_FT,Minimum relative to average wages of full-time workers,PT_WG_A_SAL_FT,Percentage of average wage of full-time employees,_Z,Not applicable,_Z,Not applicable,MEDIAN,Median,_Z,Not applicable,1992,,51.17881464,,_Z,,A,Normal value,0,Units,2,Two
DATAFLOW,OECD.ELS.SAE:DSD_EARNINGS@MIN2AVE(1.0),Minimum relative to average wages of full-time workers,I,NZL,New Zealand,MR_WG_FT,Minimum relative to average wages of full-time workers,PT_WG_A_SAL_FT,Percentage of average wage of full-time employees,_Z,Not applicable,_Z,Not applicable,MEDIAN,Median,_Z,Not applicable,1993,,51.2541806,,_Z,,A,Normal value,0,Units,2,Two
DATAFLOW,OECD.ELS.SAE:DSD_EARNINGS@MIN2AVE(1.0),Minimum relative to average wages of full-time workers,I,NZL,New Zealand,MR_WG_FT,Minimum relative to average wages of full-time workers,PT_WG_A_SAL_FT,Percentage of average wage of full-time employees,_Z,Not applicable,_Z,Not applicable,MEDIAN,Median,_Z,Not applicable,1994,,50.47616038,,_Z,,A,Normal value,0,Units,2,Two
DATAFLOW,OECD.ELS.SAE:DSD_EARNINGS@MIN2AVE(1.0),Minimum relative to average wages of full-time workers,I,NZL,New Zealand,MR_WG_FT,Minimum relative to average wages of full-time workers,PT_WG_A_SAL_FT,Percentage of average wage of full-time employees,_Z,Not applicable,_Z,Not applicable,MEDIAN,Median,_Z,Not applicable,1995,,49.8063224,,_Z,,A,Normal value,0,Units,2,Two
DATAFLOW,OECD.ELS.SAE:DSD_EARNINGS@MIN2AVE(1.0),Minimum relative to average wages of full-time workers,I,NZL,New Zealand,MR_WG_FT,Minimum relative to average wages of full-time workers,PT_WG_A_SAL_FT,Percentage of average wage of full-time employees,_Z,Not applicable,_Z,Not applicable,MEDIAN,Median,_Z,Not applicable,1996,,47.88673734,,_Z,,A,Normal value,0,Units,2,Two
DATAFLOW,OECD.ELS.SAE:DSD_EARNINGS@MIN2AVE(1.0),Minimum relative to average wages of full-time workers,I,NZL,New Zealand,MR_WG_FT,Minimum relative to average wages of full-time workers,PT_WG_A_SAL_FT,Percentage of average wage of full-time employees,_Z,Not applicable,_Z,Not applicable,MEDIAN,Median,_Z,Not applicable,1997,,51.11111111,,_Z,,A,Normal value,0,Units,2,Two
DATAFLOW,OECD.ELS.SAE:DSD_EARNINGS@MIN2AVE(1.0),Minimum relative to average wages of full-time workers,I,NZL,New Zealand,MR_WG_FT,Minimum relative to average wages of full-time workers,PT_WG_A_SAL_FT,Percentage of average wage of full-time employees,_Z,Not applicable,_Z,Not applicable,MEDIAN,Median,_Z,Not applicable,1998,,48.95104895,,_Z,,A,Normal value,0,Units,2,Two
DATAFLOW,OECD.ELS.SAE:DSD_EARNINGS@MIN2AVE(1.0),Minimum relative to average wages of full-time workers,I,NZL,New Zealand,MR_WG_FT,Minimum relative to average wages of full-time workers,PT_WG_A_SAL_FT,Percentage of average wage of full-time employees,_Z,Not applicable,_Z,Not applicable,MEDIAN,Median,_Z,Not applicable,1999,,48.27586207,,_Z,,A,Normal value,0,Units,2,Two
DATAFLOW,OECD.ELS.SAE:DSD_EARNINGS@MIN2AVE(1.0),Minimum relative to average wages of full-time workers,I,NZL,New Zealand,MR_WG_FT,Minimum relative to average wages of full-time workers,PT_WG_A_SAL_FT,Percentage of average wage of full-time employees,_Z,Not applicable,_Z,Not applicable,MEDIAN,Median,_Z,Not applicable,2000,,50.33783784,,_Z,,A,Normal value,0,Units,2,Two
DATAFLOW,OECD.ELS.SAE:DSD_EARNINGS@MIN2AVE(1.0),Minimum relative to average wages of full-time workers,I,NZL,New Zealand,MR_WG_FT,Minimum relative to average wages of full-time workers,PT_WG_A_SAL_FT,Percentage of average wage of full-time employees,_Z,Not applicable,_Z,Not applicable,MEDIAN,Median,_Z,Not applicable,2001,,51.13333333,,_Z,,A,Normal value,0,Units,2,Two
DATAFLOW,OECD.ELS.SAE:DSD_EARNINGS@MIN2AVE(1.0),Minimum relative to average wages of full-time workers,I,NZL,New Zealand,MR_WG_FT,Minimum relative to average wages of full-time workers,PT_WG_A_SAL_FT,Percentage of average wage of full-time employees,_Z,Not applicable,_Z,Not applicable,MEDIAN,Median,_Z,Not applicable,2002,,51.59194282,,_Z,,A,Normal value,0,Units,2,Two
DATAFLOW,OECD.ELS.SAE:DSD_EARNINGS@MIN2AVE(1.0),Minimum relative to average wages of full-time workers,I,NZL,New Zealand,MR_WG_FT,Minimum relative to average wages of full-time workers,PT_WG_A_SAL_FT,Percentage of average wage of full-time employees,_Z,Not applicable,_Z,Not applicable,MEDIAN,Median,_Z,Not applicable,2003,,53.06767868,,_Z,,A,Normal value,0,Units,2,Two
DATAFLOW,OECD.ELS.SAE:DSD_EARNINGS@MIN2AVE(1.0),Minimum relative to average wages of full-time workers,I,NZL,New Zealand,MR_WG_FT,Minimum relative to average wages of full-time workers,PT_WG_A_SAL_FT,Percentage of average wage of full-time employees,_Z,Not applicable,_Z,Not applicable,MEDIAN,Median,_Z,Not applicable,2004,,53.26934613,,_Z,,A,Normal value,0,Units,2,Two
DATAFLOW,OECD.ELS.SAE:DSD_EARNINGS@MIN2AVE(1.0),Minimum relative to average wages of full-time workers,I,NZL,New Zealand,MR_WG_FT,Minimum relative to average wages of full-time workers,PT_WG_A_SAL_FT,Percentage of average wage of full-time employees,_Z,Not applicable,_Z,Not applicable,MEDIAN,Median,_Z,Not applicable,2005,,54.4032445,,_Z,,A,Normal value,0,Units,2,Two
DATAFLOW,OECD.ELS.SAE:DSD_EARNINGS@MIN2AVE(1.0),Minimum relative to average wages of full-time workers,I,NZL,New Zealand,MR_WG_FT,Minimum relative to average wages of full-time workers,PT_WG_A_SAL_FT,Percentage of average wage of full-time employees,_Z,Not applicable,_Z,Not applicable,MEDIAN,Median,_Z,Not applicable,2006,,56,,_Z,,A,Normal value,0,Units,2,Two
DATAFLOW,OECD.ELS.SAE:DSD_EARNINGS@MIN2AVE(1.0),Minimum relative to average wages of full-time workers,I,NZL,New Zealand,MR_WG_FT,Minimum relative to average wages of full-time workers,PT_WG_A_SAL_FT,Percentage of average wage of full-time employees,_Z,Not applicable,_Z,Not applicable,MEDIAN,Median,_Z,Not applicable,2007,,57.35140772,,_Z,,A,Normal value,0,Units,2,Two
DATAFLOW,OECD.ELS.SAE:DSD_EARNINGS@MIN2AVE(1.0),Minimum relative to average wages of full-time workers,I,NZL,New Zealand,MR_WG_FT,Minimum relative to average wages of full-time workers,PT_WG_A_SAL_FT,Percentage of average wage of full-time employees,_Z,Not applicable,_Z,Not applicable,MEDIAN,Median,_Z,Not applicable,2008,,59.05,,_Z,,A,Normal value,0,Units,2,Two
DATAFLOW,OECD.ELS.SAE:DSD_EARNINGS@MIN2AVE(1.0),Minimum relative to average wages of full-time workers,I,NZL,New Zealand,MR_WG_FT,Minimum relative to average wages of full-time workers,PT_WG_A_SAL_FT,Percentage of average wage of full-time employees,_Z,Not applicable,_Z,Not applicable,MEDIAN,Median,_Z,Not applicable,2009,,59.09307876,,_Z,,A,Normal value,0,Units,2,Two
DATAFLOW,OECD.ELS.SAE:DSD_EARNINGS@MIN2AVE(1.0),Minimum relative to average wages of full-time workers,I,NZL,New Zealand,MR_WG_FT,Minimum relative to average wages of full-time workers,PT_WG_A_SAL_FT,Percentage of average wage of full-time employees,_Z,Not applicable,_Z,Not applicable,MEDIAN,Median,_Z,Not applicable,2010,,58.80444856,,_Z,,A,Normal value,0,Units,2,Two
DATAFLOW,OECD.ELS.SAE:DSD_EARNINGS@MIN2AVE(1.0),Minimum relative to average wages of full-time workers,I,NZL,New Zealand,MR_WG_FT,Minimum relative to average wages of full-time workers,PT_WG_A_SAL_FT,Percentage of average wage of full-time employees,_Z,Not applicable,_Z,Not applicable,MEDIAN,Median,_Z,Not applicable,2011,,58.81818182,,_Z,,A,Normal value,0,Units,2,Two
DATAFLOW,OECD.ELS.SAE:DSD_EARNINGS@MIN2AVE(1.0),Minimum relative to average wages of full-time workers,I,NZL,New Zealand,MR_WG_FT,Minimum relative to average wages of full-time workers,PT_WG_A_SAL_FT,Percentage of average wage of full-time employees,_Z,Not applicable,_Z,Not applicable,MEDIAN,Median,_Z,Not applicable,2012,,59.46666667,,_Z,,A,Normal value,0,Units,2,Two
DATAFLOW,OECD.ELS.SAE:DSD_EARNINGS@MIN2AVE(1.0),Minimum relative to average wages of full-time workers,I,NZL,New Zealand,MR_WG_FT,Minimum relative to average wages of full-time workers,PT_WG_A_SAL_FT,Percentage of average wage of full-time employees,_Z,Not applicable,_Z,Not applicable,MEDIAN,Median,_Z,Not applicable,2013,,59.13606911,,_Z,,A,Normal value,0,Units,2,Two
DATAFLOW,OECD.ELS.SAE:DSD_EARNINGS@MIN2AVE(1.0),Minimum relative to average wages of full-time workers,I,NZL,New Zealand,MR_WG_FT,Minimum relative to average wages of full-time workers,PT_WG_A_SAL_FT,Percentage of average wage of full-time employees,_Z,Not applicable,_Z,Not applicable,MEDIAN,Median,_Z,Not applicable,2014,,59.85525756,,_Z,,A,Normal value,0,Units,2,Two
DATAFLOW,OECD.ELS.SAE:DSD_EARNINGS@MIN2AVE(1.0),Minimum relative to average wages of full-time workers,I,NZL,New Zealand,MR_WG_FT,Minimum relative to average wages of full-time workers,PT_WG_A_SAL_FT,Percentage of average wage of full-time employees,_Z,Not applicable,_Z,Not applicable,MEDIAN,Median,_Z,Not applicable,2015,,60.05747126,,_Z,,A,Normal value,0,Units,2,Two
DATAFLOW,OECD.ELS.SAE:DSD_EARNINGS@MIN2AVE(1.0),Minimum relative to average wages of full-time workers,I,NZL,New Zealand,MR_WG_FT,Minimum relative to average wages of full-time workers,PT_WG_A_SAL_FT,Percentage of average wage of full-time employees,_Z,Not applicable,_Z,Not applicable,MEDIAN,Median,_Z,Not applicable,2016,,60.52,,_Z,,A,Normal value,0,Units,2,Two
DATAFLOW,OECD.ELS.SAE:DSD_EARNINGS@MIN2AVE(1.0),Minimum relative to average wages of full-time workers,I,NZL,New Zealand,MR_WG_FT,Minimum relative to average wages of full-time workers,PT_WG_A_SAL_FT,Percentage of average wage of full-time employees,_Z,Not applicable,_Z,Not applicable,MEDIAN,Median,_Z,Not applicable,2017,,60.37079954,,_Z,,A,Normal value,0,Units,2,Two
DATAFLOW,OECD.ELS.SAE:DSD_EARNINGS@MIN2AVE(1.0),Minimum relative to average wages of full-time workers,I,NZL,New Zealand,MR_WG_FT,Minimum relative to average wages of full-time workers,PT_WG_A_SAL_FT,Percentage of average wage of full-time employees,_Z,Not applicable,_Z,Not applicable,MEDIAN,Median,_Z,Not applicable,2018,,61.39552522,,_Z,,A,Normal value,0,Units,2,Two
DATAFLOW,OECD.ELS.SAE:DSD_EARNINGS@MIN2AVE(1.0),Minimum relative to average wages of full-time workers,I,NZL,New Zealand,MR_WG_FT,Minimum relative to average wages of full-time workers,PT_WG_A_SAL_FT,Percentage of average wage of full-time employees,_Z,Not applicable,_Z,Not applicable,MEDIAN,Median,_Z,Not applicable,2019,,64.44444444,,_Z,,A,Normal value,0,Units,2,Two
DATAFLOW,OECD.ELS.SAE:DSD_EARNINGS@MIN2AVE(1.0),Minimum relative to average wages of full-time workers,I,NZL,New Zealand,MR_WG_FT,Minimum relative to average wages of full-time workers,PT_WG_A_SAL_FT,Percentage of average wage of full-time employees,_Z,Not applicable,_Z,Not applicable,MEDIAN,Median,_Z,Not applicable,2020,,64.65067779,,_Z,,A,Normal value,0,Units,2,Two
DATAFLOW,OECD.ELS.SAE:DSD_EARNINGS@MIN2AVE(1.0),Minimum relative to average wages of full-time workers,I,NZL,New Zealand,MR_WG_FT,Minimum relative to average wages of full-time workers,PT_WG_A_SAL_FT,Percentage of average wage of full-time employees,_Z,Not applicable,_Z,Not applicable,MEDIAN,Median,_Z,Not applicable,2021,,67.61480466,,_Z,,A,Normal value,0,Units,2,Two
DATAFLOW,OECD.ELS.SAE:DSD_EARNINGS@MIN2AVE(1.0),Minimum relative to average wages of full-time workers,I,NZL,New Zealand,MR_WG_FT,Minimum relative to average wages of full-time workers,PT_WG_A_SAL_FT,Percentage of average wage of full-time employees,_Z,Not applicable,_Z,Not applicable,MEDIAN,Median,_Z,Not applicable,2022,,67.41935484,,_Z,,A,Normal value,0,Units,2,Two
DATAFLOW,OECD.ELS.SAE:DSD_EARNINGS@MIN2AVE(1.0),Minimum relative to average wages of full-time workers,I,NZL,New Zealand,MR_WG_FT,Minimum relative to average wages of full-time workers,PT_WG_A_SAL_FT,Percentage of average wage of full-time employees,_Z,Not applicable,_Z,Not applicable,MEDIAN,Median,_Z,Not applicable,2023,,66.5375447,,_Z,,A,Normal value,0,Units,2,Two
DATAFLOW,OECD.ELS.SAE:DSD_EARNINGS@MIN2AVE(1.0),Minimum relative to average wages of full-time workers,I,NZL,New Zealand,MR_WG_FT,Minimum relative to average wages of full-time workers,PT_WG_A_SAL_FT,Percentage of average wage of full-time employees,_Z,Not applicable,_Z,Not applicable,MEDIAN,Median,_Z,Not applicable,2024,,68.65315852,,_Z,,A,Normal value,0,Units,2,Two
DATAFLOW,OECD.ELS.SAE:DSD_EARNINGS@MIN2AVE(1.0),Minimum relative to average wages of full-time workers,I,LUX,Luxembourg,MR_WG_FT,Minimum relative to average wages of full-time workers,PT_WG_A_SAL_FT,Percentage of average wage of full-time employees,_Z,Not applicable,_Z,Not applicable,MEDIAN,Median,_Z,Not applicable,1960,,52.3690011,,_Z,,A,Normal value,0,Units,2,Two
DATAFLOW,OECD.ELS.SAE:DSD_EARNINGS@MIN2AVE(1.0),Minimum relative to average wages of full-time workers,I,LUX,Luxembourg,MR_WG_FT,Minimum relative to average wages of full-time workers,PT_WG_A_SAL_FT,Percentage of average wage of full-time employees,_Z,Not applicable,_Z,Not applicable,MEDIAN,Median,_Z,Not applicable,1961,,50.37287326,,_Z,,A,Normal value,0,Units,2,Two
DATAFLOW,OECD.ELS.SAE:DSD_EARNINGS@MIN2AVE(1.0),Minimum relative to average wages of full-time workers,I,LUX,Luxembourg,MR_WG_FT,Minimum relative to average wages of full-time workers,PT_WG_A_SAL_FT,Percentage of average wage of full-time employees,_Z,Not applicable,_Z,Not applicable,MEDIAN,Median,_Z,Not applicable,1962,,46.41797825,,_Z,,A,Normal value,0,Units,2,Two
DATAFLOW,OECD.ELS.SAE:DSD_EARNINGS@MIN2AVE(1.0),Minimum relative to average wages of full-time workers,I,LUX,Luxembourg,MR_WG_FT,Minimum relative to average wages of full-time workers,PT_WG_A_SAL_FT,Percentage of average wage of full-time employees,_Z,Not applicable,_Z,Not applicable,MEDIAN,Median,_Z,Not applicable,1963,,47.14811473,,_Z,,A,Normal value,0,Units,2,Two
DATAFLOW,OECD.ELS.SAE:DSD_EARNINGS@MIN2AVE(1.0),Minimum relative to average wages of full-time workers,I,LUX,Luxembourg,MR_WG_FT,Minimum relative to average wages of full-time workers,PT_WG_A_SAL_FT,Percentage of average wage of full-time employees,_Z,Not applicable,_Z,Not applicable,MEDIAN,Median,_Z,Not applicable,1964,,47.17341389,,_Z,,A,Normal value,0,Units,2,Two
DATAFLOW,OECD.ELS.SAE:DSD_EARNINGS@MIN2AVE(1.0),Minimum relative to average wages of full-time workers,I,LUX,Luxembourg,MR_WG_FT,Minimum relative to average wages of full-time workers,PT_WG_A_SAL_FT,Percentage of average wage of full-time employees,_Z,Not applicable,_Z,Not applicable,MEDIAN,Median,_Z,Not applicable,1965,,44.47822356,,_Z,,A,Normal value,0,Units,2,Two
DATAFLOW,OECD.ELS.SAE:DSD_EARNINGS@MIN2AVE(1.0),Minimum relative to average wages of full-time workers,I,LUX,Luxembourg,MR_WG_FT,Minimum relative to average wages of full-time workers,PT_WG_A_SAL_FT,Percentage of average wage of full-time employees,_Z,Not applicable,_Z,Not applicable,MEDIAN,Median,_Z,Not applicable,1966,,43.87348733,,_Z,,A,Normal value,0,Units,2,Two
DATAFLOW,OECD.ELS.SAE:DSD_EARNINGS@MIN2AVE(1.0),Minimum relative to average wages of full-time workers,I,LUX,Luxembourg,MR_WG_FT,Minimum relative to average wages of full-time workers,PT_WG_A_SAL_FT,Percentage of average wage of full-time employees,_Z,Not applicable,_Z,Not applicable,MEDIAN,Median,_Z,Not applicable,1967,,44.45894661,,_Z,,A,Normal value,0,Units,2,Two
DATAFLOW,OECD.ELS.SAE:DSD_EARNINGS@MIN2AVE(1.0),Minimum relative to average wages of full-time workers,I,LUX,Luxembourg,MR_WG_FT,Minimum relative to average wages of full-time workers,PT_WG_A_SAL_FT,Percentage of average wage of full-time employees,_Z,Not applicable,_Z,Not applicable,MEDIAN,Median,_Z,Not applicable,1968,,43.72310182,,_Z,,A,Normal value,0,Units,2,Two
DATAFLOW,OECD.ELS.SAE:DSD_EARNINGS@MIN2AVE(1.0),Minimum relative to average wages of full-time workers,I,LUX,Luxembourg,MR_WG_FT,Minimum relative to average wages of full-time workers,PT_WG_A_SAL_FT,Percentage of average wage of full-time employees,_Z,Not applicable,_Z,Not applicable,MEDIAN,Median,_Z,Not applicable,1969,,42.55931268,,_Z,,A,Normal value,0,Units,2,Two
DATAFLOW,OECD.ELS.SAE:DSD_EARNINGS@MIN2AVE(1.0),Minimum relative to average wages of full-time workers,I,LUX,Luxembourg,MR_WG_FT,Minimum relative to average wages of full-time workers,PT_WG_A_SAL_FT,Percentage of average wage of full-time employees,_Z,Not applicable,_Z,Not applicable,MEDIAN,Median,_Z,Not applicable,1970,,40.9703834,,_Z,,A,Normal value,0,Units,2,Two
DATAFLOW,OECD.ELS.SAE:DSD_EARNINGS@MIN2AVE(1.0),Minimum relative to average wages of full-time workers,I,LUX,Luxembourg,MR_WG_FT,Minimum relative to average wages of full-time workers,PT_WG_A_SAL_FT,Percentage of average wage of full-time employees,_Z,Not applicable,_Z,Not applicable,MEDIAN,Median,_Z,Not applicable,1971,,44.48810727,,_Z,,A,Normal value,0,Units,2,Two
DATAFLOW,OECD.ELS.SAE:DSD_EARNINGS@MIN2AVE(1.0),Minimum relative to average wages of full-time workers,I,LUX,Luxembourg,MR_WG_FT,Minimum relative to average wages of full-time workers,PT_WG_A_SAL_FT,Percentage of average wage of full-time employees,_Z,Not applicable,_Z,Not applicable,MEDIAN,Median,_Z,Not applicable,1972,,41.06068349,,_Z,,A,Normal value,0,Units,2,Two
DATAFLOW,OECD.ELS.SAE:DSD_EARNINGS@MIN2AVE(1.0),Minimum relative to average wages of full-time workers,I,LUX,Luxembourg,MR_WG_FT,Minimum relative to average wages of full-time workers,PT_WG_A_SAL_FT,Percentage of average wage of full-time employees,_Z,Not applicable,_Z,Not applicable,MEDIAN,Median,_Z,Not applicable,1973,,46.36000048,,_Z,,A,Normal value,0,Units,2,Two
DATAFLOW,OECD.ELS.SAE:DSD_EARNINGS@MIN2AVE(1.0),Minimum relative to average wages of full-time workers,I,LUX,Luxembourg,MR_WG_FT,Minimum relative to average wages of full-time workers,PT_WG_A_SAL_FT,Percentage of average wage of full-time employees,_Z,Not applicable,_Z,Not applicable,MEDIAN,Median,_Z,Not applicable,1974,,40.00423541,,_Z,,A,Normal value,0,Units,2,Two
DATAFLOW,OECD.ELS.SAE:DSD_EARNINGS@MIN2AVE(1.0),Minimum relative to average wages of full-time workers,I,LUX,Luxembourg,MR_WG_FT,Minimum relative to average wages of full-time workers,PT_WG_A_SAL_FT,Percentage of average wage of full-time employees,_Z,Not applicable,_Z,Not applicable,MEDIAN,Median,_Z,Not applicable,1975,,47.0723699,,_Z,,A,Normal value,0,Units,2,Two
DATAFLOW,OECD.ELS.SAE:DSD_EARNINGS@MIN2AVE(1.0),Minimum relative to average wages of full-time workers,I,LUX,Luxembourg,MR_WG_FT,Minimum relative to average wages of full-time workers,PT_WG_A_SAL_FT,Percentage of average wage of full-time employees,_Z,Not applicable,_Z,Not applicable,MEDIAN,Median,_Z,Not applicable,1976,,44.73921264,,_Z,,A,Normal value,0,Units,2,Two
DATAFLOW,OECD.ELS.SAE:DSD_EARNINGS@MIN2AVE(1.0),Minimum relative to average wages of full-time workers,I,LUX,Luxembourg,MR_WG_FT,Minimum relative to average wages of full-time workers,PT_WG_A_SAL_FT,Percentage of average wage of full-time employees,_Z,Not applicable,_Z,Not applicable,MEDIAN,Median,_Z,Not applicable,1977,,46.26500632,,_Z,,A,Normal value,0,Units,2,Two
DATAFLOW,OECD.ELS.SAE:DSD_EARNINGS@MIN2AVE(1.0),Minimum relative to average wages of full-time workers,I,LUX,Luxembourg,MR_WG_FT,Minimum relative to average wages of full-time workers,PT_WG_A_SAL_FT,Percentage of average wage of full-time employees,_Z,Not applicable,_Z,Not applicable,MEDIAN,Median,_Z,Not applicable,1978,,47.15828478,,_Z,,A,Normal value,0,Units,2,Two
DATAFLOW,OECD.ELS.SAE:DSD_EARNINGS@MIN2AVE(1.0),Minimum relative to average wages of full-time workers,I,LUX,Luxembourg,MR_WG_FT,Minimum relative to average wages of full-time workers,PT_WG_A_SAL_FT,Percentage of average wage of full-time employees,_Z,Not applicable,_Z,Not applicable,MEDIAN,Median,_Z,Not applicable,1979,,46.84193664,,_Z,,A,Normal value,0,Units,2,Two
DATAFLOW,OECD.ELS.SAE:DSD_EARNINGS@MIN2AVE(1.0),Minimum relative to average wages of full-time workers,I,LUX,Luxembourg,MR_WG_FT,Minimum relative to average wages of full-time workers,PT_WG_A_SAL_FT,Percentage of average wage of full-time employees,_Z,Not applicable,_Z,Not applicable,MEDIAN,Median,_Z,Not applicable,1980,,46.23607055,,_Z,,A,Normal value,0,Units,2,Two
DATAFLOW,OECD.ELS.SAE:DSD_EARNINGS@MIN2AVE(1.0),Minimum relative to average wages of full-time workers,I,LUX,Luxembourg,MR_WG_FT,Minimum relative to average wages of full-time workers,PT_WG_A_SAL_FT,Percentage of average wage of full-time employees,_Z,Not applicable,_Z,Not applicable,MEDIAN,Median,_Z,Not applicable,1981,,48.86980663,,_Z,,A,Normal value,0,Units,2,Two
DATAFLOW,OECD.ELS.SAE:DSD_EARNINGS@MIN2AVE(1.0),Minimum relative to average wages of full-time workers,I,LUX,Luxembourg,MR_WG_FT,Minimum relative to average wages of full-time workers,PT_WG_A_SAL_FT,Percentage of average wage of full-time employees,_Z,Not applicable,_Z,Not applicable,MEDIAN,Median,_Z,Not applicable,1982,,49.29708332,,_Z,,A,Normal value,0,Units,2,Two
DATAFLOW,OECD.ELS.SAE:DSD_EARNINGS@MIN2AVE(1.0),Minimum relative to average wages of full-time workers,I,LUX,Luxembourg,MR_WG_FT,Minimum relative to average wages of full-time workers,PT_WG_A_SAL_FT,Percentage of average wage of full-time employees,_Z,Not applicable,_Z,Not applicable,MEDIAN,Median,_Z,Not applicable,1983,,49.76298548,,_Z,,A,Normal value,0,Units,2,Two
DATAFLOW,OECD.ELS.SAE:DSD_EARNINGS@MIN2AVE(1.0),Minimum relative to average wages of full-time workers,I,LUX,Luxembourg,MR_WG_FT,Minimum relative to average wages of full-time workers,PT_WG_A_SAL_FT,Percentage of average wage of full-time employees,_Z,Not applicable,_Z,Not applicable,MEDIAN,Median,_Z,Not applicable,1984,,51.025268,,_Z,,A,Normal value,0,Units,2,Two
DATAFLOW,OECD.ELS.SAE:DSD_EARNINGS@MIN2AVE(1.0),Minimum relative to average wages of full-time workers,I,LUX,Luxembourg,MR_WG_FT,Minimum relative to average wages of full-time workers,PT_WG_A_SAL_FT,Percentage of average wage of full-time employees,_Z,Not applicable,_Z,Not applicable,MEDIAN,Median,_Z,Not applicable,1985,,50.89026029,,_Z,,A,Normal value,0,Units,2,Two
DATAFLOW,OECD.ELS.SAE:DSD_EARNINGS@MIN2AVE(1.0),Minimum relative to average wages of full-time workers,I,LUX,Luxembourg,MR_WG_FT,Minimum relative to average wages of full-time workers,PT_WG_A_SAL_FT,Percentage of average wage of full-time employees,_Z,Not applicable,_Z,Not applicable,MEDIAN,Median,_Z,Not applicable,1986,,51.10243972,,_Z,,A,Normal value,0,Units,2,Two
DATAFLOW,OECD.ELS.SAE:DSD_EARNINGS@MIN2AVE(1.0),Minimum relative to average wages of full-time workers,I,LUX,Luxembourg,MR_WG_FT,Minimum relative to average wages of full-time workers,PT_WG_A_SAL_FT,Percentage of average wage of full-time employees,_Z,Not applicable,_Z,Not applicable,MEDIAN,Median,_Z,Not applicable,1987,,50.91853044,,_Z,,A,Normal value,0,Units,2,Two
DATAFLOW,OECD.ELS.SAE:DSD_EARNINGS@MIN2AVE(1.0),Minimum relative to average wages of full-time workers,I,LUX,Luxembourg,MR_WG_FT,Minimum relative to average wages of full-time workers,PT_WG_A_SAL_FT,Percentage of average wage of full-time employees,_Z,Not applicable,_Z,Not applicable,MEDIAN,Median,_Z,Not applicable,1988,,48.45103286,,_Z,,A,Normal value,0,Units,2,Two
DATAFLOW,OECD.ELS.SAE:DSD_EARNINGS@MIN2AVE(1.0),Minimum relative to average wages of full-time workers,I,LUX,Luxembourg,MR_WG_FT,Minimum relative to average wages of full-time workers,PT_WG_A_SAL_FT,Percentage of average wage of full-time employees,_Z,Not applicable,_Z,Not applicable,MEDIAN,Median,_Z,Not applicable,1989,,49.4162067,,_Z,,A,Normal value,0,Units,2,Two
DATAFLOW,OECD.ELS.SAE:DSD_EARNINGS@MIN2AVE(1.0),Minimum relative to average wages of full-time workers,I,LUX,Luxembourg,MR_WG_FT,Minimum relative to average wages of full-time workers,PT_WG_A_SAL_FT,Percentage of average wage of full-time employees,_Z,Not applicable,_Z,Not applicable,MEDIAN,Median,_Z,Not applicable,1990,,50.36808847,,_Z,,A,Normal value,0,Units,2,Two
DATAFLOW,OECD.ELS.SAE:DSD_EARNINGS@MIN2AVE(1.0),Minimum relative to average wages of full-time workers,I,LUX,Luxembourg,MR_WG_FT,Minimum relative to average wages of full-time workers,PT_WG_A_SAL_FT,Percentage of average wage of full-time employees,_Z,Not applicable,_Z,Not applicable,MEDIAN,Median,_Z,Not applicable,1991,,52.33731018,,_Z,,A,Normal value,0,Units,2,Two
DATAFLOW,OECD.ELS.SAE:DSD_EARNINGS@MIN2AVE(1.0),Minimum relative to average wages of full-time workers,I,LUX,Luxembourg,MR_WG_FT,Minimum relative to average wages of full-time workers,PT_WG_A_SAL_FT,Percentage of average wage of full-time employees,_Z,Not applicable,_Z,Not applicable,MEDIAN,Median,_Z,Not applicable,1992,,51.70184316,,_Z,,A,Normal value,0,Units,2,Two
DATAFLOW,OECD.ELS.SAE:DSD_EARNINGS@MIN2AVE(1.0),Minimum relative to average wages of full-time workers,I,LUX,Luxembourg,MR_WG_FT,Minimum relative to average wages of full-time workers,PT_WG_A_SAL_FT,Percentage of average wage of full-time employees,_Z,Not applicable,_Z,Not applicable,MEDIAN,Median,_Z,Not applicable,1993,,52.79010293,,_Z,,A,Normal value,0,Units,2,Two
DATAFLOW,OECD.ELS.SAE:DSD_EARNINGS@MIN2AVE(1.0),Minimum relative to average wages of full-time workers,I,LUX,Luxembourg,MR_WG_FT,Minimum relative to average wages of full-time workers,PT_WG_A_SAL_FT,Percentage of average wage of full-time employees,_Z,Not applicable,_Z,Not applicable,MEDIAN,Median,_Z,Not applicable,1994,,52.0674073,,_Z,,A,Normal value,0,Units,2,Two
DATAFLOW,OECD.ELS.SAE:DSD_EARNINGS@MIN2AVE(1.0),Minimum relative to average wages of full-time workers,I,LUX,Luxembourg,MR_WG_FT,Minimum relative to average wages of full-time workers,PT_WG_A_SAL_FT,Percentage of average wage of full-time employees,_Z,Not applicable,_Z,Not applicable,MEDIAN,Median,_Z,Not applicable,1995,,53.5991185,,_Z,,A,Normal value,0,Units,2,Two
DATAFLOW,OECD.ELS.SAE:DSD_EARNINGS@MIN2AVE(1.0),Minimum relative to average wages of full-time workers,I,LUX,Luxembourg,MR_WG_FT,Minimum relative to average wages of full-time workers,PT_WG_A_SAL_FT,Percentage of average wage of full-time employees,_Z,Not applicable,_Z,Not applicable,MEDIAN,Median,_Z,Not applicable,1996,,54.39416494,,_Z,,A,Normal value,0,Units,2,Two
DATAFLOW,OECD.ELS.SAE:DSD_EARNINGS@MIN2AVE(1.0),Minimum relative to average wages of full-time workers,I,LUX,Luxembourg,MR_WG_FT,Minimum relative to average wages of full-time workers,PT_WG_A_SAL_FT,Percentage of average wage of full-time employees,_Z,Not applicable,_Z,Not applicable,MEDIAN,Median,_Z,Not applicable,1997,,55.298323,,_Z,,A,Normal value,0,Units,2,Two
DATAFLOW,OECD.ELS.SAE:DSD_EARNINGS@MIN2AVE(1.0),Minimum relative to average wages of full-time workers,I,LUX,Luxembourg,MR_WG_FT,Minimum relative to average wages of full-time workers,PT_WG_A_SAL_FT,Percentage of average wage of full-time employees,_Z,Not applicable,_Z,Not applicable,MEDIAN,Median,_Z,Not applicable,1998,,53.35934723,,_Z,,A,Normal value,0,Units,2,Two
DATAFLOW,OECD.ELS.SAE:DSD_EARNINGS@MIN2AVE(1.0),Minimum relative to average wages of full-time workers,I,LUX,Luxembourg,MR_WG_FT,Minimum relative to average wages of full-time workers,PT_WG_A_SAL_FT,Percentage of average wage of full-time employees,_Z,Not applicable,_Z,Not applicable,MEDIAN,Median,_Z,Not applicable,1999,,52.59543838,,_Z,,A,Normal value,0,Units,2,Two
DATAFLOW,OECD.ELS.SAE:DSD_EARNINGS@MIN2AVE(1.0),Minimum relative to average wages of full-time workers,I,LUX,Luxembourg,MR_WG_FT,Minimum relative to average wages of full-time workers,PT_WG_A_SAL_FT,Percentage of average wage of full-time employees,_Z,Not applicable,_Z,Not applicable,MEDIAN,Median,_Z,Not applicable,2000,,52.02113696,,_Z,,A,Normal value,0,Units,2,Two
DATAFLOW,OECD.ELS.SAE:DSD_EARNINGS@MIN2AVE(1.0),Minimum relative to average wages of full-time workers,I,LUX,Luxembourg,MR_WG_FT,Minimum relative to average wages of full-time workers,PT_WG_A_SAL_FT,Percentage of average wage of full-time employees,_Z,Not applicable,_Z,Not applicable,MEDIAN,Median,_Z,Not applicable,2001,,53.26611682,,_Z,,A,Normal value,0,Units,2,Two
DATAFLOW,OECD.ELS.SAE:DSD_EARNINGS@MIN2AVE(1.0),Minimum relative to average wages of full-time workers,I,LUX,Luxembourg,MR_WG_FT,Minimum relative to average wages of full-time workers,PT_WG_A_SAL_FT,Percentage of average wage of full-time employees,_Z,Not applicable,_Z,Not applicable,MEDIAN,Median,_Z,Not applicable,2002,,52.2444,,_Z,,A,Normal value,0,Units,2,Two
DATAFLOW,OECD.ELS.SAE:DSD_EARNINGS@MIN2AVE(1.0),Minimum relative to average wages of full-time workers,I,LUX,Luxembourg,MR_WG_FT,Minimum relative to average wages of full-time workers,PT_WG_A_SAL_FT,Percentage of average wage of full-time employees,_Z,Not applicable,_Z,Not applicable,MEDIAN,Median,_Z,Not applicable,2003,,53.27184051,,_Z,,A,Normal value,0,Units,2,Two
DATAFLOW,OECD.ELS.SAE:DSD_EARNINGS@MIN2AVE(1.0),Minimum relative to average wages of full-time workers,I,LUX,Luxembourg,MR_WG_FT,Minimum relative to average wages of full-time workers,PT_WG_A_SAL_FT,Percentage of average wage of full-time employees,_Z,Not applicable,_Z,Not applicable,MEDIAN,Median,_Z,Not applicable,2004,,52.36482051,,_Z,,A,Normal value,0,Units,2,Two
DATAFLOW,OECD.ELS.SAE:DSD_EARNINGS@MIN2AVE(1.0),Minimum relative to average wages of full-time workers,I,LUX,Luxembourg,MR_WG_FT,Minimum relative to average wages of full-time workers,PT_WG_A_SAL_FT,Percentage of average wage of full-time employees,_Z,Not applicable,_Z,Not applicable,MEDIAN,Median,_Z,Not applicable,2005,,52.72212902,,_Z,,A,Normal value,0,Units,2,Two
DATAFLOW,OECD.ELS.SAE:DSD_EARNINGS@MIN2AVE(1.0),Minimum relative to average wages of full-time workers,I,LUX,Luxembourg,MR_WG_FT,Minimum relative to average wages of full-time workers,PT_WG_A_SAL_FT,Percentage of average wage of full-time employees,_Z,Not applicable,_Z,Not applicable,MEDIAN,Median,_Z,Not applicable,2006,,53.82142857,,_Z,,A,Normal value,0,Units,2,Two
DATAFLOW,OECD.ELS.SAE:DSD_EARNINGS@MIN2AVE(1.0),Minimum relative to average wages of full-time workers,I,LUX,Luxembourg,MR_WG_FT,Minimum relative to average wages of full-time workers,PT_WG_A_SAL_FT,Percentage of average wage of full-time employees,_Z,Not applicable,_Z,Not applicable,MEDIAN,Median,_Z,Not applicable,2007,,54.16352963,,_Z,,A,Normal value,0,Units,2,Two
DATAFLOW,OECD.ELS.SAE:DSD_EARNINGS@MIN2AVE(1.0),Minimum relative to average wages of full-time workers,I,LUX,Luxembourg,MR_WG_FT,Minimum relative to average wages of full-time workers,PT_WG_A_SAL_FT,Percentage of average wage of full-time employees,_Z,Not applicable,_Z,Not applicable,MEDIAN,Median,_Z,Not applicable,2008,,53.35898319,,_Z,,A,Normal value,0,Units,2,Two
DATAFLOW,OECD.ELS.SAE:DSD_EARNINGS@MIN2AVE(1.0),Minimum relative to average wages of full-time workers,I,LUX,Luxembourg,MR_WG_FT,Minimum relative to average wages of full-time workers,PT_WG_A_SAL_FT,Percentage of average wage of full-time employees,_Z,Not applicable,_Z,Not applicable,MEDIAN,Median,_Z,Not applicable,2009,,54.22616239,,_Z,,A,Normal value,0,Units,2,Two
DATAFLOW,OECD.ELS.SAE:DSD_EARNINGS@MIN2AVE(1.0),Minimum relative to average wages of full-time workers,I,LUX,Luxembourg,MR_WG_FT,Minimum relative to average wages of full-time workers,PT_WG_A_SAL_FT,Percentage of average wage of full-time employees,_Z,Not applicable,_Z,Not applicable,MEDIAN,Median,_Z,Not applicable,2010,,55.41463415,,_Z,,A,Normal value,0,Units,2,Two
DATAFLOW,OECD.ELS.SAE:DSD_EARNINGS@MIN2AVE(1.0),Minimum relative to average wages of full-time workers,I,LUX,Luxembourg,MR_WG_FT,Minimum relative to average wages of full-time workers,PT_WG_A_SAL_FT,Percentage of average wage of full-time employees,_Z,Not applicable,_Z,Not applicable,MEDIAN,Median,_Z,Not applicable,2011,,55.86328162,,_Z,,A,Normal value,0,Units,2,Two
DATAFLOW,OECD.ELS.SAE:DSD_EARNINGS@MIN2AVE(1.0),Minimum relative to average wages of full-time workers,I,LUX,Luxembourg,MR_WG_FT,Minimum relative to average wages of full-time workers,PT_WG_A_SAL_FT,Percentage of average wage of full-time employees,_Z,Not applicable,_Z,Not applicable,MEDIAN,Median,_Z,Not applicable,2012,,55.50618159,,_Z,,A,Normal value,0,Units,2,Two
DATAFLOW,OECD.ELS.SAE:DSD_EARNINGS@MIN2AVE(1.0),Minimum relative to average wages of full-time workers,I,LUX,Luxembourg,MR_WG_FT,Minimum relative to average wages of full-time workers,PT_WG_A_SAL_FT,Percentage of average wage of full-time employees,_Z,Not applicable,_Z,Not applicable,MEDIAN,Median,_Z,Not applicable,2013,,54.82968043,,_Z,,A,Normal value,0,Units,2,Two
DATAFLOW,OECD.ELS.SAE:DSD_EARNINGS@MIN2AVE(1.0),Minimum relative to average wages of full-time workers,I,LUX,Luxembourg,MR_WG_FT,Minimum relative to average wages of full-time workers,PT_WG_A_SAL_FT,Percentage of average wage of full-time employees,_Z,Not applicable,_Z,Not applicable,MEDIAN,Median,_Z,Not applicable,2014,,54.99568097,,_Z,,A,Normal value,0,Units,2,Two
DATAFLOW,OECD.ELS.SAE:DSD_EARNINGS@MIN2AVE(1.0),Minimum relative to average wages of full-time workers,I,LUX,Luxembourg,MR_WG_FT,Minimum relative to average wages of full-time workers,PT_WG_A_SAL_FT,Percentage of average wage of full-time employees,_Z,Not applicable,_Z,Not applicable,MEDIAN,Median,_Z,Not applicable,2015,,54.48377025,,_Z,,A,Normal value,0,Units,2,Two
DATAFLOW,OECD.ELS.SAE:DSD_EARNINGS@MIN2AVE(1.0),Minimum relative to average wages of full-time workers,I,LUX,Luxembourg,MR_WG_FT,Minimum relative to average wages of full-time workers,PT_WG_A_SAL_FT,Percentage of average wage of full-time employees,_Z,Not applicable,_Z,Not applicable,MEDIAN,Median,_Z,Not applicable,2016,,54.06142996,,_Z,,A,Normal value,0,Units,2,Two
DATAFLOW,OECD.ELS.SAE:DSD_EARNINGS@MIN2AVE(1.0),Minimum relative to average wages of full-time workers,I,LUX,Luxembourg,MR_WG_FT,Minimum relative to average wages of full-time workers,PT_WG_A_SAL_FT,Percentage of average wage of full-time employees,_Z,Not applicable,_Z,Not applicable,MEDIAN,Median,_Z,Not applicable,2017,,54.41810106,,_Z,,A,Normal value,0,Units,2,Two
DATAFLOW,OECD.ELS.SAE:DSD_EARNINGS@MIN2AVE(1.0),Minimum relative to average wages of full-time workers,I,LUX,Luxembourg,MR_WG_FT,Minimum relative to average wages of full-time workers,PT_WG_A_SAL_FT,Percentage of average wage of full-time employees,_Z,Not applicable,_Z,Not applicable,MEDIAN,Median,_Z,Not applicable,2018,,54.71544715,,_Z,,A,Normal value,0,Units,2,Two
DATAFLOW,OECD.ELS.SAE:DSD_EARNINGS@MIN2AVE(1.0),Minimum relative to average wages of full-time workers,I,LUX,Luxembourg,MR_WG_FT,Minimum relative to average wages of full-time workers,PT_WG_A_SAL_FT,Percentage of average wage of full-time employees,_Z,Not applicable,_Z,Not applicable,MEDIAN,Median,_Z,Not applicable,2019,,55.47558578,,_Z,,A,Normal value,0,Units,2,Two
DATAFLOW,OECD.ELS.SAE:DSD_EARNINGS@MIN2AVE(1.0),Minimum relative to average wages of full-time workers,I,LUX,Luxembourg,MR_WG_FT,Minimum relative to average wages of full-time workers,PT_WG_A_SAL_FT,Percentage of average wage of full-time employees,_Z,Not applicable,_Z,Not applicable,MEDIAN,Median,_Z,Not applicable,2020,,53.85656313,,_Z,,A,Normal value,0,Units,2,Two
DATAFLOW,OECD.ELS.SAE:DSD_EARNINGS@MIN2AVE(1.0),Minimum relative to average wages of full-time workers,I,LUX,Luxembourg,MR_WG_FT,Minimum relative to average wages of full-time workers,PT_WG_A_SAL_FT,Percentage of average wage of full-time employees,_Z,Not applicable,_Z,Not applicable,MEDIAN,Median,_Z,Not applicable,2021,,54.85164793,,_Z,,A,Normal value,0,Units,2,Two
DATAFLOW,OECD.ELS.SAE:DSD_EARNINGS@MIN2AVE(1.0),Minimum relative to average wages of full-time workers,I,LUX,Luxembourg,MR_WG_FT,Minimum relative to average wages of full-time workers,PT_WG_A_SAL_FT,Percentage of average wage of full-time employees,_Z,Not applicable,_Z,Not applicable,MEDIAN,Median,_Z,Not applicable,2022,,53.36583101,,_Z,,A,Normal value,0,Units,2,Two
DATAFLOW,OECD.ELS.SAE:DSD_EARNINGS@MIN2AVE(1.0),Minimum relative to average wages of full-time workers,I,LUX,Luxembourg,MR_WG_FT,Minimum relative to average wages of full-time workers,PT_WG_A_SAL_FT,Percentage of average wage of full-time employees,_Z,Not applicable,_Z,Not applicable,MEDIAN,Median,_Z,Not applicable,2023,,54.36609443,,_Z,,A,Normal value,0,Units,2,Two
DATAFLOW,OECD.ELS.SAE:DSD_EARNINGS@MIN2AVE(1.0),Minimum relative to average wages of full-time workers,I,LUX,Luxembourg,MR_WG_FT,Minimum relative to average wages of full-time workers,PT_WG_A_SAL_FT,Percentage of average wage of full-time employees,_Z,Not applicable,_Z,Not applicable,MEDIAN,Median,_Z,Not applicable,2024,,54.11463211,,_Z,,A,Normal value,0,Units,2,Two
DATAFLOW,OECD.ELS.SAE:DSD_EARNINGS@MIN2AVE(1.0),Minimum relative to average wages of full-time workers,I,FRA,France,MR_WG_FT,Minimum relative to average wages of full-time workers,PT_WG_A_SAL_FT,Percentage of average wage of full-time employees,_Z,Not applicable,_Z,Not applicable,MEDIAN,Median,_Z,Not applicable,1960,,50.27819554,,_Z,,A,Normal value,0,Units,2,Two
DATAFLOW,OECD.ELS.SAE:DSD_EARNINGS@MIN2AVE(1.0),Minimum relative to average wages of full-time workers,I,FRA,France,MR_WG_FT,Minimum relative to average wages of full-time workers,PT_WG_A_SAL_FT,Percentage of average wage of full-time employees,_Z,Not applicable,_Z,Not applicable,MEDIAN,Median,_Z,Not applicable,1961,,49.37987891,,_Z,,A,Normal value,0,Units,2,Two
DATAFLOW,OECD.ELS.SAE:DSD_EARNINGS@MIN2AVE(1.0),Minimum relative to average wages of full-time workers,I,FRA,France,MR_WG_FT,Minimum relative to average wages of full-time workers,PT_WG_A_SAL_FT,Percentage of average wage of full-time employees,_Z,Not applicable,_Z,Not applicable,MEDIAN,Median,_Z,Not applicable,1962,,45.13678369,,_Z,,A,Normal value,0,Units,2,Two
DATAFLOW,OECD.ELS.SAE:DSD_EARNINGS@MIN2AVE(1.0),Minimum relative to average wages of full-time workers,I,FRA,France,MR_WG_FT,Minimum relative to average wages of full-time workers,PT_WG_A_SAL_FT,Percentage of average wage of full-time employees,_Z,Not applicable,_Z,Not applicable,MEDIAN,Median,_Z,Not applicable,1963,,47.87207646,,_Z,,A,Normal value,0,Units,2,Two
DATAFLOW,OECD.ELS.SAE:DSD_EARNINGS@MIN2AVE(1.0),Minimum relative to average wages of full-time workers,I,FRA,France,MR_WG_FT,Minimum relative to average wages of full-time workers,PT_WG_A_SAL_FT,Percentage of average wage of full-time employees,_Z,Not applicable,_Z,Not applicable,MEDIAN,Median,_Z,Not applicable,1964,,44.8569264,,_Z,,A,Normal value,0,Units,2,Two
DATAFLOW,OECD.ELS.SAE:DSD_EARNINGS@MIN2AVE(1.0),Minimum relative to average wages of full-time workers,I,FRA,France,MR_WG_FT,Minimum relative to average wages of full-time workers,PT_WG_A_SAL_FT,Percentage of average wage of full-time employees,_Z,Not applicable,_Z,Not applicable,MEDIAN,Median,_Z,Not applicable,1965,,44.28428778,,_Z,,A,Normal value,0,Units,2,Two
DATAFLOW,OECD.ELS.SAE:DSD_EARNINGS@MIN2AVE(1.0),Minimum relative to average wages of full-time workers,I,FRA,France,MR_WG_FT,Minimum relative to average wages of full-time workers,PT_WG_A_SAL_FT,Percentage of average wage of full-time employees,_Z,Not applicable,_Z,Not applicable,MEDIAN,Median,_Z,Not applicable,1966,,43.55850108,,_Z,,A,Normal value,0,Units,2,Two
DATAFLOW,OECD.ELS.SAE:DSD_EARNINGS@MIN2AVE(1.0),Minimum relative to average wages of full-time workers,I,FRA,France,MR_WG_FT,Minimum relative to average wages of full-time workers,PT_WG_A_SAL_FT,Percentage of average wage of full-time employees,_Z,Not applicable,_Z,Not applicable,MEDIAN,Median,_Z,Not applicable,1967,,42.38107709,,_Z,,A,Normal value,0,Units,2,Two
DATAFLOW,OECD.ELS.SAE:DSD_EARNINGS@MIN2AVE(1.0),Minimum relative to average wages of full-time workers,I,FRA,France,MR_WG_FT,Minimum relative to average wages of full-time workers,PT_WG_A_SAL_FT,Percentage of average wage of full-time employees,_Z,Not applicable,_Z,Not applicable,MEDIAN,Median,_Z,Not applicable,1968,,48.55738552,,_Z,,A,Normal value,0,Units,2,Two
DATAFLOW,OECD.ELS.SAE:DSD_EARNINGS@MIN2AVE(1.0),Minimum relative to average wages of full-time workers,I,FRA,France,MR_WG_FT,Minimum relative to average wages of full-time workers,PT_WG_A_SAL_FT,Percentage of average wage of full-time employees,_Z,Not applicable,_Z,Not applicable,MEDIAN,Median,_Z,Not applicable,1969,,51.22422924,,_Z,,A,Normal value,0,Units,2,Two
DATAFLOW,OECD.ELS.SAE:DSD_EARNINGS@MIN2AVE(1.0),Minimum relative to average wages of full-time workers,I,FRA,France,MR_WG_FT,Minimum relative to average wages of full-time workers,PT_WG_A_SAL_FT,Percentage of average wage of full-time employees,_Z,Not applicable,_Z,Not applicable,MEDIAN,Median,_Z,Not applicable,1970,,50.07139201,,_Z,,A,Normal value,0,Units,2,Two
DATAFLOW,OECD.ELS.SAE:DSD_EARNINGS@MIN2AVE(1.0),Minimum relative to average wages of full-time workers,I,FRA,France,MR_WG_FT,Minimum relative to average wages of full-time workers,PT_WG_A_SAL_FT,Percentage of average wage of full-time employees,_Z,Not applicable,_Z,Not applicable,MEDIAN,Median,_Z,Not applicable,1971,,49.50017938,,_Z,,A,Normal value,0,Units,2,Two
DATAFLOW,OECD.ELS.SAE:DSD_EARNINGS@MIN2AVE(1.0),Minimum relative to average wages of full-time workers,I,FRA,France,MR_WG_FT,Minimum relative to average wages of full-time workers,PT_WG_A_SAL_FT,Percentage of average wage of full-time employees,_Z,Not applicable,_Z,Not applicable,MEDIAN,Median,_Z,Not applicable,1972,,50.07145879,,_Z,,A,Normal value,0,Units,2,Two
DATAFLOW,OECD.ELS.SAE:DSD_EARNINGS@MIN2AVE(1.0),Minimum relative to average wages of full-time workers,I,FRA,France,MR_WG_FT,Minimum relative to average wages of full-time workers,PT_WG_A_SAL_FT,Percentage of average wage of full-time employees,_Z,Not applicable,_Z,Not applicable,MEDIAN,Median,_Z,Not applicable,1973,,52.44419606,,_Z,,A,Normal value,0,Units,2,Two
DATAFLOW,OECD.ELS.SAE:DSD_EARNINGS@MIN2AVE(1.0),Minimum relative to average wages of full-time workers,I,FRA,France,MR_WG_FT,Minimum relative to average wages of full-time workers,PT_WG_A_SAL_FT,Percentage of average wage of full-time employees,_Z,Not applicable,_Z,Not applicable,MEDIAN,Median,_Z,Not applicable,1974,,55.39087985,,_Z,,A,Normal value,0,Units,2,Two
DATAFLOW,OECD.ELS.SAE:DSD_EARNINGS@MIN2AVE(1.0),Minimum relative to average wages of full-time workers,I,FRA,France,MR_WG_FT,Minimum relative to average wages of full-time workers,PT_WG_A_SAL_FT,Percentage of average wage of full-time employees,_Z,Not applicable,_Z,Not applicable,MEDIAN,Median,_Z,Not applicable,1975,,57.58971953,,_Z,,A,Normal value,0,Units,2,Two
DATAFLOW,OECD.ELS.SAE:DSD_EARNINGS@MIN2AVE(1.0),Minimum relative to average wages of full-time workers,I,FRA,France,MR_WG_FT,Minimum relative to average wages of full-time workers,PT_WG_A_SAL_FT,Percentage of average wage of full-time employees,_Z,Not applicable,_Z,Not applicable,MEDIAN,Median,_Z,Not applicable,1976,,56.13852441,,_Z,,A,Normal value,0,Units,2,Two
DATAFLOW,OECD.ELS.SAE:DSD_EARNINGS@MIN2AVE(1.0),Minimum relative to average wages of full-time workers,I,FRA,France,MR_WG_FT,Minimum relative to average wages of full-time workers,PT_WG_A_SAL_FT,Percentage of average wage of full-time employees,_Z,Not applicable,_Z,Not applicable,MEDIAN,Median,_Z,Not applicable,1977,,56.67653444,,_Z,,A,Normal value,0,Units,2,Two
DATAFLOW,OECD.ELS.SAE:DSD_EARNINGS@MIN2AVE(1.0),Minimum relative to average wages of full-time workers,I,FRA,France,MR_WG_FT,Minimum relative to average wages of full-time workers,PT_WG_A_SAL_FT,Percentage of average wage of full-time employees,_Z,Not applicable,_Z,Not applicable,MEDIAN,Median,_Z,Not applicable,1978,,56.30473734,,_Z,,A,Normal value,0,Units,2,Two
DATAFLOW,OECD.ELS.SAE:DSD_EARNINGS@MIN2AVE(1.0),Minimum relative to average wages of full-time workers,I,FRA,France,MR_WG_FT,Minimum relative to average wages of full-time workers,PT_WG_A_SAL_FT,Percentage of average wage of full-time employees,_Z,Not applicable,_Z,Not applicable,MEDIAN,Median,_Z,Not applicable,1979,,56.5919299,,_Z,,A,Normal value,0,Units,2,Two
DATAFLOW,OECD.ELS.SAE:DSD_EARNINGS@MIN2AVE(1.0),Minimum relative to average wages of full-time workers,I,FRA,France,MR_WG_FT,Minimum relative to average wages of full-time workers,PT_WG_A_SAL_FT,Percentage of average wage of full-time employees,_Z,Not applicable,_Z,Not applicable,MEDIAN,Median,_Z,Not applicable,1980,,56.81394398,,_Z,,A,Normal value,0,Units,2,Two
DATAFLOW,OECD.ELS.SAE:DSD_EARNINGS@MIN2AVE(1.0),Minimum relative to average wages of full-time workers,I,FRA,France,MR_WG_FT,Minimum relative to average wages of full-time workers,PT_WG_A_SAL_FT,Percentage of average wage of full-time employees,_Z,Not applicable,_Z,Not applicable,MEDIAN,Median,_Z,Not applicable,1981,,59.87534638,,_Z,,A,Normal value,0,Units,2,Two
DATAFLOW,OECD.ELS.SAE:DSD_EARNINGS@MIN2AVE(1.0),Minimum relative to average wages of full-time workers,I,FRA,France,MR_WG_FT,Minimum relative to average wages of full-time workers,PT_WG_A_SAL_FT,Percentage of average wage of full-time employees,_Z,Not applicable,_Z,Not applicable,MEDIAN,Median,_Z,Not applicable,1982,,61.54771059,,_Z,,A,Normal value,0,Units,2,Two
DATAFLOW,OECD.ELS.SAE:DSD_EARNINGS@MIN2AVE(1.0),Minimum relative to average wages of full-time workers,I,FRA,France,MR_WG_FT,Minimum relative to average wages of full-time workers,PT_WG_A_SAL_FT,Percentage of average wage of full-time employees,_Z,Not applicable,_Z,Not applicable,MEDIAN,Median,_Z,Not applicable,1983,,62.01358665,,_Z,,A,Normal value,0,Units,2,Two
DATAFLOW,OECD.ELS.SAE:DSD_EARNINGS@MIN2AVE(1.0),Minimum relative to average wages of full-time workers,I,FRA,France,MR_WG_FT,Minimum relative to average wages of full-time workers,PT_WG_A_SAL_FT,Percentage of average wage of full-time employees,_Z,Not applicable,_Z,Not applicable,MEDIAN,Median,_Z,Not applicable,1984,,62.41476678,,_Z,,A,Normal value,0,Units,2,Two
DATAFLOW,OECD.ELS.SAE:DSD_EARNINGS@MIN2AVE(1.0),Minimum relative to average wages of full-time workers,I,FRA,France,MR_WG_FT,Minimum relative to average wages of full-time workers,PT_WG_A_SAL_FT,Percentage of average wage of full-time employees,_Z,Not applicable,_Z,Not applicable,MEDIAN,Median,_Z,Not applicable,1985,,61.81765579,,_Z,,A,Normal value,0,Units,2,Two
DATAFLOW,OECD.ELS.SAE:DSD_EARNINGS@MIN2AVE(1.0),Minimum relative to average wages of full-time workers,I,FRA,France,MR_WG_FT,Minimum relative to average wages of full-time workers,PT_WG_A_SAL_FT,Percentage of average wage of full-time employees,_Z,Not applicable,_Z,Not applicable,MEDIAN,Median,_Z,Not applicable,1986,,60.73670653,,_Z,,A,Normal value,0,Units,2,Two
DATAFLOW,OECD.ELS.SAE:DSD_EARNINGS@MIN2AVE(1.0),Minimum relative to average wages of full-time workers,I,FRA,France,MR_WG_FT,Minimum relative to average wages of full-time workers,PT_WG_A_SAL_FT,Percentage of average wage of full-time employees,_Z,Not applicable,_Z,Not applicable,MEDIAN,Median,_Z,Not applicable,1987,,60.84353022,,_Z,,A,Normal value,0,Units,2,Two
DATAFLOW,OECD.ELS.SAE:DSD_EARNINGS@MIN2AVE(1.0),Minimum relative to average wages of full-time workers,I,FRA,France,MR_WG_FT,Minimum relative to average wages of full-time workers,PT_WG_A_SAL_FT,Percentage of average wage of full-time employees,_Z,Not applicable,_Z,Not applicable,MEDIAN,Median,_Z,Not applicable,1988,,60.20428288,,_Z,,A,Normal value,0,Units,2,Two
DATAFLOW,OECD.ELS.SAE:DSD_EARNINGS@MIN2AVE(1.0),Minimum relative to average wages of full-time workers,I,FRA,France,MR_WG_FT,Minimum relative to average wages of full-time workers,PT_WG_A_SAL_FT,Percentage of average wage of full-time employees,_Z,Not applicable,_Z,Not applicable,MEDIAN,Median,_Z,Not applicable,1989,,59.66047854,,_Z,,A,Normal value,0,Units,2,Two
DATAFLOW,OECD.ELS.SAE:DSD_EARNINGS@MIN2AVE(1.0),Minimum relative to average wages of full-time workers,I,FRA,France,MR_WG_FT,Minimum relative to average wages of full-time workers,PT_WG_A_SAL_FT,Percentage of average wage of full-time employees,_Z,Not applicable,_Z,Not applicable,MEDIAN,Median,_Z,Not applicable,1990,,59.07766728,,_Z,,A,Normal value,0,Units,2,Two
DATAFLOW,OECD.ELS.SAE:DSD_EARNINGS@MIN2AVE(1.0),Minimum relative to average wages of full-time workers,I,FRA,France,MR_WG_FT,Minimum relative to average wages of full-time workers,PT_WG_A_SAL_FT,Percentage of average wage of full-time employees,_Z,Not applicable,_Z,Not applicable,MEDIAN,Median,_Z,Not applicable,1991,,59.49463229,,_Z,,A,Normal value,0,Units,2,Two
DATAFLOW,OECD.ELS.SAE:DSD_EARNINGS@MIN2AVE(1.0),Minimum relative to average wages of full-time workers,I,FRA,France,MR_WG_FT,Minimum relative to average wages of full-time workers,PT_WG_A_SAL_FT,Percentage of average wage of full-time employees,_Z,Not applicable,_Z,Not applicable,MEDIAN,Median,_Z,Not applicable,1992,,59.46733501,,_Z,,A,Normal value,0,Units,2,Two
DATAFLOW,OECD.ELS.SAE:DSD_EARNINGS@MIN2AVE(1.0),Minimum relative to average wages of full-time workers,I,FRA,France,MR_WG_FT,Minimum relative to average wages of full-time workers,PT_WG_A_SAL_FT,Percentage of average wage of full-time employees,_Z,Not applicable,_Z,Not applicable,MEDIAN,Median,_Z,Not applicable,1993,,58.78008283,,_Z,,A,Normal value,0,Units,2,Two
DATAFLOW,OECD.ELS.SAE:DSD_EARNINGS@MIN2AVE(1.0),Minimum relative to average wages of full-time workers,I,FRA,France,MR_WG_FT,Minimum relative to average wages of full-time workers,PT_WG_A_SAL_FT,Percentage of average wage of full-time employees,_Z,Not applicable,_Z,Not applicable,MEDIAN,Median,_Z,Not applicable,1994,,59.29348753,,_Z,,A,Normal value,0,Units,2,Two
DATAFLOW,OECD.ELS.SAE:DSD_EARNINGS@MIN2AVE(1.0),Minimum relative to average wages of full-time workers,I,FRA,France,MR_WG_FT,Minimum relative to average wages of full-time workers,PT_WG_A_SAL_FT,Percentage of average wage of full-time employees,_Z,Not applicable,_Z,Not applicable,MEDIAN,Median,_Z,Not applicable,1995,,59.39388878,,_Z,,A,Normal value,0,Units,2,Two
DATAFLOW,OECD.ELS.SAE:DSD_EARNINGS@MIN2AVE(1.0),Minimum relative to average wages of full-time workers,I,FRA,France,MR_WG_FT,Minimum relative to average wages of full-time workers,PT_WG_A_SAL_FT,Percentage of average wage of full-time employees,_Z,Not applicable,_Z,Not applicable,MEDIAN,Median,_Z,Not applicable,1996,,59.84152703,,_Z,,A,Normal value,0,Units,2,Two
DATAFLOW,OECD.ELS.SAE:DSD_EARNINGS@MIN2AVE(1.0),Minimum relative to average wages of full-time workers,I,FRA,France,MR_WG_FT,Minimum relative to average wages of full-time workers,PT_WG_A_SAL_FT,Percentage of average wage of full-time employees,_Z,Not applicable,_Z,Not applicable,MEDIAN,Median,_Z,Not applicable,1997,,60.46732174,,_Z,,A,Normal value,0,Units,2,Two
DATAFLOW,OECD.ELS.SAE:DSD_EARNINGS@MIN2AVE(1.0),Minimum relative to average wages of full-time workers,I,FRA,France,MR_WG_FT,Minimum relative to average wages of full-time workers,PT_WG_A_SAL_FT,Percentage of average wage of full-time employees,_Z,Not applicable,_Z,Not applicable,MEDIAN,Median,_Z,Not applicable,1998,,61.61334159,,_Z,,A,Normal value,0,Units,2,Two
DATAFLOW,OECD.ELS.SAE:DSD_EARNINGS@MIN2AVE(1.0),Minimum relative to average wages of full-time workers,I,FRA,France,MR_WG_FT,Minimum relative to average wages of full-time workers,PT_WG_A_SAL_FT,Percentage of average wage of full-time employees,_Z,Not applicable,_Z,Not applicable,MEDIAN,Median,_Z,Not applicable,1999,,61.55892015,,_Z,,A,Normal value,0,Units,2,Two
DATAFLOW,OECD.ELS.SAE:DSD_EARNINGS@MIN2AVE(1.0),Minimum relative to average wages of full-time workers,I,FRA,France,MR_WG_FT,Minimum relative to average wages of full-time workers,PT_WG_A_SAL_FT,Percentage of average wage of full-time employees,_Z,Not applicable,_Z,Not applicable,MEDIAN,Median,_Z,Not applicable,2000,,61.6965759,,_Z,,A,Normal value,0,Units,2,Two
DATAFLOW,OECD.ELS.SAE:DSD_EARNINGS@MIN2AVE(1.0),Minimum relative to average wages of full-time workers,I,FRA,France,MR_WG_FT,Minimum relative to average wages of full-time workers,PT_WG_A_SAL_FT,Percentage of average wage of full-time employees,_Z,Not applicable,_Z,Not applicable,MEDIAN,Median,_Z,Not applicable,2001,,63.11920345,,_Z,,A,Normal value,0,Units,2,Two
DATAFLOW,OECD.ELS.SAE:DSD_EARNINGS@MIN2AVE(1.0),Minimum relative to average wages of full-time workers,I,FRA,France,MR_WG_FT,Minimum relative to average wages of full-time workers,PT_WG_A_SAL_FT,Percentage of average wage of full-time employees,_Z,Not applicable,_Z,Not applicable,MEDIAN,Median,_Z,Not applicable,2002,,63.16996073,,_Z,,A,Normal value,0,Units,2,Two
DATAFLOW,OECD.ELS.SAE:DSD_EARNINGS@MIN2AVE(1.0),Minimum relative to average wages of full-time workers,I,FRA,France,MR_WG_FT,Minimum relative to average wages of full-time workers,PT_WG_A_SAL_FT,Percentage of average wage of full-time employees,_Z,Not applicable,_Z,Not applicable,MEDIAN,Median,_Z,Not applicable,2003,,63.87483642,,_Z,,A,Normal value,0,Units,2,Two
DATAFLOW,OECD.ELS.SAE:DSD_EARNINGS@MIN2AVE(1.0),Minimum relative to average wages of full-time workers,I,FRA,France,MR_WG_FT,Minimum relative to average wages of full-time workers,PT_WG_A_SAL_FT,Percentage of average wage of full-time employees,_Z,Not applicable,_Z,Not applicable,MEDIAN,Median,_Z,Not applicable,2004,,65.7691879,,_Z,,A,Normal value,0,Units,2,Two
DATAFLOW,OECD.ELS.SAE:DSD_EARNINGS@MIN2AVE(1.0),Minimum relative to average wages of full-time workers,I,FRA,France,MR_WG_FT,Minimum relative to average wages of full-time workers,PT_WG_A_SAL_FT,Percentage of average wage of full-time employees,_Z,Not applicable,_Z,Not applicable,MEDIAN,Median,_Z,Not applicable,2005,,67.02706098,,_Z,,A,Normal value,0,Units,2,Two
DATAFLOW,OECD.ELS.SAE:DSD_EARNINGS@MIN2AVE(1.0),Minimum relative to average wages of full-time workers,I,FRA,France,MR_WG_FT,Minimum relative to average wages of full-time workers,PT_WG_A_SAL_FT,Percentage of average wage of full-time employees,_Z,Not applicable,_Z,Not applicable,MEDIAN,Median,_Z,Not applicable,2006,,63.37146838,,_Z,,A,Normal value,0,Units,2,Two
DATAFLOW,OECD.ELS.SAE:DSD_EARNINGS@MIN2AVE(1.0),Minimum relative to average wages of full-time workers,I,FRA,France,MR_WG_FT,Minimum relative to average wages of full-time workers,PT_WG_A_SAL_FT,Percentage of average wage of full-time employees,_Z,Not applicable,_Z,Not applicable,MEDIAN,Median,_Z,Not applicable,2007,,63.30702857,,_Z,,A,Normal value,0,Units,2,Two
DATAFLOW,OECD.ELS.SAE:DSD_EARNINGS@MIN2AVE(1.0),Minimum relative to average wages of full-time workers,I,FRA,France,MR_WG_FT,Minimum relative to average wages of full-time workers,PT_WG_A_SAL_FT,Percentage of average wage of full-time employees,_Z,Not applicable,_Z,Not applicable,MEDIAN,Median,_Z,Not applicable,2008,,62.95482174,,_Z,,A,Normal value,0,Units,2,Two
DATAFLOW,OECD.ELS.SAE:DSD_EARNINGS@MIN2AVE(1.0),Minimum relative to average wages of full-time workers,I,FRA,France,MR_WG_FT,Minimum relative to average wages of full-time workers,PT_WG_A_SAL_FT,Percentage of average wage of full-time employees,_Z,Not applicable,_Z,Not applicable,MEDIAN,Median,_Z,Not applicable,2009,,62.75458116,,_Z,,A,Normal value,0,Units,2,Two
DATAFLOW,OECD.ELS.SAE:DSD_EARNINGS@MIN2AVE(1.0),Minimum relative to average wages of full-time workers,I,FRA,France,MR_WG_FT,Minimum relative to average wages of full-time workers,PT_WG_A_SAL_FT,Percentage of average wage of full-time employees,_Z,Not applicable,_Z,Not applicable,MEDIAN,Median,_Z,Not applicable,2010,,62.10635618,,_Z,,A,Normal value,0,Units,2,Two
DATAFLOW,OECD.ELS.SAE:DSD_EARNINGS@MIN2AVE(1.0),Minimum relative to average wages of full-time workers,I,FRA,France,MR_WG_FT,Minimum relative to average wages of full-time workers,PT_WG_A_SAL_FT,Percentage of average wage of full-time employees,_Z,Not applicable,_Z,Not applicable,MEDIAN,Median,_Z,Not applicable,2011,,61.97993184,,_Z,,A,Normal value,0,Units,2,Two
DATAFLOW,OECD.ELS.SAE:DSD_EARNINGS@MIN2AVE(1.0),Minimum relative to average wages of full-time workers,I,FRA,France,MR_WG_FT,Minimum relative to average wages of full-time workers,PT_WG_A_SAL_FT,Percentage of average wage of full-time employees,_Z,Not applicable,_Z,Not applicable,MEDIAN,Median,_Z,Not applicable,2012,,63.07406923,,_Z,,A,Normal value,0,Units,2,Two
DATAFLOW,OECD.ELS.SAE:DSD_EARNINGS@MIN2AVE(1.0),Minimum relative to average wages of full-time workers,I,FRA,France,MR_WG_FT,Minimum relative to average wages of full-time workers,PT_WG_A_SAL_FT,Percentage of average wage of full-time employees,_Z,Not applicable,_Z,Not applicable,MEDIAN,Median,_Z,Not applicable,2013,,62.80726097,,_Z,,A,Normal value,0,Units,2,Two
DATAFLOW,OECD.ELS.SAE:DSD_EARNINGS@MIN2AVE(1.0),Minimum relative to average wages of full-time workers,I,FRA,France,MR_WG_FT,Minimum relative to average wages of full-time workers,PT_WG_A_SAL_FT,Percentage of average wage of full-time employees,_Z,Not applicable,_Z,Not applicable,MEDIAN,Median,_Z,Not applicable,2014,,62.5872671,,_Z,,A,Normal value,0,Units,2,Two
DATAFLOW,OECD.ELS.SAE:DSD_EARNINGS@MIN2AVE(1.0),Minimum relative to average wages of full-time workers,I,FRA,France,MR_WG_FT,Minimum relative to average wages of full-time workers,PT_WG_A_SAL_FT,Percentage of average wage of full-time employees,_Z,Not applicable,_Z,Not applicable,MEDIAN,Median,_Z,Not applicable,2015,,62.34122505,,_Z,,A,Normal value,0,Units,2,Two
DATAFLOW,OECD.ELS.SAE:DSD_EARNINGS@MIN2AVE(1.0),Minimum relative to average wages of full-time workers,I,FRA,France,MR_WG_FT,Minimum relative to average wages of full-time workers,PT_WG_A_SAL_FT,Percentage of average wage of full-time employees,_Z,Not applicable,_Z,Not applicable,MEDIAN,Median,_Z,Not applicable,2016,,62.01353193,,_Z,,A,Normal value,0,Units,2,Two
DATAFLOW,OECD.ELS.SAE:DSD_EARNINGS@MIN2AVE(1.0),Minimum relative to average wages of full-time workers,I,FRA,France,MR_WG_FT,Minimum relative to average wages of full-time workers,PT_WG_A_SAL_FT,Percentage of average wage of full-time employees,_Z,Not applicable,_Z,Not applicable,MEDIAN,Median,_Z,Not applicable,2017,,61.78947283,,_Z,,A,Normal value,0,Units,2,Two
DATAFLOW,OECD.ELS.SAE:DSD_EARNINGS@MIN2AVE(1.0),Minimum relative to average wages of full-time workers,I,FRA,France,MR_WG_FT,Minimum relative to average wages of full-time workers,PT_WG_A_SAL_FT,Percentage of average wage of full-time employees,_Z,Not applicable,_Z,Not applicable,MEDIAN,Median,_Z,Not applicable,2018,,61.6091436,,_Z,,A,Normal value,0,Units,2,Two
DATAFLOW,OECD.ELS.SAE:DSD_EARNINGS@MIN2AVE(1.0),Minimum relative to average wages of full-time workers,I,FRA,France,MR_WG_FT,Minimum relative to average wages of full-time workers,PT_WG_A_SAL_FT,Percentage of average wage of full-time employees,_Z,Not applicable,_Z,Not applicable,MEDIAN,Median,_Z,Not applicable,2019,,61.49901967,,_Z,,A,Normal value,0,Units,2,Two
DATAFLOW,OECD.ELS.SAE:DSD_EARNINGS@MIN2AVE(1.0),Minimum relative to average wages of full-time workers,I,FRA,France,MR_WG_FT,Minimum relative to average wages of full-time workers,PT_WG_A_SAL_FT,Percentage of average wage of full-time employees,_Z,Not applicable,_Z,Not applicable,MEDIAN,Median,_Z,Not applicable,2020,,61.19449258,,_Z,,A,Normal value,0,Units,2,Two
DATAFLOW,OECD.ELS.SAE:DSD_EARNINGS@MIN2AVE(1.0),Minimum relative to average wages of full-time workers,I,FRA,France,MR_WG_FT,Minimum relative to average wages of full-time workers,PT_WG_A_SAL_FT,Percentage of average wage of full-time employees,_Z,Not applicable,_Z,Not applicable,MEDIAN,Median,_Z,Not applicable,2021,,60.97124314,,_Z,,A,Normal value,0,Units,2,Two
DATAFLOW,OECD.ELS.SAE:DSD_EARNINGS@MIN2AVE(1.0),Minimum relative to average wages of full-time workers,I,FRA,France,MR_WG_FT,Minimum relative to average wages of full-time workers,PT_WG_A_SAL_FT,Percentage of average wage of full-time employees,_Z,Not applicable,_Z,Not applicable,MEDIAN,Median,_Z,Not applicable,2022,,60.88793938,,_Z,,A,Normal value,0,Units,2,Two
DATAFLOW,OECD.ELS.SAE:DSD_EARNINGS@MIN2AVE(1.0),Minimum relative to average wages of full-time workers,I,FRA,France,MR_WG_FT,Minimum relative to average wages of full-time workers,PT_WG_A_SAL_FT,Percentage of average wage of full-time employees,_Z,Not applicable,_Z,Not applicable,MEDIAN,Median,_Z,Not applicable,2023,,62.21911638,,_Z,,A,Normal value,0,Units,2,Two
DATAFLOW,OECD.ELS.SAE:DSD_EARNINGS@MIN2AVE(1.0),Minimum relative to average wages of full-time workers,I,FRA,France,MR_WG_FT,Minimum relative to average wages of full-time workers,PT_WG_A_SAL_FT,Percentage of average wage of full-time employees,_Z,Not applicable,_Z,Not applicable,MEDIAN,Median,_Z,Not applicable,2024,,62.48000996,,_Z,,A,Normal value,0,Units,2,Two
DATAFLOW,OECD.ELS.SAE:DSD_EARNINGS@MIN2AVE(1.0),Minimum relative to average wages of full-time workers,I,PRT,Portugal,MR_WG_FT,Minimum relative to average wages of full-time workers,PT_WG_A_SAL_FT,Percentage of average wage of full-time employees,_Z,Not applicable,_Z,Not applicable,MEAN,Mean,_Z,Not applicable,2019,,43.3832802254485,,_Z,,A,Normal value,0,Units,2,Two
DATAFLOW,OECD.ELS.SAE:DSD_EARNINGS@MIN2AVE(1.0),Minimum relative to average wages of full-time workers,I,PRT,Portugal,MR_WG_FT,Minimum relative to average wages of full-time workers,PT_WG_A_SAL_FT,Percentage of average wage of full-time employees,_Z,Not applicable,_Z,Not applicable,MEDIAN,Median,_Z,Not applicable,2019,,61.2000877589505,,_Z,,A,Normal value,0,Units,2,Two
DATAFLOW,OECD.ELS.SAE:DSD_EARNINGS@MIN2AVE(1.0),Minimum relative to average wages of full-time workers,I,PRT,Portugal,MR_WG_FT,Minimum relative to average wages of full-time workers,PT_WG_A_SAL_FT,Percentage of average wage of full-time employees,_Z,Not applicable,_Z,Not applicable,MEDIAN,Median,_Z,Not applicable,2020,,60.5679886335284,,_Z,,A,Normal value,0,Units,2,Two
DATAFLOW,OECD.ELS.SAE:DSD_EARNINGS@MIN2AVE(1.0),Minimum relative to average wages of full-time workers,I,PRT,Portugal,MR_WG_FT,Minimum relative to average wages of full-time workers,PT_WG_A_SAL_FT,Percentage of average wage of full-time employees,_Z,Not applicable,_Z,Not applicable,MEAN,Mean,_Z,Not applicable,2020,,43.2431813506045,,_Z,,A,Normal value,0,Units,2,Two
DATAFLOW,OECD.ELS.SAE:DSD_EARNINGS@MIN2AVE(1.0),Minimum relative to average wages of full-time workers,I,PRT,Portugal,MR_WG_FT,Minimum relative to average wages of full-time workers,PT_WG_A_SAL_FT,Percentage of average wage of full-time employees,_Z,Not applicable,_Z,Not applicable,MEAN,Mean,_Z,Not applicable,2021,,42.6518951591143,,_Z,,A,Normal value,0,Units,2,Two
DATAFLOW,OECD.ELS.SAE:DSD_EARNINGS@MIN2AVE(1.0),Minimum relative to average wages of full-time workers,I,PRT,Portugal,MR_WG_FT,Minimum relative to average wages of full-time workers,PT_WG_A_SAL_FT,Percentage of average wage of full-time employees,_Z,Not applicable,_Z,Not applicable,MEDIAN,Median,_Z,Not applicable,2021,,59.3143401693286,,_Z,,A,Normal value,0,Units,2,Two
